"cell_id","occurrence_id","atlas_entity_id","atlas_display_name","snapshot_year","dossier_category","current_status","research_priority","mapping_status","eligibility_classification","identity_review_required","current_values","observation_dates","territorial_scopes","held_reasons","known_aliases_identifiers","notes","production_fingerprint","proposals_json"
"entity-australia@1914/capital","entity-australia@1914","australia-prewestminster-federal-core","Commonwealth of Australia — pre-adoption federal framework","1914","capital","PARTIAL","A","partially-supported","political-polity","false","[""Canberra (designated capital; Parliament still in Melbourne)""]","[]","[""Designated federal capital; Parliament in Melbourne, and construction/department transfer gradual.""]","[]","{""map_identity_id"":""entity-australia"",""aliases"":[],""historical_names"":[{""value"":""Commonwealth of Australia — pre-adoption federal framework"",""kind"":""primary"",""validFrom"":""1914-01-01"",""validUntil"":""1939-01-01""}],""identifiers"":{}}","[""Snapshot context is not observation date or boundary date."",""Map geometry does not establish sovereignty or succession."",""Existing applicability intervals: [{\""kind\"":\""interval\"",\""from\"":\""1914\"",\""until\"":\""1926\""}]""]","851acb012ccfa2a4bfa05ea83ec2694b3f773a7a6fee8703e87969c9225e6997",""
"entity-australia@1938/capital","entity-australia@1938","australia-prewestminster-federal-core","Commonwealth of Australia — pre-adoption federal framework","1938","capital","PARTIAL","A","partially-supported","political-polity","false","[""Canberra (capital and parliamentary seat)""]","[]","[""Federal parliamentary seat; not every department relocated at once.""]","[]","{""map_identity_id"":""entity-australia"",""aliases"":[],""historical_names"":[{""value"":""Commonwealth of Australia — pre-adoption federal framework"",""kind"":""primary"",""validFrom"":""1914-01-01"",""validUntil"":""1939-01-01""}],""identifiers"":{}}","[""Snapshot context is not observation date or boundary date."",""Map geometry does not establish sovereignty or succession."",""Existing applicability intervals: [{\""kind\"":\""interval\"",\""from\"":\""1928\"",\""until\"":\""1938\""}]""]","851acb012ccfa2a4bfa05ea83ec2694b3f773a7a6fee8703e87969c9225e6997",""
"entity-new-south-wales@1815/capital","entity-new-south-wales@1815","nsw-1815-governor-core","New South Wales — gubernatorial colony in 1815","1815","capital","MISSING","A","partially-supported","dependent-administration","false","[]","[]","[]","[]","{""map_identity_id"":""entity-new-south-wales"",""aliases"":[],""historical_names"":[{""value"":""New South Wales — gubernatorial colony in 1815"",""kind"":""primary"",""validFrom"":""1815-01-01"",""validUntil"":""1816-01-01""}],""identifiers"":{}}","[""Snapshot context is not observation date or boundary date."",""Map geometry does not establish sovereignty or succession.""]","851acb012ccfa2a4bfa05ea83ec2694b3f773a7a6fee8703e87969c9225e6997",""
"entity-new-south-wales-uk@1878/capital","entity-new-south-wales-uk@1878","nsw-responsible-colonial-core","New South Wales — self-governing British colony","1878","capital","MISSING","A","partially-supported","dependent-administration","false","[]","[]","[]","[]","{""map_identity_id"":""entity-new-south-wales-uk"",""aliases"":[],""historical_names"":[{""value"":""New South Wales — self-governing British colony"",""kind"":""primary"",""validFrom"":""1878-01-01"",""validUntil"":""1901-01-01""}],""identifiers"":{}}","[""Snapshot context is not observation date or boundary date."",""Map geometry does not establish sovereignty or succession.""]","851acb012ccfa2a4bfa05ea83ec2694b3f773a7a6fee8703e87969c9225e6997",""
"entity-new-south-wales-uk@1880/capital","entity-new-south-wales-uk@1880","nsw-responsible-colonial-core","New South Wales — self-governing British colony","1880","capital","MISSING","A","partially-supported","dependent-administration","false","[]","[]","[]","[]","{""map_identity_id"":""entity-new-south-wales-uk"",""aliases"":[],""historical_names"":[{""value"":""New South Wales — self-governing British colony"",""kind"":""primary"",""validFrom"":""1878-01-01"",""validUntil"":""1901-01-01""}],""identifiers"":{}}","[""Snapshot context is not observation date or boundary date."",""Map geometry does not establish sovereignty or succession.""]","851acb012ccfa2a4bfa05ea83ec2694b3f773a7a6fee8703e87969c9225e6997",""
"entity-new-south-wales-uk@1900/capital","entity-new-south-wales-uk@1900","nsw-responsible-colonial-core","New South Wales — self-governing British colony","1900","capital","MISSING","A","partially-supported","dependent-administration","false","[]","[]","[]","[]","{""map_identity_id"":""entity-new-south-wales-uk"",""aliases"":[],""historical_names"":[{""value"":""New South Wales — self-governing British colony"",""kind"":""primary"",""validFrom"":""1878-01-01"",""validUntil"":""1901-01-01""}],""identifiers"":{}}","[""Snapshot context is not observation date or boundary date."",""Map geometry does not establish sovereignty or succession.""]","851acb012ccfa2a4bfa05ea83ec2694b3f773a7a6fee8703e87969c9225e6997",""
"entity-northern-territory-uk@1878/capital","entity-northern-territory-uk@1878","northern-territory-sa-colonial-core","Northern Territory — South Australian administration","1878","capital","MISSING","A","partially-supported","dependent-administration","false","[]","[]","[]","[]","{""map_identity_id"":""entity-northern-territory-uk"",""aliases"":[],""historical_names"":[{""value"":""Northern Territory — South Australian administration"",""kind"":""primary"",""validFrom"":""1878-01-01"",""validUntil"":""1901-01-01""}],""identifiers"":{}}","[""Snapshot context is not observation date or boundary date."",""Map geometry does not establish sovereignty or succession.""]","851acb012ccfa2a4bfa05ea83ec2694b3f773a7a6fee8703e87969c9225e6997",""
"entity-northern-territory-uk@1880/capital","entity-northern-territory-uk@1880","northern-territory-sa-colonial-core","Northern Territory — South Australian administration","1880","capital","MISSING","A","partially-supported","dependent-administration","false","[]","[]","[]","[]","{""map_identity_id"":""entity-northern-territory-uk"",""aliases"":[],""historical_names"":[{""value"":""Northern Territory — South Australian administration"",""kind"":""primary"",""validFrom"":""1878-01-01"",""validUntil"":""1901-01-01""}],""identifiers"":{}}","[""Snapshot context is not observation date or boundary date."",""Map geometry does not establish sovereignty or succession.""]","851acb012ccfa2a4bfa05ea83ec2694b3f773a7a6fee8703e87969c9225e6997",""
"entity-northern-territory-uk@1900/capital","entity-northern-territory-uk@1900","northern-territory-sa-colonial-core","Northern Territory — South Australian administration","1900","capital","MISSING","A","partially-supported","dependent-administration","false","[]","[]","[]","[]","{""map_identity_id"":""entity-northern-territory-uk"",""aliases"":[],""historical_names"":[{""value"":""Northern Territory — South Australian administration"",""kind"":""primary"",""validFrom"":""1878-01-01"",""validUntil"":""1901-01-01""}],""identifiers"":{}}","[""Snapshot context is not observation date or boundary date."",""Map geometry does not establish sovereignty or succession.""]","851acb012ccfa2a4bfa05ea83ec2694b3f773a7a6fee8703e87969c9225e6997",""
"entity-queensland-uk@1878/capital","entity-queensland-uk@1878","queensland-selfgoverning-colonial-core","Queensland — self-governing British colony","1878","capital","MISSING","A","partially-supported","dependent-administration","false","[]","[]","[]","[]","{""map_identity_id"":""entity-queensland-uk"",""aliases"":[],""historical_names"":[{""value"":""Queensland — self-governing British colony"",""kind"":""primary"",""validFrom"":""1878-01-01"",""validUntil"":""1901-01-01""}],""identifiers"":{}}","[""Snapshot context is not observation date or boundary date."",""Map geometry does not establish sovereignty or succession.""]","851acb012ccfa2a4bfa05ea83ec2694b3f773a7a6fee8703e87969c9225e6997",""
"entity-queensland-uk@1880/capital","entity-queensland-uk@1880","queensland-selfgoverning-colonial-core","Queensland — self-governing British colony","1880","capital","MISSING","A","partially-supported","dependent-administration","false","[]","[]","[]","[]","{""map_identity_id"":""entity-queensland-uk"",""aliases"":[],""historical_names"":[{""value"":""Queensland — self-governing British colony"",""kind"":""primary"",""validFrom"":""1878-01-01"",""validUntil"":""1901-01-01""}],""identifiers"":{}}","[""Snapshot context is not observation date or boundary date."",""Map geometry does not establish sovereignty or succession.""]","851acb012ccfa2a4bfa05ea83ec2694b3f773a7a6fee8703e87969c9225e6997",""
"entity-queensland-uk@1900/capital","entity-queensland-uk@1900","queensland-selfgoverning-colonial-core","Queensland — self-governing British colony","1900","capital","MISSING","A","partially-supported","dependent-administration","false","[]","[]","[]","[]","{""map_identity_id"":""entity-queensland-uk"",""aliases"":[],""historical_names"":[{""value"":""Queensland — self-governing British colony"",""kind"":""primary"",""validFrom"":""1878-01-01"",""validUntil"":""1901-01-01""}],""identifiers"":{}}","[""Snapshot context is not observation date or boundary date."",""Map geometry does not establish sovereignty or succession.""]","851acb012ccfa2a4bfa05ea83ec2694b3f773a7a6fee8703e87969c9225e6997",""
"entity-south-australia-uk@1878/capital","entity-south-australia-uk@1878","south-australia-responsible-colonial-core","South Australia — responsible colonial government","1878","capital","MISSING","A","partially-supported","dependent-administration","false","[]","[]","[]","[]","{""map_identity_id"":""entity-south-australia-uk"",""aliases"":[],""historical_names"":[{""value"":""South Australia — responsible colonial government"",""kind"":""primary"",""validFrom"":""1878-01-01"",""validUntil"":""1901-01-01""}],""identifiers"":{}}","[""Snapshot context is not observation date or boundary date."",""Map geometry does not establish sovereignty or succession.""]","851acb012ccfa2a4bfa05ea83ec2694b3f773a7a6fee8703e87969c9225e6997",""
"entity-south-australia-uk@1880/capital","entity-south-australia-uk@1880","south-australia-responsible-colonial-core","South Australia — responsible colonial government","1880","capital","MISSING","A","partially-supported","dependent-administration","false","[]","[]","[]","[]","{""map_identity_id"":""entity-south-australia-uk"",""aliases"":[],""historical_names"":[{""value"":""South Australia — responsible colonial government"",""kind"":""primary"",""validFrom"":""1878-01-01"",""validUntil"":""1901-01-01""}],""identifiers"":{}}","[""Snapshot context is not observation date or boundary date."",""Map geometry does not establish sovereignty or succession.""]","851acb012ccfa2a4bfa05ea83ec2694b3f773a7a6fee8703e87969c9225e6997",""
"entity-south-australia-uk@1900/capital","entity-south-australia-uk@1900","south-australia-responsible-colonial-core","South Australia — responsible colonial government","1900","capital","MISSING","A","partially-supported","dependent-administration","false","[]","[]","[]","[]","{""map_identity_id"":""entity-south-australia-uk"",""aliases"":[],""historical_names"":[{""value"":""South Australia — responsible colonial government"",""kind"":""primary"",""validFrom"":""1878-01-01"",""validUntil"":""1901-01-01""}],""identifiers"":{}}","[""Snapshot context is not observation date or boundary date."",""Map geometry does not establish sovereignty or succession.""]","851acb012ccfa2a4bfa05ea83ec2694b3f773a7a6fee8703e87969c9225e6997",""
"entity-victoria-uk@1878/capital","entity-victoria-uk@1878","victoria-bicameral-colonial-core","Victoria — parliamentary British colony","1878","capital","MISSING","A","partially-supported","dependent-administration","false","[]","[]","[]","[]","{""map_identity_id"":""entity-victoria-uk"",""aliases"":[],""historical_names"":[{""value"":""Victoria — parliamentary British colony"",""kind"":""primary"",""validFrom"":""1878-01-01"",""validUntil"":""1901-01-01""}],""identifiers"":{}}","[""Snapshot context is not observation date or boundary date."",""Map geometry does not establish sovereignty or succession.""]","851acb012ccfa2a4bfa05ea83ec2694b3f773a7a6fee8703e87969c9225e6997",""
"entity-victoria-uk@1880/capital","entity-victoria-uk@1880","victoria-bicameral-colonial-core","Victoria — parliamentary British colony","1880","capital","MISSING","A","partially-supported","dependent-administration","false","[]","[]","[]","[]","{""map_identity_id"":""entity-victoria-uk"",""aliases"":[],""historical_names"":[{""value"":""Victoria — parliamentary British colony"",""kind"":""primary"",""validFrom"":""1878-01-01"",""validUntil"":""1901-01-01""}],""identifiers"":{}}","[""Snapshot context is not observation date or boundary date."",""Map geometry does not establish sovereignty or succession.""]","851acb012ccfa2a4bfa05ea83ec2694b3f773a7a6fee8703e87969c9225e6997",""
"entity-victoria-uk@1900/capital","entity-victoria-uk@1900","victoria-bicameral-colonial-core","Victoria — parliamentary British colony","1900","capital","MISSING","A","partially-supported","dependent-administration","false","[]","[]","[]","[]","{""map_identity_id"":""entity-victoria-uk"",""aliases"":[],""historical_names"":[{""value"":""Victoria — parliamentary British colony"",""kind"":""primary"",""validFrom"":""1878-01-01"",""validUntil"":""1901-01-01""}],""identifiers"":{}}","[""Snapshot context is not observation date or boundary date."",""Map geometry does not establish sovereignty or succession.""]","851acb012ccfa2a4bfa05ea83ec2694b3f773a7a6fee8703e87969c9225e6997",""
"entity-western-australia-uk@1878/capital","entity-western-australia-uk@1878","wa-preresponsible-colonial-core","Western Australia — representative colonial government around 1880","1878","capital","MISSING","A","partially-supported","dependent-administration","false","[]","[]","[]","[]","{""map_identity_id"":""entity-western-australia-uk"",""aliases"":[],""historical_names"":[{""value"":""Western Australia — representative colonial government around 1880"",""kind"":""primary"",""validFrom"":""1878-01-01"",""validUntil"":""1881-01-01""}],""identifiers"":{}}","[""Snapshot context is not observation date or boundary date."",""Map geometry does not establish sovereignty or succession.""]","851acb012ccfa2a4bfa05ea83ec2694b3f773a7a6fee8703e87969c9225e6997",""
"entity-western-australia-uk@1880/capital","entity-western-australia-uk@1880","wa-preresponsible-colonial-core","Western Australia — representative colonial government around 1880","1880","capital","MISSING","A","partially-supported","dependent-administration","false","[]","[]","[]","[]","{""map_identity_id"":""entity-western-australia-uk"",""aliases"":[],""historical_names"":[{""value"":""Western Australia — representative colonial government around 1880"",""kind"":""primary"",""validFrom"":""1878-01-01"",""validUntil"":""1881-01-01""}],""identifiers"":{}}","[""Snapshot context is not observation date or boundary date."",""Map geometry does not establish sovereignty or succession.""]","851acb012ccfa2a4bfa05ea83ec2694b3f773a7a6fee8703e87969c9225e6997",""
"entity-western-australia-uk@1900/capital","entity-western-australia-uk@1900","wa-responsible-1900-core","Western Australia — responsible colonial government in 1900","1900","capital","MISSING","A","partially-supported","dependent-administration","false","[]","[]","[]","[]","{""map_identity_id"":""entity-western-australia-uk"",""aliases"":[],""historical_names"":[{""value"":""Western Australia — responsible colonial government in 1900"",""kind"":""primary"",""validFrom"":""1900-01-01"",""validUntil"":""1901-01-01""}],""identifiers"":{}}","[""Snapshot context is not observation date or boundary date."",""Map geometry does not establish sovereignty or succession.""]","851acb012ccfa2a4bfa05ea83ec2694b3f773a7a6fee8703e87969c9225e6997",""
"entity-india@1938/capital","entity-india@1938","","India","1938","capital","MISSING","A","held-ambiguous","political-polity","true","[]","[]","[]","[]","{""map_identity_id"":""entity-india"",""aliases"":[],""historical_names"":[],""identifiers"":{}}","[""Snapshot context is not observation date or boundary date."",""Map geometry does not establish sovereignty or succession."",""Resolve historical identity before proposing entity-specific facts.""]","851acb012ccfa2a4bfa05ea83ec2694b3f773a7a6fee8703e87969c9225e6997",""
"entity-madras@1800/capital","entity-madras@1800","madras-company-1800-framework","Madras — Company presidency government","1800","capital","MISSING","A","partially-supported","dependent-administration","false","[]","[]","[]","[]","{""map_identity_id"":""entity-madras"",""aliases"":[],""historical_names"":[{""value"":""Madras — Company presidency government"",""kind"":""primary"",""validFrom"":""1800-01-22"",""validUntil"":""1801-01-01""}],""identifiers"":{}}","[""Snapshot context is not observation date or boundary date."",""Map geometry does not establish sovereignty or succession.""]","851acb012ccfa2a4bfa05ea83ec2694b3f773a7a6fee8703e87969c9225e6997",""
"entity-maratha-confederacy@1800/capital","entity-maratha-confederacy@1800","","Maratha Confederacy","1800","capital","MISSING","A","held-ambiguous","political-polity","true","[]","[]","[]","[]","{""map_identity_id"":""entity-maratha-confederacy"",""aliases"":[],""historical_names"":[],""identifiers"":{}}","[""Snapshot context is not observation date or boundary date."",""Map geometry does not establish sovereignty or succession."",""Resolve historical identity before proposing entity-specific facts.""]","851acb012ccfa2a4bfa05ea83ec2694b3f773a7a6fee8703e87969c9225e6997",""
"entity-maratha-confederacy@1815/capital","entity-maratha-confederacy@1815","","Maratha Confederacy","1815","capital","MISSING","A","held-ambiguous","political-polity","true","[]","[]","[]","[]","{""map_identity_id"":""entity-maratha-confederacy"",""aliases"":[],""historical_names"":[],""identifiers"":{}}","[""Snapshot context is not observation date or boundary date."",""Map geometry does not establish sovereignty or succession."",""Resolve historical identity before proposing entity-specific facts.""]","851acb012ccfa2a4bfa05ea83ec2694b3f773a7a6fee8703e87969c9225e6997",""
"entity-mysore@1800/capital","entity-mysore@1800","mysore-restored-wodeyar-framework","Mysore — restored Wodeyar government","1800","capital","MISSING","A","partially-supported","political-polity","false","[]","[]","[]","[]","{""map_identity_id"":""entity-mysore"",""aliases"":[],""historical_names"":[{""value"":""Mysore — restored Wodeyar government"",""kind"":""primary"",""validFrom"":""1800-01-01"",""validUntil"":""1831""}],""identifiers"":{}}","[""Snapshot context is not observation date or boundary date."",""Map geometry does not establish sovereignty or succession.""]","851acb012ccfa2a4bfa05ea83ec2694b3f773a7a6fee8703e87969c9225e6997",""
"entity-mysore-indian-princely-state@1815/capital","entity-mysore-indian-princely-state@1815","mysore-restored-wodeyar-framework","Mysore — restored Wodeyar government","1815","capital","MISSING","A","partially-supported","dependent-administration","false","[]","[]","[]","[]","{""map_identity_id"":""entity-mysore-indian-princely-state"",""aliases"":[],""historical_names"":[{""value"":""Mysore — restored Wodeyar government"",""kind"":""primary"",""validFrom"":""1800-01-01"",""validUntil"":""1831""}],""identifiers"":{}}","[""Snapshot context is not observation date or boundary date."",""Map geometry does not establish sovereignty or succession.""]","851acb012ccfa2a4bfa05ea83ec2694b3f773a7a6fee8703e87969c9225e6997",""
"entity-nizam-s-dominions@1800/capital","entity-nizam-s-dominions@1800","hyderabad-nizam-ali-framework","Hyderabad — Nizam Ali Khan’s government","1800","capital","MISSING","A","partially-supported","political-polity","false","[]","[]","[]","[]","{""map_identity_id"":""entity-nizam-s-dominions"",""aliases"":[],""historical_names"":[{""value"":""Hyderabad — Nizam Ali Khan’s government"",""kind"":""primary"",""validFrom"":""1800-01-01"",""validUntil"":""1801-01-01""}],""identifiers"":{}}","[""Snapshot context is not observation date or boundary date."",""Map geometry does not establish sovereignty or succession.""]","851acb012ccfa2a4bfa05ea83ec2694b3f773a7a6fee8703e87969c9225e6997",""
"entity-oudh@1800/capital","entity-oudh@1800","awadh-saadat-ali-nawabi-framework","Awadh — Saadat Ali Khan’s Nawabi government","1800","capital","MISSING","A","partially-supported","political-polity","false","[]","[]","[]","[]","{""map_identity_id"":""entity-oudh"",""aliases"":[],""historical_names"":[{""value"":""Awadh — Saadat Ali Khan’s Nawabi government"",""kind"":""primary"",""validFrom"":""1800-01-01"",""validUntil"":""1801-01-01""}],""identifiers"":{}}","[""Snapshot context is not observation date or boundary date."",""Map geometry does not establish sovereignty or succession.""]","851acb012ccfa2a4bfa05ea83ec2694b3f773a7a6fee8703e87969c9225e6997",""
"entity-oudh@1815/capital","entity-oudh@1815","","Oudh","1815","capital","MISSING","A","completely-empty","political-polity","true","[]","[]","[]","[]","{""map_identity_id"":""entity-oudh"",""aliases"":[],""historical_names"":[],""identifiers"":{}}","[""Snapshot context is not observation date or boundary date."",""Map geometry does not establish sovereignty or succession."",""Resolve historical identity before proposing entity-specific facts.""]","851acb012ccfa2a4bfa05ea83ec2694b3f773a7a6fee8703e87969c9225e6997",""
"entity-sindh@1800/capital","entity-sindh@1800","","Sindh","1800","capital","MISSING","A","held-ambiguous","political-polity","true","[]","[]","[]","[]","{""map_identity_id"":""entity-sindh"",""aliases"":[],""historical_names"":[],""identifiers"":{}}","[""Snapshot context is not observation date or boundary date."",""Map geometry does not establish sovereignty or succession."",""Resolve historical identity before proposing entity-specific facts.""]","851acb012ccfa2a4bfa05ea83ec2694b3f773a7a6fee8703e87969c9225e6997",""
"entity-cape-colony@1800/capital","entity-cape-colony@1800","","Cape Colony","1800","capital","MISSING","A","completely-empty","dependent-administration","true","[]","[]","[]","[]","{""map_identity_id"":""entity-cape-colony"",""aliases"":[],""historical_names"":[],""identifiers"":{}}","[""Snapshot context is not observation date or boundary date."",""Map geometry does not establish sovereignty or succession."",""Resolve historical identity before proposing entity-specific facts.""]","851acb012ccfa2a4bfa05ea83ec2694b3f773a7a6fee8703e87969c9225e6997",""
"entity-cape-colony@1815/capital","entity-cape-colony@1815","","Cape Colony","1815","capital","MISSING","A","completely-empty","dependent-administration","true","[]","[]","[]","[]","{""map_identity_id"":""entity-cape-colony"",""aliases"":[],""historical_names"":[],""identifiers"":{}}","[""Snapshot context is not observation date or boundary date."",""Map geometry does not establish sovereignty or succession."",""Resolve historical identity before proposing entity-specific facts.""]","851acb012ccfa2a4bfa05ea83ec2694b3f773a7a6fee8703e87969c9225e6997",""
"entity-orange-free-state@1878/capital","entity-orange-free-state@1878","b20-orange-free-state","Orange Free State","1878","capital","MISSING","A","partially-supported","political-polity","false","[]","[]","[]","[]","{""map_identity_id"":""entity-orange-free-state"",""aliases"":[],""historical_names"":[{""value"":""Orange Free State"",""kind"":""primary"",""validFrom"":""1878-01-01"",""validUntil"":""1881-01-01""}],""identifiers"":{}}","[""Snapshot context is not observation date or boundary date."",""Map geometry does not establish sovereignty or succession.""]","851acb012ccfa2a4bfa05ea83ec2694b3f773a7a6fee8703e87969c9225e6997",""
"entity-orange-free-state@1880/capital","entity-orange-free-state@1880","b20-orange-free-state","Orange Free State","1880","capital","MISSING","A","partially-supported","political-polity","false","[]","[]","[]","[]","{""map_identity_id"":""entity-orange-free-state"",""aliases"":[],""historical_names"":[{""value"":""Orange Free State"",""kind"":""primary"",""validFrom"":""1878-01-01"",""validUntil"":""1881-01-01""}],""identifiers"":{}}","[""Snapshot context is not observation date or boundary date."",""Map geometry does not establish sovereignty or succession.""]","851acb012ccfa2a4bfa05ea83ec2694b3f773a7a6fee8703e87969c9225e6997",""
"entity-orange-free-state@1900/capital","entity-orange-free-state@1900","b20-orange-river-war-annexation","Orange River Colony — contested British militarygovernment","1900","capital","MISSING","A","partially-supported","political-polity","false","[]","[]","[]","[]","{""map_identity_id"":""entity-orange-free-state"",""aliases"":[],""historical_names"":[{""value"":""Orange River Colony — contested British militarygovernment"",""kind"":""primary"",""validFrom"":""1900-12-12"",""validUntil"":""1900-12-13""}],""identifiers"":{}}","[""Snapshot context is not observation date or boundary date."",""Map geometry does not establish sovereignty or succession.""]","851acb012ccfa2a4bfa05ea83ec2694b3f773a7a6fee8703e87969c9225e6997",""
"entity-transvaal@1878/capital","entity-transvaal@1878","b20-transvaal-first-annexation","Transvaal — first British annexation administration","1878","capital","MISSING","A","partially-supported","political-polity","false","[]","[]","[]","[]","{""map_identity_id"":""entity-transvaal"",""aliases"":[],""historical_names"":[{""value"":""Transvaal — first British annexation administration"",""kind"":""primary"",""validFrom"":""1878-01-01"",""validUntil"":""1880-01-01""},{""value"":""Transvaal — British colonial administration"",""kind"":""primary"",""validFrom"":""1880-08-31"",""validUntil"":""1880-09-01""}],""identifiers"":{}}","[""Snapshot context is not observation date or boundary date."",""Map geometry does not establish sovereignty or succession.""]","851acb012ccfa2a4bfa05ea83ec2694b3f773a7a6fee8703e87969c9225e6997",""
"entity-transvaal@1880/capital","entity-transvaal@1880","b20-transvaal-first-annexation","Transvaal — British colonial administration","1880","capital","MISSING","A","partially-supported","political-polity","false","[]","[]","[]","[]","{""map_identity_id"":""entity-transvaal"",""aliases"":[],""historical_names"":[{""value"":""Transvaal — first British annexation administration"",""kind"":""primary"",""validFrom"":""1878-01-01"",""validUntil"":""1880-01-01""},{""value"":""Transvaal — British colonial administration"",""kind"":""primary"",""validFrom"":""1880-08-31"",""validUntil"":""1880-09-01""}],""identifiers"":{}}","[""Snapshot context is not observation date or boundary date."",""Map geometry does not establish sovereignty or succession.""]","851acb012ccfa2a4bfa05ea83ec2694b3f773a7a6fee8703e87969c9225e6997",""
"entity-transvaal@1900/capital","entity-transvaal@1900","b20-transvaal-war-annexation","Transvaal — contested British militarygovernment","1900","capital","MISSING","A","partially-supported","political-polity","false","[]","[]","[]","[]","{""map_identity_id"":""entity-transvaal"",""aliases"":[],""historical_names"":[{""value"":""Transvaal — contested British militarygovernment"",""kind"":""primary"",""validFrom"":""1900-12-12"",""validUntil"":""1900-12-13""}],""identifiers"":{}}","[""Snapshot context is not observation date or boundary date."",""Map geometry does not establish sovereignty or succession.""]","851acb012ccfa2a4bfa05ea83ec2694b3f773a7a6fee8703e87969c9225e6997",""
"entity-acadian-peninsula-uk@1800/capital","entity-acadian-peninsula-uk@1800","","Acadian Peninsula (UK)","1800","capital","MISSING","A","held-ambiguous","dependent-administration","true","[]","[]","[]","[]","{""map_identity_id"":""entity-acadian-peninsula-uk"",""aliases"":[],""historical_names"":[],""identifiers"":{}}","[""Snapshot context is not observation date or boundary date."",""Map geometry does not establish sovereignty or succession."",""Resolve historical identity before proposing entity-specific facts.""]","851acb012ccfa2a4bfa05ea83ec2694b3f773a7a6fee8703e87969c9225e6997",""
"entity-canada@1815/capital","entity-canada@1815","","Canada","1815","capital","MISSING","A","held-ambiguous","political-polity","true","[]","[]","[]","[]","{""map_identity_id"":""entity-canada"",""aliases"":[],""historical_names"":[],""identifiers"":{}}","[""Snapshot context is not observation date or boundary date."",""Map geometry does not establish sovereignty or succession."",""Resolve historical identity before proposing entity-specific facts.""]","851acb012ccfa2a4bfa05ea83ec2694b3f773a7a6fee8703e87969c9225e6997",""
"entity-dominion-of-newfoundland@1920/capital","entity-dominion-of-newfoundland@1920","newfoundland-responsible-dominion-framework","Newfoundland — responsible-government Dominion","1920","capital","MISSING","A","partially-supported","dependent-administration","false","[]","[]","[]","[]","{""map_identity_id"":""entity-dominion-of-newfoundland"",""aliases"":[],""historical_names"":[{""value"":""Newfoundland — responsible-government Dominion"",""kind"":""primary"",""validFrom"":""1908-01-01"",""validUntil"":""1934-02-16""}],""identifiers"":{}}","[""Snapshot context is not observation date or boundary date."",""Map geometry does not establish sovereignty or succession.""]","851acb012ccfa2a4bfa05ea83ec2694b3f773a7a6fee8703e87969c9225e6997",""
"entity-dominion-of-newfoundland@1930/capital","entity-dominion-of-newfoundland@1930","newfoundland-responsible-dominion-framework","Newfoundland — responsible-government Dominion","1930","capital","MISSING","A","partially-supported","dependent-administration","false","[]","[]","[]","[]","{""map_identity_id"":""entity-dominion-of-newfoundland"",""aliases"":[],""historical_names"":[{""value"":""Newfoundland — responsible-government Dominion"",""kind"":""primary"",""validFrom"":""1908-01-01"",""validUntil"":""1934-02-16""}],""identifiers"":{}}","[""Snapshot context is not observation date or boundary date."",""Map geometry does not establish sovereignty or succession.""]","851acb012ccfa2a4bfa05ea83ec2694b3f773a7a6fee8703e87969c9225e6997",""
"entity-dominion-of-newfoundland@1938/capital","entity-dominion-of-newfoundland@1938","newfoundland-commission-framework","Newfoundland — Commission of Government","1938","capital","MISSING","A","partially-supported","dependent-administration","false","[]","[]","[]","[]","{""map_identity_id"":""entity-dominion-of-newfoundland"",""aliases"":[],""historical_names"":[{""value"":""Newfoundland — Commission of Government"",""kind"":""primary"",""validFrom"":""1934-02-16"",""validUntil"":""1949-03-31""}],""identifiers"":{}}","[""Snapshot context is not observation date or boundary date."",""Map geometry does not establish sovereignty or succession.""]","851acb012ccfa2a4bfa05ea83ec2694b3f773a7a6fee8703e87969c9225e6997",""
"entity-quebec@1800/capital","entity-quebec@1800","","Quebec","1800","capital","MISSING","A","held-ambiguous","dependent-administration","true","[]","[]","[]","[]","{""map_identity_id"":""entity-quebec"",""aliases"":[],""historical_names"":[],""identifiers"":{}}","[""Snapshot context is not observation date or boundary date."",""Map geometry does not establish sovereignty or succession."",""Resolve historical identity before proposing entity-specific facts.""]","851acb012ccfa2a4bfa05ea83ec2694b3f773a7a6fee8703e87969c9225e6997",""
"entity-rupert-s-land@1800/capital","entity-rupert-s-land@1800","ruperts-land-chartered-framework","Rupert’s Land — Hudson’s Bay Company charter framework","1800","capital","MISSING","A","partially-supported","dependent-administration","false","[]","[]","[]","[]","{""map_identity_id"":""entity-rupert-s-land"",""aliases"":[],""historical_names"":[{""value"":""Rupert’s Land — Hudson’s Bay Company charter framework"",""kind"":""primary"",""validFrom"":""1800-01-01"",""validUntil"":""1801-01-01""}],""identifiers"":{}}","[""Snapshot context is not observation date or boundary date."",""Map geometry does not establish sovereignty or succession.""]","851acb012ccfa2a4bfa05ea83ec2694b3f773a7a6fee8703e87969c9225e6997",""
"entity-china@1945/capital","entity-china@1945","china-republic-nationalist-framework","Republic of China — Nationalist government","1945","capital","MISSING","A","partially-supported","political-polity","false","[]","[]","[]","[]","{""map_identity_id"":""entity-china"",""aliases"":[],""historical_names"":[{""value"":""Republic of China — Nationalist government"",""kind"":""primary"",""validFrom"":""1945-01-01"",""validUntil"":""1961-01-01""}],""identifiers"":{}}","[""Snapshot context is not observation date or boundary date."",""Map geometry does not establish sovereignty or succession.""]","851acb012ccfa2a4bfa05ea83ec2694b3f773a7a6fee8703e87969c9225e6997",""
"entity-chinese-warlords@1920/capital","entity-chinese-warlords@1920","chinese-composite-map-region-1920","China — Peking government and regional military authorities","1920","capital","MISSING","A","partially-supported","composite-political-region","false","[]","[]","[]","[]","{""map_identity_id"":""entity-chinese-warlords"",""aliases"":[],""historical_names"":[{""value"":""China — Peking government and regional military authorities"",""kind"":""primary"",""validFrom"":""1920-01-01"",""validUntil"":""1921-01-01""}],""identifiers"":{}}","[""Snapshot context is not observation date or boundary date."",""Map geometry does not establish sovereignty or succession.""]","851acb012ccfa2a4bfa05ea83ec2694b3f773a7a6fee8703e87969c9225e6997",""
"entity-chinese-warlords@1930/capital","entity-chinese-warlords@1930","chinese-composite-map-region-1930","China — Nationalist government and regional military authorities","1930","capital","MISSING","A","partially-supported","composite-political-region","false","[]","[]","[]","[]","{""map_identity_id"":""entity-chinese-warlords"",""aliases"":[],""historical_names"":[{""value"":""China — Nationalist government and regional military authorities"",""kind"":""primary"",""validFrom"":""1930-01-01"",""validUntil"":""1931-01-01""}],""identifiers"":{}}","[""Snapshot context is not observation date or boundary date."",""Map geometry does not establish sovereignty or succession.""]","851acb012ccfa2a4bfa05ea83ec2694b3f773a7a6fee8703e87969c9225e6997",""
"entity-chinese-warlords@1938/capital","entity-chinese-warlords@1938","chinese-composite-map-region-1938","China — schematic map region","1938","capital","MISSING","A","completely-empty","composite-political-region","false","[]","[]","[]","[]","{""map_identity_id"":""entity-chinese-warlords"",""aliases"":[],""historical_names"":[{""value"":""China — schematic map region"",""kind"":""primary"",""validFrom"":""1938-01-01"",""validUntil"":""1939-01-01""}],""identifiers"":{}}","[""Snapshot context is not observation date or boundary date."",""Map geometry does not establish sovereignty or succession.""]","851acb012ccfa2a4bfa05ea83ec2694b3f773a7a6fee8703e87969c9225e6997",""
"entity-manchu-empire@1914/capital","entity-manchu-empire@1914","chinese-republic-map-region-1914","Republic of China — schematic map region","1914","capital","MISSING","A","partially-supported","composite-political-region","false","[]","[]","[]","[]","{""map_identity_id"":""entity-manchu-empire"",""aliases"":[],""historical_names"":[{""value"":""Republic of China — schematic map region"",""kind"":""primary"",""validFrom"":""1914-01-01"",""validUntil"":""1915-01-01""}],""identifiers"":{}}","[""Snapshot context is not observation date or boundary date."",""Map geometry does not establish sovereignty or succession.""]","851acb012ccfa2a4bfa05ea83ec2694b3f773a7a6fee8703e87969c9225e6997",""
"entity-taiwan@1878/capital","entity-taiwan@1878","taiwan-qing-administration","Taiwan under Qing administration","1878","capital","MISSING","A","partially-supported","dependent-administration","false","[]","[]","[]","[]","{""map_identity_id"":""entity-taiwan"",""aliases"":[],""historical_names"":[{""value"":""Taiwan under Qing administration"",""kind"":""primary"",""validFrom"":""1800-01-01"",""validUntil"":""1895""}],""identifiers"":{}}","[""Snapshot context is not observation date or boundary date."",""Map geometry does not establish sovereignty or succession.""]","851acb012ccfa2a4bfa05ea83ec2694b3f773a7a6fee8703e87969c9225e6997",""
"entity-taiwan@1880/capital","entity-taiwan@1880","taiwan-qing-administration","Taiwan under Qing administration","1880","capital","MISSING","A","partially-supported","dependent-administration","false","[]","[]","[]","[]","{""map_identity_id"":""entity-taiwan"",""aliases"":[],""historical_names"":[{""value"":""Taiwan under Qing administration"",""kind"":""primary"",""validFrom"":""1800-01-01"",""validUntil"":""1895""}],""identifiers"":{}}","[""Snapshot context is not observation date or boundary date."",""Map geometry does not establish sovereignty or succession.""]","851acb012ccfa2a4bfa05ea83ec2694b3f773a7a6fee8703e87969c9225e6997",""
"entity-taiwan@1945/capital","entity-taiwan@1945","","Taiwan","1945","capital","MISSING","A","held-ambiguous","dependent-administration","true","[]","[]","[]","[]","{""map_identity_id"":""entity-taiwan"",""aliases"":[],""historical_names"":[],""identifiers"":{}}","[""Snapshot context is not observation date or boundary date."",""Map geometry does not establish sovereignty or succession."",""Resolve historical identity before proposing entity-specific facts.""]","851acb012ccfa2a4bfa05ea83ec2694b3f773a7a6fee8703e87969c9225e6997",""
"entity-taiwan@1960/capital","entity-taiwan@1960","china-republic-nationalist-framework","Republic of China — Nationalist government","1960","capital","MISSING","A","partially-supported","dependent-administration","false","[]","[]","[]","[]","{""map_identity_id"":""entity-taiwan"",""aliases"":[],""historical_names"":[{""value"":""Republic of China — Nationalist government"",""kind"":""primary"",""validFrom"":""1945-01-01"",""validUntil"":""1961-01-01""}],""identifiers"":{}}","[""Snapshot context is not observation date or boundary date."",""Map geometry does not establish sovereignty or succession.""]","851acb012ccfa2a4bfa05ea83ec2694b3f773a7a6fee8703e87969c9225e6997",""
"entity-italy@1945/capital","entity-italy@1945","italy-postwar-monarchical-framework","Italy — postwar monarchical framework","1945","capital","MISSING","A","partially-supported","political-polity","false","[]","[]","[]","[]","{""map_identity_id"":""entity-italy"",""aliases"":[],""historical_names"":[{""value"":""Italy — postwar monarchical framework"",""kind"":""primary"",""validFrom"":""1945-06-01"",""validUntil"":""1946-06""}],""identifiers"":{}}","[""Snapshot context is not observation date or boundary date."",""Map geometry does not establish sovereignty or succession.""]","851acb012ccfa2a4bfa05ea83ec2694b3f773a7a6fee8703e87969c9225e6997",""
"entity-kingdom-of-sardinia@1800/capital","entity-kingdom-of-sardinia@1800","","Kingdom of Sardinia","1800","capital","MISSING","A","completely-empty","political-polity","true","[]","[]","[]","[]","{""map_identity_id"":""entity-kingdom-of-sardinia"",""aliases"":[],""historical_names"":[],""identifiers"":{}}","[""Snapshot context is not observation date or boundary date."",""Map geometry does not establish sovereignty or succession."",""Resolve historical identity before proposing entity-specific facts.""]","851acb012ccfa2a4bfa05ea83ec2694b3f773a7a6fee8703e87969c9225e6997",""
"entity-kingdom-of-the-two-sicilies@1800/capital","entity-kingdom-of-the-two-sicilies@1800","","Kingdom of the Two Sicilies","1800","capital","MISSING","A","held-ambiguous","political-polity","true","[]","[]","[]","[]","{""map_identity_id"":""entity-kingdom-of-the-two-sicilies"",""aliases"":[],""historical_names"":[],""identifiers"":{}}","[""Snapshot context is not observation date or boundary date."",""Map geometry does not establish sovereignty or succession."",""Resolve historical identity before proposing entity-specific facts.""]","851acb012ccfa2a4bfa05ea83ec2694b3f773a7a6fee8703e87969c9225e6997",""
"entity-kingdom-of-the-two-sicilies@1815/capital","entity-kingdom-of-the-two-sicilies@1815","","Kingdom of the Two Sicilies","1815","capital","MISSING","A","held-ambiguous","political-polity","true","[]","[]","[]","[]","{""map_identity_id"":""entity-kingdom-of-the-two-sicilies"",""aliases"":[],""historical_names"":[],""identifiers"":{}}","[""Snapshot context is not observation date or boundary date."",""Map geometry does not establish sovereignty or succession."",""Resolve historical identity before proposing entity-specific facts.""]","851acb012ccfa2a4bfa05ea83ec2694b3f773a7a6fee8703e87969c9225e6997",""
"entity-papal-states@1800/capital","entity-papal-states@1800","","Papal States","1800","capital","MISSING","A","completely-empty","political-polity","true","[]","[]","[]","[]","{""map_identity_id"":""entity-papal-states"",""aliases"":[],""historical_names"":[],""identifiers"":{}}","[""Snapshot context is not observation date or boundary date."",""Map geometry does not establish sovereignty or succession."",""Resolve historical identity before proposing entity-specific facts.""]","851acb012ccfa2a4bfa05ea83ec2694b3f773a7a6fee8703e87969c9225e6997",""
"entity-papal-states@1815/capital","entity-papal-states@1815","papal-restored-territorial-framework","Papal States — restored territorial government","1815","capital","MISSING","A","partially-supported","political-polity","false","[]","[]","[]","[]","{""map_identity_id"":""entity-papal-states"",""aliases"":[],""historical_names"":[{""value"":""Papal States — restored territorial government"",""kind"":""primary"",""validFrom"":""1815-01-01"",""validUntil"":""1818-01-01""}],""identifiers"":{}}","[""Snapshot context is not observation date or boundary date."",""Map geometry does not establish sovereignty or succession.""]","851acb012ccfa2a4bfa05ea83ec2694b3f773a7a6fee8703e87969c9225e6997",""
"entity-dutch-east-indies@1800/capital","entity-dutch-east-indies@1800","","Dutch East Indies","1800","capital","MISSING","A","completely-empty","dependent-administration","true","[]","[]","[]","[]","{""map_identity_id"":""entity-dutch-east-indies"",""aliases"":[],""historical_names"":[],""identifiers"":{}}","[""Snapshot context is not observation date or boundary date."",""Map geometry does not establish sovereignty or succession."",""Resolve historical identity before proposing entity-specific facts.""]","851acb012ccfa2a4bfa05ea83ec2694b3f773a7a6fee8703e87969c9225e6997",""
"entity-dutch-east-indies@1815/capital","entity-dutch-east-indies@1815","","Dutch East Indies","1815","capital","MISSING","A","completely-empty","dependent-administration","true","[]","[]","[]","[]","{""map_identity_id"":""entity-dutch-east-indies"",""aliases"":[],""historical_names"":[],""identifiers"":{}}","[""Snapshot context is not observation date or boundary date."",""Map geometry does not establish sovereignty or succession."",""Resolve historical identity before proposing entity-specific facts.""]","851acb012ccfa2a4bfa05ea83ec2694b3f773a7a6fee8703e87969c9225e6997",""
"entity-dutch-east-indies@1920/capital","entity-dutch-east-indies@1920","b13-indies-early-volksraad","Netherlands Indies — early Volksraad framework","1920","capital","MISSING","A","partially-supported","dependent-administration","false","[]","[]","[]","[]","{""map_identity_id"":""entity-dutch-east-indies"",""aliases"":[],""historical_names"":[{""value"":""Netherlands Indies — early Volksraad framework"",""kind"":""primary"",""validFrom"":""1919-01-01"",""validUntil"":""1925-01-01""}],""identifiers"":{}}","[""Snapshot context is not observation date or boundary date."",""Map geometry does not establish sovereignty or succession.""]","851acb012ccfa2a4bfa05ea83ec2694b3f773a7a6fee8703e87969c9225e6997",""
"entity-dutch-east-indies@1930/capital","entity-dutch-east-indies@1930","b13-indies-staatsregeling","Netherlands Indies — Staatsregeling framework","1930","capital","MISSING","A","partially-supported","dependent-administration","false","[]","[]","[]","[]","{""map_identity_id"":""entity-dutch-east-indies"",""aliases"":[],""historical_names"":[{""value"":""Netherlands Indies — Staatsregeling framework"",""kind"":""primary"",""validFrom"":""1927-01-01"",""validUntil"":""1942-01-01""}],""identifiers"":{}}","[""Snapshot context is not observation date or boundary date."",""Map geometry does not establish sovereignty or succession.""]","851acb012ccfa2a4bfa05ea83ec2694b3f773a7a6fee8703e87969c9225e6997",""
"entity-dutch-east-indies@1938/capital","entity-dutch-east-indies@1938","b13-indies-staatsregeling","Netherlands Indies — Staatsregeling framework","1938","capital","MISSING","A","partially-supported","dependent-administration","false","[]","[]","[]","[]","{""map_identity_id"":""entity-dutch-east-indies"",""aliases"":[],""historical_names"":[{""value"":""Netherlands Indies — Staatsregeling framework"",""kind"":""primary"",""validFrom"":""1927-01-01"",""validUntil"":""1942-01-01""}],""identifiers"":{}}","[""Snapshot context is not observation date or boundary date."",""Map geometry does not establish sovereignty or succession.""]","851acb012ccfa2a4bfa05ea83ec2694b3f773a7a6fee8703e87969c9225e6997",""
"entity-indonesia@1945/capital","entity-indonesia@1945","b13-indonesia-constitution-attestation","Republic of Indonesia — initial constitution attestation","1945","capital","MISSING","A","partially-supported","political-polity","false","[]","[]","[]","[]","{""map_identity_id"":""entity-indonesia"",""aliases"":[],""historical_names"":[{""value"":""Republic of Indonesia — initial constitution attestation"",""kind"":""primary"",""validFrom"":""1945-08-18"",""validUntil"":""1945-08-19""}],""identifiers"":{}}","[""Snapshot context is not observation date or boundary date."",""Map geometry does not establish sovereignty or succession.""]","851acb012ccfa2a4bfa05ea83ec2694b3f773a7a6fee8703e87969c9225e6997",""
"entity-netherlands-indies@1878/capital","entity-netherlands-indies@1878","b13-indies-1854-regulation","Netherlands Indies — government regulation framework","1878","capital","MISSING","A","partially-supported","dependent-administration","false","[]","[]","[]","[]","{""map_identity_id"":""entity-netherlands-indies"",""aliases"":[],""historical_names"":[{""value"":""Netherlands Indies — government regulation framework"",""kind"":""primary"",""validFrom"":""1856-01-01"",""validUntil"":""1918-01-01""}],""identifiers"":{}}","[""Snapshot context is not observation date or boundary date."",""Map geometry does not establish sovereignty or succession.""]","851acb012ccfa2a4bfa05ea83ec2694b3f773a7a6fee8703e87969c9225e6997",""
"entity-netherlands-indies@1880/capital","entity-netherlands-indies@1880","b13-indies-1854-regulation","Netherlands Indies — government regulation framework","1880","capital","MISSING","A","partially-supported","dependent-administration","false","[]","[]","[]","[]","{""map_identity_id"":""entity-netherlands-indies"",""aliases"":[],""historical_names"":[{""value"":""Netherlands Indies — government regulation framework"",""kind"":""primary"",""validFrom"":""1856-01-01"",""validUntil"":""1918-01-01""}],""identifiers"":{}}","[""Snapshot context is not observation date or boundary date."",""Map geometry does not establish sovereignty or succession.""]","851acb012ccfa2a4bfa05ea83ec2694b3f773a7a6fee8703e87969c9225e6997",""
"entity-netherlands-indies@1900/capital","entity-netherlands-indies@1900","b13-indies-1854-regulation","Netherlands Indies — government regulation framework","1900","capital","MISSING","A","partially-supported","dependent-administration","false","[]","[]","[]","[]","{""map_identity_id"":""entity-netherlands-indies"",""aliases"":[],""historical_names"":[{""value"":""Netherlands Indies — government regulation framework"",""kind"":""primary"",""validFrom"":""1856-01-01"",""validUntil"":""1918-01-01""}],""identifiers"":{}}","[""Snapshot context is not observation date or boundary date."",""Map geometry does not establish sovereignty or succession.""]","851acb012ccfa2a4bfa05ea83ec2694b3f773a7a6fee8703e87969c9225e6997",""
"entity-netherlands-indies@1914/capital","entity-netherlands-indies@1914","b13-indies-1854-regulation","Netherlands Indies — government regulation framework","1914","capital","MISSING","A","partially-supported","dependent-administration","false","[]","[]","[]","[]","{""map_identity_id"":""entity-netherlands-indies"",""aliases"":[],""historical_names"":[{""value"":""Netherlands Indies — government regulation framework"",""kind"":""primary"",""validFrom"":""1856-01-01"",""validUntil"":""1918-01-01""}],""identifiers"":{}}","[""Snapshot context is not observation date or boundary date."",""Map geometry does not establish sovereignty or succession.""]","851acb012ccfa2a4bfa05ea83ec2694b3f773a7a6fee8703e87969c9225e6997",""
"entity-austria@1920/capital","entity-austria@1920","austria-first-republic-framework","Austria — First Republic","1920","capital","MISSING","A","partially-supported","political-polity","false","[]","[]","[]","[]","{""map_identity_id"":""entity-austria"",""aliases"":[],""historical_names"":[{""value"":""Austria — First Republic"",""kind"":""primary"",""validFrom"":""1918-11-12"",""validUntil"":""1933-03""}],""identifiers"":{}}","[""Snapshot context is not observation date or boundary date."",""Map geometry does not establish sovereignty or succession.""]","851acb012ccfa2a4bfa05ea83ec2694b3f773a7a6fee8703e87969c9225e6997",""
"entity-austria@1930/capital","entity-austria@1930","austria-first-republic-framework","Austria — First Republic","1930","capital","MISSING","A","partially-supported","political-polity","false","[]","[]","[]","[]","{""map_identity_id"":""entity-austria"",""aliases"":[],""historical_names"":[{""value"":""Austria — First Republic"",""kind"":""primary"",""validFrom"":""1918-11-12"",""validUntil"":""1933-03""}],""identifiers"":{}}","[""Snapshot context is not observation date or boundary date."",""Map geometry does not establish sovereignty or succession.""]","851acb012ccfa2a4bfa05ea83ec2694b3f773a7a6fee8703e87969c9225e6997",""
"entity-austria@1945/capital","entity-austria@1945","austria-second-republic-framework","Austria — Second Republic","1945","capital","MISSING","A","partially-supported","political-polity","false","[]","[]","[]","[]","{""map_identity_id"":""entity-austria"",""aliases"":[],""historical_names"":[{""value"":""Austria — Second Republic"",""kind"":""primary"",""validFrom"":""1945-04-27"",""validUntil"":""1961-01-01""}],""identifiers"":{}}","[""Snapshot context is not observation date or boundary date."",""Map geometry does not establish sovereignty or succession.""]","851acb012ccfa2a4bfa05ea83ec2694b3f773a7a6fee8703e87969c9225e6997",""
"entity-austria@1960/capital","entity-austria@1960","austria-second-republic-framework","Austria — Second Republic","1960","capital","MISSING","A","partially-supported","political-polity","false","[]","[]","[]","[]","{""map_identity_id"":""entity-austria"",""aliases"":[],""historical_names"":[{""value"":""Austria — Second Republic"",""kind"":""primary"",""validFrom"":""1945-04-27"",""validUntil"":""1961-01-01""}],""identifiers"":{}}","[""Snapshot context is not observation date or boundary date."",""Map geometry does not establish sovereignty or succession.""]","851acb012ccfa2a4bfa05ea83ec2694b3f773a7a6fee8703e87969c9225e6997",""
"entity-austrian-empire@1800/capital","entity-austrian-empire@1800","","Austrian Empire","1800","capital","MISSING","A","completely-empty","political-polity","true","[]","[]","[]","[]","{""map_identity_id"":""entity-austrian-empire"",""aliases"":[],""historical_names"":[],""identifiers"":{}}","[""Snapshot context is not observation date or boundary date."",""Map geometry does not establish sovereignty or succession."",""Resolve historical identity before proposing entity-specific facts.""]","851acb012ccfa2a4bfa05ea83ec2694b3f773a7a6fee8703e87969c9225e6997",""
"entity-austrian-empire@1815/capital","entity-austrian-empire@1815","austria-imperial-framework","Austrian Empire","1815","capital","MISSING","A","partially-supported","political-polity","false","[]","[]","[]","[]","{""map_identity_id"":""entity-austrian-empire"",""aliases"":[],""historical_names"":[{""value"":""Austrian Empire"",""kind"":""primary"",""validFrom"":""1804-08-11"",""validUntil"":""1867""}],""identifiers"":{}}","[""Snapshot context is not observation date or boundary date."",""Map geometry does not establish sovereignty or succession.""]","851acb012ccfa2a4bfa05ea83ec2694b3f773a7a6fee8703e87969c9225e6997",""
"entity-austrian-netherlands@1800/capital","entity-austrian-netherlands@1800","","Austrian Netherlands","1800","capital","MISSING","A","held-ambiguous","dependent-administration","true","[]","[]","[]","[]","{""map_identity_id"":""entity-austrian-netherlands"",""aliases"":[],""historical_names"":[],""identifiers"":{}}","[""Snapshot context is not observation date or boundary date."",""Map geometry does not establish sovereignty or succession."",""Resolve historical identity before proposing entity-specific facts.""]","851acb012ccfa2a4bfa05ea83ec2694b3f773a7a6fee8703e87969c9225e6997",""
"entity-hungary@1920/capital","entity-hungary@1920","hungary-horthy-framework","Hungary — Horthy regency framework","1920","capital","MISSING","A","partially-supported","political-polity","false","[]","[]","[]","[]","{""map_identity_id"":""entity-hungary"",""aliases"":[],""historical_names"":[{""value"":""Hungary — Horthy regency framework"",""kind"":""primary"",""validFrom"":""1920"",""validUntil"":""1944-03-19""}],""identifiers"":{}}","[""Snapshot context is not observation date or boundary date."",""Map geometry does not establish sovereignty or succession.""]","851acb012ccfa2a4bfa05ea83ec2694b3f773a7a6fee8703e87969c9225e6997",""
"entity-hungary@1938/capital","entity-hungary@1938","hungary-horthy-framework","Hungary — Horthy regency framework","1938","capital","PARTIAL","A","partially-supported","political-polity","false","[""Budapest"",""Budapest""]","[]","[{""id"":""hungary-horthy-framework-coded-capital"",""description"":""Capital (CShapes2 academic coding); colonialterritorial administrative seat where applicable, not exclusive/constitutionalcapital, legalsovereignseat, uniformcontrol or exactcapital-change day. Historical framework: Hungary — Horthy regency framework"",""relationship"":""same""},{""id"":""hungary-horthy-framework-coded-capital"",""description"":""Capital (CShapes2 academic coding); colonialterritorial administrative seat where applicable, not exclusive/constitutionalcapital, legalsovereignseat, uniformcontrol or exactcapital-change day. Historical framework: Hungary — Horthy regency framework"",""relationship"":""same""}]","[]","{""map_identity_id"":""entity-hungary"",""aliases"":[],""historical_names"":[{""value"":""Hungary — Horthy regency framework"",""kind"":""primary"",""validFrom"":""1920"",""validUntil"":""1944-03-19""}],""identifiers"":{}}","[""Snapshot context is not observation date or boundary date."",""Map geometry does not establish sovereignty or succession."",""Source-supported interval: 1920-06-04 to 1938-11-01 inclusive source coding."",""Research clipping to the reviewed historical framework and atlas limit; these bounds are not asserted accession/departure dates. Conservative source interiors and separately reviewed frame bounds; no exact inferred change day."",""Capital (CShapes2 academic coding); colonialterritorial administrative seat where applicable, not exclusive/constitutionalcapital, legalsovereignseat, uniformcontrol or exactcapital-change day. Historical framework: Hungary — Horthy regency framework"",""Possible Jan1/default-year endpoint loses uncertain endpoint year; possible month1 or preceding last-day endpoint loses uncertain endpoint month. Other coded final day omitted. These are derived conservative bounds, not exact historical capital-change dates."",""Literal academic capital coding, not exclusive constitutional seat, legal sovereignty or uniform territorial control."",""Budapest literalcodedcapital. Horthyentitystart1920 isyearprecision: safeinterior begins1921-01-01, notclaimedhistoricalJan1regencydate. End stopsbeforeGermanoccupation; post1956framework is separatelydated."",""Separate existing historical-framework clipping and conservative review bounds do not assert exact capital-change dates."",""Source-supported interval: 1938-11-02 to 1947-02-09 inclusive source coding."",""Existing applicability intervals: [{\""kind\"":\""interval\"",\""from\"":\""1921-01-01\"",\""until\"":\""1938-11-01\"",\""certainty\"":\""exact\""},{\""kind\"":\""interval\"",\""from\"":\""1938-11-02\"",\""until\"":\""1944-03-19\"",\""certainty\"":\""exact\""}]""]","851acb012ccfa2a4bfa05ea83ec2694b3f773a7a6fee8703e87969c9225e6997",""
"entity-hungary@1945/capital","entity-hungary@1945","","Hungary","1945","capital","MISSING","A","completely-empty","political-polity","true","[]","[]","[]","[]","{""map_identity_id"":""entity-hungary"",""aliases"":[],""historical_names"":[],""identifiers"":{}}","[""Snapshot context is not observation date or boundary date."",""Map geometry does not establish sovereignty or succession."",""Resolve historical identity before proposing entity-specific facts.""]","851acb012ccfa2a4bfa05ea83ec2694b3f773a7a6fee8703e87969c9225e6997",""
"entity-united-states@1800/capital","entity-united-states@1800","united-states","United States","1800","capital","PARTIAL","A","partially-supported","political-polity","false","[""Washington, D.C.""]","[]","[]","[]","{""map_identity_id"":""entity-united-states"",""aliases"":[{""value"":""USA"",""sourceIds"":[""basemaps""],""confidence"":""documented""}],""historical_names"":[{""value"":""United States"",""kind"":""primary""},{""value"":""United States of America"",""kind"":""formal"",""validFrom"":""1789-03-04""}],""identifiers"":{}}","[""Snapshot context is not observation date or boundary date."",""Map geometry does not establish sovereignty or succession."",""Existing applicability intervals: [{\""kind\"":\""interval\"",\""from\"":\""1800-11\""}]""]","851acb012ccfa2a4bfa05ea83ec2694b3f773a7a6fee8703e87969c9225e6997",""
"entity-germany@1920/capital","entity-germany@1920","germany-weimar-framework","Germany — Weimar constitutional framework","1920","capital","PARTIAL","A","partially-supported","political-polity","false","[""Berlin""]","[]","[""Entity-level office, seat or monetary denomination; no geometry-based territorial or identity inference.""]","[]","{""map_identity_id"":""entity-germany"",""aliases"":[],""historical_names"":[{""value"":""Germany — Weimar constitutional framework"",""kind"":""primary"",""validFrom"":""1919-08-14"",""validUntil"":""1933-01-30""}],""identifiers"":{}}","[""Snapshot context is not observation date or boundary date."",""Map geometry does not establish sovereignty or succession."",""Existing applicability intervals: [{\""kind\"":\""interval\"",\""from\"":\""1920\"",\""until\"":\""1932\""}]""]","851acb012ccfa2a4bfa05ea83ec2694b3f773a7a6fee8703e87969c9225e6997",""
"entity-germany-france@1945/capital","entity-germany-france@1945","germany-france-occupation","Germany — French occupation zone","1945","capital","MISSING","A","partially-supported","dependent-administration","false","[]","[]","[]","[]","{""map_identity_id"":""entity-germany-france"",""aliases"":[],""historical_names"":[{""value"":""Germany — French occupation zone"",""kind"":""primary"",""validFrom"":""1945-08-02"",""validUntil"":""1949-01-01""}],""identifiers"":{}}","[""Snapshot context is not observation date or boundary date."",""Map geometry does not establish sovereignty or succession.""]","851acb012ccfa2a4bfa05ea83ec2694b3f773a7a6fee8703e87969c9225e6997",""
"entity-germany-soviet@1945/capital","entity-germany-soviet@1945","germany-soviet-occupation","Germany — Soviet occupation zone","1945","capital","MISSING","A","partially-supported","dependent-administration","false","[]","[]","[]","[]","{""map_identity_id"":""entity-germany-soviet"",""aliases"":[],""historical_names"":[{""value"":""Germany — Soviet occupation zone"",""kind"":""primary"",""validFrom"":""1945-08-02"",""validUntil"":""1949-01-01""}],""identifiers"":{}}","[""Snapshot context is not observation date or boundary date."",""Map geometry does not establish sovereignty or succession.""]","851acb012ccfa2a4bfa05ea83ec2694b3f773a7a6fee8703e87969c9225e6997",""
"entity-germany-uk@1945/capital","entity-germany-uk@1945","germany-british-occupation","Germany — British occupation zone","1945","capital","MISSING","A","partially-supported","dependent-administration","false","[]","[]","[]","[]","{""map_identity_id"":""entity-germany-uk"",""aliases"":[],""historical_names"":[{""value"":""Germany — British occupation zone"",""kind"":""primary"",""validFrom"":""1945-08-02"",""validUntil"":""1949-01-01""}],""identifiers"":{}}","[""Snapshot context is not observation date or boundary date."",""Map geometry does not establish sovereignty or succession.""]","851acb012ccfa2a4bfa05ea83ec2694b3f773a7a6fee8703e87969c9225e6997",""
"entity-germany-usa@1945/capital","entity-germany-usa@1945","germany-american-occupation","Germany — American occupation zone","1945","capital","MISSING","A","partially-supported","dependent-administration","false","[]","[]","[]","[]","{""map_identity_id"":""entity-germany-usa"",""aliases"":[],""historical_names"":[{""value"":""Germany — American occupation zone"",""kind"":""primary"",""validFrom"":""1945-08-02"",""validUntil"":""1949-01-01""}],""identifiers"":{}}","[""Snapshot context is not observation date or boundary date."",""Map geometry does not establish sovereignty or succession.""]","851acb012ccfa2a4bfa05ea83ec2694b3f773a7a6fee8703e87969c9225e6997",""
"entity-prussia@1815/capital","entity-prussia@1815","prussia-monarchy-early-framework","Prussia — early nineteenth-century monarchy","1815","capital","MISSING","A","partially-supported","political-polity","false","[]","[]","[]","[]","{""map_identity_id"":""entity-prussia"",""aliases"":[],""historical_names"":[{""value"":""Prussia — early nineteenth-century monarchy"",""kind"":""primary"",""validFrom"":""1800-01-01"",""validUntil"":""1816-01-01""}],""identifiers"":{}}","[""Snapshot context is not observation date or boundary date."",""Map geometry does not establish sovereignty or succession.""]","851acb012ccfa2a4bfa05ea83ec2694b3f773a7a6fee8703e87969c9225e6997",""
"entity-saar-protectorate@1945/capital","entity-saar-protectorate@1945","saar-french-occupation-1945","Saar — French military occupation","1945","capital","MISSING","A","partially-supported","dependent-administration","false","[]","[]","[]","[]","{""map_identity_id"":""entity-saar-protectorate"",""aliases"":[],""historical_names"":[{""value"":""Saar — French military occupation"",""kind"":""primary"",""validFrom"":""1945-07-10"",""validUntil"":""1946-01-01""}],""identifiers"":{}}","[""Snapshot context is not observation date or boundary date."",""Map geometry does not establish sovereignty or succession.""]","851acb012ccfa2a4bfa05ea83ec2694b3f773a7a6fee8703e87969c9225e6997",""
"entity-ai-viet@1800/capital","entity-ai-viet@1800","","Đại Việt","1800","capital","MISSING","A","held-ambiguous","political-polity","true","[]","[]","[]","[]","{""map_identity_id"":""entity-ai-viet"",""aliases"":[],""historical_names"":[],""identifiers"":{}}","[""Snapshot context is not observation date or boundary date."",""Map geometry does not establish sovereignty or succession."",""Resolve historical identity before proposing entity-specific facts.""]","851acb012ccfa2a4bfa05ea83ec2694b3f773a7a6fee8703e87969c9225e6997",""
"entity-french-indochina@1878/capital","entity-french-indochina@1878","","French Indochina","1878","capital","MISSING","A","held-ambiguous","dependent-administration","true","[]","[]","[]","[]","{""map_identity_id"":""entity-french-indochina"",""aliases"":[],""historical_names"":[],""identifiers"":{}}","[""Snapshot context is not observation date or boundary date."",""Map geometry does not establish sovereignty or succession."",""Resolve historical identity before proposing entity-specific facts.""]","851acb012ccfa2a4bfa05ea83ec2694b3f773a7a6fee8703e87969c9225e6997",""
"entity-french-indochina@1880/capital","entity-french-indochina@1880","","French Indochina","1880","capital","MISSING","A","held-ambiguous","dependent-administration","true","[]","[]","[]","[]","{""map_identity_id"":""entity-french-indochina"",""aliases"":[],""historical_names"":[],""identifiers"":{}}","[""Snapshot context is not observation date or boundary date."",""Map geometry does not establish sovereignty or succession."",""Resolve historical identity before proposing entity-specific facts.""]","851acb012ccfa2a4bfa05ea83ec2694b3f773a7a6fee8703e87969c9225e6997",""
"entity-french-indochina@1900/capital","entity-french-indochina@1900","b13-indochina-union","French Indochina — colonial Union","1900","capital","MISSING","A","partially-supported","dependent-administration","false","[]","[]","[]","[]","{""map_identity_id"":""entity-french-indochina"",""aliases"":[],""historical_names"":[{""value"":""French Indochina — colonial Union"",""kind"":""primary"",""validFrom"":""1900-01-01"",""validUntil"":""1940-01-01""}],""identifiers"":{}}","[""Snapshot context is not observation date or boundary date."",""Map geometry does not establish sovereignty or succession.""]","851acb012ccfa2a4bfa05ea83ec2694b3f773a7a6fee8703e87969c9225e6997",""
"entity-french-indochina@1914/capital","entity-french-indochina@1914","b13-indochina-union","French Indochina — colonial Union","1914","capital","MISSING","A","partially-supported","dependent-administration","false","[]","[]","[]","[]","{""map_identity_id"":""entity-french-indochina"",""aliases"":[],""historical_names"":[{""value"":""French Indochina — colonial Union"",""kind"":""primary"",""validFrom"":""1900-01-01"",""validUntil"":""1940-01-01""}],""identifiers"":{}}","[""Snapshot context is not observation date or boundary date."",""Map geometry does not establish sovereignty or succession.""]","851acb012ccfa2a4bfa05ea83ec2694b3f773a7a6fee8703e87969c9225e6997",""
"entity-tonkin@1945/capital","entity-tonkin@1945","","Tonkin","1945","capital","MISSING","A","completely-empty","dependent-administration","true","[]","[]","[]","[]","{""map_identity_id"":""entity-tonkin"",""aliases"":[],""historical_names"":[],""identifiers"":{}}","[""Snapshot context is not observation date or boundary date."",""Map geometry does not establish sovereignty or succession."",""Resolve historical identity before proposing entity-specific facts.""]","851acb012ccfa2a4bfa05ea83ec2694b3f773a7a6fee8703e87969c9225e6997",""
"entity-vietnam@1960/capital","entity-vietnam@1960","","Vietnam","1960","capital","MISSING","A","held-ambiguous","political-polity","true","[]","[]","[]","[]","{""map_identity_id"":""entity-vietnam"",""aliases"":[],""historical_names"":[],""identifiers"":{}}","[""Snapshot context is not observation date or boundary date."",""Map geometry does not establish sovereignty or succession."",""Resolve historical identity before proposing entity-specific facts.""]","851acb012ccfa2a4bfa05ea83ec2694b3f773a7a6fee8703e87969c9225e6997",""
"entity-afghanistan@1800/capital","entity-afghanistan@1800","","Afghanistan","1800","capital","MISSING","A","completely-empty","political-polity","true","[]","[]","[]","[]","{""map_identity_id"":""entity-afghanistan"",""aliases"":[],""historical_names"":[],""identifiers"":{}}","[""Snapshot context is not observation date or boundary date."",""Map geometry does not establish sovereignty or succession."",""Resolve historical identity before proposing entity-specific facts.""]","851acb012ccfa2a4bfa05ea83ec2694b3f773a7a6fee8703e87969c9225e6997",""
"entity-afghanistan@1815/capital","entity-afghanistan@1815","","Afghanistan","1815","capital","MISSING","A","completely-empty","political-polity","true","[]","[]","[]","[]","{""map_identity_id"":""entity-afghanistan"",""aliases"":[],""historical_names"":[],""identifiers"":{}}","[""Snapshot context is not observation date or boundary date."",""Map geometry does not establish sovereignty or succession."",""Resolve historical identity before proposing entity-specific facts.""]","851acb012ccfa2a4bfa05ea83ec2694b3f773a7a6fee8703e87969c9225e6997",""
"entity-afghanistan@1878/capital","entity-afghanistan@1878","","Afghanistan","1878","capital","MISSING","A","completely-empty","political-polity","true","[]","[]","[]","[]","{""map_identity_id"":""entity-afghanistan"",""aliases"":[],""historical_names"":[],""identifiers"":{}}","[""Snapshot context is not observation date or boundary date."",""Map geometry does not establish sovereignty or succession."",""Resolve historical identity before proposing entity-specific facts.""]","851acb012ccfa2a4bfa05ea83ec2694b3f773a7a6fee8703e87969c9225e6997",""
"entity-afghanistan@1880/capital","entity-afghanistan@1880","","Afghanistan","1880","capital","MISSING","A","completely-empty","political-polity","true","[]","[]","[]","[]","{""map_identity_id"":""entity-afghanistan"",""aliases"":[],""historical_names"":[],""identifiers"":{}}","[""Snapshot context is not observation date or boundary date."",""Map geometry does not establish sovereignty or succession."",""Resolve historical identity before proposing entity-specific facts.""]","851acb012ccfa2a4bfa05ea83ec2694b3f773a7a6fee8703e87969c9225e6997",""
"entity-afghanistan@1930/capital","entity-afghanistan@1930","","Afghanistan","1930","capital","MISSING","A","completely-empty","political-polity","true","[]","[]","[]","[]","{""map_identity_id"":""entity-afghanistan"",""aliases"":[],""historical_names"":[],""identifiers"":{}}","[""Snapshot context is not observation date or boundary date."",""Map geometry does not establish sovereignty or succession."",""Resolve historical identity before proposing entity-specific facts.""]","851acb012ccfa2a4bfa05ea83ec2694b3f773a7a6fee8703e87969c9225e6997",""
"entity-mexico@1878/capital","entity-mexico@1878","mexico-porfirian-framework","Mexico — Porfirian republican framework","1878","capital","MISSING","A","partially-supported","political-polity","false","[]","[]","[]","[]","{""map_identity_id"":""entity-mexico"",""aliases"":[],""historical_names"":[{""value"":""Mexico — Porfirian republican framework"",""kind"":""primary"",""validFrom"":""1878-01-01"",""validUntil"":""1910-01-01""}],""identifiers"":{}}","[""Snapshot context is not observation date or boundary date."",""Map geometry does not establish sovereignty or succession.""]","851acb012ccfa2a4bfa05ea83ec2694b3f773a7a6fee8703e87969c9225e6997",""
"entity-mexico@1880/capital","entity-mexico@1880","mexico-porfirian-framework","Mexico — Porfirian republican framework","1880","capital","MISSING","A","partially-supported","political-polity","false","[]","[]","[]","[]","{""map_identity_id"":""entity-mexico"",""aliases"":[],""historical_names"":[{""value"":""Mexico — Porfirian republican framework"",""kind"":""primary"",""validFrom"":""1878-01-01"",""validUntil"":""1910-01-01""}],""identifiers"":{}}","[""Snapshot context is not observation date or boundary date."",""Map geometry does not establish sovereignty or succession.""]","851acb012ccfa2a4bfa05ea83ec2694b3f773a7a6fee8703e87969c9225e6997",""
"entity-mexico@1914/capital","entity-mexico@1914","","Mexico","1914","capital","MISSING","A","completely-empty","political-polity","true","[]","[]","[]","[]","{""map_identity_id"":""entity-mexico"",""aliases"":[],""historical_names"":[],""identifiers"":{}}","[""Snapshot context is not observation date or boundary date."",""Map geometry does not establish sovereignty or succession."",""Resolve historical identity before proposing entity-specific facts.""]","851acb012ccfa2a4bfa05ea83ec2694b3f773a7a6fee8703e87969c9225e6997",""
"entity-viceroyalty-of-new-spain@1800/capital","entity-viceroyalty-of-new-spain@1800","new-spain-pre-crisis-framework","New Spain — colonial viceroyal administration","1800","capital","MISSING","A","partially-supported","dependent-administration","false","[]","[]","[]","[]","{""map_identity_id"":""entity-viceroyalty-of-new-spain"",""aliases"":[],""historical_names"":[{""value"":""New Spain — colonial viceroyal administration"",""kind"":""primary"",""validFrom"":""1800-01-01"",""validUntil"":""1808-01-01""}],""identifiers"":{}}","[""Snapshot context is not observation date or boundary date."",""Map geometry does not establish sovereignty or succession.""]","851acb012ccfa2a4bfa05ea83ec2694b3f773a7a6fee8703e87969c9225e6997",""
"entity-viceroyalty-of-new-spain@1815/capital","entity-viceroyalty-of-new-spain@1815","new-spain-1815-royalist-framework","New Spain — contested royalist administration in 1815","1815","capital","MISSING","A","partially-supported","dependent-administration","false","[]","[]","[]","[]","{""map_identity_id"":""entity-viceroyalty-of-new-spain"",""aliases"":[],""historical_names"":[{""value"":""New Spain — contested royalist administration in 1815"",""kind"":""primary"",""validFrom"":""1815-01-01"",""validUntil"":""1816-01-01""}],""identifiers"":{}}","[""Snapshot context is not observation date or boundary date."",""Map geometry does not establish sovereignty or succession.""]","851acb012ccfa2a4bfa05ea83ec2694b3f773a7a6fee8703e87969c9225e6997",""
"entity-argentina@1878/capital","entity-argentina@1878","argentina-recovery-1878","Argentina","1878","capital","MISSING","A","partially-supported","political-polity","false","[]","[]","[]","[]","{""map_identity_id"":""entity-argentina"",""aliases"":[],""historical_names"":[{""value"":""Argentina"",""kind"":""primary"",""validFrom"":""1878-01-01"",""validUntil"":""1879-01-01""}],""identifiers"":{}}","[""Snapshot context is not observation date or boundary date."",""Map geometry does not establish sovereignty or succession.""]","851acb012ccfa2a4bfa05ea83ec2694b3f773a7a6fee8703e87969c9225e6997",""
"entity-argentina@1880/capital","entity-argentina@1880","argentina-recovery-1880","Argentina","1880","capital","MISSING","A","partially-supported","political-polity","false","[]","[]","[]","[]","{""map_identity_id"":""entity-argentina"",""aliases"":[],""historical_names"":[{""value"":""Argentina"",""kind"":""primary"",""validFrom"":""1880-01-01"",""validUntil"":""1881-01-01""}],""identifiers"":{}}","[""Snapshot context is not observation date or boundary date."",""Map geometry does not establish sovereignty or succession.""]","851acb012ccfa2a4bfa05ea83ec2694b3f773a7a6fee8703e87969c9225e6997",""
"entity-argentina@1930/capital","entity-argentina@1930","argentina-recovery-1930","Argentina","1930","capital","MISSING","A","partially-supported","political-polity","false","[]","[]","[]","[]","{""map_identity_id"":""entity-argentina"",""aliases"":[],""historical_names"":[{""value"":""Argentina"",""kind"":""primary"",""validFrom"":""1930-01-01"",""validUntil"":""1931-01-01""}],""identifiers"":{}}","[""Snapshot context is not observation date or boundary date."",""Map geometry does not establish sovereignty or succession.""]","851acb012ccfa2a4bfa05ea83ec2694b3f773a7a6fee8703e87969c9225e6997",""
"entity-argentina@1938/capital","entity-argentina@1938","argentina-recovery-1938","Argentina","1938","capital","MISSING","A","partially-supported","political-polity","false","[]","[]","[]","[]","{""map_identity_id"":""entity-argentina"",""aliases"":[],""historical_names"":[{""value"":""Argentina"",""kind"":""primary"",""validFrom"":""1938-01-01"",""validUntil"":""1939-01-01""}],""identifiers"":{}}","[""Snapshot context is not observation date or boundary date."",""Map geometry does not establish sovereignty or succession.""]","851acb012ccfa2a4bfa05ea83ec2694b3f773a7a6fee8703e87969c9225e6997",""
"entity-argentina@1945/capital","entity-argentina@1945","argentina-recovery-1945","Argentina","1945","capital","MISSING","A","partially-supported","political-polity","false","[]","[]","[]","[]","{""map_identity_id"":""entity-argentina"",""aliases"":[],""historical_names"":[{""value"":""Argentina"",""kind"":""primary"",""validFrom"":""1945-01-01"",""validUntil"":""1946-01-01""}],""identifiers"":{}}","[""Snapshot context is not observation date or boundary date."",""Map geometry does not establish sovereignty or succession.""]","851acb012ccfa2a4bfa05ea83ec2694b3f773a7a6fee8703e87969c9225e6997",""
"entity-argentina@1960/capital","entity-argentina@1960","argentina-recovery-1960","Argentina","1960","capital","MISSING","A","partially-supported","political-polity","false","[]","[]","[]","[]","{""map_identity_id"":""entity-argentina"",""aliases"":[],""historical_names"":[{""value"":""Argentina"",""kind"":""primary"",""validFrom"":""1960-01-01"",""validUntil"":""1961-01-01""}],""identifiers"":{}}","[""Snapshot context is not observation date or boundary date."",""Map geometry does not establish sovereignty or succession.""]","851acb012ccfa2a4bfa05ea83ec2694b3f773a7a6fee8703e87969c9225e6997",""
"entity-united-provinces-of-the-rio-de-la-plata@1815/capital","entity-united-provinces-of-the-rio-de-la-plata@1815","rio-de-la-plata-1815-provisional-framework","United Provinces of the Rio de la Plata — 1815 provisional framework","1815","capital","MISSING","A","partially-supported","political-polity","false","[]","[]","[]","[]","{""map_identity_id"":""entity-united-provinces-of-the-rio-de-la-plata"",""aliases"":[],""historical_names"":[{""value"":""United Provinces of the Rio de la Plata — 1815 provisional framework"",""kind"":""primary"",""validFrom"":""1815-05-05"",""validUntil"":""1816-01-01""}],""identifiers"":{}}","[""Snapshot context is not observation date or boundary date."",""Map geometry does not establish sovereignty or succession.""]","851acb012ccfa2a4bfa05ea83ec2694b3f773a7a6fee8703e87969c9225e6997",""
"entity-viceroyalty-of-the-rio-de-la-plata@1800/capital","entity-viceroyalty-of-the-rio-de-la-plata@1800","rio-de-la-plata-viceroyal-framework","Rio de la Plata — Spanish viceroyal government","1800","capital","MISSING","A","partially-supported","dependent-administration","false","[]","[]","[]","[]","{""map_identity_id"":""entity-viceroyalty-of-the-rio-de-la-plata"",""aliases"":[],""historical_names"":[{""value"":""Rio de la Plata — Spanish viceroyal government"",""kind"":""primary"",""validFrom"":""1800-01-01"",""validUntil"":""1806-01-01""}],""identifiers"":{}}","[""Snapshot context is not observation date or boundary date."",""Map geometry does not establish sovereignty or succession.""]","851acb012ccfa2a4bfa05ea83ec2694b3f773a7a6fee8703e87969c9225e6997",""
"entity-ethiopia@1800/capital","entity-ethiopia@1800","ethiopia-era-princes-core","Ethiopia — Era of Princes around 1800","1800","capital","MISSING","A","partially-supported","political-polity","false","[]","[]","[]","[]","{""map_identity_id"":""entity-ethiopia"",""aliases"":[],""historical_names"":[{""value"":""Ethiopia — Era of Princes around 1800"",""kind"":""primary"",""validFrom"":""1800-01-01"",""validUntil"":""1801-01-01""},{""value"":""Ethiopia — Era of Princes in 1815"",""kind"":""primary"",""validFrom"":""1815-01-01"",""validUntil"":""1816-01-01""}],""identifiers"":{}}","[""Snapshot context is not observation date or boundary date."",""Map geometry does not establish sovereignty or succession.""]","851acb012ccfa2a4bfa05ea83ec2694b3f773a7a6fee8703e87969c9225e6997",""
"entity-ethiopia@1815/capital","entity-ethiopia@1815","ethiopia-era-princes-core","Ethiopia — Era of Princes in 1815","1815","capital","MISSING","A","partially-supported","political-polity","false","[]","[]","[]","[]","{""map_identity_id"":""entity-ethiopia"",""aliases"":[],""historical_names"":[{""value"":""Ethiopia — Era of Princes around 1800"",""kind"":""primary"",""validFrom"":""1800-01-01"",""validUntil"":""1801-01-01""},{""value"":""Ethiopia — Era of Princes in 1815"",""kind"":""primary"",""validFrom"":""1815-01-01"",""validUntil"":""1816-01-01""}],""identifiers"":{}}","[""Snapshot context is not observation date or boundary date."",""Map geometry does not establish sovereignty or succession.""]","851acb012ccfa2a4bfa05ea83ec2694b3f773a7a6fee8703e87969c9225e6997",""
"entity-ethiopia@1878/capital","entity-ethiopia@1878","ethiopia-yohannis-1880-core","Ethiopia — Yohannis IV imperial framework","1878","capital","MISSING","A","partially-supported","political-polity","false","[]","[]","[]","[]","{""map_identity_id"":""entity-ethiopia"",""aliases"":[],""historical_names"":[{""value"":""Ethiopia — Yohannis IV imperial framework"",""kind"":""primary"",""validFrom"":""1878-01-01"",""validUntil"":""1881-01-01""}],""identifiers"":{}}","[""Snapshot context is not observation date or boundary date."",""Map geometry does not establish sovereignty or succession.""]","851acb012ccfa2a4bfa05ea83ec2694b3f773a7a6fee8703e87969c9225e6997",""
"entity-ethiopia@1880/capital","entity-ethiopia@1880","ethiopia-yohannis-1880-core","Ethiopia — Yohannis IV imperial framework","1880","capital","MISSING","A","partially-supported","political-polity","false","[]","[]","[]","[]","{""map_identity_id"":""entity-ethiopia"",""aliases"":[],""historical_names"":[{""value"":""Ethiopia — Yohannis IV imperial framework"",""kind"":""primary"",""validFrom"":""1878-01-01"",""validUntil"":""1881-01-01""}],""identifiers"":{}}","[""Snapshot context is not observation date or boundary date."",""Map geometry does not establish sovereignty or succession.""]","851acb012ccfa2a4bfa05ea83ec2694b3f773a7a6fee8703e87969c9225e6997",""
"entity-ethiopia@1920/capital","entity-ethiopia@1920","ethiopia-zawditu-regency-core","Ethiopia — Zawditu and Tafari regency","1920","capital","MISSING","A","partially-supported","political-polity","false","[]","[]","[]","[]","{""map_identity_id"":""entity-ethiopia"",""aliases"":[],""historical_names"":[{""value"":""Ethiopia — Zawditu and Tafari regency"",""kind"":""primary"",""validFrom"":""1917-01-01"",""validUntil"":""1930-04-01""}],""identifiers"":{}}","[""Snapshot context is not observation date or boundary date."",""Map geometry does not establish sovereignty or succession.""]","851acb012ccfa2a4bfa05ea83ec2694b3f773a7a6fee8703e87969c9225e6997",""
"entity-ethiopia@1930/capital","entity-ethiopia@1930","","Ethiopia","1930","capital","MISSING","A","held-ambiguous","political-polity","true","[]","[]","[]","[]","{""map_identity_id"":""entity-ethiopia"",""aliases"":[],""historical_names"":[],""identifiers"":{}}","[""Snapshot context is not observation date or boundary date."",""Map geometry does not establish sovereignty or succession."",""Resolve historical identity before proposing entity-specific facts.""]","851acb012ccfa2a4bfa05ea83ec2694b3f773a7a6fee8703e87969c9225e6997",""
"entity-ethiopia@1945/capital","entity-ethiopia@1945","ethiopia-restored-1945-core","Ethiopia — restored monarchy in 1945","1945","capital","MISSING","A","partially-supported","political-polity","false","[]","[]","[]","[]","{""map_identity_id"":""entity-ethiopia"",""aliases"":[],""historical_names"":[{""value"":""Ethiopia — restored monarchy in 1945"",""kind"":""primary"",""validFrom"":""1945-01-01"",""validUntil"":""1946-01-01""}],""identifiers"":{}}","[""Snapshot context is not observation date or boundary date."",""Map geometry does not establish sovereignty or succession.""]","851acb012ccfa2a4bfa05ea83ec2694b3f773a7a6fee8703e87969c9225e6997",""
"entity-ethiopia@1960/capital","entity-ethiopia@1960","ethiopia-1955-constitutional-core","Ethiopia — revised1955 imperial constitutional framework","1960","capital","MISSING","A","partially-supported","political-polity","false","[]","[]","[]","[]","{""map_identity_id"":""entity-ethiopia"",""aliases"":[],""historical_names"":[{""value"":""Ethiopia — revised1955 imperial constitutional framework"",""kind"":""primary"",""validFrom"":""1956-01-01"",""validUntil"":""1960-12-13""},{""value"":""Ethiopia — revised1955 imperial constitutional framework"",""kind"":""primary"",""validFrom"":""1960-12-17"",""validUntil"":""1961-01-01""}],""identifiers"":{}}","[""Snapshot context is not observation date or boundary date."",""Map geometry does not establish sovereignty or succession.""]","851acb012ccfa2a4bfa05ea83ec2694b3f773a7a6fee8703e87969c9225e6997",""
"entity-ethiopia-italy@1938/capital","entity-ethiopia-italy@1938","ethiopia-italian-occupation-1938-core","Ethiopia — Italian occupation in 1938","1938","capital","MISSING","A","partially-supported","dependent-administration","false","[]","[]","[]","[]","{""map_identity_id"":""entity-ethiopia-italy"",""aliases"":[],""historical_names"":[{""value"":""Ethiopia — Italian occupation in 1938"",""kind"":""primary"",""validFrom"":""1938-01-01"",""validUntil"":""1939-01-01""}],""identifiers"":{}}","[""Snapshot context is not observation date or boundary date."",""Map geometry does not establish sovereignty or succession.""]","851acb012ccfa2a4bfa05ea83ec2694b3f773a7a6fee8703e87969c9225e6997",""
"entity-brazil@1945/capital","entity-brazil@1945","","Brazil","1945","capital","MISSING","A","held-ambiguous","political-polity","true","[]","[]","[]","[]","{""map_identity_id"":""entity-brazil"",""aliases"":[],""historical_names"":[],""identifiers"":{}}","[""Snapshot context is not observation date or boundary date."",""Map geometry does not establish sovereignty or succession."",""Resolve historical identity before proposing entity-specific facts.""]","851acb012ccfa2a4bfa05ea83ec2694b3f773a7a6fee8703e87969c9225e6997",""
"entity-brazil@1960/capital","entity-brazil@1960","brazil-1946-federal-framework","Brazil — restored federal constitutional republic","1960","capital","PARTIAL","A","partially-supported","political-polity","false","[""Brasilia"",""Rio de Janeiro"",""Brasília""]","[]","[{""id"":""brazil-1946-federal-framework-coded-capital"",""description"":""Capital (CShapes2 academic coding) for the independently curated historical framework Brazil — restored federal constitutional republic; no claim of exclusive/constitutional/administrative seat, territorial control or source-derived sovereignty."",""relationship"":""same""},{""id"":""brazil-1946-federal-framework-coded-capital"",""description"":""Capital (CShapes2 academic coding) for the independently curated historical framework Brazil — restored federal constitutional republic; no claim of exclusive/constitutional/administrative seat, territorial control or source-derived sovereignty."",""relationship"":""same""},{""id"":""brazil-1946-federal-framework-brasilia-capital"",""description"":""Named historical Brazilian framework and institutional/person association; no modern-border statistical fallback or geometry inference."",""relationship"":""same""}]","[]","{""map_identity_id"":""entity-brazil"",""aliases"":[],""historical_names"":[{""value"":""Brazil — restored federal constitutional republic"",""kind"":""primary"",""validFrom"":""1947-01-01"",""validUntil"":""1961-01-01""}],""identifiers"":{}}","[""Snapshot context is not observation date or boundary date."",""Map geometry does not establish sovereignty or succession."",""Source-supported interval: 1960-04-21 to 2019-12-31 inclusive (publisher coding)."",""Research clipping to the reviewed historical framework and atlas limit; these bounds are not asserted accession/departure dates. Possible January1/year and first-month defaults exclude their boundary year/month; other final coded day omitted conservatively. These safe interior bounds never assert a capital change/founding event."",""Capital (CShapes2 academic coding) for the independently curated historical framework Brazil — restored federal constitutional republic; no claim of exclusive/constitutional/administrative seat, territorial control or source-derived sovereignty."",""Capital (CShapes2 academic coding), not exclusive capital, legal sovereign seat or uniform territorial control."",""Possible Jan1/default-year endpoint loses uncertain endpoint year; possible month1 or preceding last-day endpoint loses uncertain endpoint month. Other coded final day omitted. These are derived conservative bounds, not exact historical capital-change dates."",""These are conservative interiors of source-coded unchanged-attribute periods, not asserted exact historical capital-change days. Original coded dates and endpoint uncertainty remain in the research package."",""Place names are literal dated source attributes. Conservative source endpoint interiors and separate entity-framework bounds are retained; no inferred predecessor/successor."",""Source-supported interval: 1909-07-09 to 1960-04-20 inclusive (publisher coding)."",""Within-year capital transition retained. Brasíliadoes not become capital retrospectively for all1960. Catalogue body was read; underlying programmePDF was not retrieved."",""Existing applicability intervals: [{\""kind\"":\""interval\"",\""from\"":\""1960-04-21\"",\""until\"":\""1961-01-01\"",\""certainty\"":\""exact\""},{\""kind\"":\""interval\"",\""from\"":\""1947-01-01\"",\""until\"":\""1960-04-20\"",\""certainty\"":\""exact\""},{\""kind\"":\""interval\"",\""from\"":\""1960-04-21\"",\""until\"":\""1961-01-01\"",\""certainty\"":\""exact\""}]""]","851acb012ccfa2a4bfa05ea83ec2694b3f773a7a6fee8703e87969c9225e6997",""
"entity-viceroyalty-of-brazil@1800/capital","entity-viceroyalty-of-brazil@1800","brazil-portuguese-colonial-framework","Brazil — Portuguese colonial framework","1800","capital","PARTIAL","A","partially-supported","dependent-administration","false","[""Rio de Janeiro""]","[]","[{""id"":""brazil-portuguese-colonial-framework-colonial-rio"",""description"":""Named historical Brazilian framework and institutional/person association; no modern-border statistical fallback or geometry inference."",""relationship"":""same""}]","[]","{""map_identity_id"":""entity-viceroyalty-of-brazil"",""aliases"":[],""historical_names"":[{""value"":""Brazil — Portuguese colonial framework"",""kind"":""primary"",""validFrom"":""1800-01-01"",""validUntil"":""1807-01-01""}],""identifiers"":{}}","[""Snapshot context is not observation date or boundary date."",""Map geometry does not establish sovereignty or succession."",""Intervals are bounded research subsets. Entity-window day cutoffs do not date the introduction or abolition of a historical fact. Source year precision is retained for historical changes known only by year."",""Existing applicability intervals: [{\""kind\"":\""interval\"",\""from\"":\""1800\"",\""until\"":\""1806\"",\""certainty\"":\""exact\""}]""]","851acb012ccfa2a4bfa05ea83ec2694b3f773a7a6fee8703e87969c9225e6997",""
"entity-viceroyalty-of-brazil@1815/capital","entity-viceroyalty-of-brazil@1815","","Viceroyalty of Brazil","1815","capital","MISSING","A","held-ambiguous","dependent-administration","true","[]","[]","[]","[]","{""map_identity_id"":""entity-viceroyalty-of-brazil"",""aliases"":[],""historical_names"":[],""identifiers"":{}}","[""Snapshot context is not observation date or boundary date."",""Map geometry does not establish sovereignty or succession."",""Resolve historical identity before proposing entity-specific facts.""]","851acb012ccfa2a4bfa05ea83ec2694b3f773a7a6fee8703e87969c9225e6997",""
"entity-egypt@1815/capital","entity-egypt@1815","egypt-muhammad-ali-governorship-framework","Egypt — Muhammad Ali governorship","1815","capital","MISSING","A","partially-supported","political-polity","false","[]","[]","[]","[]","{""map_identity_id"":""entity-egypt"",""aliases"":[],""historical_names"":[{""value"":""Egypt — Muhammad Ali governorship"",""kind"":""primary"",""validFrom"":""1812-01-01"",""validUntil"":""1820-01-01""}],""identifiers"":{}}","[""Snapshot context is not observation date or boundary date."",""Map geometry does not establish sovereignty or succession.""]","851acb012ccfa2a4bfa05ea83ec2694b3f773a7a6fee8703e87969c9225e6997",""
"entity-egypt@1878/capital","entity-egypt@1878","egypt-late-khedival-framework","Egypt — Khedivate under European financial intervention","1878","capital","MISSING","A","partially-supported","political-polity","false","[]","[]","[]","[]","{""map_identity_id"":""entity-egypt"",""aliases"":[],""historical_names"":[{""value"":""Egypt — Khedivate under European financial intervention"",""kind"":""primary"",""validFrom"":""1878-01-01"",""validUntil"":""1881-01-01""}],""identifiers"":{}}","[""Snapshot context is not observation date or boundary date."",""Map geometry does not establish sovereignty or succession.""]","851acb012ccfa2a4bfa05ea83ec2694b3f773a7a6fee8703e87969c9225e6997",""
"entity-egypt@1880/capital","entity-egypt@1880","egypt-late-khedival-framework","Egypt — Khedivate under European financial intervention","1880","capital","MISSING","A","partially-supported","political-polity","false","[]","[]","[]","[]","{""map_identity_id"":""entity-egypt"",""aliases"":[],""historical_names"":[{""value"":""Egypt — Khedivate under European financial intervention"",""kind"":""primary"",""validFrom"":""1878-01-01"",""validUntil"":""1881-01-01""}],""identifiers"":{}}","[""Snapshot context is not observation date or boundary date."",""Map geometry does not establish sovereignty or succession.""]","851acb012ccfa2a4bfa05ea83ec2694b3f773a7a6fee8703e87969c9225e6997",""
"entity-egypt@1914/capital","entity-egypt@1914","","Egypt","1914","capital","MISSING","A","held-ambiguous","political-polity","true","[]","[]","[]","[]","{""map_identity_id"":""entity-egypt"",""aliases"":[],""historical_names"":[],""identifiers"":{}}","[""Snapshot context is not observation date or boundary date."",""Map geometry does not establish sovereignty or succession."",""Resolve historical identity before proposing entity-specific facts.""]","851acb012ccfa2a4bfa05ea83ec2694b3f773a7a6fee8703e87969c9225e6997",""
"entity-egypt@1930/capital","entity-egypt@1930","","Egypt","1930","capital","MISSING","A","completely-empty","political-polity","true","[]","[]","[]","[]","{""map_identity_id"":""entity-egypt"",""aliases"":[],""historical_names"":[],""identifiers"":{}}","[""Snapshot context is not observation date or boundary date."",""Map geometry does not establish sovereignty or succession."",""Resolve historical identity before proposing entity-specific facts.""]","851acb012ccfa2a4bfa05ea83ec2694b3f773a7a6fee8703e87969c9225e6997",""
"entity-egypt@1960/capital","entity-egypt@1960","united-arab-republic-egypt-1960-framework","United Arab Republic — Egyptian region","1960","capital","MISSING","A","partially-supported","political-polity","false","[]","[]","[]","[]","{""map_identity_id"":""entity-egypt"",""aliases"":[],""historical_names"":[{""value"":""United Arab Republic — Egyptian region"",""kind"":""primary"",""validFrom"":""1959-01-01"",""validUntil"":""1961-01-01""}],""identifiers"":{}}","[""Snapshot context is not observation date or boundary date."",""Map geometry does not establish sovereignty or succession.""]","851acb012ccfa2a4bfa05ea83ec2694b3f773a7a6fee8703e87969c9225e6997",""
"entity-empire-of-japan@1930/capital","entity-empire-of-japan@1930","japan-meiji-framework","Empire of Japan","1930","capital","PARTIAL","A","partially-supported","political-polity","false","[""Tokyo""]","[]","[]","[]","{""map_identity_id"":""entity-empire-of-japan"",""aliases"":[{""value"":""Japan"",""validFrom"":""1930"",""validUntil"":""1945-01-01"",""sourceIds"":[""meiji""],""confidence"":""documented""}],""historical_names"":[{""value"":""Empire of Japan"",""kind"":""primary"",""validFrom"":""1930"",""validUntil"":""1945-01-01""},{""value"":""Empire of Japan — Meiji constitutional framework"",""kind"":""primary"",""validFrom"":""1890-11-29"",""validUntil"":""1930-01-01""}],""identifiers"":{}}","[""Snapshot context is not observation date or boundary date."",""Map geometry does not establish sovereignty or succession."",""Existing applicability intervals: [{\""kind\"":\""interval\"",\""from\"":\""1930\"",\""until\"":\""1945-01-01\""}]""]","851acb012ccfa2a4bfa05ea83ec2694b3f773a7a6fee8703e87969c9225e6997",""
"entity-japan-usa@1945/capital","entity-japan-usa@1945","japan-initial-allied-occupation","Japan — initial Allied occupation framework","1945","capital","PARTIAL","A","partially-supported","dependent-administration","false","[""Tokyo""]","[]","[{""id"":""japan-initial-allied-occupation-coded-capital"",""description"":""Capital (CShapes2 academic coding) for the independently curated historical framework Japan — initial Allied occupation framework; no claim of exclusive/constitutional/administrative seat, territorial control or source-derived sovereignty."",""relationship"":""same""}]","[]","{""map_identity_id"":""entity-japan-usa"",""aliases"":[],""historical_names"":[{""value"":""Japan — initial Allied occupation framework"",""kind"":""primary"",""validFrom"":""1945-09-02"",""validUntil"":""1947-05-03""}],""identifiers"":{}}","[""Snapshot context is not observation date or boundary date."",""Map geometry does not establish sovereignty or succession."",""Source-supported interval: 1886-01-01 to 2019-12-31 inclusive (publisher coding)."",""Research clipping to the reviewed historical framework and atlas limit; these bounds are not asserted accession/departure dates. Possible January1/year and first-month defaults exclude their boundary year/month; other final coded day omitted conservatively. These safe interior bounds never assert a capital change/founding event."",""Capital (CShapes2 academic coding) for the independently curated historical framework Japan — initial Allied occupation framework; no claim of exclusive/constitutional/administrative seat, territorial control or source-derived sovereignty."",""Capital (CShapes2 academic coding), not exclusive capital, legal sovereign seat or uniform territorial control."",""Possible Jan1/default-year endpoint loses uncertain endpoint year; possible month1 or preceding last-day endpoint loses uncertain endpoint month. Other coded final day omitted. These are derived conservative bounds, not exact historical capital-change dates."",""These are conservative interiors of source-coded unchanged-attribute periods, not asserted exact historical capital-change days. Original coded dates and endpoint uncertainty remain in the research package."",""Place names are literal dated source attributes. Conservative source endpoint interiors and separate entity-framework bounds are retained; no inferred predecessor/successor."",""Existing applicability intervals: [{\""kind\"":\""interval\"",\""from\"":\""1945-09-02\"",\""until\"":\""1947-05-03\"",\""certainty\"":\""exact\""}]""]","851acb012ccfa2a4bfa05ea83ec2694b3f773a7a6fee8703e87969c9225e6997",""
"entity-french-equatorial-africa@1914/capital","entity-french-equatorial-africa@1914","b17-aef-prewar","French Equatorial Africa — colonial federation","1914","capital","MISSING","A","partially-supported","dependent-administration","false","[]","[]","[]","[]","{""map_identity_id"":""entity-french-equatorial-africa"",""aliases"":[],""historical_names"":[{""value"":""French Equatorial Africa — colonial federation"",""kind"":""primary"",""validFrom"":""1911-01-01"",""validUntil"":""1939-01-01""}],""identifiers"":{}}","[""Snapshot context is not observation date or boundary date."",""Map geometry does not establish sovereignty or succession.""]","851acb012ccfa2a4bfa05ea83ec2694b3f773a7a6fee8703e87969c9225e6997",""
"entity-french-equatorial-africa@1920/capital","entity-french-equatorial-africa@1920","b17-aef-prewar","French Equatorial Africa — colonial federation","1920","capital","MISSING","A","partially-supported","dependent-administration","false","[]","[]","[]","[]","{""map_identity_id"":""entity-french-equatorial-africa"",""aliases"":[],""historical_names"":[{""value"":""French Equatorial Africa — colonial federation"",""kind"":""primary"",""validFrom"":""1911-01-01"",""validUntil"":""1939-01-01""}],""identifiers"":{}}","[""Snapshot context is not observation date or boundary date."",""Map geometry does not establish sovereignty or succession.""]","851acb012ccfa2a4bfa05ea83ec2694b3f773a7a6fee8703e87969c9225e6997",""
"entity-french-equatorial-africa@1930/capital","entity-french-equatorial-africa@1930","b17-aef-prewar","French Equatorial Africa — colonial federation","1930","capital","MISSING","A","partially-supported","dependent-administration","false","[]","[]","[]","[]","{""map_identity_id"":""entity-french-equatorial-africa"",""aliases"":[],""historical_names"":[{""value"":""French Equatorial Africa — colonial federation"",""kind"":""primary"",""validFrom"":""1911-01-01"",""validUntil"":""1939-01-01""}],""identifiers"":{}}","[""Snapshot context is not observation date or boundary date."",""Map geometry does not establish sovereignty or succession.""]","851acb012ccfa2a4bfa05ea83ec2694b3f773a7a6fee8703e87969c9225e6997",""
"entity-french-equatorial-africa@1938/capital","entity-french-equatorial-africa@1938","b17-aef-prewar","French Equatorial Africa — colonial federation","1938","capital","MISSING","A","partially-supported","dependent-administration","false","[]","[]","[]","[]","{""map_identity_id"":""entity-french-equatorial-africa"",""aliases"":[],""historical_names"":[{""value"":""French Equatorial Africa — colonial federation"",""kind"":""primary"",""validFrom"":""1911-01-01"",""validUntil"":""1939-01-01""}],""identifiers"":{}}","[""Snapshot context is not observation date or boundary date."",""Map geometry does not establish sovereignty or succession.""]","851acb012ccfa2a4bfa05ea83ec2694b3f773a7a6fee8703e87969c9225e6997",""
"entity-french-west-africa@1938/capital","entity-french-west-africa@1938","aof-1904-federal-framework-core","French West Africa — governor-general framework","1938","capital","PARTIAL","A","partially-supported","dependent-administration","false","[""Dakar""]","[]","[{""id"":""aof-1904-federal-framework-core-dakar-federal-capital"",""description"":""Named historical administration or royal polity; no geometry-derived sovereignty or modern-country backprojection."",""relationship"":""same""}]","[]","{""map_identity_id"":""entity-french-west-africa"",""aliases"":[],""historical_names"":[{""value"":""French West Africa — governor-general framework"",""kind"":""primary"",""validFrom"":""1905-01-01"",""validUntil"":""1939-01-01""}],""identifiers"":{}}","[""Snapshot context is not observation date or boundary date."",""Map geometry does not establish sovereignty or succession."",""Curated research bounds are not historical foundation, accession or dissolution dates. Year-only evidence is not given invented event precision."",""Existing applicability intervals: [{\""kind\"":\""interval\"",\""from\"":\""1905\"",\""until\"":\""1938\"",\""certainty\"":\""exact\""}]""]","851acb012ccfa2a4bfa05ea83ec2694b3f773a7a6fee8703e87969c9225e6997",""
"entity-ottoman-empire@1878/capital","entity-ottoman-empire@1878","","Ottoman Empire","1878","capital","MISSING","A","held-ambiguous","political-polity","true","[]","[]","[]","[]","{""map_identity_id"":""entity-ottoman-empire"",""aliases"":[],""historical_names"":[],""identifiers"":{}}","[""Snapshot context is not observation date or boundary date."",""Map geometry does not establish sovereignty or succession."",""Resolve historical identity before proposing entity-specific facts.""]","851acb012ccfa2a4bfa05ea83ec2694b3f773a7a6fee8703e87969c9225e6997",""
"entity-ottoman-sultanate@1920/capital","entity-ottoman-sultanate@1920","","Ottoman Sultanate","1920","capital","MISSING","A","held-ambiguous","political-polity","true","[]","[]","[]","[]","{""map_identity_id"":""entity-ottoman-sultanate"",""aliases"":[],""historical_names"":[],""identifiers"":{}}","[""Snapshot context is not observation date or boundary date."",""Map geometry does not establish sovereignty or succession."",""Resolve historical identity before proposing entity-specific facts.""]","851acb012ccfa2a4bfa05ea83ec2694b3f773a7a6fee8703e87969c9225e6997",""
"entity-turkey@1960/capital","entity-turkey@1960","","Turkey","1960","capital","MISSING","A","held-ambiguous","political-polity","true","[]","[]","[]","[]","{""map_identity_id"":""entity-turkey"",""aliases"":[],""historical_names"":[],""identifiers"":{}}","[""Snapshot context is not observation date or boundary date."",""Map geometry does not establish sovereignty or succession."",""Resolve historical identity before proposing entity-specific facts.""]","851acb012ccfa2a4bfa05ea83ec2694b3f773a7a6fee8703e87969c9225e6997",""
"entity-korea@1800/capital","entity-korea@1800","korea-joseon-framework","Korea — Joseon dynasty","1800","capital","MISSING","A","partially-supported","political-polity","false","[]","[]","[]","[]","{""map_identity_id"":""entity-korea"",""aliases"":[],""historical_names"":[{""value"":""Korea — Joseon dynasty"",""kind"":""primary"",""validFrom"":""1800-01-01"",""validUntil"":""1897-10""}],""identifiers"":{}}","[""Snapshot context is not observation date or boundary date."",""Map geometry does not establish sovereignty or succession.""]","851acb012ccfa2a4bfa05ea83ec2694b3f773a7a6fee8703e87969c9225e6997",""
"entity-korea@1815/capital","entity-korea@1815","korea-joseon-framework","Korea — Joseon dynasty","1815","capital","MISSING","A","partially-supported","political-polity","false","[]","[]","[]","[]","{""map_identity_id"":""entity-korea"",""aliases"":[],""historical_names"":[{""value"":""Korea — Joseon dynasty"",""kind"":""primary"",""validFrom"":""1800-01-01"",""validUntil"":""1897-10""}],""identifiers"":{}}","[""Snapshot context is not observation date or boundary date."",""Map geometry does not establish sovereignty or succession.""]","851acb012ccfa2a4bfa05ea83ec2694b3f773a7a6fee8703e87969c9225e6997",""
"entity-korea@1900/capital","entity-korea@1900","korea-imperial-framework","Korean Empire","1900","capital","MISSING","A","partially-supported","political-polity","false","[]","[]","[]","[]","{""map_identity_id"":""entity-korea"",""aliases"":[],""historical_names"":[{""value"":""Korean Empire"",""kind"":""primary"",""validFrom"":""1897-10"",""validUntil"":""1904-01-01""}],""identifiers"":{}}","[""Snapshot context is not observation date or boundary date."",""Map geometry does not establish sovereignty or succession.""]","851acb012ccfa2a4bfa05ea83ec2694b3f773a7a6fee8703e87969c9225e6997",""
"entity-korea-democratic-people-s-republic-of@1960/capital","entity-korea-democratic-people-s-republic-of@1960","korea-dprk-1948","Democratic People’s Republic of Korea","1960","capital","MISSING","A","partially-supported","political-polity","false","[]","[]","[]","[]","{""map_identity_id"":""entity-korea-democratic-people-s-republic-of"",""aliases"":[],""historical_names"":[{""value"":""Democratic People’s Republic of Korea"",""kind"":""primary"",""validFrom"":""1948-09-09"",""validUntil"":""1961-01-01""}],""identifiers"":{}}","[""Snapshot context is not observation date or boundary date."",""Map geometry does not establish sovereignty or succession.""]","851acb012ccfa2a4bfa05ea83ec2694b3f773a7a6fee8703e87969c9225e6997",""
"entity-korea-republic-of@1960/capital","entity-korea-republic-of@1960","korea-republic-1948","Republic of Korea","1960","capital","MISSING","A","partially-supported","political-polity","false","[]","[]","[]","[]","{""map_identity_id"":""entity-korea-republic-of"",""aliases"":[],""historical_names"":[{""value"":""Republic of Korea"",""kind"":""primary"",""validFrom"":""1948-08"",""validUntil"":""1961-01-01""}],""identifiers"":{}}","[""Snapshot context is not observation date or boundary date."",""Map geometry does not establish sovereignty or succession.""]","851acb012ccfa2a4bfa05ea83ec2694b3f773a7a6fee8703e87969c9225e6997",""
"entity-korea-usa@1945/capital","entity-korea-usa@1945","korea-us-occupation","Southern Korea — United States occupation","1945","capital","MISSING","A","partially-supported","dependent-administration","false","[]","[]","[]","[]","{""map_identity_id"":""entity-korea-usa"",""aliases"":[],""historical_names"":[{""value"":""Southern Korea — United States occupation"",""kind"":""primary"",""validFrom"":""1945-09"",""validUntil"":""1948-01-01""}],""identifiers"":{}}","[""Snapshot context is not observation date or boundary date."",""Map geometry does not establish sovereignty or succession.""]","851acb012ccfa2a4bfa05ea83ec2694b3f773a7a6fee8703e87969c9225e6997",""
"entity-korea-ussr@1945/capital","entity-korea-ussr@1945","korea-soviet-occupation","Northern Korea — Soviet occupation","1945","capital","MISSING","A","partially-supported","dependent-administration","false","[]","[]","[]","[]","{""map_identity_id"":""entity-korea-ussr"",""aliases"":[],""historical_names"":[{""value"":""Northern Korea — Soviet occupation"",""kind"":""primary"",""validFrom"":""1945-09"",""validUntil"":""1948-01-01""}],""identifiers"":{}}","[""Snapshot context is not observation date or boundary date."",""Map geometry does not establish sovereignty or succession.""]","851acb012ccfa2a4bfa05ea83ec2694b3f773a7a6fee8703e87969c9225e6997",""
"entity-portugal@1800/capital","entity-portugal@1800","","Portugal","1800","capital","MISSING","A","completely-empty","political-polity","true","[]","[]","[]","[]","{""map_identity_id"":""entity-portugal"",""aliases"":[],""historical_names"":[],""identifiers"":{}}","[""Snapshot context is not observation date or boundary date."",""Map geometry does not establish sovereignty or succession."",""Resolve historical identity before proposing entity-specific facts.""]","851acb012ccfa2a4bfa05ea83ec2694b3f773a7a6fee8703e87969c9225e6997",""
"entity-portugal@1930/capital","entity-portugal@1930","portugal-political-frameworks","Portugal","1930","capital","MISSING","A","partially-supported","political-polity","false","[]","[]","[]","[]","{""map_identity_id"":""entity-portugal"",""aliases"":[],""historical_names"":[{""value"":""Portugal"",""kind"":""primary"",""validFrom"":""1808""},{""value"":""United Kingdom of Portugal, Brazil and the Algarves"",""kind"":""formal"",""validFrom"":""1815-12-16"",""validUntil"":""1816-01-01""}],""identifiers"":{}}","[""Snapshot context is not observation date or boundary date."",""Map geometry does not establish sovereignty or succession.""]","851acb012ccfa2a4bfa05ea83ec2694b3f773a7a6fee8703e87969c9225e6997",""
"entity-thailand@1945/capital","entity-thailand@1945","","Thailand","1945","capital","MISSING","A","completely-empty","political-polity","true","[]","[]","[]","[]","{""map_identity_id"":""entity-thailand"",""aliases"":[],""historical_names"":[],""identifiers"":{}}","[""Snapshot context is not observation date or boundary date."",""Map geometry does not establish sovereignty or succession."",""Resolve historical identity before proposing entity-specific facts.""]","851acb012ccfa2a4bfa05ea83ec2694b3f773a7a6fee8703e87969c9225e6997",""
"entity-france@1815/capital","entity-france@1815","france-political-frameworks","France","1815","capital","PARTIAL","A","partially-supported","political-polity","false","[""Paris (restored Chamber of Peers seat: Luxembourg Palace)""]","[]","[{""description"":""National central institutions, currency or flag design; excludes dependencies and geometry-derived claims. Seat claims refer to specified institution only."",""id"":""france-fc01-capital1815-restored"",""relationship"":""same""}]","[]","{""map_identity_id"":""entity-france"",""aliases"":[],""historical_names"":[{""value"":""France"",""kind"":""primary"",""validFrom"":""1799-12-13""}],""identifiers"":{}}","[""Snapshot context is not observation date or boundary date."",""Map geometry does not establish sovereignty or succession."",""January endpoints are researched calendar clipping, not historical event dates. Source precision is retained in source-review; precise interior office/reconstitution boundaries are explicit source dates. Seat is qualified by institutional role; no whole-map sovereignty or modern-border inference."",""Claim bounds delimit this reviewed research subset, not a historical introduction or abolition date. The original cited applicability interval and its precision remain in evidence."",""Existing applicability intervals: [{\""certainty\"":\""exact\"",\""from\"":\""1815-08-17\"",\""kind\"":\""interval\"",\""until\"":\""1816-01-01\""}]""]","851acb012ccfa2a4bfa05ea83ec2694b3f773a7a6fee8703e87969c9225e6997",""
"entity-france@1945/capital","entity-france@1945","france-political-frameworks","France","1945","capital","MISSING","A","partially-supported","political-polity","false","[]","[]","[]","[]","{""map_identity_id"":""entity-france"",""aliases"":[],""historical_names"":[{""value"":""France"",""kind"":""primary"",""validFrom"":""1799-12-13""}],""identifiers"":{}}","[""Snapshot context is not observation date or boundary date."",""Map geometry does not establish sovereignty or succession.""]","851acb012ccfa2a4bfa05ea83ec2694b3f773a7a6fee8703e87969c9225e6997",""
"entity-persia@1914/capital","entity-persia@1914","","Persia","1914","capital","MISSING","A","completely-empty","political-polity","true","[]","[]","[]","[]","{""map_identity_id"":""entity-persia"",""aliases"":[],""historical_names"":[],""identifiers"":{}}","[""Snapshot context is not observation date or boundary date."",""Map geometry does not establish sovereignty or succession."",""Resolve historical identity before proposing entity-specific facts.""]","851acb012ccfa2a4bfa05ea83ec2694b3f773a7a6fee8703e87969c9225e6997",""
"entity-belgian-congo@1914/capital","entity-belgian-congo@1914","b17-belgian-congo-colonial","Belgian Congo — colonial administration","1914","capital","MISSING","A","partially-supported","dependent-administration","false","[]","[]","[]","[]","{""map_identity_id"":""entity-belgian-congo"",""aliases"":[],""historical_names"":[{""value"":""Belgian Congo — colonial administration"",""kind"":""primary"",""validFrom"":""1914-01-01"",""validUntil"":""1939-01-01""}],""identifiers"":{}}","[""Snapshot context is not observation date or boundary date."",""Map geometry does not establish sovereignty or succession.""]","851acb012ccfa2a4bfa05ea83ec2694b3f773a7a6fee8703e87969c9225e6997",""
"entity-belgian-congo@1938/capital","entity-belgian-congo@1938","b17-belgian-congo-colonial","Belgian Congo — colonial administration","1938","capital","PARTIAL","A","partially-supported","dependent-administration","false","[""Léopoldville""]","[]","[""Assigned historical entity b17-belgian-congo-colonial; central administration/office only, no polygon-derived territorial claim""]","[]","{""map_identity_id"":""entity-belgian-congo"",""aliases"":[],""historical_names"":[{""value"":""Belgian Congo — colonial administration"",""kind"":""primary"",""validFrom"":""1914-01-01"",""validUntil"":""1939-01-01""}],""identifiers"":{}}","[""Snapshot context is not observation date or boundary date."",""Map geometry does not establish sovereignty or succession."",""Existing applicability intervals: [{\""kind\"":\""interval\"",\""from\"":\""1927\"",\""until\"":\""1938\""}]""]","851acb012ccfa2a4bfa05ea83ec2694b3f773a7a6fee8703e87969c9225e6997",""
"entity-poland@1920/capital","entity-poland@1920","polish-small-constitution-framework","Republic of Poland — provisional parliamentary framework","1920","capital","PARTIAL","A","partially-supported","political-polity","false","[""Warsaw"",""Warsaw""]","[]","[{""id"":""polish-small-constitution-framework-coded-capital"",""description"":""Capital (CShapes2 academic coding); colonialterritorial administrative seat where applicable, not exclusive/constitutionalcapital, legalsovereignseat, uniformcontrol or exactcapital-change day. Historical framework: Republic of Poland — provisional parliamentary framework"",""relationship"":""same""},{""id"":""polish-small-constitution-framework-coded-capital"",""description"":""Capital (CShapes2 academic coding); colonialterritorial administrative seat where applicable, not exclusive/constitutionalcapital, legalsovereignseat, uniformcontrol or exactcapital-change day. Historical framework: Republic of Poland — provisional parliamentary framework"",""relationship"":""same""}]","[]","{""map_identity_id"":""entity-poland"",""aliases"":[],""historical_names"":[{""value"":""Republic of Poland — provisional parliamentary framework"",""kind"":""primary"",""validFrom"":""1919-03-01"",""validUntil"":""1921-01-01""}],""identifiers"":{}}","[""Snapshot context is not observation date or boundary date."",""Map geometry does not establish sovereignty or succession."",""Source-supported interval: 1919-09-10 to 1920-10-06 inclusive source coding."",""Research clipping to the reviewed historical framework and atlas limit; these bounds are not asserted accession/departure dates. Conservative source interiors and separately reviewed frame bounds; no exact inferred change day."",""Capital (CShapes2 academic coding); colonialterritorial administrative seat where applicable, not exclusive/constitutionalcapital, legalsovereignseat, uniformcontrol or exactcapital-change day. Historical framework: Republic of Poland — provisional parliamentary framework"",""Possible Jan1/default-year endpoint loses uncertain endpoint year; possible month1 or preceding last-day endpoint loses uncertain endpoint month. Other coded final day omitted. These are derived conservative bounds, not exact historical capital-change dates."",""Literal academic capital coding, not exclusive constitutional seat, legal sovereignty or uniform territorial control."",""Warsaw mapped only to dated1919–1920,1927–1938 andpost1953existingPolishframeworks. Occupiedwartime/exilegovernment intervals omitted. No territorial/statussuccession inferred."",""Separate existing historical-framework clipping and conservative review bounds do not assert exact capital-change dates."",""Source-supported interval: 1920-10-07 to 1921-03-17 inclusive source coding."",""Existing applicability intervals: [{\""kind\"":\""interval\"",\""from\"":\""1919-09-10\"",\""until\"":\""1920-10-06\"",\""certainty\"":\""exact\""},{\""kind\"":\""interval\"",\""from\"":\""1920-10-07\"",\""until\"":\""1921-01-01\"",\""certainty\"":\""exact\""}]""]","851acb012ccfa2a4bfa05ea83ec2694b3f773a7a6fee8703e87969c9225e6997",""
"entity-poland@1945/capital","entity-poland@1945","","Poland","1945","capital","MISSING","A","completely-empty","political-polity","true","[]","[]","[]","[]","{""map_identity_id"":""entity-poland"",""aliases"":[],""historical_names"":[],""identifiers"":{}}","[""Snapshot context is not observation date or boundary date."",""Map geometry does not establish sovereignty or succession."",""Resolve historical identity before proposing entity-specific facts.""]","851acb012ccfa2a4bfa05ea83ec2694b3f773a7a6fee8703e87969c9225e6997",""
