"cell_id","occurrence_id","atlas_entity_id","atlas_display_name","snapshot_year","dossier_category","current_status","research_priority","mapping_status","eligibility_classification","identity_review_required","current_values","observation_dates","territorial_scopes","held_reasons","known_aliases_identifiers","notes","production_fingerprint","proposals_json"
"entity-saint-martin@1800/area-statistics","entity-saint-martin@1800","","Saint Martin","1800","area-statistics","MISSING","C","held-ambiguous","dependent-administration","true","[]","[]","[]","[]","{""map_identity_id"":""entity-saint-martin"",""aliases"":[],""historical_names"":[],""identifiers"":{}}","[""Snapshot context is not observation date or boundary date."",""Map geometry does not establish sovereignty or succession."",""Resolve historical identity before proposing entity-specific facts."",""Existing applicability intervals: []""]","35c5a20cdfaf4e7e7a788fd82d4c2b997e0fe878efe2392487968b8d61b9029f",""
"entity-saint-martin@1815/area-statistics","entity-saint-martin@1815","","Saint Martin","1815","area-statistics","MISSING","C","held-ambiguous","dependent-administration","true","[]","[]","[]","[]","{""map_identity_id"":""entity-saint-martin"",""aliases"":[],""historical_names"":[],""identifiers"":{}}","[""Snapshot context is not observation date or boundary date."",""Map geometry does not establish sovereignty or succession."",""Resolve historical identity before proposing entity-specific facts."",""Existing applicability intervals: []""]","35c5a20cdfaf4e7e7a788fd82d4c2b997e0fe878efe2392487968b8d61b9029f",""
"entity-saint-martin@1878/area-statistics","entity-saint-martin@1878","","Saint Martin","1878","area-statistics","MISSING","C","held-ambiguous","dependent-administration","true","[]","[]","[]","[]","{""map_identity_id"":""entity-saint-martin"",""aliases"":[],""historical_names"":[],""identifiers"":{}}","[""Snapshot context is not observation date or boundary date."",""Map geometry does not establish sovereignty or succession."",""Resolve historical identity before proposing entity-specific facts."",""Existing applicability intervals: []""]","35c5a20cdfaf4e7e7a788fd82d4c2b997e0fe878efe2392487968b8d61b9029f",""
"entity-saint-martin@1880/area-statistics","entity-saint-martin@1880","","Saint Martin","1880","area-statistics","MISSING","C","held-ambiguous","dependent-administration","true","[]","[]","[]","[]","{""map_identity_id"":""entity-saint-martin"",""aliases"":[],""historical_names"":[],""identifiers"":{}}","[""Snapshot context is not observation date or boundary date."",""Map geometry does not establish sovereignty or succession."",""Resolve historical identity before proposing entity-specific facts."",""Existing applicability intervals: []""]","35c5a20cdfaf4e7e7a788fd82d4c2b997e0fe878efe2392487968b8d61b9029f",""
"entity-saint-martin@1900/area-statistics","entity-saint-martin@1900","","Saint Martin","1900","area-statistics","MISSING","C","held-ambiguous","dependent-administration","true","[]","[]","[]","[]","{""map_identity_id"":""entity-saint-martin"",""aliases"":[],""historical_names"":[],""identifiers"":{}}","[""Snapshot context is not observation date or boundary date."",""Map geometry does not establish sovereignty or succession."",""Resolve historical identity before proposing entity-specific facts."",""Existing applicability intervals: []""]","35c5a20cdfaf4e7e7a788fd82d4c2b997e0fe878efe2392487968b8d61b9029f",""
"entity-saint-martin@1914/area-statistics","entity-saint-martin@1914","","Saint Martin","1914","area-statistics","MISSING","C","held-ambiguous","dependent-administration","true","[]","[]","[]","[]","{""map_identity_id"":""entity-saint-martin"",""aliases"":[],""historical_names"":[],""identifiers"":{}}","[""Snapshot context is not observation date or boundary date."",""Map geometry does not establish sovereignty or succession."",""Resolve historical identity before proposing entity-specific facts."",""Existing applicability intervals: []""]","35c5a20cdfaf4e7e7a788fd82d4c2b997e0fe878efe2392487968b8d61b9029f",""
"entity-saint-martin@1920/area-statistics","entity-saint-martin@1920","","Saint Martin","1920","area-statistics","MISSING","C","held-ambiguous","dependent-administration","true","[]","[]","[]","[]","{""map_identity_id"":""entity-saint-martin"",""aliases"":[],""historical_names"":[],""identifiers"":{}}","[""Snapshot context is not observation date or boundary date."",""Map geometry does not establish sovereignty or succession."",""Resolve historical identity before proposing entity-specific facts."",""Existing applicability intervals: []""]","35c5a20cdfaf4e7e7a788fd82d4c2b997e0fe878efe2392487968b8d61b9029f",""
"entity-saint-martin@1930/area-statistics","entity-saint-martin@1930","","Saint Martin","1930","area-statistics","MISSING","C","held-ambiguous","dependent-administration","true","[]","[]","[]","[]","{""map_identity_id"":""entity-saint-martin"",""aliases"":[],""historical_names"":[],""identifiers"":{}}","[""Snapshot context is not observation date or boundary date."",""Map geometry does not establish sovereignty or succession."",""Resolve historical identity before proposing entity-specific facts."",""Existing applicability intervals: []""]","35c5a20cdfaf4e7e7a788fd82d4c2b997e0fe878efe2392487968b8d61b9029f",""
"entity-saint-martin@1938/area-statistics","entity-saint-martin@1938","","Saint Martin","1938","area-statistics","MISSING","C","held-ambiguous","dependent-administration","true","[]","[]","[]","[]","{""map_identity_id"":""entity-saint-martin"",""aliases"":[],""historical_names"":[],""identifiers"":{}}","[""Snapshot context is not observation date or boundary date."",""Map geometry does not establish sovereignty or succession."",""Resolve historical identity before proposing entity-specific facts."",""Existing applicability intervals: []""]","35c5a20cdfaf4e7e7a788fd82d4c2b997e0fe878efe2392487968b8d61b9029f",""
"entity-saint-martin@1945/area-statistics","entity-saint-martin@1945","","Saint Martin","1945","area-statistics","MISSING","C","held-ambiguous","dependent-administration","true","[]","[]","[]","[]","{""map_identity_id"":""entity-saint-martin"",""aliases"":[],""historical_names"":[],""identifiers"":{}}","[""Snapshot context is not observation date or boundary date."",""Map geometry does not establish sovereignty or succession."",""Resolve historical identity before proposing entity-specific facts."",""Existing applicability intervals: []""]","35c5a20cdfaf4e7e7a788fd82d4c2b997e0fe878efe2392487968b8d61b9029f",""
"entity-papua-new-guinea@1800/area-statistics","entity-papua-new-guinea@1800","","Papua New Guinea","1800","area-statistics","MISSING","C","held-ambiguous","dependent-administration","true","[]","[]","[]","[]","{""map_identity_id"":""entity-papua-new-guinea"",""aliases"":[],""historical_names"":[],""identifiers"":{}}","[""Snapshot context is not observation date or boundary date."",""Map geometry does not establish sovereignty or succession."",""Resolve historical identity before proposing entity-specific facts."",""Existing applicability intervals: []""]","35c5a20cdfaf4e7e7a788fd82d4c2b997e0fe878efe2392487968b8d61b9029f",""
"entity-papua-new-guinea@1878/area-statistics","entity-papua-new-guinea@1878","","Papua New Guinea","1878","area-statistics","MISSING","C","held-ambiguous","dependent-administration","true","[]","[]","[]","[]","{""map_identity_id"":""entity-papua-new-guinea"",""aliases"":[],""historical_names"":[],""identifiers"":{}}","[""Snapshot context is not observation date or boundary date."",""Map geometry does not establish sovereignty or succession."",""Resolve historical identity before proposing entity-specific facts."",""Existing applicability intervals: []""]","35c5a20cdfaf4e7e7a788fd82d4c2b997e0fe878efe2392487968b8d61b9029f",""
"entity-papua-new-guinea@1880/area-statistics","entity-papua-new-guinea@1880","","Papua New Guinea","1880","area-statistics","MISSING","C","held-ambiguous","dependent-administration","true","[]","[]","[]","[]","{""map_identity_id"":""entity-papua-new-guinea"",""aliases"":[],""historical_names"":[],""identifiers"":{}}","[""Snapshot context is not observation date or boundary date."",""Map geometry does not establish sovereignty or succession."",""Resolve historical identity before proposing entity-specific facts."",""Existing applicability intervals: []""]","35c5a20cdfaf4e7e7a788fd82d4c2b997e0fe878efe2392487968b8d61b9029f",""
"entity-papua-new-guinea@1900/area-statistics","entity-papua-new-guinea@1900","","Papua New Guinea","1900","area-statistics","MISSING","C","held-ambiguous","dependent-administration","true","[]","[]","[]","[]","{""map_identity_id"":""entity-papua-new-guinea"",""aliases"":[],""historical_names"":[],""identifiers"":{}}","[""Snapshot context is not observation date or boundary date."",""Map geometry does not establish sovereignty or succession."",""Resolve historical identity before proposing entity-specific facts."",""Existing applicability intervals: []""]","35c5a20cdfaf4e7e7a788fd82d4c2b997e0fe878efe2392487968b8d61b9029f",""
"entity-papua-new-guinea@1914/area-statistics","entity-papua-new-guinea@1914","","Papua New Guinea","1914","area-statistics","MISSING","C","held-ambiguous","dependent-administration","true","[]","[]","[]","[]","{""map_identity_id"":""entity-papua-new-guinea"",""aliases"":[],""historical_names"":[],""identifiers"":{}}","[""Snapshot context is not observation date or boundary date."",""Map geometry does not establish sovereignty or succession."",""Resolve historical identity before proposing entity-specific facts."",""Existing applicability intervals: []""]","35c5a20cdfaf4e7e7a788fd82d4c2b997e0fe878efe2392487968b8d61b9029f",""
"entity-papua-new-guinea@1920/area-statistics","entity-papua-new-guinea@1920","","Papua New Guinea","1920","area-statistics","MISSING","C","held-ambiguous","dependent-administration","true","[]","[]","[]","[]","{""map_identity_id"":""entity-papua-new-guinea"",""aliases"":[],""historical_names"":[],""identifiers"":{}}","[""Snapshot context is not observation date or boundary date."",""Map geometry does not establish sovereignty or succession."",""Resolve historical identity before proposing entity-specific facts."",""Existing applicability intervals: []""]","35c5a20cdfaf4e7e7a788fd82d4c2b997e0fe878efe2392487968b8d61b9029f",""
"entity-papua-new-guinea@1930/area-statistics","entity-papua-new-guinea@1930","","Papua New Guinea","1930","area-statistics","MISSING","C","held-ambiguous","dependent-administration","true","[]","[]","[]","[]","{""map_identity_id"":""entity-papua-new-guinea"",""aliases"":[],""historical_names"":[],""identifiers"":{}}","[""Snapshot context is not observation date or boundary date."",""Map geometry does not establish sovereignty or succession."",""Resolve historical identity before proposing entity-specific facts."",""Existing applicability intervals: []""]","35c5a20cdfaf4e7e7a788fd82d4c2b997e0fe878efe2392487968b8d61b9029f",""
"entity-papua-new-guinea@1945/area-statistics","entity-papua-new-guinea@1945","","Papua New Guinea","1945","area-statistics","MISSING","C","held-ambiguous","dependent-administration","true","[]","[]","[]","[]","{""map_identity_id"":""entity-papua-new-guinea"",""aliases"":[],""historical_names"":[],""identifiers"":{}}","[""Snapshot context is not observation date or boundary date."",""Map geometry does not establish sovereignty or succession."",""Resolve historical identity before proposing entity-specific facts."",""Existing applicability intervals: []""]","35c5a20cdfaf4e7e7a788fd82d4c2b997e0fe878efe2392487968b8d61b9029f",""
"entity-papua-new-guinea@1960/area-statistics","entity-papua-new-guinea@1960","papua-new-guinea-union-1960-core","Papua and New Guinea — administrative union in 1960","1960","area-statistics","MISSING","C","partially-supported","dependent-administration","false","[]","[]","[]","[]","{""map_identity_id"":""entity-papua-new-guinea"",""aliases"":[],""historical_names"":[{""value"":""Papua and New Guinea — administrative union in 1960"",""kind"":""primary"",""validFrom"":""1960-01-01"",""validUntil"":""1961-01-01""}],""identifiers"":{}}","[""Snapshot context is not observation date or boundary date."",""Map geometry does not establish sovereignty or succession."",""Existing applicability intervals: []""]","35c5a20cdfaf4e7e7a788fd82d4c2b997e0fe878efe2392487968b8d61b9029f",""
"entity-brunei@1800/area-statistics","entity-brunei@1800","","Brunei","1800","area-statistics","MISSING","C","completely-empty","political-polity","true","[]","[]","[]","[]","{""map_identity_id"":""entity-brunei"",""aliases"":[],""historical_names"":[],""identifiers"":{}}","[""Snapshot context is not observation date or boundary date."",""Map geometry does not establish sovereignty or succession."",""Resolve historical identity before proposing entity-specific facts."",""Existing applicability intervals: []""]","35c5a20cdfaf4e7e7a788fd82d4c2b997e0fe878efe2392487968b8d61b9029f",""
"entity-brunei@1815/area-statistics","entity-brunei@1815","","Brunei","1815","area-statistics","MISSING","C","completely-empty","political-polity","true","[]","[]","[]","[]","{""map_identity_id"":""entity-brunei"",""aliases"":[],""historical_names"":[],""identifiers"":{}}","[""Snapshot context is not observation date or boundary date."",""Map geometry does not establish sovereignty or succession."",""Resolve historical identity before proposing entity-specific facts."",""Existing applicability intervals: []""]","35c5a20cdfaf4e7e7a788fd82d4c2b997e0fe878efe2392487968b8d61b9029f",""
"entity-brunei@1878/area-statistics","entity-brunei@1878","","Brunei","1878","area-statistics","MISSING","C","completely-empty","political-polity","true","[]","[]","[]","[]","{""map_identity_id"":""entity-brunei"",""aliases"":[],""historical_names"":[],""identifiers"":{}}","[""Snapshot context is not observation date or boundary date."",""Map geometry does not establish sovereignty or succession."",""Resolve historical identity before proposing entity-specific facts."",""Existing applicability intervals: []""]","35c5a20cdfaf4e7e7a788fd82d4c2b997e0fe878efe2392487968b8d61b9029f",""
"entity-brunei@1880/area-statistics","entity-brunei@1880","","Brunei","1880","area-statistics","MISSING","C","completely-empty","political-polity","true","[]","[]","[]","[]","{""map_identity_id"":""entity-brunei"",""aliases"":[],""historical_names"":[],""identifiers"":{}}","[""Snapshot context is not observation date or boundary date."",""Map geometry does not establish sovereignty or succession."",""Resolve historical identity before proposing entity-specific facts."",""Existing applicability intervals: []""]","35c5a20cdfaf4e7e7a788fd82d4c2b997e0fe878efe2392487968b8d61b9029f",""
"entity-brunei@1945/area-statistics","entity-brunei@1945","","Brunei","1945","area-statistics","MISSING","C","completely-empty","political-polity","true","[]","[]","[]","[]","{""map_identity_id"":""entity-brunei"",""aliases"":[],""historical_names"":[],""identifiers"":{}}","[""Snapshot context is not observation date or boundary date."",""Map geometry does not establish sovereignty or succession."",""Resolve historical identity before proposing entity-specific facts."",""Existing applicability intervals: []""]","35c5a20cdfaf4e7e7a788fd82d4c2b997e0fe878efe2392487968b8d61b9029f",""
"entity-guatemala@1878/area-statistics","entity-guatemala@1878","","Guatemala","1878","area-statistics","MISSING","C","completely-empty","political-polity","true","[]","[]","[]","[]","{""map_identity_id"":""entity-guatemala"",""aliases"":[],""historical_names"":[],""identifiers"":{}}","[""Snapshot context is not observation date or boundary date."",""Map geometry does not establish sovereignty or succession."",""Resolve historical identity before proposing entity-specific facts."",""Existing applicability intervals: []""]","35c5a20cdfaf4e7e7a788fd82d4c2b997e0fe878efe2392487968b8d61b9029f",""
"entity-guatemala@1880/area-statistics","entity-guatemala@1880","","Guatemala","1880","area-statistics","MISSING","C","completely-empty","political-polity","true","[]","[]","[]","[]","{""map_identity_id"":""entity-guatemala"",""aliases"":[],""historical_names"":[],""identifiers"":{}}","[""Snapshot context is not observation date or boundary date."",""Map geometry does not establish sovereignty or succession."",""Resolve historical identity before proposing entity-specific facts."",""Existing applicability intervals: []""]","35c5a20cdfaf4e7e7a788fd82d4c2b997e0fe878efe2392487968b8d61b9029f",""
"entity-guatemala@1900/area-statistics","entity-guatemala@1900","","Guatemala","1900","area-statistics","MISSING","C","completely-empty","political-polity","true","[]","[]","[]","[]","{""map_identity_id"":""entity-guatemala"",""aliases"":[],""historical_names"":[],""identifiers"":{}}","[""Snapshot context is not observation date or boundary date."",""Map geometry does not establish sovereignty or succession."",""Resolve historical identity before proposing entity-specific facts."",""Existing applicability intervals: []""]","35c5a20cdfaf4e7e7a788fd82d4c2b997e0fe878efe2392487968b8d61b9029f",""
"entity-guatemala@1914/area-statistics","entity-guatemala@1914","","Guatemala","1914","area-statistics","MISSING","C","completely-empty","political-polity","true","[]","[]","[]","[]","{""map_identity_id"":""entity-guatemala"",""aliases"":[],""historical_names"":[],""identifiers"":{}}","[""Snapshot context is not observation date or boundary date."",""Map geometry does not establish sovereignty or succession."",""Resolve historical identity before proposing entity-specific facts."",""Existing applicability intervals: []""]","35c5a20cdfaf4e7e7a788fd82d4c2b997e0fe878efe2392487968b8d61b9029f",""
"entity-guatemala@1920/area-statistics","entity-guatemala@1920","","Guatemala","1920","area-statistics","MISSING","C","completely-empty","political-polity","true","[]","[]","[]","[]","{""map_identity_id"":""entity-guatemala"",""aliases"":[],""historical_names"":[],""identifiers"":{}}","[""Snapshot context is not observation date or boundary date."",""Map geometry does not establish sovereignty or succession."",""Resolve historical identity before proposing entity-specific facts."",""Existing applicability intervals: []""]","35c5a20cdfaf4e7e7a788fd82d4c2b997e0fe878efe2392487968b8d61b9029f",""
"entity-guatemala@1930/area-statistics","entity-guatemala@1930","","Guatemala","1930","area-statistics","MISSING","C","completely-empty","political-polity","true","[]","[]","[]","[]","{""map_identity_id"":""entity-guatemala"",""aliases"":[],""historical_names"":[],""identifiers"":{}}","[""Snapshot context is not observation date or boundary date."",""Map geometry does not establish sovereignty or succession."",""Resolve historical identity before proposing entity-specific facts."",""Existing applicability intervals: []""]","35c5a20cdfaf4e7e7a788fd82d4c2b997e0fe878efe2392487968b8d61b9029f",""
"entity-guatemala@1945/area-statistics","entity-guatemala@1945","","Guatemala","1945","area-statistics","MISSING","C","completely-empty","political-polity","true","[]","[]","[]","[]","{""map_identity_id"":""entity-guatemala"",""aliases"":[],""historical_names"":[],""identifiers"":{}}","[""Snapshot context is not observation date or boundary date."",""Map geometry does not establish sovereignty or succession."",""Resolve historical identity before proposing entity-specific facts."",""Existing applicability intervals: []""]","35c5a20cdfaf4e7e7a788fd82d4c2b997e0fe878efe2392487968b8d61b9029f",""
"entity-guatemala@1960/area-statistics","entity-guatemala@1960","","Guatemala","1960","area-statistics","MISSING","C","completely-empty","political-polity","true","[]","[]","[]","[]","{""map_identity_id"":""entity-guatemala"",""aliases"":[],""historical_names"":[],""identifiers"":{}}","[""Snapshot context is not observation date or boundary date."",""Map geometry does not establish sovereignty or succession."",""Resolve historical identity before proposing entity-specific facts."",""Existing applicability intervals: []""]","35c5a20cdfaf4e7e7a788fd82d4c2b997e0fe878efe2392487968b8d61b9029f",""
"entity-costa-rica@1878/area-statistics","entity-costa-rica@1878","","Costa Rica","1878","area-statistics","MISSING","C","completely-empty","political-polity","true","[]","[]","[]","[]","{""map_identity_id"":""entity-costa-rica"",""aliases"":[],""historical_names"":[],""identifiers"":{}}","[""Snapshot context is not observation date or boundary date."",""Map geometry does not establish sovereignty or succession."",""Resolve historical identity before proposing entity-specific facts."",""Existing applicability intervals: []""]","35c5a20cdfaf4e7e7a788fd82d4c2b997e0fe878efe2392487968b8d61b9029f",""
"entity-costa-rica@1880/area-statistics","entity-costa-rica@1880","","Costa Rica","1880","area-statistics","MISSING","C","completely-empty","political-polity","true","[]","[]","[]","[]","{""map_identity_id"":""entity-costa-rica"",""aliases"":[],""historical_names"":[],""identifiers"":{}}","[""Snapshot context is not observation date or boundary date."",""Map geometry does not establish sovereignty or succession."",""Resolve historical identity before proposing entity-specific facts."",""Existing applicability intervals: []""]","35c5a20cdfaf4e7e7a788fd82d4c2b997e0fe878efe2392487968b8d61b9029f",""
"entity-costa-rica@1900/area-statistics","entity-costa-rica@1900","","Costa Rica","1900","area-statistics","MISSING","C","completely-empty","political-polity","true","[]","[]","[]","[]","{""map_identity_id"":""entity-costa-rica"",""aliases"":[],""historical_names"":[],""identifiers"":{}}","[""Snapshot context is not observation date or boundary date."",""Map geometry does not establish sovereignty or succession."",""Resolve historical identity before proposing entity-specific facts."",""Existing applicability intervals: []""]","35c5a20cdfaf4e7e7a788fd82d4c2b997e0fe878efe2392487968b8d61b9029f",""
"entity-costa-rica@1914/area-statistics","entity-costa-rica@1914","","Costa Rica","1914","area-statistics","MISSING","C","completely-empty","political-polity","true","[]","[]","[]","[]","{""map_identity_id"":""entity-costa-rica"",""aliases"":[],""historical_names"":[],""identifiers"":{}}","[""Snapshot context is not observation date or boundary date."",""Map geometry does not establish sovereignty or succession."",""Resolve historical identity before proposing entity-specific facts."",""Existing applicability intervals: []""]","35c5a20cdfaf4e7e7a788fd82d4c2b997e0fe878efe2392487968b8d61b9029f",""
"entity-costa-rica@1920/area-statistics","entity-costa-rica@1920","","Costa Rica","1920","area-statistics","MISSING","C","completely-empty","political-polity","true","[]","[]","[]","[]","{""map_identity_id"":""entity-costa-rica"",""aliases"":[],""historical_names"":[],""identifiers"":{}}","[""Snapshot context is not observation date or boundary date."",""Map geometry does not establish sovereignty or succession."",""Resolve historical identity before proposing entity-specific facts."",""Existing applicability intervals: []""]","35c5a20cdfaf4e7e7a788fd82d4c2b997e0fe878efe2392487968b8d61b9029f",""
"entity-costa-rica@1930/area-statistics","entity-costa-rica@1930","","Costa Rica","1930","area-statistics","MISSING","C","completely-empty","political-polity","true","[]","[]","[]","[]","{""map_identity_id"":""entity-costa-rica"",""aliases"":[],""historical_names"":[],""identifiers"":{}}","[""Snapshot context is not observation date or boundary date."",""Map geometry does not establish sovereignty or succession."",""Resolve historical identity before proposing entity-specific facts."",""Existing applicability intervals: []""]","35c5a20cdfaf4e7e7a788fd82d4c2b997e0fe878efe2392487968b8d61b9029f",""
"entity-costa-rica@1938/area-statistics","entity-costa-rica@1938","","Costa Rica","1938","area-statistics","MISSING","C","completely-empty","political-polity","true","[]","[]","[]","[]","{""map_identity_id"":""entity-costa-rica"",""aliases"":[],""historical_names"":[],""identifiers"":{}}","[""Snapshot context is not observation date or boundary date."",""Map geometry does not establish sovereignty or succession."",""Resolve historical identity before proposing entity-specific facts."",""Existing applicability intervals: []""]","35c5a20cdfaf4e7e7a788fd82d4c2b997e0fe878efe2392487968b8d61b9029f",""
"entity-costa-rica@1945/area-statistics","entity-costa-rica@1945","","Costa Rica","1945","area-statistics","MISSING","C","completely-empty","political-polity","true","[]","[]","[]","[]","{""map_identity_id"":""entity-costa-rica"",""aliases"":[],""historical_names"":[],""identifiers"":{}}","[""Snapshot context is not observation date or boundary date."",""Map geometry does not establish sovereignty or succession."",""Resolve historical identity before proposing entity-specific facts."",""Existing applicability intervals: []""]","35c5a20cdfaf4e7e7a788fd82d4c2b997e0fe878efe2392487968b8d61b9029f",""
"entity-el-salvador@1878/area-statistics","entity-el-salvador@1878","","El Salvador","1878","area-statistics","MISSING","C","completely-empty","political-polity","true","[]","[]","[]","[]","{""map_identity_id"":""entity-el-salvador"",""aliases"":[],""historical_names"":[],""identifiers"":{}}","[""Snapshot context is not observation date or boundary date."",""Map geometry does not establish sovereignty or succession."",""Resolve historical identity before proposing entity-specific facts."",""Existing applicability intervals: []""]","35c5a20cdfaf4e7e7a788fd82d4c2b997e0fe878efe2392487968b8d61b9029f",""
"entity-el-salvador@1880/area-statistics","entity-el-salvador@1880","","El Salvador","1880","area-statistics","MISSING","C","completely-empty","political-polity","true","[]","[]","[]","[]","{""map_identity_id"":""entity-el-salvador"",""aliases"":[],""historical_names"":[],""identifiers"":{}}","[""Snapshot context is not observation date or boundary date."",""Map geometry does not establish sovereignty or succession."",""Resolve historical identity before proposing entity-specific facts."",""Existing applicability intervals: []""]","35c5a20cdfaf4e7e7a788fd82d4c2b997e0fe878efe2392487968b8d61b9029f",""
"entity-el-salvador@1900/area-statistics","entity-el-salvador@1900","","El Salvador","1900","area-statistics","MISSING","C","completely-empty","political-polity","true","[]","[]","[]","[]","{""map_identity_id"":""entity-el-salvador"",""aliases"":[],""historical_names"":[],""identifiers"":{}}","[""Snapshot context is not observation date or boundary date."",""Map geometry does not establish sovereignty or succession."",""Resolve historical identity before proposing entity-specific facts."",""Existing applicability intervals: []""]","35c5a20cdfaf4e7e7a788fd82d4c2b997e0fe878efe2392487968b8d61b9029f",""
"entity-el-salvador@1914/area-statistics","entity-el-salvador@1914","","El Salvador","1914","area-statistics","MISSING","C","completely-empty","political-polity","true","[]","[]","[]","[]","{""map_identity_id"":""entity-el-salvador"",""aliases"":[],""historical_names"":[],""identifiers"":{}}","[""Snapshot context is not observation date or boundary date."",""Map geometry does not establish sovereignty or succession."",""Resolve historical identity before proposing entity-specific facts."",""Existing applicability intervals: []""]","35c5a20cdfaf4e7e7a788fd82d4c2b997e0fe878efe2392487968b8d61b9029f",""
"entity-el-salvador@1920/area-statistics","entity-el-salvador@1920","","El Salvador","1920","area-statistics","MISSING","C","completely-empty","political-polity","true","[]","[]","[]","[]","{""map_identity_id"":""entity-el-salvador"",""aliases"":[],""historical_names"":[],""identifiers"":{}}","[""Snapshot context is not observation date or boundary date."",""Map geometry does not establish sovereignty or succession."",""Resolve historical identity before proposing entity-specific facts."",""Existing applicability intervals: []""]","35c5a20cdfaf4e7e7a788fd82d4c2b997e0fe878efe2392487968b8d61b9029f",""
"entity-el-salvador@1930/area-statistics","entity-el-salvador@1930","","El Salvador","1930","area-statistics","MISSING","C","completely-empty","political-polity","true","[]","[]","[]","[]","{""map_identity_id"":""entity-el-salvador"",""aliases"":[],""historical_names"":[],""identifiers"":{}}","[""Snapshot context is not observation date or boundary date."",""Map geometry does not establish sovereignty or succession."",""Resolve historical identity before proposing entity-specific facts."",""Existing applicability intervals: []""]","35c5a20cdfaf4e7e7a788fd82d4c2b997e0fe878efe2392487968b8d61b9029f",""
"entity-el-salvador@1945/area-statistics","entity-el-salvador@1945","","El Salvador","1945","area-statistics","MISSING","C","completely-empty","political-polity","true","[]","[]","[]","[]","{""map_identity_id"":""entity-el-salvador"",""aliases"":[],""historical_names"":[],""identifiers"":{}}","[""Snapshot context is not observation date or boundary date."",""Map geometry does not establish sovereignty or succession."",""Resolve historical identity before proposing entity-specific facts."",""Existing applicability intervals: []""]","35c5a20cdfaf4e7e7a788fd82d4c2b997e0fe878efe2392487968b8d61b9029f",""
"entity-el-salvador@1960/area-statistics","entity-el-salvador@1960","","El Salvador","1960","area-statistics","MISSING","C","completely-empty","political-polity","true","[]","[]","[]","[]","{""map_identity_id"":""entity-el-salvador"",""aliases"":[],""historical_names"":[],""identifiers"":{}}","[""Snapshot context is not observation date or boundary date."",""Map geometry does not establish sovereignty or succession."",""Resolve historical identity before proposing entity-specific facts."",""Existing applicability intervals: []""]","35c5a20cdfaf4e7e7a788fd82d4c2b997e0fe878efe2392487968b8d61b9029f",""
"entity-bhutan@1800/area-statistics","entity-bhutan@1800","","Bhutan","1800","area-statistics","MISSING","C","completely-empty","political-polity","true","[]","[]","[]","[]","{""map_identity_id"":""entity-bhutan"",""aliases"":[],""historical_names"":[],""identifiers"":{}}","[""Snapshot context is not observation date or boundary date."",""Map geometry does not establish sovereignty or succession."",""Resolve historical identity before proposing entity-specific facts."",""Existing applicability intervals: []""]","35c5a20cdfaf4e7e7a788fd82d4c2b997e0fe878efe2392487968b8d61b9029f",""
"entity-bhutan@1815/area-statistics","entity-bhutan@1815","","Bhutan","1815","area-statistics","MISSING","C","completely-empty","political-polity","true","[]","[]","[]","[]","{""map_identity_id"":""entity-bhutan"",""aliases"":[],""historical_names"":[],""identifiers"":{}}","[""Snapshot context is not observation date or boundary date."",""Map geometry does not establish sovereignty or succession."",""Resolve historical identity before proposing entity-specific facts."",""Existing applicability intervals: []""]","35c5a20cdfaf4e7e7a788fd82d4c2b997e0fe878efe2392487968b8d61b9029f",""
"entity-bhutan@1878/area-statistics","entity-bhutan@1878","","Bhutan","1878","area-statistics","MISSING","C","completely-empty","political-polity","true","[]","[]","[]","[]","{""map_identity_id"":""entity-bhutan"",""aliases"":[],""historical_names"":[],""identifiers"":{}}","[""Snapshot context is not observation date or boundary date."",""Map geometry does not establish sovereignty or succession."",""Resolve historical identity before proposing entity-specific facts."",""Existing applicability intervals: []""]","35c5a20cdfaf4e7e7a788fd82d4c2b997e0fe878efe2392487968b8d61b9029f",""
"entity-bhutan@1880/area-statistics","entity-bhutan@1880","","Bhutan","1880","area-statistics","MISSING","C","completely-empty","political-polity","true","[]","[]","[]","[]","{""map_identity_id"":""entity-bhutan"",""aliases"":[],""historical_names"":[],""identifiers"":{}}","[""Snapshot context is not observation date or boundary date."",""Map geometry does not establish sovereignty or succession."",""Resolve historical identity before proposing entity-specific facts."",""Existing applicability intervals: []""]","35c5a20cdfaf4e7e7a788fd82d4c2b997e0fe878efe2392487968b8d61b9029f",""
"entity-bhutan@1900/area-statistics","entity-bhutan@1900","","Bhutan","1900","area-statistics","MISSING","C","completely-empty","political-polity","true","[]","[]","[]","[]","{""map_identity_id"":""entity-bhutan"",""aliases"":[],""historical_names"":[],""identifiers"":{}}","[""Snapshot context is not observation date or boundary date."",""Map geometry does not establish sovereignty or succession."",""Resolve historical identity before proposing entity-specific facts."",""Existing applicability intervals: []""]","35c5a20cdfaf4e7e7a788fd82d4c2b997e0fe878efe2392487968b8d61b9029f",""
"entity-dominican-republic@1878/area-statistics","entity-dominican-republic@1878","","Dominican Republic","1878","area-statistics","MISSING","C","completely-empty","political-polity","true","[]","[]","[]","[]","{""map_identity_id"":""entity-dominican-republic"",""aliases"":[],""historical_names"":[],""identifiers"":{}}","[""Snapshot context is not observation date or boundary date."",""Map geometry does not establish sovereignty or succession."",""Resolve historical identity before proposing entity-specific facts."",""Existing applicability intervals: []""]","35c5a20cdfaf4e7e7a788fd82d4c2b997e0fe878efe2392487968b8d61b9029f",""
"entity-dominican-republic@1880/area-statistics","entity-dominican-republic@1880","","Dominican Republic","1880","area-statistics","MISSING","C","completely-empty","political-polity","true","[]","[]","[]","[]","{""map_identity_id"":""entity-dominican-republic"",""aliases"":[],""historical_names"":[],""identifiers"":{}}","[""Snapshot context is not observation date or boundary date."",""Map geometry does not establish sovereignty or succession."",""Resolve historical identity before proposing entity-specific facts."",""Existing applicability intervals: []""]","35c5a20cdfaf4e7e7a788fd82d4c2b997e0fe878efe2392487968b8d61b9029f",""
"entity-dominican-republic@1900/area-statistics","entity-dominican-republic@1900","","Dominican Republic","1900","area-statistics","MISSING","C","completely-empty","political-polity","true","[]","[]","[]","[]","{""map_identity_id"":""entity-dominican-republic"",""aliases"":[],""historical_names"":[],""identifiers"":{}}","[""Snapshot context is not observation date or boundary date."",""Map geometry does not establish sovereignty or succession."",""Resolve historical identity before proposing entity-specific facts."",""Existing applicability intervals: []""]","35c5a20cdfaf4e7e7a788fd82d4c2b997e0fe878efe2392487968b8d61b9029f",""
"entity-dominican-republic@1914/area-statistics","entity-dominican-republic@1914","","Dominican Republic","1914","area-statistics","MISSING","C","completely-empty","political-polity","true","[]","[]","[]","[]","{""map_identity_id"":""entity-dominican-republic"",""aliases"":[],""historical_names"":[],""identifiers"":{}}","[""Snapshot context is not observation date or boundary date."",""Map geometry does not establish sovereignty or succession."",""Resolve historical identity before proposing entity-specific facts."",""Existing applicability intervals: []""]","35c5a20cdfaf4e7e7a788fd82d4c2b997e0fe878efe2392487968b8d61b9029f",""
"entity-dominican-republic@1930/area-statistics","entity-dominican-republic@1930","","Dominican Republic","1930","area-statistics","MISSING","C","completely-empty","political-polity","true","[]","[]","[]","[]","{""map_identity_id"":""entity-dominican-republic"",""aliases"":[],""historical_names"":[],""identifiers"":{}}","[""Snapshot context is not observation date or boundary date."",""Map geometry does not establish sovereignty or succession."",""Resolve historical identity before proposing entity-specific facts."",""Existing applicability intervals: []""]","35c5a20cdfaf4e7e7a788fd82d4c2b997e0fe878efe2392487968b8d61b9029f",""
"entity-dominican-republic@1960/area-statistics","entity-dominican-republic@1960","","Dominican Republic","1960","area-statistics","MISSING","C","completely-empty","political-polity","true","[]","[]","[]","[]","{""map_identity_id"":""entity-dominican-republic"",""aliases"":[],""historical_names"":[],""identifiers"":{}}","[""Snapshot context is not observation date or boundary date."",""Map geometry does not establish sovereignty or succession."",""Resolve historical identity before proposing entity-specific facts."",""Existing applicability intervals: []""]","35c5a20cdfaf4e7e7a788fd82d4c2b997e0fe878efe2392487968b8d61b9029f",""
"entity-netherlands-antilles@1800/area-statistics","entity-netherlands-antilles@1800","","Netherlands Antilles","1800","area-statistics","MISSING","C","held-ambiguous","dependent-administration","true","[]","[]","[]","[]","{""map_identity_id"":""entity-netherlands-antilles"",""aliases"":[],""historical_names"":[],""identifiers"":{}}","[""Snapshot context is not observation date or boundary date."",""Map geometry does not establish sovereignty or succession."",""Resolve historical identity before proposing entity-specific facts."",""Existing applicability intervals: []""]","35c5a20cdfaf4e7e7a788fd82d4c2b997e0fe878efe2392487968b8d61b9029f",""
"entity-netherlands-antilles@1815/area-statistics","entity-netherlands-antilles@1815","","Netherlands Antilles","1815","area-statistics","MISSING","C","held-ambiguous","dependent-administration","true","[]","[]","[]","[]","{""map_identity_id"":""entity-netherlands-antilles"",""aliases"":[],""historical_names"":[],""identifiers"":{}}","[""Snapshot context is not observation date or boundary date."",""Map geometry does not establish sovereignty or succession."",""Resolve historical identity before proposing entity-specific facts."",""Existing applicability intervals: []""]","35c5a20cdfaf4e7e7a788fd82d4c2b997e0fe878efe2392487968b8d61b9029f",""
"entity-netherlands-antilles@1878/area-statistics","entity-netherlands-antilles@1878","b10-curacao-dependencies-colony","Curaçao and Dependencies — Dutch colony","1878","area-statistics","MISSING","C","partially-supported","dependent-administration","false","[]","[]","[]","[]","{""map_identity_id"":""entity-netherlands-antilles"",""aliases"":[],""historical_names"":[{""value"":""Curaçao and Dependencies — Dutch colony"",""kind"":""primary"",""validFrom"":""1878-01-01"",""validUntil"":""1936-01-01""}],""identifiers"":{}}","[""Snapshot context is not observation date or boundary date."",""Map geometry does not establish sovereignty or succession."",""Existing applicability intervals: []""]","35c5a20cdfaf4e7e7a788fd82d4c2b997e0fe878efe2392487968b8d61b9029f",""
"entity-netherlands-antilles@1880/area-statistics","entity-netherlands-antilles@1880","b10-curacao-dependencies-colony","Curaçao and Dependencies — Dutch colony","1880","area-statistics","MISSING","C","partially-supported","dependent-administration","false","[]","[]","[]","[]","{""map_identity_id"":""entity-netherlands-antilles"",""aliases"":[],""historical_names"":[{""value"":""Curaçao and Dependencies — Dutch colony"",""kind"":""primary"",""validFrom"":""1878-01-01"",""validUntil"":""1936-01-01""}],""identifiers"":{}}","[""Snapshot context is not observation date or boundary date."",""Map geometry does not establish sovereignty or succession."",""Existing applicability intervals: []""]","35c5a20cdfaf4e7e7a788fd82d4c2b997e0fe878efe2392487968b8d61b9029f",""
"entity-netherlands-antilles@1900/area-statistics","entity-netherlands-antilles@1900","b10-curacao-dependencies-colony","Curaçao and Dependencies — Dutch colony","1900","area-statistics","MISSING","C","partially-supported","dependent-administration","false","[]","[]","[]","[]","{""map_identity_id"":""entity-netherlands-antilles"",""aliases"":[],""historical_names"":[{""value"":""Curaçao and Dependencies — Dutch colony"",""kind"":""primary"",""validFrom"":""1878-01-01"",""validUntil"":""1936-01-01""}],""identifiers"":{}}","[""Snapshot context is not observation date or boundary date."",""Map geometry does not establish sovereignty or succession."",""Existing applicability intervals: []""]","35c5a20cdfaf4e7e7a788fd82d4c2b997e0fe878efe2392487968b8d61b9029f",""
"entity-netherlands-antilles@1914/area-statistics","entity-netherlands-antilles@1914","b10-curacao-dependencies-colony","Curaçao and Dependencies — Dutch colony","1914","area-statistics","MISSING","C","partially-supported","dependent-administration","false","[]","[]","[]","[]","{""map_identity_id"":""entity-netherlands-antilles"",""aliases"":[],""historical_names"":[{""value"":""Curaçao and Dependencies — Dutch colony"",""kind"":""primary"",""validFrom"":""1878-01-01"",""validUntil"":""1936-01-01""}],""identifiers"":{}}","[""Snapshot context is not observation date or boundary date."",""Map geometry does not establish sovereignty or succession."",""Existing applicability intervals: []""]","35c5a20cdfaf4e7e7a788fd82d4c2b997e0fe878efe2392487968b8d61b9029f",""
"entity-netherlands-antilles@1920/area-statistics","entity-netherlands-antilles@1920","b10-curacao-dependencies-colony","Curaçao and Dependencies — Dutch colony","1920","area-statistics","MISSING","C","partially-supported","dependent-administration","false","[]","[]","[]","[]","{""map_identity_id"":""entity-netherlands-antilles"",""aliases"":[],""historical_names"":[{""value"":""Curaçao and Dependencies — Dutch colony"",""kind"":""primary"",""validFrom"":""1878-01-01"",""validUntil"":""1936-01-01""}],""identifiers"":{}}","[""Snapshot context is not observation date or boundary date."",""Map geometry does not establish sovereignty or succession."",""Existing applicability intervals: []""]","35c5a20cdfaf4e7e7a788fd82d4c2b997e0fe878efe2392487968b8d61b9029f",""
"entity-netherlands-antilles@1930/area-statistics","entity-netherlands-antilles@1930","b10-curacao-dependencies-colony","Curaçao and Dependencies — Dutch colony","1930","area-statistics","MISSING","C","partially-supported","dependent-administration","false","[]","[]","[]","[]","{""map_identity_id"":""entity-netherlands-antilles"",""aliases"":[],""historical_names"":[{""value"":""Curaçao and Dependencies — Dutch colony"",""kind"":""primary"",""validFrom"":""1878-01-01"",""validUntil"":""1936-01-01""}],""identifiers"":{}}","[""Snapshot context is not observation date or boundary date."",""Map geometry does not establish sovereignty or succession."",""Existing applicability intervals: []""]","35c5a20cdfaf4e7e7a788fd82d4c2b997e0fe878efe2392487968b8d61b9029f",""
"entity-netherlands-antilles@1938/area-statistics","entity-netherlands-antilles@1938","","Netherlands Antilles","1938","area-statistics","MISSING","C","held-ambiguous","dependent-administration","true","[]","[]","[]","[]","{""map_identity_id"":""entity-netherlands-antilles"",""aliases"":[],""historical_names"":[],""identifiers"":{}}","[""Snapshot context is not observation date or boundary date."",""Map geometry does not establish sovereignty or succession."",""Resolve historical identity before proposing entity-specific facts."",""Existing applicability intervals: []""]","35c5a20cdfaf4e7e7a788fd82d4c2b997e0fe878efe2392487968b8d61b9029f",""
"entity-netherlands-antilles@1945/area-statistics","entity-netherlands-antilles@1945","","Netherlands Antilles","1945","area-statistics","MISSING","C","held-ambiguous","dependent-administration","true","[]","[]","[]","[]","{""map_identity_id"":""entity-netherlands-antilles"",""aliases"":[],""historical_names"":[],""identifiers"":{}}","[""Snapshot context is not observation date or boundary date."",""Map geometry does not establish sovereignty or succession."",""Resolve historical identity before proposing entity-specific facts."",""Existing applicability intervals: []""]","35c5a20cdfaf4e7e7a788fd82d4c2b997e0fe878efe2392487968b8d61b9029f",""
"entity-anguilla@1800/area-statistics","entity-anguilla@1800","","Anguilla","1800","area-statistics","MISSING","C","completely-empty","dependent-administration","true","[]","[]","[]","[]","{""map_identity_id"":""entity-anguilla"",""aliases"":[],""historical_names"":[],""identifiers"":{}}","[""Snapshot context is not observation date or boundary date."",""Map geometry does not establish sovereignty or succession."",""Resolve historical identity before proposing entity-specific facts."",""Existing applicability intervals: []""]","35c5a20cdfaf4e7e7a788fd82d4c2b997e0fe878efe2392487968b8d61b9029f",""
"entity-anguilla@1815/area-statistics","entity-anguilla@1815","","Anguilla","1815","area-statistics","MISSING","C","completely-empty","dependent-administration","true","[]","[]","[]","[]","{""map_identity_id"":""entity-anguilla"",""aliases"":[],""historical_names"":[],""identifiers"":{}}","[""Snapshot context is not observation date or boundary date."",""Map geometry does not establish sovereignty or succession."",""Resolve historical identity before proposing entity-specific facts."",""Existing applicability intervals: []""]","35c5a20cdfaf4e7e7a788fd82d4c2b997e0fe878efe2392487968b8d61b9029f",""
"entity-anguilla@1878/area-statistics","entity-anguilla@1878","","Anguilla","1878","area-statistics","MISSING","C","completely-empty","dependent-administration","true","[]","[]","[]","[]","{""map_identity_id"":""entity-anguilla"",""aliases"":[],""historical_names"":[],""identifiers"":{}}","[""Snapshot context is not observation date or boundary date."",""Map geometry does not establish sovereignty or succession."",""Resolve historical identity before proposing entity-specific facts."",""Existing applicability intervals: []""]","35c5a20cdfaf4e7e7a788fd82d4c2b997e0fe878efe2392487968b8d61b9029f",""
"entity-anguilla@1880/area-statistics","entity-anguilla@1880","","Anguilla","1880","area-statistics","MISSING","C","completely-empty","dependent-administration","true","[]","[]","[]","[]","{""map_identity_id"":""entity-anguilla"",""aliases"":[],""historical_names"":[],""identifiers"":{}}","[""Snapshot context is not observation date or boundary date."",""Map geometry does not establish sovereignty or succession."",""Resolve historical identity before proposing entity-specific facts."",""Existing applicability intervals: []""]","35c5a20cdfaf4e7e7a788fd82d4c2b997e0fe878efe2392487968b8d61b9029f",""
"entity-nicaragua@1878/area-statistics","entity-nicaragua@1878","","Nicaragua","1878","area-statistics","MISSING","C","completely-empty","political-polity","true","[]","[]","[]","[]","{""map_identity_id"":""entity-nicaragua"",""aliases"":[],""historical_names"":[],""identifiers"":{}}","[""Snapshot context is not observation date or boundary date."",""Map geometry does not establish sovereignty or succession."",""Resolve historical identity before proposing entity-specific facts."",""Existing applicability intervals: []""]","35c5a20cdfaf4e7e7a788fd82d4c2b997e0fe878efe2392487968b8d61b9029f",""
"entity-nicaragua@1880/area-statistics","entity-nicaragua@1880","","Nicaragua","1880","area-statistics","MISSING","C","completely-empty","political-polity","true","[]","[]","[]","[]","{""map_identity_id"":""entity-nicaragua"",""aliases"":[],""historical_names"":[],""identifiers"":{}}","[""Snapshot context is not observation date or boundary date."",""Map geometry does not establish sovereignty or succession."",""Resolve historical identity before proposing entity-specific facts."",""Existing applicability intervals: []""]","35c5a20cdfaf4e7e7a788fd82d4c2b997e0fe878efe2392487968b8d61b9029f",""
"entity-nicaragua@1900/area-statistics","entity-nicaragua@1900","","Nicaragua","1900","area-statistics","MISSING","C","completely-empty","political-polity","true","[]","[]","[]","[]","{""map_identity_id"":""entity-nicaragua"",""aliases"":[],""historical_names"":[],""identifiers"":{}}","[""Snapshot context is not observation date or boundary date."",""Map geometry does not establish sovereignty or succession."",""Resolve historical identity before proposing entity-specific facts."",""Existing applicability intervals: []""]","35c5a20cdfaf4e7e7a788fd82d4c2b997e0fe878efe2392487968b8d61b9029f",""
"entity-nicaragua@1914/area-statistics","entity-nicaragua@1914","","Nicaragua","1914","area-statistics","MISSING","C","completely-empty","political-polity","true","[]","[]","[]","[]","{""map_identity_id"":""entity-nicaragua"",""aliases"":[],""historical_names"":[],""identifiers"":{}}","[""Snapshot context is not observation date or boundary date."",""Map geometry does not establish sovereignty or succession."",""Resolve historical identity before proposing entity-specific facts."",""Existing applicability intervals: []""]","35c5a20cdfaf4e7e7a788fd82d4c2b997e0fe878efe2392487968b8d61b9029f",""
"entity-nicaragua@1920/area-statistics","entity-nicaragua@1920","","Nicaragua","1920","area-statistics","MISSING","C","completely-empty","political-polity","true","[]","[]","[]","[]","{""map_identity_id"":""entity-nicaragua"",""aliases"":[],""historical_names"":[],""identifiers"":{}}","[""Snapshot context is not observation date or boundary date."",""Map geometry does not establish sovereignty or succession."",""Resolve historical identity before proposing entity-specific facts."",""Existing applicability intervals: []""]","35c5a20cdfaf4e7e7a788fd82d4c2b997e0fe878efe2392487968b8d61b9029f",""
"entity-nicaragua@1930/area-statistics","entity-nicaragua@1930","","Nicaragua","1930","area-statistics","MISSING","C","completely-empty","political-polity","true","[]","[]","[]","[]","{""map_identity_id"":""entity-nicaragua"",""aliases"":[],""historical_names"":[],""identifiers"":{}}","[""Snapshot context is not observation date or boundary date."",""Map geometry does not establish sovereignty or succession."",""Resolve historical identity before proposing entity-specific facts."",""Existing applicability intervals: []""]","35c5a20cdfaf4e7e7a788fd82d4c2b997e0fe878efe2392487968b8d61b9029f",""
"entity-nicaragua@1960/area-statistics","entity-nicaragua@1960","","Nicaragua","1960","area-statistics","MISSING","C","completely-empty","political-polity","true","[]","[]","[]","[]","{""map_identity_id"":""entity-nicaragua"",""aliases"":[],""historical_names"":[],""identifiers"":{}}","[""Snapshot context is not observation date or boundary date."",""Map geometry does not establish sovereignty or succession."",""Resolve historical identity before proposing entity-specific facts."",""Existing applicability intervals: []""]","35c5a20cdfaf4e7e7a788fd82d4c2b997e0fe878efe2392487968b8d61b9029f",""
"entity-honduras@1878/area-statistics","entity-honduras@1878","","Honduras","1878","area-statistics","MISSING","C","completely-empty","political-polity","true","[]","[]","[]","[]","{""map_identity_id"":""entity-honduras"",""aliases"":[],""historical_names"":[],""identifiers"":{}}","[""Snapshot context is not observation date or boundary date."",""Map geometry does not establish sovereignty or succession."",""Resolve historical identity before proposing entity-specific facts."",""Existing applicability intervals: []""]","35c5a20cdfaf4e7e7a788fd82d4c2b997e0fe878efe2392487968b8d61b9029f",""
"entity-honduras@1880/area-statistics","entity-honduras@1880","","Honduras","1880","area-statistics","MISSING","C","completely-empty","political-polity","true","[]","[]","[]","[]","{""map_identity_id"":""entity-honduras"",""aliases"":[],""historical_names"":[],""identifiers"":{}}","[""Snapshot context is not observation date or boundary date."",""Map geometry does not establish sovereignty or succession."",""Resolve historical identity before proposing entity-specific facts."",""Existing applicability intervals: []""]","35c5a20cdfaf4e7e7a788fd82d4c2b997e0fe878efe2392487968b8d61b9029f",""
"entity-honduras@1900/area-statistics","entity-honduras@1900","","Honduras","1900","area-statistics","MISSING","C","completely-empty","political-polity","true","[]","[]","[]","[]","{""map_identity_id"":""entity-honduras"",""aliases"":[],""historical_names"":[],""identifiers"":{}}","[""Snapshot context is not observation date or boundary date."",""Map geometry does not establish sovereignty or succession."",""Resolve historical identity before proposing entity-specific facts."",""Existing applicability intervals: []""]","35c5a20cdfaf4e7e7a788fd82d4c2b997e0fe878efe2392487968b8d61b9029f",""
"entity-honduras@1914/area-statistics","entity-honduras@1914","","Honduras","1914","area-statistics","MISSING","C","completely-empty","political-polity","true","[]","[]","[]","[]","{""map_identity_id"":""entity-honduras"",""aliases"":[],""historical_names"":[],""identifiers"":{}}","[""Snapshot context is not observation date or boundary date."",""Map geometry does not establish sovereignty or succession."",""Resolve historical identity before proposing entity-specific facts."",""Existing applicability intervals: []""]","35c5a20cdfaf4e7e7a788fd82d4c2b997e0fe878efe2392487968b8d61b9029f",""
"entity-honduras@1920/area-statistics","entity-honduras@1920","","Honduras","1920","area-statistics","MISSING","C","completely-empty","political-polity","true","[]","[]","[]","[]","{""map_identity_id"":""entity-honduras"",""aliases"":[],""historical_names"":[],""identifiers"":{}}","[""Snapshot context is not observation date or boundary date."",""Map geometry does not establish sovereignty or succession."",""Resolve historical identity before proposing entity-specific facts."",""Existing applicability intervals: []""]","35c5a20cdfaf4e7e7a788fd82d4c2b997e0fe878efe2392487968b8d61b9029f",""
"entity-honduras@1930/area-statistics","entity-honduras@1930","","Honduras","1930","area-statistics","MISSING","C","completely-empty","political-polity","true","[]","[]","[]","[]","{""map_identity_id"":""entity-honduras"",""aliases"":[],""historical_names"":[],""identifiers"":{}}","[""Snapshot context is not observation date or boundary date."",""Map geometry does not establish sovereignty or succession."",""Resolve historical identity before proposing entity-specific facts."",""Existing applicability intervals: []""]","35c5a20cdfaf4e7e7a788fd82d4c2b997e0fe878efe2392487968b8d61b9029f",""
"entity-honduras@1960/area-statistics","entity-honduras@1960","","Honduras","1960","area-statistics","MISSING","C","completely-empty","political-polity","true","[]","[]","[]","[]","{""map_identity_id"":""entity-honduras"",""aliases"":[],""historical_names"":[],""identifiers"":{}}","[""Snapshot context is not observation date or boundary date."",""Map geometry does not establish sovereignty or succession."",""Resolve historical identity before proposing entity-specific facts."",""Existing applicability intervals: []""]","35c5a20cdfaf4e7e7a788fd82d4c2b997e0fe878efe2392487968b8d61b9029f",""
"entity-hong-kong@1800/area-statistics","entity-hong-kong@1800","","Hong Kong","1800","area-statistics","MISSING","C","completely-empty","dependent-administration","true","[]","[]","[]","[]","{""map_identity_id"":""entity-hong-kong"",""aliases"":[],""historical_names"":[],""identifiers"":{}}","[""Snapshot context is not observation date or boundary date."",""Map geometry does not establish sovereignty or succession."",""Resolve historical identity before proposing entity-specific facts."",""Existing applicability intervals: []""]","35c5a20cdfaf4e7e7a788fd82d4c2b997e0fe878efe2392487968b8d61b9029f",""
"entity-hong-kong@1815/area-statistics","entity-hong-kong@1815","","Hong Kong","1815","area-statistics","MISSING","C","completely-empty","dependent-administration","true","[]","[]","[]","[]","{""map_identity_id"":""entity-hong-kong"",""aliases"":[],""historical_names"":[],""identifiers"":{}}","[""Snapshot context is not observation date or boundary date."",""Map geometry does not establish sovereignty or succession."",""Resolve historical identity before proposing entity-specific facts."",""Existing applicability intervals: []""]","35c5a20cdfaf4e7e7a788fd82d4c2b997e0fe878efe2392487968b8d61b9029f",""
"entity-dominica@1800/area-statistics","entity-dominica@1800","","Dominica","1800","area-statistics","MISSING","C","completely-empty","dependent-administration","true","[]","[]","[]","[]","{""map_identity_id"":""entity-dominica"",""aliases"":[],""historical_names"":[],""identifiers"":{}}","[""Snapshot context is not observation date or boundary date."",""Map geometry does not establish sovereignty or succession."",""Resolve historical identity before proposing entity-specific facts."",""Existing applicability intervals: []""]","35c5a20cdfaf4e7e7a788fd82d4c2b997e0fe878efe2392487968b8d61b9029f",""
"entity-dominica@1815/area-statistics","entity-dominica@1815","","Dominica","1815","area-statistics","MISSING","C","completely-empty","dependent-administration","true","[]","[]","[]","[]","{""map_identity_id"":""entity-dominica"",""aliases"":[],""historical_names"":[],""identifiers"":{}}","[""Snapshot context is not observation date or boundary date."",""Map geometry does not establish sovereignty or succession."",""Resolve historical identity before proposing entity-specific facts."",""Existing applicability intervals: []""]","35c5a20cdfaf4e7e7a788fd82d4c2b997e0fe878efe2392487968b8d61b9029f",""
"entity-dominica@1945/area-statistics","entity-dominica@1945","","Dominica","1945","area-statistics","MISSING","C","completely-empty","dependent-administration","true","[]","[]","[]","[]","{""map_identity_id"":""entity-dominica"",""aliases"":[],""historical_names"":[],""identifiers"":{}}","[""Snapshot context is not observation date or boundary date."",""Map geometry does not establish sovereignty or succession."",""Resolve historical identity before proposing entity-specific facts."",""Existing applicability intervals: []""]","35c5a20cdfaf4e7e7a788fd82d4c2b997e0fe878efe2392487968b8d61b9029f",""
"entity-samoa@1878/area-statistics","entity-samoa@1878","","Samoa","1878","area-statistics","MISSING","C","held-ambiguous","dependent-administration","true","[]","[]","[]","[]","{""map_identity_id"":""entity-samoa"",""aliases"":[],""historical_names"":[],""identifiers"":{}}","[""Snapshot context is not observation date or boundary date."",""Map geometry does not establish sovereignty or succession."",""Resolve historical identity before proposing entity-specific facts."",""Existing applicability intervals: []""]","35c5a20cdfaf4e7e7a788fd82d4c2b997e0fe878efe2392487968b8d61b9029f",""
"entity-samoa@1880/area-statistics","entity-samoa@1880","","Samoa","1880","area-statistics","MISSING","C","held-ambiguous","dependent-administration","true","[]","[]","[]","[]","{""map_identity_id"":""entity-samoa"",""aliases"":[],""historical_names"":[],""identifiers"":{}}","[""Snapshot context is not observation date or boundary date."",""Map geometry does not establish sovereignty or succession."",""Resolve historical identity before proposing entity-specific facts."",""Existing applicability intervals: []""]","35c5a20cdfaf4e7e7a788fd82d4c2b997e0fe878efe2392487968b8d61b9029f",""
"entity-samoa@1900/area-statistics","entity-samoa@1900","","Samoa","1900","area-statistics","MISSING","C","held-ambiguous","dependent-administration","true","[]","[]","[]","[]","{""map_identity_id"":""entity-samoa"",""aliases"":[],""historical_names"":[],""identifiers"":{}}","[""Snapshot context is not observation date or boundary date."",""Map geometry does not establish sovereignty or succession."",""Resolve historical identity before proposing entity-specific facts."",""Existing applicability intervals: []""]","35c5a20cdfaf4e7e7a788fd82d4c2b997e0fe878efe2392487968b8d61b9029f",""
"entity-samoa@1914/area-statistics","entity-samoa@1914","","Samoa","1914","area-statistics","MISSING","C","held-ambiguous","dependent-administration","true","[]","[]","[]","[]","{""map_identity_id"":""entity-samoa"",""aliases"":[],""historical_names"":[],""identifiers"":{}}","[""Snapshot context is not observation date or boundary date."",""Map geometry does not establish sovereignty or succession."",""Resolve historical identity before proposing entity-specific facts."",""Existing applicability intervals: []""]","35c5a20cdfaf4e7e7a788fd82d4c2b997e0fe878efe2392487968b8d61b9029f",""
"entity-samoa@1920/area-statistics","entity-samoa@1920","samoa-nz-military-core","Western Samoa — New Zealand military occupation","1920","area-statistics","MISSING","C","held-ambiguous","dependent-administration","false","[]","[]","[]","[]","{""map_identity_id"":""entity-samoa"",""aliases"":[],""historical_names"":[{""value"":""Western Samoa — New Zealand military occupation"",""kind"":""primary"",""validFrom"":""1914-08-29"",""validUntil"":""1920-05-01""}],""identifiers"":{}}","[""Snapshot context is not observation date or boundary date."",""Map geometry does not establish sovereignty or succession."",""Existing applicability intervals: []""]","35c5a20cdfaf4e7e7a788fd82d4c2b997e0fe878efe2392487968b8d61b9029f",""
"entity-samoa@1930/area-statistics","entity-samoa@1930","samoa-nz-mandate-core","Western Samoa — League of Nations mandate","1930","area-statistics","MISSING","C","partially-supported","dependent-administration","false","[]","[]","[]","[]","{""map_identity_id"":""entity-samoa"",""aliases"":[],""historical_names"":[{""value"":""Western Samoa — League of Nations mandate"",""kind"":""primary"",""validFrom"":""1921-01-01"",""validUntil"":""1946-01-01""}],""identifiers"":{}}","[""Snapshot context is not observation date or boundary date."",""Map geometry does not establish sovereignty or succession."",""Existing applicability intervals: []""]","35c5a20cdfaf4e7e7a788fd82d4c2b997e0fe878efe2392487968b8d61b9029f",""
"entity-samoa@1938/area-statistics","entity-samoa@1938","samoa-nz-mandate-core","Western Samoa — League of Nations mandate","1938","area-statistics","MISSING","C","partially-supported","dependent-administration","false","[]","[]","[]","[]","{""map_identity_id"":""entity-samoa"",""aliases"":[],""historical_names"":[{""value"":""Western Samoa — League of Nations mandate"",""kind"":""primary"",""validFrom"":""1921-01-01"",""validUntil"":""1946-01-01""}],""identifiers"":{}}","[""Snapshot context is not observation date or boundary date."",""Map geometry does not establish sovereignty or succession."",""Existing applicability intervals: []""]","35c5a20cdfaf4e7e7a788fd82d4c2b997e0fe878efe2392487968b8d61b9029f",""
"entity-samoa@1945/area-statistics","entity-samoa@1945","samoa-nz-mandate-core","Western Samoa — League of Nations mandate","1945","area-statistics","MISSING","C","partially-supported","dependent-administration","false","[]","[]","[]","[]","{""map_identity_id"":""entity-samoa"",""aliases"":[],""historical_names"":[{""value"":""Western Samoa — League of Nations mandate"",""kind"":""primary"",""validFrom"":""1921-01-01"",""validUntil"":""1946-01-01""}],""identifiers"":{}}","[""Snapshot context is not observation date or boundary date."",""Map geometry does not establish sovereignty or succession."",""Existing applicability intervals: []""]","35c5a20cdfaf4e7e7a788fd82d4c2b997e0fe878efe2392487968b8d61b9029f",""
"entity-samoa@1960/area-statistics","entity-samoa@1960","samoa-self-government-1960-core","Western Samoa — cabinet government within trusteeship","1960","area-statistics","MISSING","C","partially-supported","dependent-administration","false","[]","[]","[]","[]","{""map_identity_id"":""entity-samoa"",""aliases"":[],""historical_names"":[{""value"":""Western Samoa — cabinet government within trusteeship"",""kind"":""primary"",""validFrom"":""1960-01-01"",""validUntil"":""1961-01-01""}],""identifiers"":{}}","[""Snapshot context is not observation date or boundary date."",""Map geometry does not establish sovereignty or succession."",""Existing applicability intervals: []""]","35c5a20cdfaf4e7e7a788fd82d4c2b997e0fe878efe2392487968b8d61b9029f",""
"entity-saint-kitts-and-nevis@1815/area-statistics","entity-saint-kitts-and-nevis@1815","","Saint Kitts and Nevis","1815","area-statistics","MISSING","C","held-ambiguous","dependent-administration","true","[]","[]","[]","[]","{""map_identity_id"":""entity-saint-kitts-and-nevis"",""aliases"":[],""historical_names"":[],""identifiers"":{}}","[""Snapshot context is not observation date or boundary date."",""Map geometry does not establish sovereignty or succession."",""Resolve historical identity before proposing entity-specific facts."",""Existing applicability intervals: []""]","35c5a20cdfaf4e7e7a788fd82d4c2b997e0fe878efe2392487968b8d61b9029f",""
"entity-saint-kitts-and-nevis@1878/area-statistics","entity-saint-kitts-and-nevis@1878","","Saint Kitts and Nevis","1878","area-statistics","MISSING","C","held-ambiguous","dependent-administration","true","[]","[]","[]","[]","{""map_identity_id"":""entity-saint-kitts-and-nevis"",""aliases"":[],""historical_names"":[],""identifiers"":{}}","[""Snapshot context is not observation date or boundary date."",""Map geometry does not establish sovereignty or succession."",""Resolve historical identity before proposing entity-specific facts."",""Existing applicability intervals: []""]","35c5a20cdfaf4e7e7a788fd82d4c2b997e0fe878efe2392487968b8d61b9029f",""
"entity-saint-kitts-and-nevis@1880/area-statistics","entity-saint-kitts-and-nevis@1880","","Saint Kitts and Nevis","1880","area-statistics","MISSING","C","held-ambiguous","dependent-administration","true","[]","[]","[]","[]","{""map_identity_id"":""entity-saint-kitts-and-nevis"",""aliases"":[],""historical_names"":[],""identifiers"":{}}","[""Snapshot context is not observation date or boundary date."",""Map geometry does not establish sovereignty or succession."",""Resolve historical identity before proposing entity-specific facts."",""Existing applicability intervals: []""]","35c5a20cdfaf4e7e7a788fd82d4c2b997e0fe878efe2392487968b8d61b9029f",""
"entity-saint-kitts-and-nevis@1900/area-statistics","entity-saint-kitts-and-nevis@1900","b11-saint-kitts-nevis-union","Saint Christopher, Nevis and Anguilla — colonial union","1900","area-statistics","MISSING","C","partially-supported","dependent-administration","false","[]","[]","[]","[]","{""map_identity_id"":""entity-saint-kitts-and-nevis"",""aliases"":[],""historical_names"":[{""value"":""Saint Christopher, Nevis and Anguilla — colonial union"",""kind"":""primary"",""validFrom"":""1883-01-01"",""validUntil"":""1947-01-01""}],""identifiers"":{}}","[""Snapshot context is not observation date or boundary date."",""Map geometry does not establish sovereignty or succession."",""Existing applicability intervals: []""]","35c5a20cdfaf4e7e7a788fd82d4c2b997e0fe878efe2392487968b8d61b9029f",""
"entity-saint-kitts-and-nevis@1914/area-statistics","entity-saint-kitts-and-nevis@1914","b11-saint-kitts-nevis-union","Saint Christopher, Nevis and Anguilla — colonial union","1914","area-statistics","MISSING","C","partially-supported","dependent-administration","false","[]","[]","[]","[]","{""map_identity_id"":""entity-saint-kitts-and-nevis"",""aliases"":[],""historical_names"":[{""value"":""Saint Christopher, Nevis and Anguilla — colonial union"",""kind"":""primary"",""validFrom"":""1883-01-01"",""validUntil"":""1947-01-01""}],""identifiers"":{}}","[""Snapshot context is not observation date or boundary date."",""Map geometry does not establish sovereignty or succession."",""Existing applicability intervals: []""]","35c5a20cdfaf4e7e7a788fd82d4c2b997e0fe878efe2392487968b8d61b9029f",""
"entity-saint-kitts-and-nevis@1920/area-statistics","entity-saint-kitts-and-nevis@1920","b11-saint-kitts-nevis-union","Saint Christopher, Nevis and Anguilla — colonial union","1920","area-statistics","MISSING","C","partially-supported","dependent-administration","false","[]","[]","[]","[]","{""map_identity_id"":""entity-saint-kitts-and-nevis"",""aliases"":[],""historical_names"":[{""value"":""Saint Christopher, Nevis and Anguilla — colonial union"",""kind"":""primary"",""validFrom"":""1883-01-01"",""validUntil"":""1947-01-01""}],""identifiers"":{}}","[""Snapshot context is not observation date or boundary date."",""Map geometry does not establish sovereignty or succession."",""Existing applicability intervals: []""]","35c5a20cdfaf4e7e7a788fd82d4c2b997e0fe878efe2392487968b8d61b9029f",""
"entity-saint-kitts-and-nevis@1930/area-statistics","entity-saint-kitts-and-nevis@1930","b11-saint-kitts-nevis-union","Saint Christopher, Nevis and Anguilla — colonial union","1930","area-statistics","MISSING","C","partially-supported","dependent-administration","false","[]","[]","[]","[]","{""map_identity_id"":""entity-saint-kitts-and-nevis"",""aliases"":[],""historical_names"":[{""value"":""Saint Christopher, Nevis and Anguilla — colonial union"",""kind"":""primary"",""validFrom"":""1883-01-01"",""validUntil"":""1947-01-01""}],""identifiers"":{}}","[""Snapshot context is not observation date or boundary date."",""Map geometry does not establish sovereignty or succession."",""Existing applicability intervals: []""]","35c5a20cdfaf4e7e7a788fd82d4c2b997e0fe878efe2392487968b8d61b9029f",""
"entity-saint-kitts-and-nevis@1938/area-statistics","entity-saint-kitts-and-nevis@1938","b11-saint-kitts-nevis-union","Saint Christopher, Nevis and Anguilla — colonial union","1938","area-statistics","MISSING","C","partially-supported","dependent-administration","false","[]","[]","[]","[]","{""map_identity_id"":""entity-saint-kitts-and-nevis"",""aliases"":[],""historical_names"":[{""value"":""Saint Christopher, Nevis and Anguilla — colonial union"",""kind"":""primary"",""validFrom"":""1883-01-01"",""validUntil"":""1947-01-01""}],""identifiers"":{}}","[""Snapshot context is not observation date or boundary date."",""Map geometry does not establish sovereignty or succession."",""Existing applicability intervals: []""]","35c5a20cdfaf4e7e7a788fd82d4c2b997e0fe878efe2392487968b8d61b9029f",""
"entity-saint-kitts-and-nevis@1945/area-statistics","entity-saint-kitts-and-nevis@1945","b11-saint-kitts-nevis-union","Saint Christopher, Nevis and Anguilla — colonial union","1945","area-statistics","MISSING","C","partially-supported","dependent-administration","false","[]","[]","[]","[]","{""map_identity_id"":""entity-saint-kitts-and-nevis"",""aliases"":[],""historical_names"":[{""value"":""Saint Christopher, Nevis and Anguilla — colonial union"",""kind"":""primary"",""validFrom"":""1883-01-01"",""validUntil"":""1947-01-01""}],""identifiers"":{}}","[""Snapshot context is not observation date or boundary date."",""Map geometry does not establish sovereignty or succession."",""Existing applicability intervals: []""]","35c5a20cdfaf4e7e7a788fd82d4c2b997e0fe878efe2392487968b8d61b9029f",""
"entity-niue@1878/area-statistics","entity-niue@1878","","Niue","1878","area-statistics","MISSING","C","held-ambiguous","dependent-administration","true","[]","[]","[]","[]","{""map_identity_id"":""entity-niue"",""aliases"":[],""historical_names"":[],""identifiers"":{}}","[""Snapshot context is not observation date or boundary date."",""Map geometry does not establish sovereignty or succession."",""Resolve historical identity before proposing entity-specific facts."",""Existing applicability intervals: []""]","35c5a20cdfaf4e7e7a788fd82d4c2b997e0fe878efe2392487968b8d61b9029f",""
"entity-niue@1880/area-statistics","entity-niue@1880","","Niue","1880","area-statistics","MISSING","C","held-ambiguous","dependent-administration","true","[]","[]","[]","[]","{""map_identity_id"":""entity-niue"",""aliases"":[],""historical_names"":[],""identifiers"":{}}","[""Snapshot context is not observation date or boundary date."",""Map geometry does not establish sovereignty or succession."",""Resolve historical identity before proposing entity-specific facts."",""Existing applicability intervals: []""]","35c5a20cdfaf4e7e7a788fd82d4c2b997e0fe878efe2392487968b8d61b9029f",""
"entity-niue@1900/area-statistics","entity-niue@1900","","Niue","1900","area-statistics","MISSING","C","held-ambiguous","dependent-administration","true","[]","[]","[]","[]","{""map_identity_id"":""entity-niue"",""aliases"":[],""historical_names"":[],""identifiers"":{}}","[""Snapshot context is not observation date or boundary date."",""Map geometry does not establish sovereignty or succession."",""Resolve historical identity before proposing entity-specific facts."",""Existing applicability intervals: []""]","35c5a20cdfaf4e7e7a788fd82d4c2b997e0fe878efe2392487968b8d61b9029f",""
"entity-niue@1914/area-statistics","entity-niue@1914","niue-nz-administration-core","Niue — New Zealand dependency","1914","area-statistics","MISSING","C","partially-supported","dependent-administration","false","[]","[]","[]","[]","{""map_identity_id"":""entity-niue"",""aliases"":[],""historical_names"":[{""value"":""Niue — New Zealand dependency"",""kind"":""primary"",""validFrom"":""1902-01-01"",""validUntil"":""1961-01-01""}],""identifiers"":{}}","[""Snapshot context is not observation date or boundary date."",""Map geometry does not establish sovereignty or succession."",""Existing applicability intervals: []""]","35c5a20cdfaf4e7e7a788fd82d4c2b997e0fe878efe2392487968b8d61b9029f",""
"entity-niue@1920/area-statistics","entity-niue@1920","niue-nz-administration-core","Niue — New Zealand dependency","1920","area-statistics","MISSING","C","partially-supported","dependent-administration","false","[]","[]","[]","[]","{""map_identity_id"":""entity-niue"",""aliases"":[],""historical_names"":[{""value"":""Niue — New Zealand dependency"",""kind"":""primary"",""validFrom"":""1902-01-01"",""validUntil"":""1961-01-01""}],""identifiers"":{}}","[""Snapshot context is not observation date or boundary date."",""Map geometry does not establish sovereignty or succession."",""Existing applicability intervals: []""]","35c5a20cdfaf4e7e7a788fd82d4c2b997e0fe878efe2392487968b8d61b9029f",""
"entity-niue@1930/area-statistics","entity-niue@1930","niue-nz-administration-core","Niue — New Zealand dependency","1930","area-statistics","MISSING","C","partially-supported","dependent-administration","false","[]","[]","[]","[]","{""map_identity_id"":""entity-niue"",""aliases"":[],""historical_names"":[{""value"":""Niue — New Zealand dependency"",""kind"":""primary"",""validFrom"":""1902-01-01"",""validUntil"":""1961-01-01""}],""identifiers"":{}}","[""Snapshot context is not observation date or boundary date."",""Map geometry does not establish sovereignty or succession."",""Existing applicability intervals: []""]","35c5a20cdfaf4e7e7a788fd82d4c2b997e0fe878efe2392487968b8d61b9029f",""
"entity-niue@1938/area-statistics","entity-niue@1938","niue-nz-administration-core","Niue — New Zealand dependency","1938","area-statistics","MISSING","C","partially-supported","dependent-administration","false","[]","[]","[]","[]","{""map_identity_id"":""entity-niue"",""aliases"":[],""historical_names"":[{""value"":""Niue — New Zealand dependency"",""kind"":""primary"",""validFrom"":""1902-01-01"",""validUntil"":""1961-01-01""}],""identifiers"":{}}","[""Snapshot context is not observation date or boundary date."",""Map geometry does not establish sovereignty or succession."",""Existing applicability intervals: []""]","35c5a20cdfaf4e7e7a788fd82d4c2b997e0fe878efe2392487968b8d61b9029f",""
"entity-niue@1945/area-statistics","entity-niue@1945","niue-nz-administration-core","Niue — New Zealand dependency","1945","area-statistics","MISSING","C","partially-supported","dependent-administration","false","[]","[]","[]","[]","{""map_identity_id"":""entity-niue"",""aliases"":[],""historical_names"":[{""value"":""Niue — New Zealand dependency"",""kind"":""primary"",""validFrom"":""1902-01-01"",""validUntil"":""1961-01-01""}],""identifiers"":{}}","[""Snapshot context is not observation date or boundary date."",""Map geometry does not establish sovereignty or succession."",""Existing applicability intervals: []""]","35c5a20cdfaf4e7e7a788fd82d4c2b997e0fe878efe2392487968b8d61b9029f",""
"entity-niue@1960/area-statistics","entity-niue@1960","niue-nz-administration-core","Niue — New Zealand dependency","1960","area-statistics","MISSING","C","partially-supported","dependent-administration","false","[]","[]","[]","[]","{""map_identity_id"":""entity-niue"",""aliases"":[],""historical_names"":[{""value"":""Niue — New Zealand dependency"",""kind"":""primary"",""validFrom"":""1902-01-01"",""validUntil"":""1961-01-01""}],""identifiers"":{}}","[""Snapshot context is not observation date or boundary date."",""Map geometry does not establish sovereignty or succession."",""Existing applicability intervals: []""]","35c5a20cdfaf4e7e7a788fd82d4c2b997e0fe878efe2392487968b8d61b9029f",""
"entity-american-samoa@1878/area-statistics","entity-american-samoa@1878","","American Samoa","1878","area-statistics","MISSING","C","held-ambiguous","dependent-administration","true","[]","[]","[]","[]","{""map_identity_id"":""entity-american-samoa"",""aliases"":[],""historical_names"":[],""identifiers"":{}}","[""Snapshot context is not observation date or boundary date."",""Map geometry does not establish sovereignty or succession."",""Resolve historical identity before proposing entity-specific facts."",""Existing applicability intervals: []""]","35c5a20cdfaf4e7e7a788fd82d4c2b997e0fe878efe2392487968b8d61b9029f",""
"entity-american-samoa@1880/area-statistics","entity-american-samoa@1880","","American Samoa","1880","area-statistics","MISSING","C","held-ambiguous","dependent-administration","true","[]","[]","[]","[]","{""map_identity_id"":""entity-american-samoa"",""aliases"":[],""historical_names"":[],""identifiers"":{}}","[""Snapshot context is not observation date or boundary date."",""Map geometry does not establish sovereignty or succession."",""Resolve historical identity before proposing entity-specific facts."",""Existing applicability intervals: []""]","35c5a20cdfaf4e7e7a788fd82d4c2b997e0fe878efe2392487968b8d61b9029f",""
"entity-american-samoa@1900/area-statistics","entity-american-samoa@1900","","American Samoa","1900","area-statistics","MISSING","C","held-ambiguous","dependent-administration","true","[]","[]","[]","[]","{""map_identity_id"":""entity-american-samoa"",""aliases"":[],""historical_names"":[],""identifiers"":{}}","[""Snapshot context is not observation date or boundary date."",""Map geometry does not establish sovereignty or succession."",""Resolve historical identity before proposing entity-specific facts."",""Existing applicability intervals: []""]","35c5a20cdfaf4e7e7a788fd82d4c2b997e0fe878efe2392487968b8d61b9029f",""
"entity-american-samoa@1914/area-statistics","entity-american-samoa@1914","american-samoa-naval-core","American Samoa — naval territorial administration","1914","area-statistics","MISSING","C","partially-supported","dependent-administration","false","[]","[]","[]","[]","{""map_identity_id"":""entity-american-samoa"",""aliases"":[],""historical_names"":[{""value"":""American Samoa — naval territorial administration"",""kind"":""primary"",""validFrom"":""1905-01-01"",""validUntil"":""1951-01-01""}],""identifiers"":{}}","[""Snapshot context is not observation date or boundary date."",""Map geometry does not establish sovereignty or succession."",""Existing applicability intervals: []""]","35c5a20cdfaf4e7e7a788fd82d4c2b997e0fe878efe2392487968b8d61b9029f",""
"entity-american-samoa@1920/area-statistics","entity-american-samoa@1920","american-samoa-naval-core","American Samoa — naval territorial administration","1920","area-statistics","MISSING","C","partially-supported","dependent-administration","false","[]","[]","[]","[]","{""map_identity_id"":""entity-american-samoa"",""aliases"":[],""historical_names"":[{""value"":""American Samoa — naval territorial administration"",""kind"":""primary"",""validFrom"":""1905-01-01"",""validUntil"":""1951-01-01""}],""identifiers"":{}}","[""Snapshot context is not observation date or boundary date."",""Map geometry does not establish sovereignty or succession."",""Existing applicability intervals: []""]","35c5a20cdfaf4e7e7a788fd82d4c2b997e0fe878efe2392487968b8d61b9029f",""
"entity-american-samoa@1930/area-statistics","entity-american-samoa@1930","american-samoa-naval-core","American Samoa — naval territorial administration","1930","area-statistics","MISSING","C","partially-supported","dependent-administration","false","[]","[]","[]","[]","{""map_identity_id"":""entity-american-samoa"",""aliases"":[],""historical_names"":[{""value"":""American Samoa — naval territorial administration"",""kind"":""primary"",""validFrom"":""1905-01-01"",""validUntil"":""1951-01-01""}],""identifiers"":{}}","[""Snapshot context is not observation date or boundary date."",""Map geometry does not establish sovereignty or succession."",""Existing applicability intervals: []""]","35c5a20cdfaf4e7e7a788fd82d4c2b997e0fe878efe2392487968b8d61b9029f",""
"entity-american-samoa@1938/area-statistics","entity-american-samoa@1938","american-samoa-naval-core","American Samoa — naval territorial administration","1938","area-statistics","MISSING","C","partially-supported","dependent-administration","false","[]","[]","[]","[]","{""map_identity_id"":""entity-american-samoa"",""aliases"":[],""historical_names"":[{""value"":""American Samoa — naval territorial administration"",""kind"":""primary"",""validFrom"":""1905-01-01"",""validUntil"":""1951-01-01""}],""identifiers"":{}}","[""Snapshot context is not observation date or boundary date."",""Map geometry does not establish sovereignty or succession."",""Existing applicability intervals: []""]","35c5a20cdfaf4e7e7a788fd82d4c2b997e0fe878efe2392487968b8d61b9029f",""
"entity-american-samoa@1945/area-statistics","entity-american-samoa@1945","american-samoa-naval-core","American Samoa — naval territorial administration","1945","area-statistics","MISSING","C","partially-supported","dependent-administration","false","[]","[]","[]","[]","{""map_identity_id"":""entity-american-samoa"",""aliases"":[],""historical_names"":[{""value"":""American Samoa — naval territorial administration"",""kind"":""primary"",""validFrom"":""1905-01-01"",""validUntil"":""1951-01-01""}],""identifiers"":{}}","[""Snapshot context is not observation date or boundary date."",""Map geometry does not establish sovereignty or succession."",""Existing applicability intervals: []""]","35c5a20cdfaf4e7e7a788fd82d4c2b997e0fe878efe2392487968b8d61b9029f",""
"entity-american-samoa@1960/area-statistics","entity-american-samoa@1960","american-samoa-interior-1960-core","American Samoa — Interior administration in 1960","1960","area-statistics","MISSING","C","partially-supported","dependent-administration","false","[]","[]","[]","[]","{""map_identity_id"":""entity-american-samoa"",""aliases"":[],""historical_names"":[{""value"":""American Samoa — Interior administration in 1960"",""kind"":""primary"",""validFrom"":""1960-01-01"",""validUntil"":""1961-01-01""}],""identifiers"":{}}","[""Snapshot context is not observation date or boundary date."",""Map geometry does not establish sovereignty or succession."",""Existing applicability intervals: []""]","35c5a20cdfaf4e7e7a788fd82d4c2b997e0fe878efe2392487968b8d61b9029f",""
"entity-french-guiana@1930/area-statistics","entity-french-guiana@1930","","French Guiana","1930","area-statistics","MISSING","C","completely-empty","dependent-administration","true","[]","[]","[]","[]","{""map_identity_id"":""entity-french-guiana"",""aliases"":[],""historical_names"":[],""identifiers"":{}}","[""Snapshot context is not observation date or boundary date."",""Map geometry does not establish sovereignty or succession."",""Resolve historical identity before proposing entity-specific facts."",""Existing applicability intervals: []""]","35c5a20cdfaf4e7e7a788fd82d4c2b997e0fe878efe2392487968b8d61b9029f",""
"entity-french-guiana@1938/area-statistics","entity-french-guiana@1938","","French Guiana","1938","area-statistics","MISSING","C","completely-empty","dependent-administration","true","[]","[]","[]","[]","{""map_identity_id"":""entity-french-guiana"",""aliases"":[],""historical_names"":[],""identifiers"":{}}","[""Snapshot context is not observation date or boundary date."",""Map geometry does not establish sovereignty or succession."",""Resolve historical identity before proposing entity-specific facts."",""Existing applicability intervals: []""]","35c5a20cdfaf4e7e7a788fd82d4c2b997e0fe878efe2392487968b8d61b9029f",""
"entity-french-guiana@1945/area-statistics","entity-french-guiana@1945","","French Guiana","1945","area-statistics","MISSING","C","completely-empty","dependent-administration","true","[]","[]","[]","[]","{""map_identity_id"":""entity-french-guiana"",""aliases"":[],""historical_names"":[],""identifiers"":{}}","[""Snapshot context is not observation date or boundary date."",""Map geometry does not establish sovereignty or succession."",""Resolve historical identity before proposing entity-specific facts."",""Existing applicability intervals: []""]","35c5a20cdfaf4e7e7a788fd82d4c2b997e0fe878efe2392487968b8d61b9029f",""
"entity-saint-barthelemy@1800/area-statistics","entity-saint-barthelemy@1800","","Saint Barthelemy","1800","area-statistics","MISSING","C","completely-empty","dependent-administration","true","[]","[]","[]","[]","{""map_identity_id"":""entity-saint-barthelemy"",""aliases"":[],""historical_names"":[],""identifiers"":{}}","[""Snapshot context is not observation date or boundary date."",""Map geometry does not establish sovereignty or succession."",""Resolve historical identity before proposing entity-specific facts."",""Existing applicability intervals: []""]","35c5a20cdfaf4e7e7a788fd82d4c2b997e0fe878efe2392487968b8d61b9029f",""
"entity-saint-barthelemy@1878/area-statistics","entity-saint-barthelemy@1878","","Saint Barthelemy","1878","area-statistics","MISSING","C","held-ambiguous","dependent-administration","true","[]","[]","[]","[]","{""map_identity_id"":""entity-saint-barthelemy"",""aliases"":[],""historical_names"":[],""identifiers"":{}}","[""Snapshot context is not observation date or boundary date."",""Map geometry does not establish sovereignty or succession."",""Resolve historical identity before proposing entity-specific facts."",""Existing applicability intervals: []""]","35c5a20cdfaf4e7e7a788fd82d4c2b997e0fe878efe2392487968b8d61b9029f",""
"entity-belize@1938/area-statistics","entity-belize@1938","","Belize","1938","area-statistics","MISSING","C","completely-empty","dependent-administration","true","[]","[]","[]","[]","{""map_identity_id"":""entity-belize"",""aliases"":[],""historical_names"":[],""identifiers"":{}}","[""Snapshot context is not observation date or boundary date."",""Map geometry does not establish sovereignty or succession."",""Resolve historical identity before proposing entity-specific facts."",""Existing applicability intervals: []""]","35c5a20cdfaf4e7e7a788fd82d4c2b997e0fe878efe2392487968b8d61b9029f",""
"entity-belize@1945/area-statistics","entity-belize@1945","","Belize","1945","area-statistics","MISSING","C","completely-empty","dependent-administration","true","[]","[]","[]","[]","{""map_identity_id"":""entity-belize"",""aliases"":[],""historical_names"":[],""identifiers"":{}}","[""Snapshot context is not observation date or boundary date."",""Map geometry does not establish sovereignty or succession."",""Resolve historical identity before proposing entity-specific facts."",""Existing applicability intervals: []""]","35c5a20cdfaf4e7e7a788fd82d4c2b997e0fe878efe2392487968b8d61b9029f",""
"entity-belize@1960/area-statistics","entity-belize@1960","","Belize","1960","area-statistics","MISSING","C","completely-empty","dependent-administration","true","[]","[]","[]","[]","{""map_identity_id"":""entity-belize"",""aliases"":[],""historical_names"":[],""identifiers"":{}}","[""Snapshot context is not observation date or boundary date."",""Map geometry does not establish sovereignty or succession."",""Resolve historical identity before proposing entity-specific facts."",""Existing applicability intervals: []""]","35c5a20cdfaf4e7e7a788fd82d4c2b997e0fe878efe2392487968b8d61b9029f",""
"entity-qatar@1900/area-statistics","entity-qatar@1900","","Qatar","1900","area-statistics","MISSING","C","completely-empty","political-polity","true","[]","[]","[]","[]","{""map_identity_id"":""entity-qatar"",""aliases"":[],""historical_names"":[],""identifiers"":{}}","[""Snapshot context is not observation date or boundary date."",""Map geometry does not establish sovereignty or succession."",""Resolve historical identity before proposing entity-specific facts."",""Existing applicability intervals: []""]","35c5a20cdfaf4e7e7a788fd82d4c2b997e0fe878efe2392487968b8d61b9029f",""
"entity-qatar@1914/area-statistics","entity-qatar@1914","","Qatar","1914","area-statistics","MISSING","C","completely-empty","political-polity","true","[]","[]","[]","[]","{""map_identity_id"":""entity-qatar"",""aliases"":[],""historical_names"":[],""identifiers"":{}}","[""Snapshot context is not observation date or boundary date."",""Map geometry does not establish sovereignty or succession."",""Resolve historical identity before proposing entity-specific facts."",""Existing applicability intervals: []""]","35c5a20cdfaf4e7e7a788fd82d4c2b997e0fe878efe2392487968b8d61b9029f",""
"entity-wallis-and-futuna-islands@1878/area-statistics","entity-wallis-and-futuna-islands@1878","","Wallis and Futuna Islands","1878","area-statistics","MISSING","C","held-ambiguous","dependent-administration","true","[]","[]","[]","[]","{""map_identity_id"":""entity-wallis-and-futuna-islands"",""aliases"":[],""historical_names"":[],""identifiers"":{}}","[""Snapshot context is not observation date or boundary date."",""Map geometry does not establish sovereignty or succession."",""Resolve historical identity before proposing entity-specific facts."",""Existing applicability intervals: []""]","35c5a20cdfaf4e7e7a788fd82d4c2b997e0fe878efe2392487968b8d61b9029f",""
"entity-wallis-and-futuna-islands@1880/area-statistics","entity-wallis-and-futuna-islands@1880","","Wallis and Futuna Islands","1880","area-statistics","MISSING","C","held-ambiguous","dependent-administration","true","[]","[]","[]","[]","{""map_identity_id"":""entity-wallis-and-futuna-islands"",""aliases"":[],""historical_names"":[],""identifiers"":{}}","[""Snapshot context is not observation date or boundary date."",""Map geometry does not establish sovereignty or succession."",""Resolve historical identity before proposing entity-specific facts."",""Existing applicability intervals: []""]","35c5a20cdfaf4e7e7a788fd82d4c2b997e0fe878efe2392487968b8d61b9029f",""
"entity-wallis-and-futuna-islands@1900/area-statistics","entity-wallis-and-futuna-islands@1900","wallis-futuna-protectorate-core","Wallis and Futuna — French protectorate","1900","area-statistics","MISSING","C","partially-supported","dependent-administration","false","[]","[]","[]","[]","{""map_identity_id"":""entity-wallis-and-futuna-islands"",""aliases"":[],""historical_names"":[{""value"":""Wallis and Futuna — French protectorate"",""kind"":""primary"",""validFrom"":""1900-01-01"",""validUntil"":""1961-01-01""}],""identifiers"":{}}","[""Snapshot context is not observation date or boundary date."",""Map geometry does not establish sovereignty or succession."",""Existing applicability intervals: []""]","35c5a20cdfaf4e7e7a788fd82d4c2b997e0fe878efe2392487968b8d61b9029f",""
"entity-wallis-and-futuna-islands@1914/area-statistics","entity-wallis-and-futuna-islands@1914","wallis-futuna-protectorate-core","Wallis and Futuna — French protectorate","1914","area-statistics","MISSING","C","partially-supported","dependent-administration","false","[]","[]","[]","[]","{""map_identity_id"":""entity-wallis-and-futuna-islands"",""aliases"":[],""historical_names"":[{""value"":""Wallis and Futuna — French protectorate"",""kind"":""primary"",""validFrom"":""1900-01-01"",""validUntil"":""1961-01-01""}],""identifiers"":{}}","[""Snapshot context is not observation date or boundary date."",""Map geometry does not establish sovereignty or succession."",""Existing applicability intervals: []""]","35c5a20cdfaf4e7e7a788fd82d4c2b997e0fe878efe2392487968b8d61b9029f",""
"entity-wallis-and-futuna-islands@1920/area-statistics","entity-wallis-and-futuna-islands@1920","wallis-futuna-protectorate-core","Wallis and Futuna — French protectorate","1920","area-statistics","MISSING","C","partially-supported","dependent-administration","false","[]","[]","[]","[]","{""map_identity_id"":""entity-wallis-and-futuna-islands"",""aliases"":[],""historical_names"":[{""value"":""Wallis and Futuna — French protectorate"",""kind"":""primary"",""validFrom"":""1900-01-01"",""validUntil"":""1961-01-01""}],""identifiers"":{}}","[""Snapshot context is not observation date or boundary date."",""Map geometry does not establish sovereignty or succession."",""Existing applicability intervals: []""]","35c5a20cdfaf4e7e7a788fd82d4c2b997e0fe878efe2392487968b8d61b9029f",""
"entity-wallis-and-futuna-islands@1930/area-statistics","entity-wallis-and-futuna-islands@1930","wallis-futuna-protectorate-core","Wallis and Futuna — French protectorate","1930","area-statistics","MISSING","C","partially-supported","dependent-administration","false","[]","[]","[]","[]","{""map_identity_id"":""entity-wallis-and-futuna-islands"",""aliases"":[],""historical_names"":[{""value"":""Wallis and Futuna — French protectorate"",""kind"":""primary"",""validFrom"":""1900-01-01"",""validUntil"":""1961-01-01""}],""identifiers"":{}}","[""Snapshot context is not observation date or boundary date."",""Map geometry does not establish sovereignty or succession."",""Existing applicability intervals: []""]","35c5a20cdfaf4e7e7a788fd82d4c2b997e0fe878efe2392487968b8d61b9029f",""
"entity-wallis-and-futuna-islands@1938/area-statistics","entity-wallis-and-futuna-islands@1938","wallis-futuna-protectorate-core","Wallis and Futuna — French protectorate","1938","area-statistics","MISSING","C","partially-supported","dependent-administration","false","[]","[]","[]","[]","{""map_identity_id"":""entity-wallis-and-futuna-islands"",""aliases"":[],""historical_names"":[{""value"":""Wallis and Futuna — French protectorate"",""kind"":""primary"",""validFrom"":""1900-01-01"",""validUntil"":""1961-01-01""}],""identifiers"":{}}","[""Snapshot context is not observation date or boundary date."",""Map geometry does not establish sovereignty or succession."",""Existing applicability intervals: []""]","35c5a20cdfaf4e7e7a788fd82d4c2b997e0fe878efe2392487968b8d61b9029f",""
"entity-wallis-and-futuna-islands@1945/area-statistics","entity-wallis-and-futuna-islands@1945","wallis-futuna-protectorate-core","Wallis and Futuna — French protectorate","1945","area-statistics","MISSING","C","partially-supported","dependent-administration","false","[]","[]","[]","[]","{""map_identity_id"":""entity-wallis-and-futuna-islands"",""aliases"":[],""historical_names"":[{""value"":""Wallis and Futuna — French protectorate"",""kind"":""primary"",""validFrom"":""1900-01-01"",""validUntil"":""1961-01-01""}],""identifiers"":{}}","[""Snapshot context is not observation date or boundary date."",""Map geometry does not establish sovereignty or succession."",""Existing applicability intervals: []""]","35c5a20cdfaf4e7e7a788fd82d4c2b997e0fe878efe2392487968b8d61b9029f",""
"entity-wallis-and-futuna-islands@1960/area-statistics","entity-wallis-and-futuna-islands@1960","wallis-futuna-protectorate-core","Wallis and Futuna — French protectorate","1960","area-statistics","MISSING","C","partially-supported","dependent-administration","false","[]","[]","[]","[]","{""map_identity_id"":""entity-wallis-and-futuna-islands"",""aliases"":[],""historical_names"":[{""value"":""Wallis and Futuna — French protectorate"",""kind"":""primary"",""validFrom"":""1900-01-01"",""validUntil"":""1961-01-01""}],""identifiers"":{}}","[""Snapshot context is not observation date or boundary date."",""Map geometry does not establish sovereignty or succession."",""Existing applicability intervals: []""]","35c5a20cdfaf4e7e7a788fd82d4c2b997e0fe878efe2392487968b8d61b9029f",""
"entity-burundi@1920/area-statistics","entity-burundi@1920","","Burundi","1920","area-statistics","MISSING","C","completely-empty","political-polity","true","[]","[]","[]","[]","{""map_identity_id"":""entity-burundi"",""aliases"":[],""historical_names"":[],""identifiers"":{}}","[""Snapshot context is not observation date or boundary date."",""Map geometry does not establish sovereignty or succession."",""Resolve historical identity before proposing entity-specific facts."",""Existing applicability intervals: []""]","35c5a20cdfaf4e7e7a788fd82d4c2b997e0fe878efe2392487968b8d61b9029f",""
"entity-swaziland@1900/area-statistics","entity-swaziland@1900","","Swaziland","1900","area-statistics","MISSING","C","completely-empty","political-polity","true","[]","[]","[]","[]","{""map_identity_id"":""entity-swaziland"",""aliases"":[],""historical_names"":[],""identifiers"":{}}","[""Snapshot context is not observation date or boundary date."",""Map geometry does not establish sovereignty or succession."",""Resolve historical identity before proposing entity-specific facts."",""Existing applicability intervals: []""]","35c5a20cdfaf4e7e7a788fd82d4c2b997e0fe878efe2392487968b8d61b9029f",""
"entity-antigua-and-barbuda@1815/area-statistics","entity-antigua-and-barbuda@1815","","Antigua and Barbuda","1815","area-statistics","MISSING","C","completely-empty","dependent-administration","true","[]","[]","[]","[]","{""map_identity_id"":""entity-antigua-and-barbuda"",""aliases"":[],""historical_names"":[],""identifiers"":{}}","[""Snapshot context is not observation date or boundary date."",""Map geometry does not establish sovereignty or succession."",""Resolve historical identity before proposing entity-specific facts."",""Existing applicability intervals: []""]","35c5a20cdfaf4e7e7a788fd82d4c2b997e0fe878efe2392487968b8d61b9029f",""
"entity-montserrat@1815/area-statistics","entity-montserrat@1815","","Montserrat","1815","area-statistics","MISSING","C","completely-empty","dependent-administration","true","[]","[]","[]","[]","{""map_identity_id"":""entity-montserrat"",""aliases"":[],""historical_names"":[],""identifiers"":{}}","[""Snapshot context is not observation date or boundary date."",""Map geometry does not establish sovereignty or succession."",""Resolve historical identity before proposing entity-specific facts."",""Existing applicability intervals: []""]","35c5a20cdfaf4e7e7a788fd82d4c2b997e0fe878efe2392487968b8d61b9029f",""
"entity-panama@1920/area-statistics","entity-panama@1920","","Panama","1920","area-statistics","MISSING","C","completely-empty","political-polity","true","[]","[]","[]","[]","{""map_identity_id"":""entity-panama"",""aliases"":[],""historical_names"":[],""identifiers"":{}}","[""Snapshot context is not observation date or boundary date."",""Map geometry does not establish sovereignty or succession."",""Resolve historical identity before proposing entity-specific facts."",""Existing applicability intervals: []""]","35c5a20cdfaf4e7e7a788fd82d4c2b997e0fe878efe2392487968b8d61b9029f",""
"entity-panama@1930/area-statistics","entity-panama@1930","","Panama","1930","area-statistics","MISSING","C","completely-empty","political-polity","true","[]","[]","[]","[]","{""map_identity_id"":""entity-panama"",""aliases"":[],""historical_names"":[],""identifiers"":{}}","[""Snapshot context is not observation date or boundary date."",""Map geometry does not establish sovereignty or succession."",""Resolve historical identity before proposing entity-specific facts."",""Existing applicability intervals: []""]","35c5a20cdfaf4e7e7a788fd82d4c2b997e0fe878efe2392487968b8d61b9029f",""
"entity-panama@1938/area-statistics","entity-panama@1938","","Panama","1938","area-statistics","MISSING","C","completely-empty","political-polity","true","[]","[]","[]","[]","{""map_identity_id"":""entity-panama"",""aliases"":[],""historical_names"":[],""identifiers"":{}}","[""Snapshot context is not observation date or boundary date."",""Map geometry does not establish sovereignty or succession."",""Resolve historical identity before proposing entity-specific facts."",""Existing applicability intervals: []""]","35c5a20cdfaf4e7e7a788fd82d4c2b997e0fe878efe2392487968b8d61b9029f",""
"entity-panama@1945/area-statistics","entity-panama@1945","","Panama","1945","area-statistics","MISSING","C","completely-empty","political-polity","true","[]","[]","[]","[]","{""map_identity_id"":""entity-panama"",""aliases"":[],""historical_names"":[],""identifiers"":{}}","[""Snapshot context is not observation date or boundary date."",""Map geometry does not establish sovereignty or succession."",""Resolve historical identity before proposing entity-specific facts."",""Existing applicability intervals: []""]","35c5a20cdfaf4e7e7a788fd82d4c2b997e0fe878efe2392487968b8d61b9029f",""
"entity-panama@1960/area-statistics","entity-panama@1960","","Panama","1960","area-statistics","MISSING","C","completely-empty","political-polity","true","[]","[]","[]","[]","{""map_identity_id"":""entity-panama"",""aliases"":[],""historical_names"":[],""identifiers"":{}}","[""Snapshot context is not observation date or boundary date."",""Map geometry does not establish sovereignty or succession."",""Resolve historical identity before proposing entity-specific facts."",""Existing applicability intervals: []""]","35c5a20cdfaf4e7e7a788fd82d4c2b997e0fe878efe2392487968b8d61b9029f",""
"entity-equatorial-guinea@1914/area-statistics","entity-equatorial-guinea@1914","","Equatorial Guinea","1914","area-statistics","MISSING","C","completely-empty","dependent-administration","true","[]","[]","[]","[]","{""map_identity_id"":""entity-equatorial-guinea"",""aliases"":[],""historical_names"":[],""identifiers"":{}}","[""Snapshot context is not observation date or boundary date."",""Map geometry does not establish sovereignty or succession."",""Resolve historical identity before proposing entity-specific facts."",""Existing applicability intervals: []""]","35c5a20cdfaf4e7e7a788fd82d4c2b997e0fe878efe2392487968b8d61b9029f",""
"entity-equatorial-guinea@1920/area-statistics","entity-equatorial-guinea@1920","","Equatorial Guinea","1920","area-statistics","MISSING","C","completely-empty","dependent-administration","true","[]","[]","[]","[]","{""map_identity_id"":""entity-equatorial-guinea"",""aliases"":[],""historical_names"":[],""identifiers"":{}}","[""Snapshot context is not observation date or boundary date."",""Map geometry does not establish sovereignty or succession."",""Resolve historical identity before proposing entity-specific facts."",""Existing applicability intervals: []""]","35c5a20cdfaf4e7e7a788fd82d4c2b997e0fe878efe2392487968b8d61b9029f",""
"entity-equatorial-guinea@1930/area-statistics","entity-equatorial-guinea@1930","","Equatorial Guinea","1930","area-statistics","MISSING","C","completely-empty","dependent-administration","true","[]","[]","[]","[]","{""map_identity_id"":""entity-equatorial-guinea"",""aliases"":[],""historical_names"":[],""identifiers"":{}}","[""Snapshot context is not observation date or boundary date."",""Map geometry does not establish sovereignty or succession."",""Resolve historical identity before proposing entity-specific facts."",""Existing applicability intervals: []""]","35c5a20cdfaf4e7e7a788fd82d4c2b997e0fe878efe2392487968b8d61b9029f",""
"entity-equatorial-guinea@1938/area-statistics","entity-equatorial-guinea@1938","","Equatorial Guinea","1938","area-statistics","MISSING","C","completely-empty","dependent-administration","true","[]","[]","[]","[]","{""map_identity_id"":""entity-equatorial-guinea"",""aliases"":[],""historical_names"":[],""identifiers"":{}}","[""Snapshot context is not observation date or boundary date."",""Map geometry does not establish sovereignty or succession."",""Resolve historical identity before proposing entity-specific facts."",""Existing applicability intervals: []""]","35c5a20cdfaf4e7e7a788fd82d4c2b997e0fe878efe2392487968b8d61b9029f",""
"entity-equatorial-guinea@1945/area-statistics","entity-equatorial-guinea@1945","","Equatorial Guinea","1945","area-statistics","MISSING","C","completely-empty","dependent-administration","true","[]","[]","[]","[]","{""map_identity_id"":""entity-equatorial-guinea"",""aliases"":[],""historical_names"":[],""identifiers"":{}}","[""Snapshot context is not observation date or boundary date."",""Map geometry does not establish sovereignty or succession."",""Resolve historical identity before proposing entity-specific facts."",""Existing applicability intervals: []""]","35c5a20cdfaf4e7e7a788fd82d4c2b997e0fe878efe2392487968b8d61b9029f",""
"entity-tonga@1900/area-statistics","entity-tonga@1900","","Tonga","1900","area-statistics","MISSING","C","completely-empty","political-polity","true","[]","[]","[]","[]","{""map_identity_id"":""entity-tonga"",""aliases"":[],""historical_names"":[],""identifiers"":{}}","[""Snapshot context is not observation date or boundary date."",""Map geometry does not establish sovereignty or succession."",""Resolve historical identity before proposing entity-specific facts."",""Existing applicability intervals: []""]","35c5a20cdfaf4e7e7a788fd82d4c2b997e0fe878efe2392487968b8d61b9029f",""
"entity-guadeloupe@1815/area-statistics","entity-guadeloupe@1815","","Guadeloupe","1815","area-statistics","MISSING","C","completely-empty","dependent-administration","true","[]","[]","[]","[]","{""map_identity_id"":""entity-guadeloupe"",""aliases"":[],""historical_names"":[],""identifiers"":{}}","[""Snapshot context is not observation date or boundary date."",""Map geometry does not establish sovereignty or succession."",""Resolve historical identity before proposing entity-specific facts."",""Existing applicability intervals: []""]","35c5a20cdfaf4e7e7a788fd82d4c2b997e0fe878efe2392487968b8d61b9029f",""
"entity-saint-vincent-and-the-grenadines@1815/area-statistics","entity-saint-vincent-and-the-grenadines@1815","","Saint Vincent and the Grenadines","1815","area-statistics","MISSING","C","completely-empty","dependent-administration","true","[]","[]","[]","[]","{""map_identity_id"":""entity-saint-vincent-and-the-grenadines"",""aliases"":[],""historical_names"":[],""identifiers"":{}}","[""Snapshot context is not observation date or boundary date."",""Map geometry does not establish sovereignty or succession."",""Resolve historical identity before proposing entity-specific facts."",""Existing applicability intervals: []""]","35c5a20cdfaf4e7e7a788fd82d4c2b997e0fe878efe2392487968b8d61b9029f",""
"entity-saint-vincent-and-the-grenadines@1914/area-statistics","entity-saint-vincent-and-the-grenadines@1914","","Saint Vincent and the Grenadines","1914","area-statistics","MISSING","C","completely-empty","dependent-administration","true","[]","[]","[]","[]","{""map_identity_id"":""entity-saint-vincent-and-the-grenadines"",""aliases"":[],""historical_names"":[],""identifiers"":{}}","[""Snapshot context is not observation date or boundary date."",""Map geometry does not establish sovereignty or succession."",""Resolve historical identity before proposing entity-specific facts."",""Existing applicability intervals: []""]","35c5a20cdfaf4e7e7a788fd82d4c2b997e0fe878efe2392487968b8d61b9029f",""
"entity-saint-vincent-and-the-grenadines@1920/area-statistics","entity-saint-vincent-and-the-grenadines@1920","","Saint Vincent and the Grenadines","1920","area-statistics","MISSING","C","completely-empty","dependent-administration","true","[]","[]","[]","[]","{""map_identity_id"":""entity-saint-vincent-and-the-grenadines"",""aliases"":[],""historical_names"":[],""identifiers"":{}}","[""Snapshot context is not observation date or boundary date."",""Map geometry does not establish sovereignty or succession."",""Resolve historical identity before proposing entity-specific facts."",""Existing applicability intervals: []""]","35c5a20cdfaf4e7e7a788fd82d4c2b997e0fe878efe2392487968b8d61b9029f",""
"entity-saint-vincent-and-the-grenadines@1930/area-statistics","entity-saint-vincent-and-the-grenadines@1930","","Saint Vincent and the Grenadines","1930","area-statistics","MISSING","C","completely-empty","dependent-administration","true","[]","[]","[]","[]","{""map_identity_id"":""entity-saint-vincent-and-the-grenadines"",""aliases"":[],""historical_names"":[],""identifiers"":{}}","[""Snapshot context is not observation date or boundary date."",""Map geometry does not establish sovereignty or succession."",""Resolve historical identity before proposing entity-specific facts."",""Existing applicability intervals: []""]","35c5a20cdfaf4e7e7a788fd82d4c2b997e0fe878efe2392487968b8d61b9029f",""
"entity-botswana@1938/area-statistics","entity-botswana@1938","","Botswana","1938","area-statistics","MISSING","C","completely-empty","dependent-administration","true","[]","[]","[]","[]","{""map_identity_id"":""entity-botswana"",""aliases"":[],""historical_names"":[],""identifiers"":{}}","[""Snapshot context is not observation date or boundary date."",""Map geometry does not establish sovereignty or succession."",""Resolve historical identity before proposing entity-specific facts."",""Existing applicability intervals: []""]","35c5a20cdfaf4e7e7a788fd82d4c2b997e0fe878efe2392487968b8d61b9029f",""
"entity-botswana@1945/area-statistics","entity-botswana@1945","","Botswana","1945","area-statistics","MISSING","C","completely-empty","dependent-administration","true","[]","[]","[]","[]","{""map_identity_id"":""entity-botswana"",""aliases"":[],""historical_names"":[],""identifiers"":{}}","[""Snapshot context is not observation date or boundary date."",""Map geometry does not establish sovereignty or succession."",""Resolve historical identity before proposing entity-specific facts."",""Existing applicability intervals: []""]","35c5a20cdfaf4e7e7a788fd82d4c2b997e0fe878efe2392487968b8d61b9029f",""
"entity-botswana@1960/area-statistics","entity-botswana@1960","","Botswana","1960","area-statistics","MISSING","C","completely-empty","dependent-administration","true","[]","[]","[]","[]","{""map_identity_id"":""entity-botswana"",""aliases"":[],""historical_names"":[],""identifiers"":{}}","[""Snapshot context is not observation date or boundary date."",""Map geometry does not establish sovereignty or succession."",""Resolve historical identity before proposing entity-specific facts."",""Existing applicability intervals: []""]","35c5a20cdfaf4e7e7a788fd82d4c2b997e0fe878efe2392487968b8d61b9029f",""
"entity-rwanda@1815/area-statistics","entity-rwanda@1815","","Rwanda","1815","area-statistics","MISSING","C","completely-empty","political-polity","true","[]","[]","[]","[]","{""map_identity_id"":""entity-rwanda"",""aliases"":[],""historical_names"":[],""identifiers"":{}}","[""Snapshot context is not observation date or boundary date."",""Map geometry does not establish sovereignty or succession."",""Resolve historical identity before proposing entity-specific facts."",""Existing applicability intervals: []""]","35c5a20cdfaf4e7e7a788fd82d4c2b997e0fe878efe2392487968b8d61b9029f",""
"entity-rwanda@1878/area-statistics","entity-rwanda@1878","","Rwanda","1878","area-statistics","MISSING","C","completely-empty","political-polity","true","[]","[]","[]","[]","{""map_identity_id"":""entity-rwanda"",""aliases"":[],""historical_names"":[],""identifiers"":{}}","[""Snapshot context is not observation date or boundary date."",""Map geometry does not establish sovereignty or succession."",""Resolve historical identity before proposing entity-specific facts."",""Existing applicability intervals: []""]","35c5a20cdfaf4e7e7a788fd82d4c2b997e0fe878efe2392487968b8d61b9029f",""
"entity-rwanda@1880/area-statistics","entity-rwanda@1880","","Rwanda","1880","area-statistics","MISSING","C","completely-empty","political-polity","true","[]","[]","[]","[]","{""map_identity_id"":""entity-rwanda"",""aliases"":[],""historical_names"":[],""identifiers"":{}}","[""Snapshot context is not observation date or boundary date."",""Map geometry does not establish sovereignty or succession."",""Resolve historical identity before proposing entity-specific facts."",""Existing applicability intervals: []""]","35c5a20cdfaf4e7e7a788fd82d4c2b997e0fe878efe2392487968b8d61b9029f",""
"entity-lesotho@1938/area-statistics","entity-lesotho@1938","","Lesotho","1938","area-statistics","MISSING","C","completely-empty","dependent-administration","true","[]","[]","[]","[]","{""map_identity_id"":""entity-lesotho"",""aliases"":[],""historical_names"":[],""identifiers"":{}}","[""Snapshot context is not observation date or boundary date."",""Map geometry does not establish sovereignty or succession."",""Resolve historical identity before proposing entity-specific facts."",""Existing applicability intervals: []""]","35c5a20cdfaf4e7e7a788fd82d4c2b997e0fe878efe2392487968b8d61b9029f",""
"entity-lesotho@1945/area-statistics","entity-lesotho@1945","","Lesotho","1945","area-statistics","MISSING","C","completely-empty","dependent-administration","true","[]","[]","[]","[]","{""map_identity_id"":""entity-lesotho"",""aliases"":[],""historical_names"":[],""identifiers"":{}}","[""Snapshot context is not observation date or boundary date."",""Map geometry does not establish sovereignty or succession."",""Resolve historical identity before proposing entity-specific facts."",""Existing applicability intervals: []""]","35c5a20cdfaf4e7e7a788fd82d4c2b997e0fe878efe2392487968b8d61b9029f",""
"entity-lesotho@1960/area-statistics","entity-lesotho@1960","","Lesotho","1960","area-statistics","MISSING","C","completely-empty","dependent-administration","true","[]","[]","[]","[]","{""map_identity_id"":""entity-lesotho"",""aliases"":[],""historical_names"":[],""identifiers"":{}}","[""Snapshot context is not observation date or boundary date."",""Map geometry does not establish sovereignty or succession."",""Resolve historical identity before proposing entity-specific facts."",""Existing applicability intervals: []""]","35c5a20cdfaf4e7e7a788fd82d4c2b997e0fe878efe2392487968b8d61b9029f",""
"entity-yemen@1800/area-statistics","entity-yemen@1800","","Yemen","1800","area-statistics","MISSING","C","completely-empty","political-polity","true","[]","[]","[]","[]","{""map_identity_id"":""entity-yemen"",""aliases"":[],""historical_names"":[],""identifiers"":{}}","[""Snapshot context is not observation date or boundary date."",""Map geometry does not establish sovereignty or succession."",""Resolve historical identity before proposing entity-specific facts."",""Existing applicability intervals: []""]","35c5a20cdfaf4e7e7a788fd82d4c2b997e0fe878efe2392487968b8d61b9029f",""
"entity-yemen@1815/area-statistics","entity-yemen@1815","","Yemen","1815","area-statistics","MISSING","C","completely-empty","political-polity","true","[]","[]","[]","[]","{""map_identity_id"":""entity-yemen"",""aliases"":[],""historical_names"":[],""identifiers"":{}}","[""Snapshot context is not observation date or boundary date."",""Map geometry does not establish sovereignty or succession."",""Resolve historical identity before proposing entity-specific facts."",""Existing applicability intervals: []""]","35c5a20cdfaf4e7e7a788fd82d4c2b997e0fe878efe2392487968b8d61b9029f",""
"entity-cambodia@1800/area-statistics","entity-cambodia@1800","","Cambodia","1800","area-statistics","MISSING","C","completely-empty","political-polity","true","[]","[]","[]","[]","{""map_identity_id"":""entity-cambodia"",""aliases"":[],""historical_names"":[],""identifiers"":{}}","[""Snapshot context is not observation date or boundary date."",""Map geometry does not establish sovereignty or succession."",""Resolve historical identity before proposing entity-specific facts."",""Existing applicability intervals: []""]","35c5a20cdfaf4e7e7a788fd82d4c2b997e0fe878efe2392487968b8d61b9029f",""
"entity-cambodia@1815/area-statistics","entity-cambodia@1815","","Cambodia","1815","area-statistics","MISSING","C","completely-empty","political-polity","true","[]","[]","[]","[]","{""map_identity_id"":""entity-cambodia"",""aliases"":[],""historical_names"":[],""identifiers"":{}}","[""Snapshot context is not observation date or boundary date."",""Map geometry does not establish sovereignty or succession."",""Resolve historical identity before proposing entity-specific facts."",""Existing applicability intervals: []""]","35c5a20cdfaf4e7e7a788fd82d4c2b997e0fe878efe2392487968b8d61b9029f",""
"entity-cambodia@1945/area-statistics","entity-cambodia@1945","","Cambodia","1945","area-statistics","MISSING","C","completely-empty","political-polity","true","[]","[]","[]","[]","{""map_identity_id"":""entity-cambodia"",""aliases"":[],""historical_names"":[],""identifiers"":{}}","[""Snapshot context is not observation date or boundary date."",""Map geometry does not establish sovereignty or succession."",""Resolve historical identity before proposing entity-specific facts."",""Existing applicability intervals: []""]","35c5a20cdfaf4e7e7a788fd82d4c2b997e0fe878efe2392487968b8d61b9029f",""
"entity-cambodia@1960/area-statistics","entity-cambodia@1960","","Cambodia","1960","area-statistics","MISSING","C","completely-empty","political-polity","true","[]","[]","[]","[]","{""map_identity_id"":""entity-cambodia"",""aliases"":[],""historical_names"":[],""identifiers"":{}}","[""Snapshot context is not observation date or boundary date."",""Map geometry does not establish sovereignty or succession."",""Resolve historical identity before proposing entity-specific facts."",""Existing applicability intervals: []""]","35c5a20cdfaf4e7e7a788fd82d4c2b997e0fe878efe2392487968b8d61b9029f",""
"entity-oman@1800/area-statistics","entity-oman@1800","oman-1800-dynastic-maritime-core","Oman — Al Said maritime dynasty around 1800","1800","area-statistics","MISSING","C","partially-supported","political-polity","false","[]","[]","[]","[]","{""map_identity_id"":""entity-oman"",""aliases"":[],""historical_names"":[{""value"":""Oman — Al Said maritime dynasty around 1800"",""kind"":""primary"",""validFrom"":""1800-01-01"",""validUntil"":""1801-01-01""}],""identifiers"":{}}","[""Snapshot context is not observation date or boundary date."",""Map geometry does not establish sovereignty or succession."",""Existing applicability intervals: []""]","35c5a20cdfaf4e7e7a788fd82d4c2b997e0fe878efe2392487968b8d61b9029f",""
"entity-oman@1815/area-statistics","entity-oman@1815","oman-1815-said-maritime-core","Oman — Said bin Sultan in 1815","1815","area-statistics","MISSING","C","partially-supported","political-polity","false","[]","[]","[]","[]","{""map_identity_id"":""entity-oman"",""aliases"":[],""historical_names"":[{""value"":""Oman — Said bin Sultan in 1815"",""kind"":""primary"",""validFrom"":""1815-01-01"",""validUntil"":""1816-01-01""}],""identifiers"":{}}","[""Snapshot context is not observation date or boundary date."",""Map geometry does not establish sovereignty or succession."",""Existing applicability intervals: []""]","35c5a20cdfaf4e7e7a788fd82d4c2b997e0fe878efe2392487968b8d61b9029f",""
"entity-oman@1878/area-statistics","entity-oman@1878","oman-late-nineteenth-coastal-core","Muscat and Oman — late nineteenth-century rule","1878","area-statistics","MISSING","C","partially-supported","political-polity","false","[]","[]","[]","[]","{""map_identity_id"":""entity-oman"",""aliases"":[],""historical_names"":[{""value"":""Muscat and Oman — late nineteenth-century rule"",""kind"":""primary"",""validFrom"":""1878-01-01"",""validUntil"":""1913-01-01""}],""identifiers"":{}}","[""Snapshot context is not observation date or boundary date."",""Map geometry does not establish sovereignty or succession."",""Existing applicability intervals: []""]","35c5a20cdfaf4e7e7a788fd82d4c2b997e0fe878efe2392487968b8d61b9029f",""
"entity-oman@1880/area-statistics","entity-oman@1880","oman-late-nineteenth-coastal-core","Muscat and Oman — late nineteenth-century rule","1880","area-statistics","MISSING","C","partially-supported","political-polity","false","[]","[]","[]","[]","{""map_identity_id"":""entity-oman"",""aliases"":[],""historical_names"":[{""value"":""Muscat and Oman — late nineteenth-century rule"",""kind"":""primary"",""validFrom"":""1878-01-01"",""validUntil"":""1913-01-01""}],""identifiers"":{}}","[""Snapshot context is not observation date or boundary date."",""Map geometry does not establish sovereignty or succession."",""Existing applicability intervals: []""]","35c5a20cdfaf4e7e7a788fd82d4c2b997e0fe878efe2392487968b8d61b9029f",""
"entity-oman@1900/area-statistics","entity-oman@1900","oman-late-nineteenth-coastal-core","Muscat and Oman — late nineteenth-century rule","1900","area-statistics","MISSING","C","partially-supported","political-polity","false","[]","[]","[]","[]","{""map_identity_id"":""entity-oman"",""aliases"":[],""historical_names"":[{""value"":""Muscat and Oman — late nineteenth-century rule"",""kind"":""primary"",""validFrom"":""1878-01-01"",""validUntil"":""1913-01-01""}],""identifiers"":{}}","[""Snapshot context is not observation date or boundary date."",""Map geometry does not establish sovereignty or succession."",""Existing applicability intervals: []""]","35c5a20cdfaf4e7e7a788fd82d4c2b997e0fe878efe2392487968b8d61b9029f",""
"entity-oman@1945/area-statistics","entity-oman@1945","","Oman","1945","area-statistics","MISSING","C","held-ambiguous","political-polity","true","[]","[]","[]","[]","{""map_identity_id"":""entity-oman"",""aliases"":[],""historical_names"":[],""identifiers"":{}}","[""Snapshot context is not observation date or boundary date."",""Map geometry does not establish sovereignty or succession."",""Resolve historical identity before proposing entity-specific facts."",""Existing applicability intervals: []""]","35c5a20cdfaf4e7e7a788fd82d4c2b997e0fe878efe2392487968b8d61b9029f",""
"entity-oman@1960/area-statistics","entity-oman@1960","oman-1960-post-imamate-core","Muscat and Oman — after 1959 intervention","1960","area-statistics","MISSING","C","partially-supported","political-polity","false","[]","[]","[]","[]","{""map_identity_id"":""entity-oman"",""aliases"":[],""historical_names"":[{""value"":""Muscat and Oman — after 1959 intervention"",""kind"":""primary"",""validFrom"":""1960-01-01"",""validUntil"":""1961-01-01""}],""identifiers"":{}}","[""Snapshot context is not observation date or boundary date."",""Map geometry does not establish sovereignty or succession."",""Existing applicability intervals: []""]","35c5a20cdfaf4e7e7a788fd82d4c2b997e0fe878efe2392487968b8d61b9029f",""
"entity-lunda@1878/area-statistics","entity-lunda@1878","","Lunda","1878","area-statistics","MISSING","C","completely-empty","political-polity","true","[]","[]","[]","[]","{""map_identity_id"":""entity-lunda"",""aliases"":[],""historical_names"":[],""identifiers"":{}}","[""Snapshot context is not observation date or boundary date."",""Map geometry does not establish sovereignty or succession."",""Resolve historical identity before proposing entity-specific facts."",""Existing applicability intervals: []""]","35c5a20cdfaf4e7e7a788fd82d4c2b997e0fe878efe2392487968b8d61b9029f",""
"entity-lunda@1880/area-statistics","entity-lunda@1880","","Lunda","1880","area-statistics","MISSING","C","completely-empty","political-polity","true","[]","[]","[]","[]","{""map_identity_id"":""entity-lunda"",""aliases"":[],""historical_names"":[],""identifiers"":{}}","[""Snapshot context is not observation date or boundary date."",""Map geometry does not establish sovereignty or succession."",""Resolve historical identity before proposing entity-specific facts."",""Existing applicability intervals: []""]","35c5a20cdfaf4e7e7a788fd82d4c2b997e0fe878efe2392487968b8d61b9029f",""
"entity-lunda@1900/area-statistics","entity-lunda@1900","","Lunda","1900","area-statistics","MISSING","C","completely-empty","political-polity","true","[]","[]","[]","[]","{""map_identity_id"":""entity-lunda"",""aliases"":[],""historical_names"":[],""identifiers"":{}}","[""Snapshot context is not observation date or boundary date."",""Map geometry does not establish sovereignty or succession."",""Resolve historical identity before proposing entity-specific facts."",""Existing applicability intervals: []""]","35c5a20cdfaf4e7e7a788fd82d4c2b997e0fe878efe2392487968b8d61b9029f",""
"entity-oyo@1800/area-statistics","entity-oyo@1800","oyo-early-nineteenth-core","Oyo — early nineteenth-century royal state","1800","area-statistics","MISSING","C","partially-supported","political-polity","false","[]","[]","[]","[]","{""map_identity_id"":""entity-oyo"",""aliases"":[],""historical_names"":[{""value"":""Oyo — early nineteenth-century royal state"",""kind"":""primary"",""validFrom"":""1800-01-01"",""validUntil"":""1816-01-01""}],""identifiers"":{}}","[""Snapshot context is not observation date or boundary date."",""Map geometry does not establish sovereignty or succession."",""Existing applicability intervals: []""]","35c5a20cdfaf4e7e7a788fd82d4c2b997e0fe878efe2392487968b8d61b9029f",""
"entity-oyo@1815/area-statistics","entity-oyo@1815","oyo-early-nineteenth-core","Oyo — early nineteenth-century royal state","1815","area-statistics","MISSING","C","partially-supported","political-polity","false","[]","[]","[]","[]","{""map_identity_id"":""entity-oyo"",""aliases"":[],""historical_names"":[{""value"":""Oyo — early nineteenth-century royal state"",""kind"":""primary"",""validFrom"":""1800-01-01"",""validUntil"":""1816-01-01""}],""identifiers"":{}}","[""Snapshot context is not observation date or boundary date."",""Map geometry does not establish sovereignty or succession."",""Existing applicability intervals: []""]","35c5a20cdfaf4e7e7a788fd82d4c2b997e0fe878efe2392487968b8d61b9029f",""
"entity-oyo@1878/area-statistics","entity-oyo@1878","","Oyo","1878","area-statistics","MISSING","C","held-ambiguous","political-polity","true","[]","[]","[]","[]","{""map_identity_id"":""entity-oyo"",""aliases"":[],""historical_names"":[],""identifiers"":{}}","[""Snapshot context is not observation date or boundary date."",""Map geometry does not establish sovereignty or succession."",""Resolve historical identity before proposing entity-specific facts."",""Existing applicability intervals: []""]","35c5a20cdfaf4e7e7a788fd82d4c2b997e0fe878efe2392487968b8d61b9029f",""
"entity-oyo@1880/area-statistics","entity-oyo@1880","","Oyo","1880","area-statistics","MISSING","C","held-ambiguous","political-polity","true","[]","[]","[]","[]","{""map_identity_id"":""entity-oyo"",""aliases"":[],""historical_names"":[],""identifiers"":{}}","[""Snapshot context is not observation date or boundary date."",""Map geometry does not establish sovereignty or succession."",""Resolve historical identity before proposing entity-specific facts."",""Existing applicability intervals: []""]","35c5a20cdfaf4e7e7a788fd82d4c2b997e0fe878efe2392487968b8d61b9029f",""
"entity-oyo@1900/area-statistics","entity-oyo@1900","","Oyo","1900","area-statistics","MISSING","C","held-ambiguous","political-polity","true","[]","[]","[]","[]","{""map_identity_id"":""entity-oyo"",""aliases"":[],""historical_names"":[],""identifiers"":{}}","[""Snapshot context is not observation date or boundary date."",""Map geometry does not establish sovereignty or succession."",""Resolve historical identity before proposing entity-specific facts."",""Existing applicability intervals: []""]","35c5a20cdfaf4e7e7a788fd82d4c2b997e0fe878efe2392487968b8d61b9029f",""
"entity-gabon@1878/area-statistics","entity-gabon@1878","","Gabon","1878","area-statistics","MISSING","C","completely-empty","dependent-administration","true","[]","[]","[]","[]","{""map_identity_id"":""entity-gabon"",""aliases"":[],""historical_names"":[],""identifiers"":{}}","[""Snapshot context is not observation date or boundary date."",""Map geometry does not establish sovereignty or succession."",""Resolve historical identity before proposing entity-specific facts."",""Existing applicability intervals: []""]","35c5a20cdfaf4e7e7a788fd82d4c2b997e0fe878efe2392487968b8d61b9029f",""
"entity-gabon@1880/area-statistics","entity-gabon@1880","","Gabon","1880","area-statistics","MISSING","C","completely-empty","dependent-administration","true","[]","[]","[]","[]","{""map_identity_id"":""entity-gabon"",""aliases"":[],""historical_names"":[],""identifiers"":{}}","[""Snapshot context is not observation date or boundary date."",""Map geometry does not establish sovereignty or succession."",""Resolve historical identity before proposing entity-specific facts."",""Existing applicability intervals: []""]","35c5a20cdfaf4e7e7a788fd82d4c2b997e0fe878efe2392487968b8d61b9029f",""
"entity-gabon@1900/area-statistics","entity-gabon@1900","","Gabon","1900","area-statistics","MISSING","C","completely-empty","dependent-administration","true","[]","[]","[]","[]","{""map_identity_id"":""entity-gabon"",""aliases"":[],""historical_names"":[],""identifiers"":{}}","[""Snapshot context is not observation date or boundary date."",""Map geometry does not establish sovereignty or succession."",""Resolve historical identity before proposing entity-specific facts."",""Existing applicability intervals: []""]","35c5a20cdfaf4e7e7a788fd82d4c2b997e0fe878efe2392487968b8d61b9029f",""
"entity-gabon@1960/area-statistics","entity-gabon@1960","","Gabon","1960","area-statistics","MISSING","C","held-ambiguous","dependent-administration","true","[]","[]","[]","[]","{""map_identity_id"":""entity-gabon"",""aliases"":[],""historical_names"":[],""identifiers"":{}}","[""Snapshot context is not observation date or boundary date."",""Map geometry does not establish sovereignty or succession."",""Resolve historical identity before proposing entity-specific facts."",""Existing applicability intervals: []""]","35c5a20cdfaf4e7e7a788fd82d4c2b997e0fe878efe2392487968b8d61b9029f",""
"entity-suriname@1938/area-statistics","entity-suriname@1938","","Suriname","1938","area-statistics","MISSING","C","completely-empty","dependent-administration","true","[]","[]","[]","[]","{""map_identity_id"":""entity-suriname"",""aliases"":[],""historical_names"":[],""identifiers"":{}}","[""Snapshot context is not observation date or boundary date."",""Map geometry does not establish sovereignty or succession."",""Resolve historical identity before proposing entity-specific facts."",""Existing applicability intervals: []""]","35c5a20cdfaf4e7e7a788fd82d4c2b997e0fe878efe2392487968b8d61b9029f",""
"entity-suriname@1945/area-statistics","entity-suriname@1945","","Suriname","1945","area-statistics","MISSING","C","completely-empty","dependent-administration","true","[]","[]","[]","[]","{""map_identity_id"":""entity-suriname"",""aliases"":[],""historical_names"":[],""identifiers"":{}}","[""Snapshot context is not observation date or boundary date."",""Map geometry does not establish sovereignty or succession."",""Resolve historical identity before proposing entity-specific facts."",""Existing applicability intervals: []""]","35c5a20cdfaf4e7e7a788fd82d4c2b997e0fe878efe2392487968b8d61b9029f",""
"entity-trinidad@1945/area-statistics","entity-trinidad@1945","","Trinidad","1945","area-statistics","MISSING","C","completely-empty","dependent-administration","true","[]","[]","[]","[]","{""map_identity_id"":""entity-trinidad"",""aliases"":[],""historical_names"":[],""identifiers"":{}}","[""Snapshot context is not observation date or boundary date."",""Map geometry does not establish sovereignty or succession."",""Resolve historical identity before proposing entity-specific facts."",""Existing applicability intervals: []""]","35c5a20cdfaf4e7e7a788fd82d4c2b997e0fe878efe2392487968b8d61b9029f",""
"entity-trinidad@1960/area-statistics","entity-trinidad@1960","","Trinidad","1960","area-statistics","MISSING","C","completely-empty","dependent-administration","true","[]","[]","[]","[]","{""map_identity_id"":""entity-trinidad"",""aliases"":[],""historical_names"":[],""identifiers"":{}}","[""Snapshot context is not observation date or boundary date."",""Map geometry does not establish sovereignty or succession."",""Resolve historical identity before proposing entity-specific facts."",""Existing applicability intervals: []""]","35c5a20cdfaf4e7e7a788fd82d4c2b997e0fe878efe2392487968b8d61b9029f",""
"entity-senegal@1800/area-statistics","entity-senegal@1800","","Senegal","1800","area-statistics","MISSING","C","held-ambiguous","dependent-administration","true","[]","[]","[]","[]","{""map_identity_id"":""entity-senegal"",""aliases"":[],""historical_names"":[],""identifiers"":{}}","[""Snapshot context is not observation date or boundary date."",""Map geometry does not establish sovereignty or succession."",""Resolve historical identity before proposing entity-specific facts."",""Existing applicability intervals: []""]","35c5a20cdfaf4e7e7a788fd82d4c2b997e0fe878efe2392487968b8d61b9029f",""
"entity-senegal@1815/area-statistics","entity-senegal@1815","","Senegal","1815","area-statistics","MISSING","C","held-ambiguous","dependent-administration","true","[]","[]","[]","[]","{""map_identity_id"":""entity-senegal"",""aliases"":[],""historical_names"":[],""identifiers"":{}}","[""Snapshot context is not observation date or boundary date."",""Map geometry does not establish sovereignty or succession."",""Resolve historical identity before proposing entity-specific facts."",""Existing applicability intervals: []""]","35c5a20cdfaf4e7e7a788fd82d4c2b997e0fe878efe2392487968b8d61b9029f",""
"entity-senegal@1900/area-statistics","entity-senegal@1900","senegal-1900-colonial-core","Senegal — French colony around 1900","1900","area-statistics","MISSING","C","partially-supported","dependent-administration","false","[]","[]","[]","[]","{""map_identity_id"":""entity-senegal"",""aliases"":[],""historical_names"":[{""value"":""Senegal — French colony around 1900"",""kind"":""primary"",""validFrom"":""1900-01-01"",""validUntil"":""1901-01-01""},{""value"":""Senegal — French colony around 1900"",""kind"":""primary"",""validFrom"":""1905-01-01"",""validUntil"":""1940-01-01""}],""identifiers"":{}}","[""Snapshot context is not observation date or boundary date."",""Map geometry does not establish sovereignty or succession."",""Existing applicability intervals: []""]","35c5a20cdfaf4e7e7a788fd82d4c2b997e0fe878efe2392487968b8d61b9029f",""
"entity-senegal@1945/area-statistics","entity-senegal@1945","senegal-1945-colonial-core","Senegal — French colonial administration in 1945","1945","area-statistics","MISSING","C","partially-supported","dependent-administration","false","[]","[]","[]","[]","{""map_identity_id"":""entity-senegal"",""aliases"":[],""historical_names"":[{""value"":""Senegal — French colonial administration in 1945"",""kind"":""primary"",""validFrom"":""1945-01-01"",""validUntil"":""1946-01-01""}],""identifiers"":{}}","[""Snapshot context is not observation date or boundary date."",""Map geometry does not establish sovereignty or succession."",""Existing applicability intervals: []""]","35c5a20cdfaf4e7e7a788fd82d4c2b997e0fe878efe2392487968b8d61b9029f",""
"entity-senegal@1960/area-statistics","entity-senegal@1960","senegal-1960-parliamentary-core","Senegal —1960 parliamentary republic","1960","area-statistics","MISSING","C","held-ambiguous","dependent-administration","false","[]","[]","[]","[]","{""map_identity_id"":""entity-senegal"",""aliases"":[],""historical_names"":[{""value"":""Senegal —1960 parliamentary republic"",""kind"":""primary"",""validFrom"":""1960-09-01"",""validUntil"":""1961-01-01""}],""identifiers"":{}}","[""Snapshot context is not observation date or boundary date."",""Map geometry does not establish sovereignty or succession."",""Existing applicability intervals: []""]","35c5a20cdfaf4e7e7a788fd82d4c2b997e0fe878efe2392487968b8d61b9029f",""
"entity-luxembourg@1800/area-statistics","entity-luxembourg@1800","","Luxembourg","1800","area-statistics","MISSING","C","completely-empty","political-polity","true","[]","[]","[]","[]","{""map_identity_id"":""entity-luxembourg"",""aliases"":[],""historical_names"":[],""identifiers"":{}}","[""Snapshot context is not observation date or boundary date."",""Map geometry does not establish sovereignty or succession."",""Resolve historical identity before proposing entity-specific facts."",""Existing applicability intervals: []""]","35c5a20cdfaf4e7e7a788fd82d4c2b997e0fe878efe2392487968b8d61b9029f",""
"entity-grenada@1815/area-statistics","entity-grenada@1815","","Grenada","1815","area-statistics","MISSING","C","completely-empty","dependent-administration","true","[]","[]","[]","[]","{""map_identity_id"":""entity-grenada"",""aliases"":[],""historical_names"":[],""identifiers"":{}}","[""Snapshot context is not observation date or boundary date."",""Map geometry does not establish sovereignty or succession."",""Resolve historical identity before proposing entity-specific facts."",""Existing applicability intervals: []""]","35c5a20cdfaf4e7e7a788fd82d4c2b997e0fe878efe2392487968b8d61b9029f",""
"entity-ivory-coast@1878/area-statistics","entity-ivory-coast@1878","","Ivory Coast","1878","area-statistics","MISSING","C","held-ambiguous","dependent-administration","true","[]","[]","[]","[]","{""map_identity_id"":""entity-ivory-coast"",""aliases"":[],""historical_names"":[],""identifiers"":{}}","[""Snapshot context is not observation date or boundary date."",""Map geometry does not establish sovereignty or succession."",""Resolve historical identity before proposing entity-specific facts."",""Existing applicability intervals: []""]","35c5a20cdfaf4e7e7a788fd82d4c2b997e0fe878efe2392487968b8d61b9029f",""
"entity-ivory-coast@1880/area-statistics","entity-ivory-coast@1880","","Ivory Coast","1880","area-statistics","MISSING","C","held-ambiguous","dependent-administration","true","[]","[]","[]","[]","{""map_identity_id"":""entity-ivory-coast"",""aliases"":[],""historical_names"":[],""identifiers"":{}}","[""Snapshot context is not observation date or boundary date."",""Map geometry does not establish sovereignty or succession."",""Resolve historical identity before proposing entity-specific facts."",""Existing applicability intervals: []""]","35c5a20cdfaf4e7e7a788fd82d4c2b997e0fe878efe2392487968b8d61b9029f",""
"entity-ivory-coast@1900/area-statistics","entity-ivory-coast@1900","ivory-coast-1900-colonial-core","Ivory Coast — French colony around 1900","1900","area-statistics","MISSING","C","partially-supported","dependent-administration","false","[]","[]","[]","[]","{""map_identity_id"":""entity-ivory-coast"",""aliases"":[],""historical_names"":[{""value"":""Ivory Coast — French colony around 1900"",""kind"":""primary"",""validFrom"":""1900-01-01"",""validUntil"":""1901-01-01""}],""identifiers"":{}}","[""Snapshot context is not observation date or boundary date."",""Map geometry does not establish sovereignty or succession."",""Existing applicability intervals: []""]","35c5a20cdfaf4e7e7a788fd82d4c2b997e0fe878efe2392487968b8d61b9029f",""
"entity-ivory-coast@1945/area-statistics","entity-ivory-coast@1945","ivory-coast-1945-colonial-core","Ivory Coast — late colonial administration in 1945","1945","area-statistics","MISSING","C","partially-supported","dependent-administration","false","[]","[]","[]","[]","{""map_identity_id"":""entity-ivory-coast"",""aliases"":[],""historical_names"":[{""value"":""Ivory Coast — late colonial administration in 1945"",""kind"":""primary"",""validFrom"":""1945-01-01"",""validUntil"":""1946-01-01""}],""identifiers"":{}}","[""Snapshot context is not observation date or boundary date."",""Map geometry does not establish sovereignty or succession."",""Existing applicability intervals: []""]","35c5a20cdfaf4e7e7a788fd82d4c2b997e0fe878efe2392487968b8d61b9029f",""
"entity-ivory-coast@1960/area-statistics","entity-ivory-coast@1960","ivory-coast-1960-independent-core","Ivory Coast — independent republic in 1960","1960","area-statistics","MISSING","C","held-ambiguous","dependent-administration","false","[]","[]","[]","[]","{""map_identity_id"":""entity-ivory-coast"",""aliases"":[],""historical_names"":[{""value"":""Ivory Coast — independent republic in 1960"",""kind"":""primary"",""validFrom"":""1960-08-07"",""validUntil"":""1960-08-08""}],""identifiers"":{}}","[""Snapshot context is not observation date or boundary date."",""Map geometry does not establish sovereignty or succession."",""Existing applicability intervals: []""]","35c5a20cdfaf4e7e7a788fd82d4c2b997e0fe878efe2392487968b8d61b9029f",""
"entity-armenia@1914/area-statistics","entity-armenia@1914","","Armenia","1914","area-statistics","MISSING","C","completely-empty","political-polity","true","[]","[]","[]","[]","{""map_identity_id"":""entity-armenia"",""aliases"":[],""historical_names"":[],""identifiers"":{}}","[""Snapshot context is not observation date or boundary date."",""Map geometry does not establish sovereignty or succession."",""Resolve historical identity before proposing entity-specific facts."",""Existing applicability intervals: []""]","35c5a20cdfaf4e7e7a788fd82d4c2b997e0fe878efe2392487968b8d61b9029f",""
"entity-armenia@1930/area-statistics","entity-armenia@1930","","Armenia","1930","area-statistics","MISSING","C","completely-empty","political-polity","true","[]","[]","[]","[]","{""map_identity_id"":""entity-armenia"",""aliases"":[],""historical_names"":[],""identifiers"":{}}","[""Snapshot context is not observation date or boundary date."",""Map geometry does not establish sovereignty or succession."",""Resolve historical identity before proposing entity-specific facts."",""Existing applicability intervals: []""]","35c5a20cdfaf4e7e7a788fd82d4c2b997e0fe878efe2392487968b8d61b9029f",""
"entity-armenia@1938/area-statistics","entity-armenia@1938","","Armenia","1938","area-statistics","MISSING","C","completely-empty","political-polity","true","[]","[]","[]","[]","{""map_identity_id"":""entity-armenia"",""aliases"":[],""historical_names"":[],""identifiers"":{}}","[""Snapshot context is not observation date or boundary date."",""Map geometry does not establish sovereignty or succession."",""Resolve historical identity before proposing entity-specific facts."",""Existing applicability intervals: []""]","35c5a20cdfaf4e7e7a788fd82d4c2b997e0fe878efe2392487968b8d61b9029f",""
"entity-benin@1878/area-statistics","entity-benin@1878","benin-oba-1880-core","Benin — kingdom around 1880","1878","area-statistics","MISSING","C","partially-supported","political-polity","false","[]","[]","[]","[]","{""map_identity_id"":""entity-benin"",""aliases"":[],""historical_names"":[{""value"":""Benin — kingdom around 1880"",""kind"":""primary"",""validFrom"":""1878-01-01"",""validUntil"":""1881-01-01""}],""identifiers"":{}}","[""Snapshot context is not observation date or boundary date."",""Map geometry does not establish sovereignty or succession."",""Existing applicability intervals: []""]","35c5a20cdfaf4e7e7a788fd82d4c2b997e0fe878efe2392487968b8d61b9029f",""
"entity-benin@1880/area-statistics","entity-benin@1880","benin-oba-1880-core","Benin — kingdom around 1880","1880","area-statistics","MISSING","C","partially-supported","political-polity","false","[]","[]","[]","[]","{""map_identity_id"":""entity-benin"",""aliases"":[],""historical_names"":[{""value"":""Benin — kingdom around 1880"",""kind"":""primary"",""validFrom"":""1878-01-01"",""validUntil"":""1881-01-01""}],""identifiers"":{}}","[""Snapshot context is not observation date or boundary date."",""Map geometry does not establish sovereignty or succession."",""Existing applicability intervals: []""]","35c5a20cdfaf4e7e7a788fd82d4c2b997e0fe878efe2392487968b8d61b9029f",""
"entity-benin@1900/area-statistics","entity-benin@1900","benin-1900-protectorate-core","Benin — former kingdom under British protectorate administration","1900","area-statistics","MISSING","C","partially-supported","political-polity","false","[]","[]","[]","[]","{""map_identity_id"":""entity-benin"",""aliases"":[],""historical_names"":[{""value"":""Benin — former kingdom under British protectorate administration"",""kind"":""primary"",""validFrom"":""1900-01-01"",""validUntil"":""1901-01-01""}],""identifiers"":{}}","[""Snapshot context is not observation date or boundary date."",""Map geometry does not establish sovereignty or succession."",""Existing applicability intervals: []""]","35c5a20cdfaf4e7e7a788fd82d4c2b997e0fe878efe2392487968b8d61b9029f",""
"entity-benin@1945/area-statistics","entity-benin@1945","","Benin","1945","area-statistics","MISSING","C","held-ambiguous","political-polity","true","[]","[]","[]","[]","{""map_identity_id"":""entity-benin"",""aliases"":[],""historical_names"":[],""identifiers"":{}}","[""Snapshot context is not observation date or boundary date."",""Map geometry does not establish sovereignty or succession."",""Resolve historical identity before proposing entity-specific facts."",""Existing applicability intervals: []""]","35c5a20cdfaf4e7e7a788fd82d4c2b997e0fe878efe2392487968b8d61b9029f",""
"entity-benin@1960/area-statistics","entity-benin@1960","","Benin","1960","area-statistics","MISSING","C","held-ambiguous","political-polity","true","[]","[]","[]","[]","{""map_identity_id"":""entity-benin"",""aliases"":[],""historical_names"":[],""identifiers"":{}}","[""Snapshot context is not observation date or boundary date."",""Map geometry does not establish sovereignty or succession."",""Resolve historical identity before proposing entity-specific facts."",""Existing applicability intervals: []""]","35c5a20cdfaf4e7e7a788fd82d4c2b997e0fe878efe2392487968b8d61b9029f",""
"entity-montenegro@1880/area-statistics","entity-montenegro@1880","","Montenegro","1880","area-statistics","MISSING","C","completely-empty","political-polity","true","[]","[]","[]","[]","{""map_identity_id"":""entity-montenegro"",""aliases"":[],""historical_names"":[],""identifiers"":{}}","[""Snapshot context is not observation date or boundary date."",""Map geometry does not establish sovereignty or succession."",""Resolve historical identity before proposing entity-specific facts."",""Existing applicability intervals: []""]","35c5a20cdfaf4e7e7a788fd82d4c2b997e0fe878efe2392487968b8d61b9029f",""
"entity-montenegro@1900/area-statistics","entity-montenegro@1900","","Montenegro","1900","area-statistics","MISSING","C","completely-empty","political-polity","true","[]","[]","[]","[]","{""map_identity_id"":""entity-montenegro"",""aliases"":[],""historical_names"":[],""identifiers"":{}}","[""Snapshot context is not observation date or boundary date."",""Map geometry does not establish sovereignty or succession."",""Resolve historical identity before proposing entity-specific facts."",""Existing applicability intervals: []""]","35c5a20cdfaf4e7e7a788fd82d4c2b997e0fe878efe2392487968b8d61b9029f",""
"entity-montenegro@1914/area-statistics","entity-montenegro@1914","","Montenegro","1914","area-statistics","MISSING","C","completely-empty","political-polity","true","[]","[]","[]","[]","{""map_identity_id"":""entity-montenegro"",""aliases"":[],""historical_names"":[],""identifiers"":{}}","[""Snapshot context is not observation date or boundary date."",""Map geometry does not establish sovereignty or succession."",""Resolve historical identity before proposing entity-specific facts."",""Existing applicability intervals: []""]","35c5a20cdfaf4e7e7a788fd82d4c2b997e0fe878efe2392487968b8d61b9029f",""
"entity-luba@1878/area-statistics","entity-luba@1878","","Luba","1878","area-statistics","MISSING","C","completely-empty","political-polity","true","[]","[]","[]","[]","{""map_identity_id"":""entity-luba"",""aliases"":[],""historical_names"":[],""identifiers"":{}}","[""Snapshot context is not observation date or boundary date."",""Map geometry does not establish sovereignty or succession."",""Resolve historical identity before proposing entity-specific facts."",""Existing applicability intervals: []""]","35c5a20cdfaf4e7e7a788fd82d4c2b997e0fe878efe2392487968b8d61b9029f",""
"entity-luba@1880/area-statistics","entity-luba@1880","","Luba","1880","area-statistics","MISSING","C","completely-empty","political-polity","true","[]","[]","[]","[]","{""map_identity_id"":""entity-luba"",""aliases"":[],""historical_names"":[],""identifiers"":{}}","[""Snapshot context is not observation date or boundary date."",""Map geometry does not establish sovereignty or succession."",""Resolve historical identity before proposing entity-specific facts."",""Existing applicability intervals: []""]","35c5a20cdfaf4e7e7a788fd82d4c2b997e0fe878efe2392487968b8d61b9029f",""
"entity-luba@1900/area-statistics","entity-luba@1900","","Luba","1900","area-statistics","MISSING","C","completely-empty","political-polity","true","[]","[]","[]","[]","{""map_identity_id"":""entity-luba"",""aliases"":[],""historical_names"":[],""identifiers"":{}}","[""Snapshot context is not observation date or boundary date."",""Map geometry does not establish sovereignty or succession."",""Resolve historical identity before proposing entity-specific facts."",""Existing applicability intervals: []""]","35c5a20cdfaf4e7e7a788fd82d4c2b997e0fe878efe2392487968b8d61b9029f",""
"entity-laos@1800/area-statistics","entity-laos@1800","","Laos","1800","area-statistics","MISSING","C","completely-empty","political-polity","true","[]","[]","[]","[]","{""map_identity_id"":""entity-laos"",""aliases"":[],""historical_names"":[],""identifiers"":{}}","[""Snapshot context is not observation date or boundary date."",""Map geometry does not establish sovereignty or succession."",""Resolve historical identity before proposing entity-specific facts."",""Existing applicability intervals: []""]","35c5a20cdfaf4e7e7a788fd82d4c2b997e0fe878efe2392487968b8d61b9029f",""
"entity-laos@1945/area-statistics","entity-laos@1945","","Laos","1945","area-statistics","MISSING","C","completely-empty","political-polity","true","[]","[]","[]","[]","{""map_identity_id"":""entity-laos"",""aliases"":[],""historical_names"":[],""identifiers"":{}}","[""Snapshot context is not observation date or boundary date."",""Map geometry does not establish sovereignty or succession."",""Resolve historical identity before proposing entity-specific facts."",""Existing applicability intervals: []""]","35c5a20cdfaf4e7e7a788fd82d4c2b997e0fe878efe2392487968b8d61b9029f",""
"entity-laos@1960/area-statistics","entity-laos@1960","","Laos","1960","area-statistics","MISSING","C","completely-empty","political-polity","true","[]","[]","[]","[]","{""map_identity_id"":""entity-laos"",""aliases"":[],""historical_names"":[],""identifiers"":{}}","[""Snapshot context is not observation date or boundary date."",""Map geometry does not establish sovereignty or succession."",""Resolve historical identity before proposing entity-specific facts."",""Existing applicability intervals: []""]","35c5a20cdfaf4e7e7a788fd82d4c2b997e0fe878efe2392487968b8d61b9029f",""
"entity-kanem-bornu@1900/area-statistics","entity-kanem-bornu@1900","","Kanem-Bornu","1900","area-statistics","MISSING","C","completely-empty","political-polity","true","[]","[]","[]","[]","{""map_identity_id"":""entity-kanem-bornu"",""aliases"":[],""historical_names"":[],""identifiers"":{}}","[""Snapshot context is not observation date or boundary date."",""Map geometry does not establish sovereignty or succession."",""Resolve historical identity before proposing entity-specific facts."",""Existing applicability intervals: []""]","35c5a20cdfaf4e7e7a788fd82d4c2b997e0fe878efe2392487968b8d61b9029f",""
"entity-eritrea@1930/area-statistics","entity-eritrea@1930","","Eritrea","1930","area-statistics","MISSING","C","completely-empty","dependent-administration","true","[]","[]","[]","[]","{""map_identity_id"":""entity-eritrea"",""aliases"":[],""historical_names"":[],""identifiers"":{}}","[""Snapshot context is not observation date or boundary date."",""Map geometry does not establish sovereignty or succession."",""Resolve historical identity before proposing entity-specific facts."",""Existing applicability intervals: []""]","35c5a20cdfaf4e7e7a788fd82d4c2b997e0fe878efe2392487968b8d61b9029f",""
"entity-albania@1914/area-statistics","entity-albania@1914","","Albania","1914","area-statistics","MISSING","C","completely-empty","political-polity","true","[]","[]","[]","[]","{""map_identity_id"":""entity-albania"",""aliases"":[],""historical_names"":[],""identifiers"":{}}","[""Snapshot context is not observation date or boundary date."",""Map geometry does not establish sovereignty or succession."",""Resolve historical identity before proposing entity-specific facts."",""Existing applicability intervals: []""]","35c5a20cdfaf4e7e7a788fd82d4c2b997e0fe878efe2392487968b8d61b9029f",""
"entity-albania@1945/area-statistics","entity-albania@1945","","Albania","1945","area-statistics","MISSING","C","completely-empty","political-polity","true","[]","[]","[]","[]","{""map_identity_id"":""entity-albania"",""aliases"":[],""historical_names"":[],""identifiers"":{}}","[""Snapshot context is not observation date or boundary date."",""Map geometry does not establish sovereignty or succession."",""Resolve historical identity before proposing entity-specific facts."",""Existing applicability intervals: []""]","35c5a20cdfaf4e7e7a788fd82d4c2b997e0fe878efe2392487968b8d61b9029f",""
"entity-turks-and-caicos-islands@1800/area-statistics","entity-turks-and-caicos-islands@1800","","Turks and Caicos Islands","1800","area-statistics","MISSING","C","completely-empty","dependent-administration","true","[]","[]","[]","[]","{""map_identity_id"":""entity-turks-and-caicos-islands"",""aliases"":[],""historical_names"":[],""identifiers"":{}}","[""Snapshot context is not observation date or boundary date."",""Map geometry does not establish sovereignty or succession."",""Resolve historical identity before proposing entity-specific facts."",""Existing applicability intervals: []""]","35c5a20cdfaf4e7e7a788fd82d4c2b997e0fe878efe2392487968b8d61b9029f",""
"entity-turks-and-caicos-islands@1960/area-statistics","entity-turks-and-caicos-islands@1960","","Turks and Caicos Islands","1960","area-statistics","MISSING","C","completely-empty","dependent-administration","true","[]","[]","[]","[]","{""map_identity_id"":""entity-turks-and-caicos-islands"",""aliases"":[],""historical_names"":[],""identifiers"":{}}","[""Snapshot context is not observation date or boundary date."",""Map geometry does not establish sovereignty or succession."",""Resolve historical identity before proposing entity-specific facts."",""Existing applicability intervals: []""]","35c5a20cdfaf4e7e7a788fd82d4c2b997e0fe878efe2392487968b8d61b9029f",""
"entity-kenya@1920/area-statistics","entity-kenya@1920","","Kenya","1920","area-statistics","MISSING","C","completely-empty","dependent-administration","true","[]","[]","[]","[]","{""map_identity_id"":""entity-kenya"",""aliases"":[],""historical_names"":[],""identifiers"":{}}","[""Snapshot context is not observation date or boundary date."",""Map geometry does not establish sovereignty or succession."",""Resolve historical identity before proposing entity-specific facts."",""Existing applicability intervals: []""]","35c5a20cdfaf4e7e7a788fd82d4c2b997e0fe878efe2392487968b8d61b9029f",""
"entity-tukular-caliphate@1878/area-statistics","entity-tukular-caliphate@1878","","Tukular Caliphate","1878","area-statistics","MISSING","C","held-ambiguous","political-polity","true","[]","[]","[]","[]","{""map_identity_id"":""entity-tukular-caliphate"",""aliases"":[],""historical_names"":[],""identifiers"":{}}","[""Snapshot context is not observation date or boundary date."",""Map geometry does not establish sovereignty or succession."",""Resolve historical identity before proposing entity-specific facts."",""Existing applicability intervals: []""]","35c5a20cdfaf4e7e7a788fd82d4c2b997e0fe878efe2392487968b8d61b9029f",""
"entity-tukular-caliphate@1880/area-statistics","entity-tukular-caliphate@1880","","Tukular Caliphate","1880","area-statistics","MISSING","C","held-ambiguous","political-polity","true","[]","[]","[]","[]","{""map_identity_id"":""entity-tukular-caliphate"",""aliases"":[],""historical_names"":[],""identifiers"":{}}","[""Snapshot context is not observation date or boundary date."",""Map geometry does not establish sovereignty or succession."",""Resolve historical identity before proposing entity-specific facts."",""Existing applicability intervals: []""]","35c5a20cdfaf4e7e7a788fd82d4c2b997e0fe878efe2392487968b8d61b9029f",""
"entity-tukular-caliphate@1900/area-statistics","entity-tukular-caliphate@1900","","Tukular Caliphate","1900","area-statistics","MISSING","C","held-ambiguous","political-polity","true","[]","[]","[]","[]","{""map_identity_id"":""entity-tukular-caliphate"",""aliases"":[],""historical_names"":[],""identifiers"":{}}","[""Snapshot context is not observation date or boundary date."",""Map geometry does not establish sovereignty or succession."",""Resolve historical identity before proposing entity-specific facts."",""Existing applicability intervals: []""]","35c5a20cdfaf4e7e7a788fd82d4c2b997e0fe878efe2392487968b8d61b9029f",""
"entity-sultanate-of-utetera@1878/area-statistics","entity-sultanate-of-utetera@1878","","Sultanate of Utetera","1878","area-statistics","MISSING","C","held-ambiguous","political-polity","true","[]","[]","[]","[]","{""map_identity_id"":""entity-sultanate-of-utetera"",""aliases"":[],""historical_names"":[],""identifiers"":{}}","[""Snapshot context is not observation date or boundary date."",""Map geometry does not establish sovereignty or succession."",""Resolve historical identity before proposing entity-specific facts."",""Existing applicability intervals: []""]","35c5a20cdfaf4e7e7a788fd82d4c2b997e0fe878efe2392487968b8d61b9029f",""
"entity-sultanate-of-utetera@1880/area-statistics","entity-sultanate-of-utetera@1880","","Sultanate of Utetera","1880","area-statistics","MISSING","C","held-ambiguous","political-polity","true","[]","[]","[]","[]","{""map_identity_id"":""entity-sultanate-of-utetera"",""aliases"":[],""historical_names"":[],""identifiers"":{}}","[""Snapshot context is not observation date or boundary date."",""Map geometry does not establish sovereignty or succession."",""Resolve historical identity before proposing entity-specific facts."",""Existing applicability intervals: []""]","35c5a20cdfaf4e7e7a788fd82d4c2b997e0fe878efe2392487968b8d61b9029f",""
"entity-sultanate-of-utetera@1900/area-statistics","entity-sultanate-of-utetera@1900","","Sultanate of Utetera","1900","area-statistics","MISSING","C","held-ambiguous","political-polity","true","[]","[]","[]","[]","{""map_identity_id"":""entity-sultanate-of-utetera"",""aliases"":[],""historical_names"":[],""identifiers"":{}}","[""Snapshot context is not observation date or boundary date."",""Map geometry does not establish sovereignty or succession."",""Resolve historical identity before proposing entity-specific facts."",""Existing applicability intervals: []""]","35c5a20cdfaf4e7e7a788fd82d4c2b997e0fe878efe2392487968b8d61b9029f",""
"entity-futa-toro@1878/area-statistics","entity-futa-toro@1878","","Futa Toro","1878","area-statistics","MISSING","C","held-ambiguous","political-polity","true","[]","[]","[]","[]","{""map_identity_id"":""entity-futa-toro"",""aliases"":[],""historical_names"":[],""identifiers"":{}}","[""Snapshot context is not observation date or boundary date."",""Map geometry does not establish sovereignty or succession."",""Resolve historical identity before proposing entity-specific facts."",""Existing applicability intervals: []""]","35c5a20cdfaf4e7e7a788fd82d4c2b997e0fe878efe2392487968b8d61b9029f",""
"entity-futa-toro@1880/area-statistics","entity-futa-toro@1880","","Futa Toro","1880","area-statistics","MISSING","C","held-ambiguous","political-polity","true","[]","[]","[]","[]","{""map_identity_id"":""entity-futa-toro"",""aliases"":[],""historical_names"":[],""identifiers"":{}}","[""Snapshot context is not observation date or boundary date."",""Map geometry does not establish sovereignty or succession."",""Resolve historical identity before proposing entity-specific facts."",""Existing applicability intervals: []""]","35c5a20cdfaf4e7e7a788fd82d4c2b997e0fe878efe2392487968b8d61b9029f",""
"entity-futa-toro@1900/area-statistics","entity-futa-toro@1900","","Futa Toro","1900","area-statistics","MISSING","C","held-ambiguous","political-polity","true","[]","[]","[]","[]","{""map_identity_id"":""entity-futa-toro"",""aliases"":[],""historical_names"":[],""identifiers"":{}}","[""Snapshot context is not observation date or boundary date."",""Map geometry does not establish sovereignty or succession."",""Resolve historical identity before proposing entity-specific facts."",""Existing applicability intervals: []""]","35c5a20cdfaf4e7e7a788fd82d4c2b997e0fe878efe2392487968b8d61b9029f",""
"entity-martinique@1815/area-statistics","entity-martinique@1815","","Martinique","1815","area-statistics","MISSING","C","completely-empty","dependent-administration","true","[]","[]","[]","[]","{""map_identity_id"":""entity-martinique"",""aliases"":[],""historical_names"":[],""identifiers"":{}}","[""Snapshot context is not observation date or boundary date."",""Map geometry does not establish sovereignty or succession."",""Resolve historical identity before proposing entity-specific facts."",""Existing applicability intervals: []""]","35c5a20cdfaf4e7e7a788fd82d4c2b997e0fe878efe2392487968b8d61b9029f",""
"entity-azerbaijan@1914/area-statistics","entity-azerbaijan@1914","","Azerbaijan","1914","area-statistics","MISSING","C","completely-empty","political-polity","true","[]","[]","[]","[]","{""map_identity_id"":""entity-azerbaijan"",""aliases"":[],""historical_names"":[],""identifiers"":{}}","[""Snapshot context is not observation date or boundary date."",""Map geometry does not establish sovereignty or succession."",""Resolve historical identity before proposing entity-specific facts."",""Existing applicability intervals: []""]","35c5a20cdfaf4e7e7a788fd82d4c2b997e0fe878efe2392487968b8d61b9029f",""
"entity-azerbaijan@1930/area-statistics","entity-azerbaijan@1930","","Azerbaijan","1930","area-statistics","MISSING","C","completely-empty","political-polity","true","[]","[]","[]","[]","{""map_identity_id"":""entity-azerbaijan"",""aliases"":[],""historical_names"":[],""identifiers"":{}}","[""Snapshot context is not observation date or boundary date."",""Map geometry does not establish sovereignty or succession."",""Resolve historical identity before proposing entity-specific facts."",""Existing applicability intervals: []""]","35c5a20cdfaf4e7e7a788fd82d4c2b997e0fe878efe2392487968b8d61b9029f",""
"entity-buganda@1900/area-statistics","entity-buganda@1900","","Buganda","1900","area-statistics","MISSING","C","completely-empty","political-polity","true","[]","[]","[]","[]","{""map_identity_id"":""entity-buganda"",""aliases"":[],""historical_names"":[],""identifiers"":{}}","[""Snapshot context is not observation date or boundary date."",""Map geometry does not establish sovereignty or succession."",""Resolve historical identity before proposing entity-specific facts."",""Existing applicability intervals: []""]","35c5a20cdfaf4e7e7a788fd82d4c2b997e0fe878efe2392487968b8d61b9029f",""
"entity-kuwait@1938/area-statistics","entity-kuwait@1938","","Kuwait","1938","area-statistics","MISSING","C","completely-empty","political-polity","true","[]","[]","[]","[]","{""map_identity_id"":""entity-kuwait"",""aliases"":[],""historical_names"":[],""identifiers"":{}}","[""Snapshot context is not observation date or boundary date."",""Map geometry does not establish sovereignty or succession."",""Resolve historical identity before proposing entity-specific facts."",""Existing applicability intervals: []""]","35c5a20cdfaf4e7e7a788fd82d4c2b997e0fe878efe2392487968b8d61b9029f",""
"entity-spanish-guinea@1880/area-statistics","entity-spanish-guinea@1880","","Spanish Guinea","1880","area-statistics","MISSING","C","completely-empty","dependent-administration","true","[]","[]","[]","[]","{""map_identity_id"":""entity-spanish-guinea"",""aliases"":[],""historical_names"":[],""identifiers"":{}}","[""Snapshot context is not observation date or boundary date."",""Map geometry does not establish sovereignty or succession."",""Resolve historical identity before proposing entity-specific facts."",""Existing applicability intervals: []""]","35c5a20cdfaf4e7e7a788fd82d4c2b997e0fe878efe2392487968b8d61b9029f",""
"entity-spanish-guinea@1900/area-statistics","entity-spanish-guinea@1900","","Spanish Guinea","1900","area-statistics","MISSING","C","completely-empty","dependent-administration","true","[]","[]","[]","[]","{""map_identity_id"":""entity-spanish-guinea"",""aliases"":[],""historical_names"":[],""identifiers"":{}}","[""Snapshot context is not observation date or boundary date."",""Map geometry does not establish sovereignty or succession."",""Resolve historical identity before proposing entity-specific facts."",""Existing applicability intervals: []""]","35c5a20cdfaf4e7e7a788fd82d4c2b997e0fe878efe2392487968b8d61b9029f",""
"entity-british-guiana@1800/area-statistics","entity-british-guiana@1800","","British Guiana","1800","area-statistics","MISSING","C","held-ambiguous","dependent-administration","true","[]","[]","[]","[]","{""map_identity_id"":""entity-british-guiana"",""aliases"":[],""historical_names"":[],""identifiers"":{}}","[""Snapshot context is not observation date or boundary date."",""Map geometry does not establish sovereignty or succession."",""Resolve historical identity before proposing entity-specific facts."",""Existing applicability intervals: []""]","35c5a20cdfaf4e7e7a788fd82d4c2b997e0fe878efe2392487968b8d61b9029f",""
"entity-british-guiana@1878/area-statistics","entity-british-guiana@1878","british-guiana-court-policy-framework","British Guiana — Court of Policy framework","1878","area-statistics","MISSING","C","partially-supported","dependent-administration","false","[]","[]","[]","[]","{""map_identity_id"":""entity-british-guiana"",""aliases"":[],""historical_names"":[{""value"":""British Guiana — Court of Policy framework"",""kind"":""primary"",""validFrom"":""1914-01-01"",""validUntil"":""1928-01-01""},{""value"":""British Guiana — Court of Policy framework"",""kind"":""primary"",""validFrom"":""1832-01-01"",""validUntil"":""1914-01-01""}],""identifiers"":{}}","[""Snapshot context is not observation date or boundary date."",""Map geometry does not establish sovereignty or succession."",""Existing applicability intervals: []""]","35c5a20cdfaf4e7e7a788fd82d4c2b997e0fe878efe2392487968b8d61b9029f",""
"entity-british-guiana@1880/area-statistics","entity-british-guiana@1880","british-guiana-court-policy-framework","British Guiana — Court of Policy framework","1880","area-statistics","MISSING","C","partially-supported","dependent-administration","false","[]","[]","[]","[]","{""map_identity_id"":""entity-british-guiana"",""aliases"":[],""historical_names"":[{""value"":""British Guiana — Court of Policy framework"",""kind"":""primary"",""validFrom"":""1914-01-01"",""validUntil"":""1928-01-01""},{""value"":""British Guiana — Court of Policy framework"",""kind"":""primary"",""validFrom"":""1832-01-01"",""validUntil"":""1914-01-01""}],""identifiers"":{}}","[""Snapshot context is not observation date or boundary date."",""Map geometry does not establish sovereignty or succession."",""Existing applicability intervals: []""]","35c5a20cdfaf4e7e7a788fd82d4c2b997e0fe878efe2392487968b8d61b9029f",""
"entity-british-guiana@1900/area-statistics","entity-british-guiana@1900","british-guiana-court-policy-framework","British Guiana — Court of Policy framework","1900","area-statistics","MISSING","C","partially-supported","dependent-administration","false","[]","[]","[]","[]","{""map_identity_id"":""entity-british-guiana"",""aliases"":[],""historical_names"":[{""value"":""British Guiana — Court of Policy framework"",""kind"":""primary"",""validFrom"":""1914-01-01"",""validUntil"":""1928-01-01""},{""value"":""British Guiana — Court of Policy framework"",""kind"":""primary"",""validFrom"":""1832-01-01"",""validUntil"":""1914-01-01""}],""identifiers"":{}}","[""Snapshot context is not observation date or boundary date."",""Map geometry does not establish sovereignty or succession."",""Existing applicability intervals: []""]","35c5a20cdfaf4e7e7a788fd82d4c2b997e0fe878efe2392487968b8d61b9029f",""
"entity-kingdom-of-hawaii@1815/area-statistics","entity-kingdom-of-hawaii@1815","hawaii-1815-royal-core","Hawaiian Kingdom — Kamehameha’s royal government in 1815","1815","area-statistics","MISSING","C","partially-supported","political-polity","false","[]","[]","[]","[]","{""map_identity_id"":""entity-kingdom-of-hawaii"",""aliases"":[],""historical_names"":[{""value"":""Hawaiian Kingdom — Kamehameha’s royal government in 1815"",""kind"":""primary"",""validFrom"":""1815-01-01"",""validUntil"":""1816-01-01""}],""identifiers"":{}}","[""Snapshot context is not observation date or boundary date."",""Map geometry does not establish sovereignty or succession."",""Existing applicability intervals: []""]","35c5a20cdfaf4e7e7a788fd82d4c2b997e0fe878efe2392487968b8d61b9029f",""
"entity-kingdom-of-hawaii@1878/area-statistics","entity-kingdom-of-hawaii@1878","hawaii-kalakaua-royal-core","Hawaiian Kingdom — royal government around 1880","1878","area-statistics","MISSING","C","partially-supported","political-polity","false","[]","[]","[]","[]","{""map_identity_id"":""entity-kingdom-of-hawaii"",""aliases"":[],""historical_names"":[{""value"":""Hawaiian Kingdom — royal government around 1880"",""kind"":""primary"",""validFrom"":""1878-01-01"",""validUntil"":""1881-01-01""}],""identifiers"":{}}","[""Snapshot context is not observation date or boundary date."",""Map geometry does not establish sovereignty or succession."",""Existing applicability intervals: []""]","35c5a20cdfaf4e7e7a788fd82d4c2b997e0fe878efe2392487968b8d61b9029f",""
"entity-kingdom-of-hawaii@1880/area-statistics","entity-kingdom-of-hawaii@1880","hawaii-kalakaua-royal-core","Hawaiian Kingdom — royal government around 1880","1880","area-statistics","MISSING","C","partially-supported","political-polity","false","[]","[]","[]","[]","{""map_identity_id"":""entity-kingdom-of-hawaii"",""aliases"":[],""historical_names"":[{""value"":""Hawaiian Kingdom — royal government around 1880"",""kind"":""primary"",""validFrom"":""1878-01-01"",""validUntil"":""1881-01-01""}],""identifiers"":{}}","[""Snapshot context is not observation date or boundary date."",""Map geometry does not establish sovereignty or succession."",""Existing applicability intervals: []""]","35c5a20cdfaf4e7e7a788fd82d4c2b997e0fe878efe2392487968b8d61b9029f",""
"entity-kingdom-of-hawaii@1900/area-statistics","entity-kingdom-of-hawaii@1900","","Kingdom of Hawaii","1900","area-statistics","MISSING","C","held-ambiguous","political-polity","true","[]","[]","[]","[]","{""map_identity_id"":""entity-kingdom-of-hawaii"",""aliases"":[],""historical_names"":[],""identifiers"":{}}","[""Snapshot context is not observation date or boundary date."",""Map geometry does not establish sovereignty or succession."",""Resolve historical identity before proposing entity-specific facts."",""Existing applicability intervals: []""]","35c5a20cdfaf4e7e7a788fd82d4c2b997e0fe878efe2392487968b8d61b9029f",""
"entity-hail@1920/area-statistics","entity-hail@1920","hail-rashidi-1920-core","Hail — Rashidi authority in 1920","1920","area-statistics","MISSING","C","partially-supported","political-polity","false","[]","[]","[]","[]","{""map_identity_id"":""entity-hail"",""aliases"":[],""historical_names"":[{""value"":""Hail — Rashidi authority in 1920"",""kind"":""primary"",""validFrom"":""1920-01-01"",""validUntil"":""1921-01-01""}],""identifiers"":{}}","[""Snapshot context is not observation date or boundary date."",""Map geometry does not establish sovereignty or succession."",""Existing applicability intervals: []""]","35c5a20cdfaf4e7e7a788fd82d4c2b997e0fe878efe2392487968b8d61b9029f",""
"entity-hail@1930/area-statistics","entity-hail@1930","","Hail","1930","area-statistics","MISSING","C","held-ambiguous","political-polity","true","[]","[]","[]","[]","{""map_identity_id"":""entity-hail"",""aliases"":[],""historical_names"":[],""identifiers"":{}}","[""Snapshot context is not observation date or boundary date."",""Map geometry does not establish sovereignty or succession."",""Resolve historical identity before proposing entity-specific facts."",""Existing applicability intervals: []""]","35c5a20cdfaf4e7e7a788fd82d4c2b997e0fe878efe2392487968b8d61b9029f",""
"entity-hail@1938/area-statistics","entity-hail@1938","","Hail","1938","area-statistics","MISSING","C","held-ambiguous","political-polity","true","[]","[]","[]","[]","{""map_identity_id"":""entity-hail"",""aliases"":[],""historical_names"":[],""identifiers"":{}}","[""Snapshot context is not observation date or boundary date."",""Map geometry does not establish sovereignty or succession."",""Resolve historical identity before proposing entity-specific facts."",""Existing applicability intervals: []""]","35c5a20cdfaf4e7e7a788fd82d4c2b997e0fe878efe2392487968b8d61b9029f",""
"entity-georgia@1914/area-statistics","entity-georgia@1914","","Georgia","1914","area-statistics","MISSING","C","completely-empty","political-polity","true","[]","[]","[]","[]","{""map_identity_id"":""entity-georgia"",""aliases"":[],""historical_names"":[],""identifiers"":{}}","[""Snapshot context is not observation date or boundary date."",""Map geometry does not establish sovereignty or succession."",""Resolve historical identity before proposing entity-specific facts."",""Existing applicability intervals: []""]","35c5a20cdfaf4e7e7a788fd82d4c2b997e0fe878efe2392487968b8d61b9029f",""
"entity-georgia@1930/area-statistics","entity-georgia@1930","","Georgia","1930","area-statistics","MISSING","C","completely-empty","political-polity","true","[]","[]","[]","[]","{""map_identity_id"":""entity-georgia"",""aliases"":[],""historical_names"":[],""identifiers"":{}}","[""Snapshot context is not observation date or boundary date."",""Map geometry does not establish sovereignty or succession."",""Resolve historical identity before proposing entity-specific facts."",""Existing applicability intervals: []""]","35c5a20cdfaf4e7e7a788fd82d4c2b997e0fe878efe2392487968b8d61b9029f",""
"entity-israel@1938/area-statistics","entity-israel@1938","","Israel","1938","area-statistics","MISSING","C","held-ambiguous","political-polity","true","[]","[]","[]","[]","{""map_identity_id"":""entity-israel"",""aliases"":[],""historical_names"":[],""identifiers"":{}}","[""Snapshot context is not observation date or boundary date."",""Map geometry does not establish sovereignty or succession."",""Resolve historical identity before proposing entity-specific facts."",""Existing applicability intervals: []""]","35c5a20cdfaf4e7e7a788fd82d4c2b997e0fe878efe2392487968b8d61b9029f",""
"entity-israel@1945/area-statistics","entity-israel@1945","","Israel","1945","area-statistics","MISSING","C","held-ambiguous","political-polity","true","[]","[]","[]","[]","{""map_identity_id"":""entity-israel"",""aliases"":[],""historical_names"":[],""identifiers"":{}}","[""Snapshot context is not observation date or boundary date."",""Map geometry does not establish sovereignty or succession."",""Resolve historical identity before proposing entity-specific facts."",""Existing applicability intervals: []""]","35c5a20cdfaf4e7e7a788fd82d4c2b997e0fe878efe2392487968b8d61b9029f",""
"entity-israel@1960/area-statistics","entity-israel@1960","israel-1958-knesset-core","Israel — elected Knesset framework","1960","area-statistics","MISSING","C","partially-supported","political-polity","false","[]","[]","[]","[]","{""map_identity_id"":""entity-israel"",""aliases"":[],""historical_names"":[{""value"":""Israel — elected Knesset framework"",""kind"":""primary"",""validFrom"":""1959-01-01"",""validUntil"":""1961-01-01""}],""identifiers"":{}}","[""Snapshot context is not observation date or boundary date."",""Map geometry does not establish sovereignty or succession."",""Existing applicability intervals: []""]","35c5a20cdfaf4e7e7a788fd82d4c2b997e0fe878efe2392487968b8d61b9029f",""
"entity-bahamas@1800/area-statistics","entity-bahamas@1800","","Bahamas","1800","area-statistics","MISSING","C","completely-empty","dependent-administration","true","[]","[]","[]","[]","{""map_identity_id"":""entity-bahamas"",""aliases"":[],""historical_names"":[],""identifiers"":{}}","[""Snapshot context is not observation date or boundary date."",""Map geometry does not establish sovereignty or succession."",""Resolve historical identity before proposing entity-specific facts."",""Existing applicability intervals: []""]","35c5a20cdfaf4e7e7a788fd82d4c2b997e0fe878efe2392487968b8d61b9029f",""
"entity-jamaica@1960/area-statistics","entity-jamaica@1960","","Jamaica","1960","area-statistics","MISSING","C","completely-empty","dependent-administration","true","[]","[]","[]","[]","{""map_identity_id"":""entity-jamaica"",""aliases"":[],""historical_names"":[],""identifiers"":{}}","[""Snapshot context is not observation date or boundary date."",""Map geometry does not establish sovereignty or succession."",""Resolve historical identity before proposing entity-specific facts."",""Existing applicability intervals: []""]","35c5a20cdfaf4e7e7a788fd82d4c2b997e0fe878efe2392487968b8d61b9029f",""
"entity-zululand@1900/area-statistics","entity-zululand@1900","","Zululand","1900","area-statistics","MISSING","C","completely-empty","dependent-administration","true","[]","[]","[]","[]","{""map_identity_id"":""entity-zululand"",""aliases"":[],""historical_names"":[],""identifiers"":{}}","[""Snapshot context is not observation date or boundary date."",""Map geometry does not establish sovereignty or succession."",""Resolve historical identity before proposing entity-specific facts."",""Existing applicability intervals: []""]","35c5a20cdfaf4e7e7a788fd82d4c2b997e0fe878efe2392487968b8d61b9029f",""
"entity-somalia@1815/area-statistics","entity-somalia@1815","","Somalia","1815","area-statistics","MISSING","C","held-ambiguous","dependent-administration","true","[]","[]","[]","[]","{""map_identity_id"":""entity-somalia"",""aliases"":[],""historical_names"":[],""identifiers"":{}}","[""Snapshot context is not observation date or boundary date."",""Map geometry does not establish sovereignty or succession."",""Resolve historical identity before proposing entity-specific facts."",""Existing applicability intervals: []""]","35c5a20cdfaf4e7e7a788fd82d4c2b997e0fe878efe2392487968b8d61b9029f",""
"entity-somalia@1945/area-statistics","entity-somalia@1945","somalia-south-1945-military-core","Former Italian Somaliland — British military administration in 1945","1945","area-statistics","MISSING","C","partially-supported","dependent-administration","false","[]","[]","[]","[]","{""map_identity_id"":""entity-somalia"",""aliases"":[],""historical_names"":[{""value"":""Former Italian Somaliland — British military administration in 1945"",""kind"":""primary"",""validFrom"":""1945-01-01"",""validUntil"":""1946-01-01""}],""identifiers"":{}}","[""Snapshot context is not observation date or boundary date."",""Map geometry does not establish sovereignty or succession."",""Existing applicability intervals: []""]","35c5a20cdfaf4e7e7a788fd82d4c2b997e0fe878efe2392487968b8d61b9029f",""
"entity-somalia@1960/area-statistics","entity-somalia@1960","","Somalia","1960","area-statistics","MISSING","C","held-ambiguous","dependent-administration","true","[]","[]","[]","[]","{""map_identity_id"":""entity-somalia"",""aliases"":[],""historical_names"":[],""identifiers"":{}}","[""Snapshot context is not observation date or boundary date."",""Map geometry does not establish sovereignty or succession."",""Resolve historical identity before proposing entity-specific facts."",""Existing applicability intervals: []""]","35c5a20cdfaf4e7e7a788fd82d4c2b997e0fe878efe2392487968b8d61b9029f",""
"entity-hejaz@1920/area-statistics","entity-hejaz@1920","hejaz-hussein-1920-core","Hejaz — Hussein’s kingdom in 1920","1920","area-statistics","MISSING","C","partially-supported","political-polity","false","[]","[]","[]","[]","{""map_identity_id"":""entity-hejaz"",""aliases"":[],""historical_names"":[{""value"":""Hejaz — Hussein’s kingdom in 1920"",""kind"":""primary"",""validFrom"":""1920-01-01"",""validUntil"":""1921-01-01""}],""identifiers"":{}}","[""Snapshot context is not observation date or boundary date."",""Map geometry does not establish sovereignty or succession."",""Existing applicability intervals: []""]","35c5a20cdfaf4e7e7a788fd82d4c2b997e0fe878efe2392487968b8d61b9029f",""
"entity-hejaz@1930/area-statistics","entity-hejaz@1930","hejaz-najd-1927-composite-core","Hejaz and Najd — Abdulaziz’s paired crowns","1930","area-statistics","MISSING","C","partially-supported","political-polity","false","[]","[]","[]","[]","{""map_identity_id"":""entity-hejaz"",""aliases"":[],""historical_names"":[{""value"":""Hejaz and Najd — Abdulaziz’s paired crowns"",""kind"":""primary"",""validFrom"":""1928-01-01"",""validUntil"":""1932-09-23""}],""identifiers"":{}}","[""Snapshot context is not observation date or boundary date."",""Map geometry does not establish sovereignty or succession."",""Existing applicability intervals: []""]","35c5a20cdfaf4e7e7a788fd82d4c2b997e0fe878efe2392487968b8d61b9029f",""
"entity-hejaz@1938/area-statistics","entity-hejaz@1938","","Hejaz","1938","area-statistics","MISSING","C","held-ambiguous","political-polity","true","[]","[]","[]","[]","{""map_identity_id"":""entity-hejaz"",""aliases"":[],""historical_names"":[],""identifiers"":{}}","[""Snapshot context is not observation date or boundary date."",""Map geometry does not establish sovereignty or succession."",""Resolve historical identity before proposing entity-specific facts."",""Existing applicability intervals: []""]","35c5a20cdfaf4e7e7a788fd82d4c2b997e0fe878efe2392487968b8d61b9029f",""
"entity-zimbabwe@1920/area-statistics","entity-zimbabwe@1920","","Zimbabwe","1920","area-statistics","MISSING","C","completely-empty","dependent-administration","true","[]","[]","[]","[]","{""map_identity_id"":""entity-zimbabwe"",""aliases"":[],""historical_names"":[],""identifiers"":{}}","[""Snapshot context is not observation date or boundary date."",""Map geometry does not establish sovereignty or succession."",""Resolve historical identity before proposing entity-specific facts."",""Existing applicability intervals: []""]","35c5a20cdfaf4e7e7a788fd82d4c2b997e0fe878efe2392487968b8d61b9029f",""
"entity-muscat-and-oman@1920/area-statistics","entity-muscat-and-oman@1920","","Muscat and Oman","1920","area-statistics","MISSING","C","completely-empty","political-polity","true","[]","[]","[]","[]","{""map_identity_id"":""entity-muscat-and-oman"",""aliases"":[],""historical_names"":[],""identifiers"":{}}","[""Snapshot context is not observation date or boundary date."",""Map geometry does not establish sovereignty or succession."",""Resolve historical identity before proposing entity-specific facts."",""Existing applicability intervals: []""]","35c5a20cdfaf4e7e7a788fd82d4c2b997e0fe878efe2392487968b8d61b9029f",""
"entity-imerina@1900/area-statistics","entity-imerina@1900","","Imerina","1900","area-statistics","MISSING","C","completely-empty","political-polity","true","[]","[]","[]","[]","{""map_identity_id"":""entity-imerina"",""aliases"":[],""historical_names"":[],""identifiers"":{}}","[""Snapshot context is not observation date or boundary date."",""Map geometry does not establish sovereignty or succession."",""Resolve historical identity before proposing entity-specific facts."",""Existing applicability intervals: []""]","35c5a20cdfaf4e7e7a788fd82d4c2b997e0fe878efe2392487968b8d61b9029f",""
"entity-harer-egypt@1878/area-statistics","entity-harer-egypt@1878","harer-egyptian-1880-core","Harer — Egyptian occupation around 1880","1878","area-statistics","MISSING","C","partially-supported","dependent-administration","false","[]","[]","[]","[]","{""map_identity_id"":""entity-harer-egypt"",""aliases"":[],""historical_names"":[{""value"":""Harer — Egyptian occupation around 1880"",""kind"":""primary"",""validFrom"":""1878-01-01"",""validUntil"":""1881-01-01""}],""identifiers"":{}}","[""Snapshot context is not observation date or boundary date."",""Map geometry does not establish sovereignty or succession."",""Existing applicability intervals: []""]","35c5a20cdfaf4e7e7a788fd82d4c2b997e0fe878efe2392487968b8d61b9029f",""
"entity-harer-egypt@1880/area-statistics","entity-harer-egypt@1880","harer-egyptian-1880-core","Harer — Egyptian occupation around 1880","1880","area-statistics","MISSING","C","partially-supported","dependent-administration","false","[]","[]","[]","[]","{""map_identity_id"":""entity-harer-egypt"",""aliases"":[],""historical_names"":[{""value"":""Harer — Egyptian occupation around 1880"",""kind"":""primary"",""validFrom"":""1878-01-01"",""validUntil"":""1881-01-01""}],""identifiers"":{}}","[""Snapshot context is not observation date or boundary date."",""Map geometry does not establish sovereignty or succession."",""Existing applicability intervals: []""]","35c5a20cdfaf4e7e7a788fd82d4c2b997e0fe878efe2392487968b8d61b9029f",""
"entity-harer-egypt@1900/area-statistics","entity-harer-egypt@1900","","Harer (Egypt)","1900","area-statistics","MISSING","C","held-ambiguous","dependent-administration","true","[]","[]","[]","[]","{""map_identity_id"":""entity-harer-egypt"",""aliases"":[],""historical_names"":[],""identifiers"":{}}","[""Snapshot context is not observation date or boundary date."",""Map geometry does not establish sovereignty or succession."",""Resolve historical identity before proposing entity-specific facts."",""Existing applicability intervals: []""]","35c5a20cdfaf4e7e7a788fd82d4c2b997e0fe878efe2392487968b8d61b9029f",""
"entity-kuba@1900/area-statistics","entity-kuba@1900","","Kuba","1900","area-statistics","MISSING","C","completely-empty","political-polity","true","[]","[]","[]","[]","{""map_identity_id"":""entity-kuba"",""aliases"":[],""historical_names"":[],""identifiers"":{}}","[""Snapshot context is not observation date or boundary date."",""Map geometry does not establish sovereignty or succession."",""Resolve historical identity before proposing entity-specific facts."",""Existing applicability intervals: []""]","35c5a20cdfaf4e7e7a788fd82d4c2b997e0fe878efe2392487968b8d61b9029f",""
"entity-mandatory-palestine-gb@1920/area-statistics","entity-mandatory-palestine-gb@1920","","Mandatory Palestine (GB)","1920","area-statistics","MISSING","C","completely-empty","dependent-administration","true","[]","[]","[]","[]","{""map_identity_id"":""entity-mandatory-palestine-gb"",""aliases"":[],""historical_names"":[],""identifiers"":{}}","[""Snapshot context is not observation date or boundary date."",""Map geometry does not establish sovereignty or succession."",""Resolve historical identity before proposing entity-specific facts."",""Existing applicability intervals: []""]","35c5a20cdfaf4e7e7a788fd82d4c2b997e0fe878efe2392487968b8d61b9029f",""
"entity-rwanda-belgium@1920/area-statistics","entity-rwanda-belgium@1920","","Rwanda (Belgium)","1920","area-statistics","MISSING","C","completely-empty","dependent-administration","true","[]","[]","[]","[]","{""map_identity_id"":""entity-rwanda-belgium"",""aliases"":[],""historical_names"":[],""identifiers"":{}}","[""Snapshot context is not observation date or boundary date."",""Map geometry does not establish sovereignty or succession."",""Resolve historical identity before proposing entity-specific facts."",""Existing applicability intervals: []""]","35c5a20cdfaf4e7e7a788fd82d4c2b997e0fe878efe2392487968b8d61b9029f",""
"entity-dendi-kingdom@1878/area-statistics","entity-dendi-kingdom@1878","","Dendi Kingdom","1878","area-statistics","MISSING","C","held-ambiguous","political-polity","true","[]","[]","[]","[]","{""map_identity_id"":""entity-dendi-kingdom"",""aliases"":[],""historical_names"":[],""identifiers"":{}}","[""Snapshot context is not observation date or boundary date."",""Map geometry does not establish sovereignty or succession."",""Resolve historical identity before proposing entity-specific facts."",""Existing applicability intervals: []""]","35c5a20cdfaf4e7e7a788fd82d4c2b997e0fe878efe2392487968b8d61b9029f",""
"entity-dendi-kingdom@1880/area-statistics","entity-dendi-kingdom@1880","","Dendi Kingdom","1880","area-statistics","MISSING","C","held-ambiguous","political-polity","true","[]","[]","[]","[]","{""map_identity_id"":""entity-dendi-kingdom"",""aliases"":[],""historical_names"":[],""identifiers"":{}}","[""Snapshot context is not observation date or boundary date."",""Map geometry does not establish sovereignty or succession."",""Resolve historical identity before proposing entity-specific facts."",""Existing applicability intervals: []""]","35c5a20cdfaf4e7e7a788fd82d4c2b997e0fe878efe2392487968b8d61b9029f",""
"entity-wassoulou-empire@1878/area-statistics","entity-wassoulou-empire@1878","","Wassoulou Empire","1878","area-statistics","MISSING","C","completely-empty","political-polity","true","[]","[]","[]","[]","{""map_identity_id"":""entity-wassoulou-empire"",""aliases"":[],""historical_names"":[],""identifiers"":{}}","[""Snapshot context is not observation date or boundary date."",""Map geometry does not establish sovereignty or succession."",""Resolve historical identity before proposing entity-specific facts."",""Existing applicability intervals: []""]","35c5a20cdfaf4e7e7a788fd82d4c2b997e0fe878efe2392487968b8d61b9029f",""
"entity-wassoulou-empire@1880/area-statistics","entity-wassoulou-empire@1880","","Wassoulou Empire","1880","area-statistics","MISSING","C","completely-empty","political-polity","true","[]","[]","[]","[]","{""map_identity_id"":""entity-wassoulou-empire"",""aliases"":[],""historical_names"":[],""identifiers"":{}}","[""Snapshot context is not observation date or boundary date."",""Map geometry does not establish sovereignty or succession."",""Resolve historical identity before proposing entity-specific facts."",""Existing applicability intervals: []""]","35c5a20cdfaf4e7e7a788fd82d4c2b997e0fe878efe2392487968b8d61b9029f",""
"entity-futa-jalon@1878/area-statistics","entity-futa-jalon@1878","futa-jalon-1880-imamate-core","Futa Jalon — Islamic state around 1880","1878","area-statistics","MISSING","C","partially-supported","political-polity","false","[]","[]","[]","[]","{""map_identity_id"":""entity-futa-jalon"",""aliases"":[],""historical_names"":[{""value"":""Futa Jalon — Islamic state around 1880"",""kind"":""primary"",""validFrom"":""1878-01-01"",""validUntil"":""1881-01-01""}],""identifiers"":{}}","[""Snapshot context is not observation date or boundary date."",""Map geometry does not establish sovereignty or succession."",""Existing applicability intervals: []""]","35c5a20cdfaf4e7e7a788fd82d4c2b997e0fe878efe2392487968b8d61b9029f",""
"entity-futa-jalon@1880/area-statistics","entity-futa-jalon@1880","futa-jalon-1880-imamate-core","Futa Jalon — Islamic state around 1880","1880","area-statistics","MISSING","C","partially-supported","political-polity","false","[]","[]","[]","[]","{""map_identity_id"":""entity-futa-jalon"",""aliases"":[],""historical_names"":[{""value"":""Futa Jalon — Islamic state around 1880"",""kind"":""primary"",""validFrom"":""1878-01-01"",""validUntil"":""1881-01-01""}],""identifiers"":{}}","[""Snapshot context is not observation date or boundary date."",""Map geometry does not establish sovereignty or succession."",""Existing applicability intervals: []""]","35c5a20cdfaf4e7e7a788fd82d4c2b997e0fe878efe2392487968b8d61b9029f",""
"entity-futa-jalon@1900/area-statistics","entity-futa-jalon@1900","","Futa Jalon","1900","area-statistics","MISSING","C","held-ambiguous","political-polity","true","[]","[]","[]","[]","{""map_identity_id"":""entity-futa-jalon"",""aliases"":[],""historical_names"":[],""identifiers"":{}}","[""Snapshot context is not observation date or boundary date."",""Map geometry does not establish sovereignty or succession."",""Resolve historical identity before proposing entity-specific facts."",""Existing applicability intervals: []""]","35c5a20cdfaf4e7e7a788fd82d4c2b997e0fe878efe2392487968b8d61b9029f",""
"entity-tu-i-tonga-empire@1800/area-statistics","entity-tu-i-tonga-empire@1800","","Tuʻi Tonga Empire","1800","area-statistics","MISSING","C","held-ambiguous","political-polity","true","[]","[]","[]","[]","{""map_identity_id"":""entity-tu-i-tonga-empire"",""aliases"":[],""historical_names"":[],""identifiers"":{}}","[""Snapshot context is not observation date or boundary date."",""Map geometry does not establish sovereignty or succession."",""Resolve historical identity before proposing entity-specific facts."",""Existing applicability intervals: []""]","35c5a20cdfaf4e7e7a788fd82d4c2b997e0fe878efe2392487968b8d61b9029f",""
"entity-tu-i-tonga-empire@1815/area-statistics","entity-tu-i-tonga-empire@1815","","Tuʻi Tonga Empire","1815","area-statistics","MISSING","C","held-ambiguous","political-polity","true","[]","[]","[]","[]","{""map_identity_id"":""entity-tu-i-tonga-empire"",""aliases"":[],""historical_names"":[],""identifiers"":{}}","[""Snapshot context is not observation date or boundary date."",""Map geometry does not establish sovereignty or succession."",""Resolve historical identity before proposing entity-specific facts."",""Existing applicability intervals: []""]","35c5a20cdfaf4e7e7a788fd82d4c2b997e0fe878efe2392487968b8d61b9029f",""
"entity-delagoa-bay@1800/area-statistics","entity-delagoa-bay@1800","","Delagoa Bay","1800","area-statistics","MISSING","C","held-ambiguous","dependent-administration","true","[]","[]","[]","[]","{""map_identity_id"":""entity-delagoa-bay"",""aliases"":[],""historical_names"":[],""identifiers"":{}}","[""Snapshot context is not observation date or boundary date."",""Map geometry does not establish sovereignty or succession."",""Resolve historical identity before proposing entity-specific facts."",""Existing applicability intervals: []""]","35c5a20cdfaf4e7e7a788fd82d4c2b997e0fe878efe2392487968b8d61b9029f",""
"entity-delagoa-bay@1815/area-statistics","entity-delagoa-bay@1815","","Delagoa Bay","1815","area-statistics","MISSING","C","held-ambiguous","dependent-administration","true","[]","[]","[]","[]","{""map_identity_id"":""entity-delagoa-bay"",""aliases"":[],""historical_names"":[],""identifiers"":{}}","[""Snapshot context is not observation date or boundary date."",""Map geometry does not establish sovereignty or succession."",""Resolve historical identity before proposing entity-specific facts."",""Existing applicability intervals: []""]","35c5a20cdfaf4e7e7a788fd82d4c2b997e0fe878efe2392487968b8d61b9029f",""
"entity-opobo@1878/area-statistics","entity-opobo@1878","opobo-jaja-pre1884-core","Opobo — Jaja’s treaty-recognised kingship","1878","area-statistics","MISSING","C","partially-supported","political-polity","false","[]","[]","[]","[]","{""map_identity_id"":""entity-opobo"",""aliases"":[],""historical_names"":[{""value"":""Opobo — Jaja’s treaty-recognised kingship"",""kind"":""primary"",""validFrom"":""1878-01-01"",""validUntil"":""1881-01-01""}],""identifiers"":{}}","[""Snapshot context is not observation date or boundary date."",""Map geometry does not establish sovereignty or succession."",""Existing applicability intervals: []""]","35c5a20cdfaf4e7e7a788fd82d4c2b997e0fe878efe2392487968b8d61b9029f",""
"entity-opobo@1880/area-statistics","entity-opobo@1880","opobo-jaja-pre1884-core","Opobo — Jaja’s treaty-recognised kingship","1880","area-statistics","MISSING","C","partially-supported","political-polity","false","[]","[]","[]","[]","{""map_identity_id"":""entity-opobo"",""aliases"":[],""historical_names"":[{""value"":""Opobo — Jaja’s treaty-recognised kingship"",""kind"":""primary"",""validFrom"":""1878-01-01"",""validUntil"":""1881-01-01""}],""identifiers"":{}}","[""Snapshot context is not observation date or boundary date."",""Map geometry does not establish sovereignty or succession."",""Existing applicability intervals: []""]","35c5a20cdfaf4e7e7a788fd82d4c2b997e0fe878efe2392487968b8d61b9029f",""
"entity-opobo@1900/area-statistics","entity-opobo@1900","","Opobo","1900","area-statistics","MISSING","C","held-ambiguous","political-polity","true","[]","[]","[]","[]","{""map_identity_id"":""entity-opobo"",""aliases"":[],""historical_names"":[],""identifiers"":{}}","[""Snapshot context is not observation date or boundary date."",""Map geometry does not establish sovereignty or succession."",""Resolve historical identity before proposing entity-specific facts."",""Existing applicability intervals: []""]","35c5a20cdfaf4e7e7a788fd82d4c2b997e0fe878efe2392487968b8d61b9029f",""
"entity-anhalt@1800/area-statistics","entity-anhalt@1800","","Anhalt","1800","area-statistics","MISSING","C","held-ambiguous","political-polity","true","[]","[]","[]","[]","{""map_identity_id"":""entity-anhalt"",""aliases"":[],""historical_names"":[],""identifiers"":{}}","[""Snapshot context is not observation date or boundary date."",""Map geometry does not establish sovereignty or succession."",""Resolve historical identity before proposing entity-specific facts."",""Existing applicability intervals: []""]","35c5a20cdfaf4e7e7a788fd82d4c2b997e0fe878efe2392487968b8d61b9029f",""
"entity-anhalt@1815/area-statistics","entity-anhalt@1815","","Anhalt","1815","area-statistics","MISSING","C","held-ambiguous","political-polity","true","[]","[]","[]","[]","{""map_identity_id"":""entity-anhalt"",""aliases"":[],""historical_names"":[],""identifiers"":{}}","[""Snapshot context is not observation date or boundary date."",""Map geometry does not establish sovereignty or succession."",""Resolve historical identity before proposing entity-specific facts."",""Existing applicability intervals: []""]","35c5a20cdfaf4e7e7a788fd82d4c2b997e0fe878efe2392487968b8d61b9029f",""
"entity-hohenzollern@1800/area-statistics","entity-hohenzollern@1800","","Hohenzollern","1800","area-statistics","MISSING","C","held-ambiguous","political-polity","true","[]","[]","[]","[]","{""map_identity_id"":""entity-hohenzollern"",""aliases"":[],""historical_names"":[],""identifiers"":{}}","[""Snapshot context is not observation date or boundary date."",""Map geometry does not establish sovereignty or succession."",""Resolve historical identity before proposing entity-specific facts."",""Existing applicability intervals: []""]","35c5a20cdfaf4e7e7a788fd82d4c2b997e0fe878efe2392487968b8d61b9029f",""
"entity-hohenzollern@1815/area-statistics","entity-hohenzollern@1815","","Hohenzollern","1815","area-statistics","MISSING","C","held-ambiguous","political-polity","true","[]","[]","[]","[]","{""map_identity_id"":""entity-hohenzollern"",""aliases"":[],""historical_names"":[],""identifiers"":{}}","[""Snapshot context is not observation date or boundary date."",""Map geometry does not establish sovereignty or succession."",""Resolve historical identity before proposing entity-specific facts."",""Existing applicability intervals: []""]","35c5a20cdfaf4e7e7a788fd82d4c2b997e0fe878efe2392487968b8d61b9029f",""
"entity-lithuania@1938/area-statistics","entity-lithuania@1938","","Lithuania","1938","area-statistics","MISSING","C","completely-empty","political-polity","true","[]","[]","[]","[]","{""map_identity_id"":""entity-lithuania"",""aliases"":[],""historical_names"":[],""identifiers"":{}}","[""Snapshot context is not observation date or boundary date."",""Map geometry does not establish sovereignty or succession."",""Resolve historical identity before proposing entity-specific facts."",""Existing applicability intervals: []""]","35c5a20cdfaf4e7e7a788fd82d4c2b997e0fe878efe2392487968b8d61b9029f",""
"entity-burkina-faso@1945/area-statistics","entity-burkina-faso@1945","","Burkina Faso","1945","area-statistics","MISSING","C","held-ambiguous","dependent-administration","true","[]","[]","[]","[]","{""map_identity_id"":""entity-burkina-faso"",""aliases"":[],""historical_names"":[],""identifiers"":{}}","[""Snapshot context is not observation date or boundary date."",""Map geometry does not establish sovereignty or succession."",""Resolve historical identity before proposing entity-specific facts."",""Existing applicability intervals: []""]","35c5a20cdfaf4e7e7a788fd82d4c2b997e0fe878efe2392487968b8d61b9029f",""
"entity-burkina-faso@1960/area-statistics","entity-burkina-faso@1960","upper-volta-1960-independent-core","Upper Volta — independence in 1960","1960","area-statistics","MISSING","C","held-ambiguous","dependent-administration","false","[]","[]","[]","[]","{""map_identity_id"":""entity-burkina-faso"",""aliases"":[],""historical_names"":[{""value"":""Upper Volta — independence in 1960"",""kind"":""primary"",""validFrom"":""1960-08-05"",""validUntil"":""1960-08-06""}],""identifiers"":{}}","[""Snapshot context is not observation date or boundary date."",""Map geometry does not establish sovereignty or succession."",""Existing applicability intervals: []""]","35c5a20cdfaf4e7e7a788fd82d4c2b997e0fe878efe2392487968b8d61b9029f",""
"entity-saxony@1800/area-statistics","entity-saxony@1800","","Saxony","1800","area-statistics","MISSING","C","completely-empty","political-polity","true","[]","[]","[]","[]","{""map_identity_id"":""entity-saxony"",""aliases"":[],""historical_names"":[],""identifiers"":{}}","[""Snapshot context is not observation date or boundary date."",""Map geometry does not establish sovereignty or succession."",""Resolve historical identity before proposing entity-specific facts."",""Existing applicability intervals: []""]","35c5a20cdfaf4e7e7a788fd82d4c2b997e0fe878efe2392487968b8d61b9029f",""
"entity-venetia@1800/area-statistics","entity-venetia@1800","","Venetia","1800","area-statistics","MISSING","C","completely-empty","dependent-administration","true","[]","[]","[]","[]","{""map_identity_id"":""entity-venetia"",""aliases"":[],""historical_names"":[],""identifiers"":{}}","[""Snapshot context is not observation date or boundary date."",""Map geometry does not establish sovereignty or succession."",""Resolve historical identity before proposing entity-specific facts."",""Existing applicability intervals: []""]","35c5a20cdfaf4e7e7a788fd82d4c2b997e0fe878efe2392487968b8d61b9029f",""
"entity-lombardy@1800/area-statistics","entity-lombardy@1800","","Lombardy","1800","area-statistics","MISSING","C","completely-empty","dependent-administration","true","[]","[]","[]","[]","{""map_identity_id"":""entity-lombardy"",""aliases"":[],""historical_names"":[],""identifiers"":{}}","[""Snapshot context is not observation date or boundary date."",""Map geometry does not establish sovereignty or succession."",""Resolve historical identity before proposing entity-specific facts."",""Existing applicability intervals: []""]","35c5a20cdfaf4e7e7a788fd82d4c2b997e0fe878efe2392487968b8d61b9029f",""
"entity-hamburg@1800/area-statistics","entity-hamburg@1800","","Hamburg","1800","area-statistics","MISSING","C","completely-empty","political-polity","true","[]","[]","[]","[]","{""map_identity_id"":""entity-hamburg"",""aliases"":[],""historical_names"":[],""identifiers"":{}}","[""Snapshot context is not observation date or boundary date."",""Map geometry does not establish sovereignty or succession."",""Resolve historical identity before proposing entity-specific facts."",""Existing applicability intervals: []""]","35c5a20cdfaf4e7e7a788fd82d4c2b997e0fe878efe2392487968b8d61b9029f",""
"entity-lubeck@1800/area-statistics","entity-lubeck@1800","","Lübeck","1800","area-statistics","MISSING","C","completely-empty","political-polity","true","[]","[]","[]","[]","{""map_identity_id"":""entity-lubeck"",""aliases"":[],""historical_names"":[],""identifiers"":{}}","[""Snapshot context is not observation date or boundary date."",""Map geometry does not establish sovereignty or succession."",""Resolve historical identity before proposing entity-specific facts."",""Existing applicability intervals: []""]","35c5a20cdfaf4e7e7a788fd82d4c2b997e0fe878efe2392487968b8d61b9029f",""
"entity-namibia@1960/area-statistics","entity-namibia@1960","","Namibia","1960","area-statistics","MISSING","C","completely-empty","dependent-administration","true","[]","[]","[]","[]","{""map_identity_id"":""entity-namibia"",""aliases"":[],""historical_names"":[],""identifiers"":{}}","[""Snapshot context is not observation date or boundary date."",""Map geometry does not establish sovereignty or succession."",""Resolve historical identity before proposing entity-specific facts."",""Existing applicability intervals: []""]","35c5a20cdfaf4e7e7a788fd82d4c2b997e0fe878efe2392487968b8d61b9029f",""
"entity-guinea@1945/area-statistics","entity-guinea@1945","","Guinea","1945","area-statistics","MISSING","C","completely-empty","dependent-administration","true","[]","[]","[]","[]","{""map_identity_id"":""entity-guinea"",""aliases"":[],""historical_names"":[],""identifiers"":{}}","[""Snapshot context is not observation date or boundary date."",""Map geometry does not establish sovereignty or succession."",""Resolve historical identity before proposing entity-specific facts."",""Existing applicability intervals: []""]","35c5a20cdfaf4e7e7a788fd82d4c2b997e0fe878efe2392487968b8d61b9029f",""
"entity-ghana@1960/area-statistics","entity-ghana@1960","","Ghana","1960","area-statistics","MISSING","C","held-ambiguous","dependent-administration","true","[]","[]","[]","[]","{""map_identity_id"":""entity-ghana"",""aliases"":[],""historical_names"":[],""identifiers"":{}}","[""Snapshot context is not observation date or boundary date."",""Map geometry does not establish sovereignty or succession."",""Resolve historical identity before proposing entity-specific facts."",""Existing applicability intervals: []""]","35c5a20cdfaf4e7e7a788fd82d4c2b997e0fe878efe2392487968b8d61b9029f",""
"entity-hanover@1800/area-statistics","entity-hanover@1800","","Hanover","1800","area-statistics","MISSING","C","completely-empty","political-polity","true","[]","[]","[]","[]","{""map_identity_id"":""entity-hanover"",""aliases"":[],""historical_names"":[],""identifiers"":{}}","[""Snapshot context is not observation date or boundary date."",""Map geometry does not establish sovereignty or succession."",""Resolve historical identity before proposing entity-specific facts."",""Existing applicability intervals: []""]","35c5a20cdfaf4e7e7a788fd82d4c2b997e0fe878efe2392487968b8d61b9029f",""
"entity-mecklenburg-schwerin@1800/area-statistics","entity-mecklenburg-schwerin@1800","","Mecklenburg-Schwerin","1800","area-statistics","MISSING","C","completely-empty","political-polity","true","[]","[]","[]","[]","{""map_identity_id"":""entity-mecklenburg-schwerin"",""aliases"":[],""historical_names"":[],""identifiers"":{}}","[""Snapshot context is not observation date or boundary date."",""Map geometry does not establish sovereignty or succession."",""Resolve historical identity before proposing entity-specific facts."",""Existing applicability intervals: []""]","35c5a20cdfaf4e7e7a788fd82d4c2b997e0fe878efe2392487968b8d61b9029f",""
"entity-baden@1800/area-statistics","entity-baden@1800","","Baden","1800","area-statistics","MISSING","C","completely-empty","political-polity","true","[]","[]","[]","[]","{""map_identity_id"":""entity-baden"",""aliases"":[],""historical_names"":[],""identifiers"":{}}","[""Snapshot context is not observation date or boundary date."",""Map geometry does not establish sovereignty or succession."",""Resolve historical identity before proposing entity-specific facts."",""Existing applicability intervals: []""]","35c5a20cdfaf4e7e7a788fd82d4c2b997e0fe878efe2392487968b8d61b9029f",""
"entity-lucca@1800/area-statistics","entity-lucca@1800","","Lucca","1800","area-statistics","MISSING","C","completely-empty","political-polity","true","[]","[]","[]","[]","{""map_identity_id"":""entity-lucca"",""aliases"":[],""historical_names"":[],""identifiers"":{}}","[""Snapshot context is not observation date or boundary date."",""Map geometry does not establish sovereignty or succession."",""Resolve historical identity before proposing entity-specific facts."",""Existing applicability intervals: []""]","35c5a20cdfaf4e7e7a788fd82d4c2b997e0fe878efe2392487968b8d61b9029f",""
"entity-goa@1815/area-statistics","entity-goa@1815","","Goa","1815","area-statistics","MISSING","C","completely-empty","dependent-administration","true","[]","[]","[]","[]","{""map_identity_id"":""entity-goa"",""aliases"":[],""historical_names"":[],""identifiers"":{}}","[""Snapshot context is not observation date or boundary date."",""Map geometry does not establish sovereignty or succession."",""Resolve historical identity before proposing entity-specific facts."",""Existing applicability intervals: []""]","35c5a20cdfaf4e7e7a788fd82d4c2b997e0fe878efe2392487968b8d61b9029f",""
"entity-mecklenburg-strelitz@1800/area-statistics","entity-mecklenburg-strelitz@1800","","Mecklenburg-Strelitz","1800","area-statistics","MISSING","C","completely-empty","political-polity","true","[]","[]","[]","[]","{""map_identity_id"":""entity-mecklenburg-strelitz"",""aliases"":[],""historical_names"":[],""identifiers"":{}}","[""Snapshot context is not observation date or boundary date."",""Map geometry does not establish sovereignty or succession."",""Resolve historical identity before proposing entity-specific facts."",""Existing applicability intervals: []""]","35c5a20cdfaf4e7e7a788fd82d4c2b997e0fe878efe2392487968b8d61b9029f",""
"entity-modena@1800/area-statistics","entity-modena@1800","","Modena","1800","area-statistics","MISSING","C","completely-empty","political-polity","true","[]","[]","[]","[]","{""map_identity_id"":""entity-modena"",""aliases"":[],""historical_names"":[],""identifiers"":{}}","[""Snapshot context is not observation date or boundary date."",""Map geometry does not establish sovereignty or succession."",""Resolve historical identity before proposing entity-specific facts."",""Existing applicability intervals: []""]","35c5a20cdfaf4e7e7a788fd82d4c2b997e0fe878efe2392487968b8d61b9029f",""
"entity-brunswick@1800/area-statistics","entity-brunswick@1800","","Brunswick","1800","area-statistics","MISSING","C","completely-empty","political-polity","true","[]","[]","[]","[]","{""map_identity_id"":""entity-brunswick"",""aliases"":[],""historical_names"":[],""identifiers"":{}}","[""Snapshot context is not observation date or boundary date."",""Map geometry does not establish sovereignty or succession."",""Resolve historical identity before proposing entity-specific facts."",""Existing applicability intervals: []""]","35c5a20cdfaf4e7e7a788fd82d4c2b997e0fe878efe2392487968b8d61b9029f",""
"entity-central-african-republic@1960/area-statistics","entity-central-african-republic@1960","","Central African Republic","1960","area-statistics","MISSING","C","held-ambiguous","dependent-administration","true","[]","[]","[]","[]","{""map_identity_id"":""entity-central-african-republic"",""aliases"":[],""historical_names"":[],""identifiers"":{}}","[""Snapshot context is not observation date or boundary date."",""Map geometry does not establish sovereignty or succession."",""Resolve historical identity before proposing entity-specific facts."",""Existing applicability intervals: []""]","35c5a20cdfaf4e7e7a788fd82d4c2b997e0fe878efe2392487968b8d61b9029f",""
"entity-tuscany@1800/area-statistics","entity-tuscany@1800","","Tuscany","1800","area-statistics","MISSING","C","completely-empty","political-polity","true","[]","[]","[]","[]","{""map_identity_id"":""entity-tuscany"",""aliases"":[],""historical_names"":[],""identifiers"":{}}","[""Snapshot context is not observation date or boundary date."",""Map geometry does not establish sovereignty or succession."",""Resolve historical identity before proposing entity-specific facts."",""Existing applicability intervals: []""]","35c5a20cdfaf4e7e7a788fd82d4c2b997e0fe878efe2392487968b8d61b9029f",""
"entity-oldenburg@1800/area-statistics","entity-oldenburg@1800","","Oldenburg","1800","area-statistics","MISSING","C","completely-empty","political-polity","true","[]","[]","[]","[]","{""map_identity_id"":""entity-oldenburg"",""aliases"":[],""historical_names"":[],""identifiers"":{}}","[""Snapshot context is not observation date or boundary date."",""Map geometry does not establish sovereignty or succession."",""Resolve historical identity before proposing entity-specific facts."",""Existing applicability intervals: []""]","35c5a20cdfaf4e7e7a788fd82d4c2b997e0fe878efe2392487968b8d61b9029f",""
"entity-lippe-detmold@1800/area-statistics","entity-lippe-detmold@1800","","Lippe-Detmold","1800","area-statistics","MISSING","C","completely-empty","political-polity","true","[]","[]","[]","[]","{""map_identity_id"":""entity-lippe-detmold"",""aliases"":[],""historical_names"":[],""identifiers"":{}}","[""Snapshot context is not observation date or boundary date."",""Map geometry does not establish sovereignty or succession."",""Resolve historical identity before proposing entity-specific facts."",""Existing applicability intervals: []""]","35c5a20cdfaf4e7e7a788fd82d4c2b997e0fe878efe2392487968b8d61b9029f",""
"entity-waldeck@1800/area-statistics","entity-waldeck@1800","","Waldeck","1800","area-statistics","MISSING","C","completely-empty","political-polity","true","[]","[]","[]","[]","{""map_identity_id"":""entity-waldeck"",""aliases"":[],""historical_names"":[],""identifiers"":{}}","[""Snapshot context is not observation date or boundary date."",""Map geometry does not establish sovereignty or succession."",""Resolve historical identity before proposing entity-specific facts."",""Existing applicability intervals: []""]","35c5a20cdfaf4e7e7a788fd82d4c2b997e0fe878efe2392487968b8d61b9029f",""
"entity-schaumburg-lippe@1800/area-statistics","entity-schaumburg-lippe@1800","","Schaumburg-Lippe","1800","area-statistics","MISSING","C","completely-empty","political-polity","true","[]","[]","[]","[]","{""map_identity_id"":""entity-schaumburg-lippe"",""aliases"":[],""historical_names"":[],""identifiers"":{}}","[""Snapshot context is not observation date or boundary date."",""Map geometry does not establish sovereignty or succession."",""Resolve historical identity before proposing entity-specific facts."",""Existing applicability intervals: []""]","35c5a20cdfaf4e7e7a788fd82d4c2b997e0fe878efe2392487968b8d61b9029f",""
"entity-ukraine@1920/area-statistics","entity-ukraine@1920","","Ukraine","1920","area-statistics","MISSING","C","held-ambiguous","political-polity","true","[]","[]","[]","[]","{""map_identity_id"":""entity-ukraine"",""aliases"":[],""historical_names"":[],""identifiers"":{}}","[""Snapshot context is not observation date or boundary date."",""Map geometry does not establish sovereignty or succession."",""Resolve historical identity before proposing entity-specific facts."",""Existing applicability intervals: []""]","35c5a20cdfaf4e7e7a788fd82d4c2b997e0fe878efe2392487968b8d61b9029f",""
"entity-dutch-guinea@1945/area-statistics","entity-dutch-guinea@1945","","Dutch Guinea","1945","area-statistics","MISSING","C","held-ambiguous","dependent-administration","true","[]","[]","[]","[]","{""map_identity_id"":""entity-dutch-guinea"",""aliases"":[],""historical_names"":[],""identifiers"":{}}","[""Snapshot context is not observation date or boundary date."",""Map geometry does not establish sovereignty or succession."",""Resolve historical identity before proposing entity-specific facts."",""Existing applicability intervals: []""]","35c5a20cdfaf4e7e7a788fd82d4c2b997e0fe878efe2392487968b8d61b9029f",""
"entity-oman-british-raj@1938/area-statistics","entity-oman-british-raj@1938","","Oman (British Raj)","1938","area-statistics","MISSING","C","held-ambiguous","dependent-administration","true","[]","[]","[]","[]","{""map_identity_id"":""entity-oman-british-raj"",""aliases"":[],""historical_names"":[],""identifiers"":{}}","[""Snapshot context is not observation date or boundary date."",""Map geometry does not establish sovereignty or succession."",""Resolve historical identity before proposing entity-specific facts."",""Existing applicability intervals: []""]","35c5a20cdfaf4e7e7a788fd82d4c2b997e0fe878efe2392487968b8d61b9029f",""
"entity-yemen-uk@1938/area-statistics","entity-yemen-uk@1938","","Yemen (UK)","1938","area-statistics","MISSING","C","held-ambiguous","dependent-administration","true","[]","[]","[]","[]","{""map_identity_id"":""entity-yemen-uk"",""aliases"":[],""historical_names"":[],""identifiers"":{}}","[""Snapshot context is not observation date or boundary date."",""Map geometry does not establish sovereignty or succession."",""Resolve historical identity before proposing entity-specific facts."",""Existing applicability intervals: []""]","35c5a20cdfaf4e7e7a788fd82d4c2b997e0fe878efe2392487968b8d61b9029f",""
"entity-first-samori-empire@1900/area-statistics","entity-first-samori-empire@1900","","First Samori Empire","1900","area-statistics","MISSING","C","completely-empty","political-polity","true","[]","[]","[]","[]","{""map_identity_id"":""entity-first-samori-empire"",""aliases"":[],""historical_names"":[],""identifiers"":{}}","[""Snapshot context is not observation date or boundary date."",""Map geometry does not establish sovereignty or succession."",""Resolve historical identity before proposing entity-specific facts."",""Existing applicability intervals: []""]","35c5a20cdfaf4e7e7a788fd82d4c2b997e0fe878efe2392487968b8d61b9029f",""
"entity-awsa@1800/area-statistics","entity-awsa@1800","","Awsa","1800","area-statistics","MISSING","C","held-ambiguous","political-polity","true","[]","[]","[]","[]","{""map_identity_id"":""entity-awsa"",""aliases"":[],""historical_names"":[],""identifiers"":{}}","[""Snapshot context is not observation date or boundary date."",""Map geometry does not establish sovereignty or succession."",""Resolve historical identity before proposing entity-specific facts."",""Existing applicability intervals: []""]","35c5a20cdfaf4e7e7a788fd82d4c2b997e0fe878efe2392487968b8d61b9029f",""
"entity-nkore@1815/area-statistics","entity-nkore@1815","","Nkore","1815","area-statistics","MISSING","C","held-ambiguous","political-polity","true","[]","[]","[]","[]","{""map_identity_id"":""entity-nkore"",""aliases"":[],""historical_names"":[],""identifiers"":{}}","[""Snapshot context is not observation date or boundary date."",""Map geometry does not establish sovereignty or succession."",""Resolve historical identity before proposing entity-specific facts."",""Existing applicability intervals: []""]","35c5a20cdfaf4e7e7a788fd82d4c2b997e0fe878efe2392487968b8d61b9029f",""
"entity-second-samori-empire@1900/area-statistics","entity-second-samori-empire@1900","","Second Samori Empire","1900","area-statistics","MISSING","C","completely-empty","political-polity","true","[]","[]","[]","[]","{""map_identity_id"":""entity-second-samori-empire"",""aliases"":[],""historical_names"":[],""identifiers"":{}}","[""Snapshot context is not observation date or boundary date."",""Map geometry does not establish sovereignty or succession."",""Resolve historical identity before proposing entity-specific facts."",""Existing applicability intervals: []""]","35c5a20cdfaf4e7e7a788fd82d4c2b997e0fe878efe2392487968b8d61b9029f",""
"entity-songhai@1800/area-statistics","entity-songhai@1800","","Songhai","1800","area-statistics","MISSING","C","held-ambiguous","political-polity","true","[]","[]","[]","[]","{""map_identity_id"":""entity-songhai"",""aliases"":[],""historical_names"":[],""identifiers"":{}}","[""Snapshot context is not observation date or boundary date."",""Map geometry does not establish sovereignty or succession."",""Resolve historical identity before proposing entity-specific facts."",""Existing applicability intervals: []""]","35c5a20cdfaf4e7e7a788fd82d4c2b997e0fe878efe2392487968b8d61b9029f",""
"entity-bahawalpur@1800/area-statistics","entity-bahawalpur@1800","","Bahawalpur","1800","area-statistics","MISSING","C","held-ambiguous","political-polity","true","[]","[]","[]","[]","{""map_identity_id"":""entity-bahawalpur"",""aliases"":[],""historical_names"":[],""identifiers"":{}}","[""Snapshot context is not observation date or boundary date."",""Map geometry does not establish sovereignty or succession."",""Resolve historical identity before proposing entity-specific facts."",""Existing applicability intervals: []""]","35c5a20cdfaf4e7e7a788fd82d4c2b997e0fe878efe2392487968b8d61b9029f",""
"entity-southern-cameroon@1945/area-statistics","entity-southern-cameroon@1945","","Southern Cameroon","1945","area-statistics","MISSING","C","completely-empty","dependent-administration","true","[]","[]","[]","[]","{""map_identity_id"":""entity-southern-cameroon"",""aliases"":[],""historical_names"":[],""identifiers"":{}}","[""Snapshot context is not observation date or boundary date."",""Map geometry does not establish sovereignty or succession."",""Resolve historical identity before proposing entity-specific facts."",""Existing applicability intervals: []""]","35c5a20cdfaf4e7e7a788fd82d4c2b997e0fe878efe2392487968b8d61b9029f",""
"entity-ceylon-dutch@1800/area-statistics","entity-ceylon-dutch@1800","","Ceylon (Dutch)","1800","area-statistics","MISSING","C","held-ambiguous","dependent-administration","true","[]","[]","[]","[]","{""map_identity_id"":""entity-ceylon-dutch"",""aliases"":[],""historical_names"":[],""identifiers"":{}}","[""Snapshot context is not observation date or boundary date."",""Map geometry does not establish sovereignty or succession."",""Resolve historical identity before proposing entity-specific facts."",""Existing applicability intervals: []""]","35c5a20cdfaf4e7e7a788fd82d4c2b997e0fe878efe2392487968b8d61b9029f",""
"entity-sikkim-indian-princely-state@1815/area-statistics","entity-sikkim-indian-princely-state@1815","","Sikkim (Indian princely state)","1815","area-statistics","MISSING","C","held-ambiguous","dependent-administration","true","[]","[]","[]","[]","{""map_identity_id"":""entity-sikkim-indian-princely-state"",""aliases"":[],""historical_names"":[],""identifiers"":{}}","[""Snapshot context is not observation date or boundary date."",""Map geometry does not establish sovereignty or succession."",""Resolve historical identity before proposing entity-specific facts."",""Existing applicability intervals: []""]","35c5a20cdfaf4e7e7a788fd82d4c2b997e0fe878efe2392487968b8d61b9029f",""
"entity-togoland@1914/area-statistics","entity-togoland@1914","","Togoland","1914","area-statistics","MISSING","C","held-ambiguous","dependent-administration","true","[]","[]","[]","[]","{""map_identity_id"":""entity-togoland"",""aliases"":[],""historical_names"":[],""identifiers"":{}}","[""Snapshot context is not observation date or boundary date."",""Map geometry does not establish sovereignty or succession."",""Resolve historical identity before proposing entity-specific facts."",""Existing applicability intervals: []""]","35c5a20cdfaf4e7e7a788fd82d4c2b997e0fe878efe2392487968b8d61b9029f",""
