"cell_id","occurrence_id","atlas_entity_id","atlas_display_name","snapshot_year","dossier_category","current_status","research_priority","mapping_status","eligibility_classification","identity_review_required","current_values","observation_dates","territorial_scopes","held_reasons","known_aliases_identifiers","notes","production_fingerprint","proposals_json"
"entity-philippines@1800/capital","entity-philippines@1800","","Philippines","1800","capital","MISSING","B","completely-empty","political-polity","true","[]","[]","[]","[]","{""map_identity_id"":""entity-philippines"",""aliases"":[],""historical_names"":[],""identifiers"":{}}","[""Snapshot context is not observation date or boundary date."",""Map geometry does not establish sovereignty or succession."",""Resolve historical identity before proposing entity-specific facts.""]","851acb012ccfa2a4bfa05ea83ec2694b3f773a7a6fee8703e87969c9225e6997",""
"entity-philippines@1815/capital","entity-philippines@1815","","Philippines","1815","capital","MISSING","B","completely-empty","political-polity","true","[]","[]","[]","[]","{""map_identity_id"":""entity-philippines"",""aliases"":[],""historical_names"":[],""identifiers"":{}}","[""Snapshot context is not observation date or boundary date."",""Map geometry does not establish sovereignty or succession."",""Resolve historical identity before proposing entity-specific facts.""]","851acb012ccfa2a4bfa05ea83ec2694b3f773a7a6fee8703e87969c9225e6997",""
"entity-philippines@1878/capital","entity-philippines@1878","","Philippines","1878","capital","MISSING","B","completely-empty","political-polity","true","[]","[]","[]","[]","{""map_identity_id"":""entity-philippines"",""aliases"":[],""historical_names"":[],""identifiers"":{}}","[""Snapshot context is not observation date or boundary date."",""Map geometry does not establish sovereignty or succession."",""Resolve historical identity before proposing entity-specific facts.""]","851acb012ccfa2a4bfa05ea83ec2694b3f773a7a6fee8703e87969c9225e6997",""
"entity-philippines@1880/capital","entity-philippines@1880","","Philippines","1880","capital","MISSING","B","completely-empty","political-polity","true","[]","[]","[]","[]","{""map_identity_id"":""entity-philippines"",""aliases"":[],""historical_names"":[],""identifiers"":{}}","[""Snapshot context is not observation date or boundary date."",""Map geometry does not establish sovereignty or succession."",""Resolve historical identity before proposing entity-specific facts.""]","851acb012ccfa2a4bfa05ea83ec2694b3f773a7a6fee8703e87969c9225e6997",""
"entity-philippines@1900/capital","entity-philippines@1900","","Philippines","1900","capital","MISSING","B","completely-empty","political-polity","true","[]","[]","[]","[]","{""map_identity_id"":""entity-philippines"",""aliases"":[],""historical_names"":[],""identifiers"":{}}","[""Snapshot context is not observation date or boundary date."",""Map geometry does not establish sovereignty or succession."",""Resolve historical identity before proposing entity-specific facts.""]","851acb012ccfa2a4bfa05ea83ec2694b3f773a7a6fee8703e87969c9225e6997",""
"entity-philippines@1914/capital","entity-philippines@1914","b13-philippines-organic","Philippines — Commission and Assembly framework","1914","capital","MISSING","B","partially-supported","political-polity","false","[]","[]","[]","[]","{""map_identity_id"":""entity-philippines"",""aliases"":[],""historical_names"":[{""value"":""Philippines — Commission and Assembly framework"",""kind"":""primary"",""validFrom"":""1908-01-01"",""validUntil"":""1916-08-29""}],""identifiers"":{}}","[""Snapshot context is not observation date or boundary date."",""Map geometry does not establish sovereignty or succession.""]","851acb012ccfa2a4bfa05ea83ec2694b3f773a7a6fee8703e87969c9225e6997",""
"entity-philippines@1920/capital","entity-philippines@1920","b13-philippines-jones","Philippines — Jones Act government","1920","capital","MISSING","B","partially-supported","political-polity","false","[]","[]","[]","[]","{""map_identity_id"":""entity-philippines"",""aliases"":[],""historical_names"":[{""value"":""Philippines — Jones Act government"",""kind"":""primary"",""validFrom"":""1917-01-01"",""validUntil"":""1935-01-01""}],""identifiers"":{}}","[""Snapshot context is not observation date or boundary date."",""Map geometry does not establish sovereignty or succession.""]","851acb012ccfa2a4bfa05ea83ec2694b3f773a7a6fee8703e87969c9225e6997",""
"entity-philippines@1930/capital","entity-philippines@1930","b13-philippines-jones","Philippines — Jones Act government","1930","capital","MISSING","B","partially-supported","political-polity","false","[]","[]","[]","[]","{""map_identity_id"":""entity-philippines"",""aliases"":[],""historical_names"":[{""value"":""Philippines — Jones Act government"",""kind"":""primary"",""validFrom"":""1917-01-01"",""validUntil"":""1935-01-01""}],""identifiers"":{}}","[""Snapshot context is not observation date or boundary date."",""Map geometry does not establish sovereignty or succession.""]","851acb012ccfa2a4bfa05ea83ec2694b3f773a7a6fee8703e87969c9225e6997",""
"entity-philippines@1938/capital","entity-philippines@1938","b13-philippines-commonwealth","Commonwealth of the Philippines — prewar self-government","1938","capital","MISSING","B","partially-supported","political-polity","false","[]","[]","[]","[]","{""map_identity_id"":""entity-philippines"",""aliases"":[],""historical_names"":[{""value"":""Commonwealth of the Philippines — prewar self-government"",""kind"":""primary"",""validFrom"":""1936-01-01"",""validUntil"":""1940-01-01""}],""identifiers"":{}}","[""Snapshot context is not observation date or boundary date."",""Map geometry does not establish sovereignty or succession.""]","851acb012ccfa2a4bfa05ea83ec2694b3f773a7a6fee8703e87969c9225e6997",""
"entity-philippines@1945/capital","entity-philippines@1945","","Philippines","1945","capital","MISSING","B","completely-empty","political-polity","true","[]","[]","[]","[]","{""map_identity_id"":""entity-philippines"",""aliases"":[],""historical_names"":[],""identifiers"":{}}","[""Snapshot context is not observation date or boundary date."",""Map geometry does not establish sovereignty or succession."",""Resolve historical identity before proposing entity-specific facts.""]","851acb012ccfa2a4bfa05ea83ec2694b3f773a7a6fee8703e87969c9225e6997",""
"entity-philippines@1960/capital","entity-philippines@1960","b13-philippines-garcia","Republic of the Philippines — Garcia administration","1960","capital","MISSING","B","partially-supported","political-polity","false","[]","[]","[]","[]","{""map_identity_id"":""entity-philippines"",""aliases"":[],""historical_names"":[{""value"":""Republic of the Philippines — Garcia administration"",""kind"":""primary"",""validFrom"":""1958-01-01"",""validUntil"":""1961-01-01""}],""identifiers"":{}}","[""Snapshot context is not observation date or boundary date."",""Map geometry does not establish sovereignty or succession.""]","851acb012ccfa2a4bfa05ea83ec2694b3f773a7a6fee8703e87969c9225e6997",""
"entity-haiti@1815/capital","entity-haiti@1815","","Haiti","1815","capital","MISSING","B","held-ambiguous","political-polity","true","[]","[]","[]","[]","{""map_identity_id"":""entity-haiti"",""aliases"":[],""historical_names"":[],""identifiers"":{}}","[""Snapshot context is not observation date or boundary date."",""Map geometry does not establish sovereignty or succession."",""Resolve historical identity before proposing entity-specific facts.""]","851acb012ccfa2a4bfa05ea83ec2694b3f773a7a6fee8703e87969c9225e6997",""
"entity-haiti@1878/capital","entity-haiti@1878","","Haiti","1878","capital","MISSING","B","held-ambiguous","political-polity","true","[]","[]","[]","[]","{""map_identity_id"":""entity-haiti"",""aliases"":[],""historical_names"":[],""identifiers"":{}}","[""Snapshot context is not observation date or boundary date."",""Map geometry does not establish sovereignty or succession."",""Resolve historical identity before proposing entity-specific facts.""]","851acb012ccfa2a4bfa05ea83ec2694b3f773a7a6fee8703e87969c9225e6997",""
"entity-haiti@1880/capital","entity-haiti@1880","","Haiti","1880","capital","MISSING","B","held-ambiguous","political-polity","true","[]","[]","[]","[]","{""map_identity_id"":""entity-haiti"",""aliases"":[],""historical_names"":[],""identifiers"":{}}","[""Snapshot context is not observation date or boundary date."",""Map geometry does not establish sovereignty or succession."",""Resolve historical identity before proposing entity-specific facts.""]","851acb012ccfa2a4bfa05ea83ec2694b3f773a7a6fee8703e87969c9225e6997",""
"entity-haiti@1900/capital","entity-haiti@1900","","Haiti","1900","capital","MISSING","B","held-ambiguous","political-polity","true","[]","[]","[]","[]","{""map_identity_id"":""entity-haiti"",""aliases"":[],""historical_names"":[],""identifiers"":{}}","[""Snapshot context is not observation date or boundary date."",""Map geometry does not establish sovereignty or succession."",""Resolve historical identity before proposing entity-specific facts.""]","851acb012ccfa2a4bfa05ea83ec2694b3f773a7a6fee8703e87969c9225e6997",""
"entity-haiti@1914/capital","entity-haiti@1914","","Haiti","1914","capital","MISSING","B","held-ambiguous","political-polity","true","[]","[]","[]","[]","{""map_identity_id"":""entity-haiti"",""aliases"":[],""historical_names"":[],""identifiers"":{}}","[""Snapshot context is not observation date or boundary date."",""Map geometry does not establish sovereignty or succession."",""Resolve historical identity before proposing entity-specific facts.""]","851acb012ccfa2a4bfa05ea83ec2694b3f773a7a6fee8703e87969c9225e6997",""
"entity-haiti@1920/capital","entity-haiti@1920","b10-haiti-occupation-without-legislature","Haiti — US occupation framework","1920","capital","MISSING","B","partially-supported","political-polity","false","[]","[]","[]","[]","{""map_identity_id"":""entity-haiti"",""aliases"":[],""historical_names"":[{""value"":""Haiti — US occupation framework"",""kind"":""primary"",""validFrom"":""1918-01-01"",""validUntil"":""1929-01-01""}],""identifiers"":{}}","[""Snapshot context is not observation date or boundary date."",""Map geometry does not establish sovereignty or succession.""]","851acb012ccfa2a4bfa05ea83ec2694b3f773a7a6fee8703e87969c9225e6997",""
"entity-haiti@1930/capital","entity-haiti@1930","","Haiti","1930","capital","MISSING","B","held-ambiguous","political-polity","true","[]","[]","[]","[]","{""map_identity_id"":""entity-haiti"",""aliases"":[],""historical_names"":[],""identifiers"":{}}","[""Snapshot context is not observation date or boundary date."",""Map geometry does not establish sovereignty or succession."",""Resolve historical identity before proposing entity-specific facts.""]","851acb012ccfa2a4bfa05ea83ec2694b3f773a7a6fee8703e87969c9225e6997",""
"entity-haiti@1938/capital","entity-haiti@1938","","Haiti","1938","capital","MISSING","B","held-ambiguous","political-polity","true","[]","[]","[]","[]","{""map_identity_id"":""entity-haiti"",""aliases"":[],""historical_names"":[],""identifiers"":{}}","[""Snapshot context is not observation date or boundary date."",""Map geometry does not establish sovereignty or succession."",""Resolve historical identity before proposing entity-specific facts.""]","851acb012ccfa2a4bfa05ea83ec2694b3f773a7a6fee8703e87969c9225e6997",""
"entity-haiti@1945/capital","entity-haiti@1945","","Haiti","1945","capital","MISSING","B","held-ambiguous","political-polity","true","[]","[]","[]","[]","{""map_identity_id"":""entity-haiti"",""aliases"":[],""historical_names"":[],""identifiers"":{}}","[""Snapshot context is not observation date or boundary date."",""Map geometry does not establish sovereignty or succession."",""Resolve historical identity before proposing entity-specific facts.""]","851acb012ccfa2a4bfa05ea83ec2694b3f773a7a6fee8703e87969c9225e6997",""
"entity-bulgaria@1878/capital","entity-bulgaria@1878","bulgarian-berlin-settlement-framework","Principality of Bulgaria — Berlin settlement","1878","capital","MISSING","B","partially-supported","political-polity","false","[]","[]","[]","[]","{""map_identity_id"":""entity-bulgaria"",""aliases"":[],""historical_names"":[{""value"":""Principality of Bulgaria — Berlin settlement"",""kind"":""primary"",""validFrom"":""1878-07-13"",""validUntil"":""1879-01-01""}],""identifiers"":{}}","[""Snapshot context is not observation date or boundary date."",""Map geometry does not establish sovereignty or succession.""]","851acb012ccfa2a4bfa05ea83ec2694b3f773a7a6fee8703e87969c9225e6997",""
"entity-bulgaria@1880/capital","entity-bulgaria@1880","bulgarian-tarnovo-1880-framework","Principality of Bulgaria — early Tarnovo framework","1880","capital","MISSING","B","partially-supported","political-polity","false","[]","[]","[]","[]","{""map_identity_id"":""entity-bulgaria"",""aliases"":[],""historical_names"":[{""value"":""Principality of Bulgaria — early Tarnovo framework"",""kind"":""primary"",""validFrom"":""1880-01-01"",""validUntil"":""1881-01-01""}],""identifiers"":{}}","[""Snapshot context is not observation date or boundary date."",""Map geometry does not establish sovereignty or succession.""]","851acb012ccfa2a4bfa05ea83ec2694b3f773a7a6fee8703e87969c9225e6997",""
"entity-bulgaria@1900/capital","entity-bulgaria@1900","","Bulgaria","1900","capital","MISSING","B","completely-empty","political-polity","true","[]","[]","[]","[]","{""map_identity_id"":""entity-bulgaria"",""aliases"":[],""historical_names"":[],""identifiers"":{}}","[""Snapshot context is not observation date or boundary date."",""Map geometry does not establish sovereignty or succession."",""Resolve historical identity before proposing entity-specific facts.""]","851acb012ccfa2a4bfa05ea83ec2694b3f773a7a6fee8703e87969c9225e6997",""
"entity-bulgaria@1914/capital","entity-bulgaria@1914","","Bulgaria","1914","capital","MISSING","B","completely-empty","political-polity","true","[]","[]","[]","[]","{""map_identity_id"":""entity-bulgaria"",""aliases"":[],""historical_names"":[],""identifiers"":{}}","[""Snapshot context is not observation date or boundary date."",""Map geometry does not establish sovereignty or succession."",""Resolve historical identity before proposing entity-specific facts.""]","851acb012ccfa2a4bfa05ea83ec2694b3f773a7a6fee8703e87969c9225e6997",""
"entity-bulgaria@1920/capital","entity-bulgaria@1920","","Bulgaria","1920","capital","MISSING","B","completely-empty","political-polity","true","[]","[]","[]","[]","{""map_identity_id"":""entity-bulgaria"",""aliases"":[],""historical_names"":[],""identifiers"":{}}","[""Snapshot context is not observation date or boundary date."",""Map geometry does not establish sovereignty or succession."",""Resolve historical identity before proposing entity-specific facts.""]","851acb012ccfa2a4bfa05ea83ec2694b3f773a7a6fee8703e87969c9225e6997",""
"entity-bulgaria@1930/capital","entity-bulgaria@1930","","Bulgaria","1930","capital","MISSING","B","completely-empty","political-polity","true","[]","[]","[]","[]","{""map_identity_id"":""entity-bulgaria"",""aliases"":[],""historical_names"":[],""identifiers"":{}}","[""Snapshot context is not observation date or boundary date."",""Map geometry does not establish sovereignty or succession."",""Resolve historical identity before proposing entity-specific facts.""]","851acb012ccfa2a4bfa05ea83ec2694b3f773a7a6fee8703e87969c9225e6997",""
"entity-bulgaria@1938/capital","entity-bulgaria@1938","","Bulgaria","1938","capital","MISSING","B","completely-empty","political-polity","true","[]","[]","[]","[]","{""map_identity_id"":""entity-bulgaria"",""aliases"":[],""historical_names"":[],""identifiers"":{}}","[""Snapshot context is not observation date or boundary date."",""Map geometry does not establish sovereignty or succession."",""Resolve historical identity before proposing entity-specific facts.""]","851acb012ccfa2a4bfa05ea83ec2694b3f773a7a6fee8703e87969c9225e6997",""
"entity-bulgaria@1945/capital","entity-bulgaria@1945","","Bulgaria","1945","capital","MISSING","B","completely-empty","political-polity","true","[]","[]","[]","[]","{""map_identity_id"":""entity-bulgaria"",""aliases"":[],""historical_names"":[],""identifiers"":{}}","[""Snapshot context is not observation date or boundary date."",""Map geometry does not establish sovereignty or succession."",""Resolve historical identity before proposing entity-specific facts.""]","851acb012ccfa2a4bfa05ea83ec2694b3f773a7a6fee8703e87969c9225e6997",""
"entity-bulgaria@1960/capital","entity-bulgaria@1960","","Bulgaria","1960","capital","MISSING","B","completely-empty","political-polity","true","[]","[]","[]","[]","{""map_identity_id"":""entity-bulgaria"",""aliases"":[],""historical_names"":[],""identifiers"":{}}","[""Snapshot context is not observation date or boundary date."",""Map geometry does not establish sovereignty or succession."",""Resolve historical identity before proposing entity-specific facts.""]","851acb012ccfa2a4bfa05ea83ec2694b3f773a7a6fee8703e87969c9225e6997",""
"entity-colombia@1878/capital","entity-colombia@1878","colombia-united-states-framework","United States of Colombia — federal framework","1878","capital","MISSING","B","partially-supported","political-polity","false","[]","[]","[]","[]","{""map_identity_id"":""entity-colombia"",""aliases"":[],""historical_names"":[{""value"":""United States of Colombia — federal framework"",""kind"":""primary"",""validFrom"":""1870-01-01"",""validUntil"":""1885-01-01""}],""identifiers"":{}}","[""Snapshot context is not observation date or boundary date."",""Map geometry does not establish sovereignty or succession.""]","851acb012ccfa2a4bfa05ea83ec2694b3f773a7a6fee8703e87969c9225e6997",""
"entity-colombia@1880/capital","entity-colombia@1880","colombia-united-states-framework","United States of Colombia — federal framework","1880","capital","MISSING","B","partially-supported","political-polity","false","[]","[]","[]","[]","{""map_identity_id"":""entity-colombia"",""aliases"":[],""historical_names"":[{""value"":""United States of Colombia — federal framework"",""kind"":""primary"",""validFrom"":""1870-01-01"",""validUntil"":""1885-01-01""}],""identifiers"":{}}","[""Snapshot context is not observation date or boundary date."",""Map geometry does not establish sovereignty or succession.""]","851acb012ccfa2a4bfa05ea83ec2694b3f773a7a6fee8703e87969c9225e6997",""
"entity-colombia@1900/capital","entity-colombia@1900","colombia-thousand-days-framework","Colombia — republic during the Thousand Days War","1900","capital","MISSING","B","partially-supported","political-polity","false","[]","[]","[]","[]","{""map_identity_id"":""entity-colombia"",""aliases"":[],""historical_names"":[{""value"":""Colombia — republic during the Thousand Days War"",""kind"":""primary"",""validFrom"":""1899-01-01"",""validUntil"":""1903-01-01""}],""identifiers"":{}}","[""Snapshot context is not observation date or boundary date."",""Map geometry does not establish sovereignty or succession.""]","851acb012ccfa2a4bfa05ea83ec2694b3f773a7a6fee8703e87969c9225e6997",""
"entity-colombia@1914/capital","entity-colombia@1914","","Colombia","1914","capital","MISSING","B","completely-empty","political-polity","true","[]","[]","[]","[]","{""map_identity_id"":""entity-colombia"",""aliases"":[],""historical_names"":[],""identifiers"":{}}","[""Snapshot context is not observation date or boundary date."",""Map geometry does not establish sovereignty or succession."",""Resolve historical identity before proposing entity-specific facts.""]","851acb012ccfa2a4bfa05ea83ec2694b3f773a7a6fee8703e87969c9225e6997",""
"entity-colombia@1920/capital","entity-colombia@1920","","Colombia","1920","capital","MISSING","B","completely-empty","political-polity","true","[]","[]","[]","[]","{""map_identity_id"":""entity-colombia"",""aliases"":[],""historical_names"":[],""identifiers"":{}}","[""Snapshot context is not observation date or boundary date."",""Map geometry does not establish sovereignty or succession."",""Resolve historical identity before proposing entity-specific facts.""]","851acb012ccfa2a4bfa05ea83ec2694b3f773a7a6fee8703e87969c9225e6997",""
"entity-colombia@1930/capital","entity-colombia@1930","","Colombia","1930","capital","MISSING","B","completely-empty","political-polity","true","[]","[]","[]","[]","{""map_identity_id"":""entity-colombia"",""aliases"":[],""historical_names"":[],""identifiers"":{}}","[""Snapshot context is not observation date or boundary date."",""Map geometry does not establish sovereignty or succession."",""Resolve historical identity before proposing entity-specific facts.""]","851acb012ccfa2a4bfa05ea83ec2694b3f773a7a6fee8703e87969c9225e6997",""
"entity-colombia@1938/capital","entity-colombia@1938","","Colombia","1938","capital","MISSING","B","completely-empty","political-polity","true","[]","[]","[]","[]","{""map_identity_id"":""entity-colombia"",""aliases"":[],""historical_names"":[],""identifiers"":{}}","[""Snapshot context is not observation date or boundary date."",""Map geometry does not establish sovereignty or succession."",""Resolve historical identity before proposing entity-specific facts.""]","851acb012ccfa2a4bfa05ea83ec2694b3f773a7a6fee8703e87969c9225e6997",""
"entity-colombia@1945/capital","entity-colombia@1945","","Colombia","1945","capital","MISSING","B","completely-empty","political-polity","true","[]","[]","[]","[]","{""map_identity_id"":""entity-colombia"",""aliases"":[],""historical_names"":[],""identifiers"":{}}","[""Snapshot context is not observation date or boundary date."",""Map geometry does not establish sovereignty or succession."",""Resolve historical identity before proposing entity-specific facts.""]","851acb012ccfa2a4bfa05ea83ec2694b3f773a7a6fee8703e87969c9225e6997",""
"entity-romania@1878/capital","entity-romania@1878","romanian-independent-principality-framework","Principality of Romania — independent framework","1878","capital","MISSING","B","partially-supported","political-polity","false","[]","[]","[]","[]","{""map_identity_id"":""entity-romania"",""aliases"":[],""historical_names"":[{""value"":""Principality of Romania — independent framework"",""kind"":""primary"",""validFrom"":""1878-07-13"",""validUntil"":""1881-01-01""}],""identifiers"":{}}","[""Snapshot context is not observation date or boundary date."",""Map geometry does not establish sovereignty or succession.""]","851acb012ccfa2a4bfa05ea83ec2694b3f773a7a6fee8703e87969c9225e6997",""
"entity-romania@1880/capital","entity-romania@1880","romanian-independent-principality-framework","Principality of Romania — independent framework","1880","capital","MISSING","B","partially-supported","political-polity","false","[]","[]","[]","[]","{""map_identity_id"":""entity-romania"",""aliases"":[],""historical_names"":[{""value"":""Principality of Romania — independent framework"",""kind"":""primary"",""validFrom"":""1878-07-13"",""validUntil"":""1881-01-01""}],""identifiers"":{}}","[""Snapshot context is not observation date or boundary date."",""Map geometry does not establish sovereignty or succession.""]","851acb012ccfa2a4bfa05ea83ec2694b3f773a7a6fee8703e87969c9225e6997",""
"entity-romania@1900/capital","entity-romania@1900","","Romania","1900","capital","MISSING","B","completely-empty","political-polity","true","[]","[]","[]","[]","{""map_identity_id"":""entity-romania"",""aliases"":[],""historical_names"":[],""identifiers"":{}}","[""Snapshot context is not observation date or boundary date."",""Map geometry does not establish sovereignty or succession."",""Resolve historical identity before proposing entity-specific facts.""]","851acb012ccfa2a4bfa05ea83ec2694b3f773a7a6fee8703e87969c9225e6997",""
"entity-romania@1914/capital","entity-romania@1914","","Romania","1914","capital","MISSING","B","completely-empty","political-polity","true","[]","[]","[]","[]","{""map_identity_id"":""entity-romania"",""aliases"":[],""historical_names"":[],""identifiers"":{}}","[""Snapshot context is not observation date or boundary date."",""Map geometry does not establish sovereignty or succession."",""Resolve historical identity before proposing entity-specific facts.""]","851acb012ccfa2a4bfa05ea83ec2694b3f773a7a6fee8703e87969c9225e6997",""
"entity-romania@1920/capital","entity-romania@1920","","Romania","1920","capital","MISSING","B","completely-empty","political-polity","true","[]","[]","[]","[]","{""map_identity_id"":""entity-romania"",""aliases"":[],""historical_names"":[],""identifiers"":{}}","[""Snapshot context is not observation date or boundary date."",""Map geometry does not establish sovereignty or succession."",""Resolve historical identity before proposing entity-specific facts.""]","851acb012ccfa2a4bfa05ea83ec2694b3f773a7a6fee8703e87969c9225e6997",""
"entity-romania@1938/capital","entity-romania@1938","","Romania","1938","capital","MISSING","B","held-ambiguous","political-polity","true","[]","[]","[]","[]","{""map_identity_id"":""entity-romania"",""aliases"":[],""historical_names"":[],""identifiers"":{}}","[""Snapshot context is not observation date or boundary date."",""Map geometry does not establish sovereignty or succession."",""Resolve historical identity before proposing entity-specific facts.""]","851acb012ccfa2a4bfa05ea83ec2694b3f773a7a6fee8703e87969c9225e6997",""
"entity-romania@1945/capital","entity-romania@1945","","Romania","1945","capital","MISSING","B","completely-empty","political-polity","true","[]","[]","[]","[]","{""map_identity_id"":""entity-romania"",""aliases"":[],""historical_names"":[],""identifiers"":{}}","[""Snapshot context is not observation date or boundary date."",""Map geometry does not establish sovereignty or succession."",""Resolve historical identity before proposing entity-specific facts.""]","851acb012ccfa2a4bfa05ea83ec2694b3f773a7a6fee8703e87969c9225e6997",""
"entity-romania@1960/capital","entity-romania@1960","","Romania","1960","capital","MISSING","B","completely-empty","political-polity","true","[]","[]","[]","[]","{""map_identity_id"":""entity-romania"",""aliases"":[],""historical_names"":[],""identifiers"":{}}","[""Snapshot context is not observation date or boundary date."",""Map geometry does not establish sovereignty or succession."",""Resolve historical identity before proposing entity-specific facts.""]","851acb012ccfa2a4bfa05ea83ec2694b3f773a7a6fee8703e87969c9225e6997",""
"entity-peru@1878/capital","entity-peru@1878","peru-restored-1860-prewar-framework","Peru — restored 1860 constitutional framework","1878","capital","MISSING","B","partially-supported","political-polity","false","[]","[]","[]","[]","{""map_identity_id"":""entity-peru"",""aliases"":[],""historical_names"":[{""value"":""Peru — restored 1860 constitutional framework"",""kind"":""primary"",""validFrom"":""1869-01-01"",""validUntil"":""1879-12-27""}],""identifiers"":{}}","[""Snapshot context is not observation date or boundary date."",""Map geometry does not establish sovereignty or succession.""]","851acb012ccfa2a4bfa05ea83ec2694b3f773a7a6fee8703e87969c9225e6997",""
"entity-peru@1880/capital","entity-peru@1880","peru-pierola-wartime-framework","Peru — Pierola wartime government","1880","capital","MISSING","B","partially-supported","political-polity","false","[]","[]","[]","[]","{""map_identity_id"":""entity-peru"",""aliases"":[],""historical_names"":[{""value"":""Peru — Pierola wartime government"",""kind"":""primary"",""validFrom"":""1879-12-27"",""validUntil"":""1881-01-18""}],""identifiers"":{}}","[""Snapshot context is not observation date or boundary date."",""Map geometry does not establish sovereignty or succession.""]","851acb012ccfa2a4bfa05ea83ec2694b3f773a7a6fee8703e87969c9225e6997",""
"entity-peru@1920/capital","entity-peru@1920","","Peru","1920","capital","MISSING","B","completely-empty","political-polity","true","[]","[]","[]","[]","{""map_identity_id"":""entity-peru"",""aliases"":[],""historical_names"":[],""identifiers"":{}}","[""Snapshot context is not observation date or boundary date."",""Map geometry does not establish sovereignty or succession."",""Resolve historical identity before proposing entity-specific facts.""]","851acb012ccfa2a4bfa05ea83ec2694b3f773a7a6fee8703e87969c9225e6997",""
"entity-peru@1930/capital","entity-peru@1930","","Peru","1930","capital","MISSING","B","completely-empty","political-polity","true","[]","[]","[]","[]","{""map_identity_id"":""entity-peru"",""aliases"":[],""historical_names"":[],""identifiers"":{}}","[""Snapshot context is not observation date or boundary date."",""Map geometry does not establish sovereignty or succession."",""Resolve historical identity before proposing entity-specific facts.""]","851acb012ccfa2a4bfa05ea83ec2694b3f773a7a6fee8703e87969c9225e6997",""
"entity-peru@1938/capital","entity-peru@1938","","Peru","1938","capital","MISSING","B","completely-empty","political-polity","true","[]","[]","[]","[]","{""map_identity_id"":""entity-peru"",""aliases"":[],""historical_names"":[],""identifiers"":{}}","[""Snapshot context is not observation date or boundary date."",""Map geometry does not establish sovereignty or succession."",""Resolve historical identity before proposing entity-specific facts.""]","851acb012ccfa2a4bfa05ea83ec2694b3f773a7a6fee8703e87969c9225e6997",""
"entity-peru@1945/capital","entity-peru@1945","","Peru","1945","capital","MISSING","B","completely-empty","political-polity","true","[]","[]","[]","[]","{""map_identity_id"":""entity-peru"",""aliases"":[],""historical_names"":[],""identifiers"":{}}","[""Snapshot context is not observation date or boundary date."",""Map geometry does not establish sovereignty or succession."",""Resolve historical identity before proposing entity-specific facts.""]","851acb012ccfa2a4bfa05ea83ec2694b3f773a7a6fee8703e87969c9225e6997",""
"entity-peru@1960/capital","entity-peru@1960","","Peru","1960","capital","MISSING","B","completely-empty","political-polity","true","[]","[]","[]","[]","{""map_identity_id"":""entity-peru"",""aliases"":[],""historical_names"":[],""identifiers"":{}}","[""Snapshot context is not observation date or boundary date."",""Map geometry does not establish sovereignty or succession."",""Resolve historical identity before proposing entity-specific facts.""]","851acb012ccfa2a4bfa05ea83ec2694b3f773a7a6fee8703e87969c9225e6997",""
"entity-ecuador@1878/capital","entity-ecuador@1878","","Ecuador","1878","capital","MISSING","B","completely-empty","political-polity","true","[]","[]","[]","[]","{""map_identity_id"":""entity-ecuador"",""aliases"":[],""historical_names"":[],""identifiers"":{}}","[""Snapshot context is not observation date or boundary date."",""Map geometry does not establish sovereignty or succession."",""Resolve historical identity before proposing entity-specific facts.""]","851acb012ccfa2a4bfa05ea83ec2694b3f773a7a6fee8703e87969c9225e6997",""
"entity-ecuador@1880/capital","entity-ecuador@1880","","Ecuador","1880","capital","MISSING","B","completely-empty","political-polity","true","[]","[]","[]","[]","{""map_identity_id"":""entity-ecuador"",""aliases"":[],""historical_names"":[],""identifiers"":{}}","[""Snapshot context is not observation date or boundary date."",""Map geometry does not establish sovereignty or succession."",""Resolve historical identity before proposing entity-specific facts.""]","851acb012ccfa2a4bfa05ea83ec2694b3f773a7a6fee8703e87969c9225e6997",""
"entity-ecuador@1900/capital","entity-ecuador@1900","","Ecuador","1900","capital","MISSING","B","completely-empty","political-polity","true","[]","[]","[]","[]","{""map_identity_id"":""entity-ecuador"",""aliases"":[],""historical_names"":[],""identifiers"":{}}","[""Snapshot context is not observation date or boundary date."",""Map geometry does not establish sovereignty or succession."",""Resolve historical identity before proposing entity-specific facts.""]","851acb012ccfa2a4bfa05ea83ec2694b3f773a7a6fee8703e87969c9225e6997",""
"entity-ecuador@1930/capital","entity-ecuador@1930","","Ecuador","1930","capital","MISSING","B","completely-empty","political-polity","true","[]","[]","[]","[]","{""map_identity_id"":""entity-ecuador"",""aliases"":[],""historical_names"":[],""identifiers"":{}}","[""Snapshot context is not observation date or boundary date."",""Map geometry does not establish sovereignty or succession."",""Resolve historical identity before proposing entity-specific facts.""]","851acb012ccfa2a4bfa05ea83ec2694b3f773a7a6fee8703e87969c9225e6997",""
"entity-ecuador@1938/capital","entity-ecuador@1938","","Ecuador","1938","capital","MISSING","B","completely-empty","political-polity","true","[]","[]","[]","[]","{""map_identity_id"":""entity-ecuador"",""aliases"":[],""historical_names"":[],""identifiers"":{}}","[""Snapshot context is not observation date or boundary date."",""Map geometry does not establish sovereignty or succession."",""Resolve historical identity before proposing entity-specific facts.""]","851acb012ccfa2a4bfa05ea83ec2694b3f773a7a6fee8703e87969c9225e6997",""
"entity-ecuador@1945/capital","entity-ecuador@1945","","Ecuador","1945","capital","MISSING","B","completely-empty","political-polity","true","[]","[]","[]","[]","{""map_identity_id"":""entity-ecuador"",""aliases"":[],""historical_names"":[],""identifiers"":{}}","[""Snapshot context is not observation date or boundary date."",""Map geometry does not establish sovereignty or succession."",""Resolve historical identity before proposing entity-specific facts.""]","851acb012ccfa2a4bfa05ea83ec2694b3f773a7a6fee8703e87969c9225e6997",""
"entity-bolivia@1878/capital","entity-bolivia@1878","","Bolivia","1878","capital","MISSING","B","completely-empty","political-polity","true","[]","[]","[]","[]","{""map_identity_id"":""entity-bolivia"",""aliases"":[],""historical_names"":[],""identifiers"":{}}","[""Snapshot context is not observation date or boundary date."",""Map geometry does not establish sovereignty or succession."",""Resolve historical identity before proposing entity-specific facts.""]","851acb012ccfa2a4bfa05ea83ec2694b3f773a7a6fee8703e87969c9225e6997",""
"entity-bolivia@1880/capital","entity-bolivia@1880","","Bolivia","1880","capital","MISSING","B","completely-empty","political-polity","true","[]","[]","[]","[]","{""map_identity_id"":""entity-bolivia"",""aliases"":[],""historical_names"":[],""identifiers"":{}}","[""Snapshot context is not observation date or boundary date."",""Map geometry does not establish sovereignty or succession."",""Resolve historical identity before proposing entity-specific facts.""]","851acb012ccfa2a4bfa05ea83ec2694b3f773a7a6fee8703e87969c9225e6997",""
"entity-bolivia@1900/capital","entity-bolivia@1900","bolivia-late-1880-constitutional-framework","Bolivia — 1880 constitutional framework","1900","capital","MISSING","B","partially-supported","political-polity","false","[]","[]","[]","[]","{""map_identity_id"":""entity-bolivia"",""aliases"":[],""historical_names"":[{""value"":""Bolivia — 1880 constitutional framework"",""kind"":""primary"",""validFrom"":""1881-01-01"",""validUntil"":""1935-01-01""}],""identifiers"":{}}","[""Snapshot context is not observation date or boundary date."",""Map geometry does not establish sovereignty or succession.""]","851acb012ccfa2a4bfa05ea83ec2694b3f773a7a6fee8703e87969c9225e6997",""
"entity-bolivia@1914/capital","entity-bolivia@1914","bolivia-late-1880-constitutional-framework","Bolivia — 1880 constitutional framework","1914","capital","MISSING","B","partially-supported","political-polity","false","[]","[]","[]","[]","{""map_identity_id"":""entity-bolivia"",""aliases"":[],""historical_names"":[{""value"":""Bolivia — 1880 constitutional framework"",""kind"":""primary"",""validFrom"":""1881-01-01"",""validUntil"":""1935-01-01""}],""identifiers"":{}}","[""Snapshot context is not observation date or boundary date."",""Map geometry does not establish sovereignty or succession.""]","851acb012ccfa2a4bfa05ea83ec2694b3f773a7a6fee8703e87969c9225e6997",""
"entity-bolivia@1920/capital","entity-bolivia@1920","bolivia-late-1880-constitutional-framework","Bolivia — 1880 constitutional framework","1920","capital","MISSING","B","partially-supported","political-polity","false","[]","[]","[]","[]","{""map_identity_id"":""entity-bolivia"",""aliases"":[],""historical_names"":[{""value"":""Bolivia — 1880 constitutional framework"",""kind"":""primary"",""validFrom"":""1881-01-01"",""validUntil"":""1935-01-01""}],""identifiers"":{}}","[""Snapshot context is not observation date or boundary date."",""Map geometry does not establish sovereignty or succession.""]","851acb012ccfa2a4bfa05ea83ec2694b3f773a7a6fee8703e87969c9225e6997",""
"entity-bolivia@1930/capital","entity-bolivia@1930","bolivia-late-1880-constitutional-framework","Bolivia — 1880 constitutional framework","1930","capital","MISSING","B","partially-supported","political-polity","false","[]","[]","[]","[]","{""map_identity_id"":""entity-bolivia"",""aliases"":[],""historical_names"":[{""value"":""Bolivia — 1880 constitutional framework"",""kind"":""primary"",""validFrom"":""1881-01-01"",""validUntil"":""1935-01-01""}],""identifiers"":{}}","[""Snapshot context is not observation date or boundary date."",""Map geometry does not establish sovereignty or succession.""]","851acb012ccfa2a4bfa05ea83ec2694b3f773a7a6fee8703e87969c9225e6997",""
"entity-bolivia@1938/capital","entity-bolivia@1938","","Bolivia","1938","capital","MISSING","B","completely-empty","political-polity","true","[]","[]","[]","[]","{""map_identity_id"":""entity-bolivia"",""aliases"":[],""historical_names"":[],""identifiers"":{}}","[""Snapshot context is not observation date or boundary date."",""Map geometry does not establish sovereignty or succession."",""Resolve historical identity before proposing entity-specific facts.""]","851acb012ccfa2a4bfa05ea83ec2694b3f773a7a6fee8703e87969c9225e6997",""
"entity-bolivia@1945/capital","entity-bolivia@1945","bolivia-1944-social-framework","Bolivia — Villarroel constitutional period","1945","capital","MISSING","B","partially-supported","political-polity","false","[]","[]","[]","[]","{""map_identity_id"":""entity-bolivia"",""aliases"":[],""historical_names"":[{""value"":""Bolivia — Villarroel constitutional period"",""kind"":""primary"",""validFrom"":""1945-01-01"",""validUntil"":""1946-01-01""}],""identifiers"":{}}","[""Snapshot context is not observation date or boundary date."",""Map geometry does not establish sovereignty or succession.""]","851acb012ccfa2a4bfa05ea83ec2694b3f773a7a6fee8703e87969c9225e6997",""
"entity-bolivia@1960/capital","entity-bolivia@1960","bolivia-post-revolution-framework","Bolivia — National Revolution government","1960","capital","MISSING","B","partially-supported","political-polity","false","[]","[]","[]","[]","{""map_identity_id"":""entity-bolivia"",""aliases"":[],""historical_names"":[{""value"":""Bolivia — National Revolution government"",""kind"":""primary"",""validFrom"":""1957-01-01"",""validUntil"":""1961-01-01""}],""identifiers"":{}}","[""Snapshot context is not observation date or boundary date."",""Map geometry does not establish sovereignty or succession.""]","851acb012ccfa2a4bfa05ea83ec2694b3f773a7a6fee8703e87969c9225e6997",""
"entity-tibet@1914/capital","entity-tibet@1914","","Tibet","1914","capital","MISSING","B","held-ambiguous","political-polity","true","[]","[]","[]","[]","{""map_identity_id"":""entity-tibet"",""aliases"":[],""historical_names"":[],""identifiers"":{}}","[""Snapshot context is not observation date or boundary date."",""Map geometry does not establish sovereignty or succession."",""Resolve historical identity before proposing entity-specific facts.""]","851acb012ccfa2a4bfa05ea83ec2694b3f773a7a6fee8703e87969c9225e6997",""
"entity-tibet@1920/capital","entity-tibet@1920","","Tibet","1920","capital","MISSING","B","held-ambiguous","political-polity","true","[]","[]","[]","[]","{""map_identity_id"":""entity-tibet"",""aliases"":[],""historical_names"":[],""identifiers"":{}}","[""Snapshot context is not observation date or boundary date."",""Map geometry does not establish sovereignty or succession."",""Resolve historical identity before proposing entity-specific facts.""]","851acb012ccfa2a4bfa05ea83ec2694b3f773a7a6fee8703e87969c9225e6997",""
"entity-tibet@1930/capital","entity-tibet@1930","","Tibet","1930","capital","MISSING","B","held-ambiguous","political-polity","true","[]","[]","[]","[]","{""map_identity_id"":""entity-tibet"",""aliases"":[],""historical_names"":[],""identifiers"":{}}","[""Snapshot context is not observation date or boundary date."",""Map geometry does not establish sovereignty or succession."",""Resolve historical identity before proposing entity-specific facts.""]","851acb012ccfa2a4bfa05ea83ec2694b3f773a7a6fee8703e87969c9225e6997",""
"entity-tibet@1938/capital","entity-tibet@1938","","Tibet","1938","capital","MISSING","B","held-ambiguous","political-polity","true","[]","[]","[]","[]","{""map_identity_id"":""entity-tibet"",""aliases"":[],""historical_names"":[],""identifiers"":{}}","[""Snapshot context is not observation date or boundary date."",""Map geometry does not establish sovereignty or succession."",""Resolve historical identity before proposing entity-specific facts.""]","851acb012ccfa2a4bfa05ea83ec2694b3f773a7a6fee8703e87969c9225e6997",""
"entity-tibet@1945/capital","entity-tibet@1945","","Tibet","1945","capital","MISSING","B","held-ambiguous","political-polity","true","[]","[]","[]","[]","{""map_identity_id"":""entity-tibet"",""aliases"":[],""historical_names"":[],""identifiers"":{}}","[""Snapshot context is not observation date or boundary date."",""Map geometry does not establish sovereignty or succession."",""Resolve historical identity before proposing entity-specific facts.""]","851acb012ccfa2a4bfa05ea83ec2694b3f773a7a6fee8703e87969c9225e6997",""
"entity-tibet@1960/capital","entity-tibet@1960","","Tibet","1960","capital","MISSING","B","held-ambiguous","political-polity","true","[]","[]","[]","[]","{""map_identity_id"":""entity-tibet"",""aliases"":[],""historical_names"":[],""identifiers"":{}}","[""Snapshot context is not observation date or boundary date."",""Map geometry does not establish sovereignty or succession."",""Resolve historical identity before proposing entity-specific facts.""]","851acb012ccfa2a4bfa05ea83ec2694b3f773a7a6fee8703e87969c9225e6997",""
"entity-morocco@1800/capital","entity-morocco@1800","morocco-early-sultanate-framework","Morocco — early sovereign sultanate framework","1800","capital","MISSING","B","partially-supported","political-polity","false","[]","[]","[]","[]","{""map_identity_id"":""entity-morocco"",""aliases"":[],""historical_names"":[{""value"":""Morocco — early sovereign sultanate framework"",""kind"":""primary"",""validFrom"":""1800-01-01"",""validUntil"":""1822-01-01""}],""identifiers"":{}}","[""Snapshot context is not observation date or boundary date."",""Map geometry does not establish sovereignty or succession.""]","851acb012ccfa2a4bfa05ea83ec2694b3f773a7a6fee8703e87969c9225e6997",""
"entity-morocco@1815/capital","entity-morocco@1815","morocco-early-sultanate-framework","Morocco — early sovereign sultanate framework","1815","capital","MISSING","B","partially-supported","political-polity","false","[]","[]","[]","[]","{""map_identity_id"":""entity-morocco"",""aliases"":[],""historical_names"":[{""value"":""Morocco — early sovereign sultanate framework"",""kind"":""primary"",""validFrom"":""1800-01-01"",""validUntil"":""1822-01-01""}],""identifiers"":{}}","[""Snapshot context is not observation date or boundary date."",""Map geometry does not establish sovereignty or succession.""]","851acb012ccfa2a4bfa05ea83ec2694b3f773a7a6fee8703e87969c9225e6997",""
"entity-morocco@1878/capital","entity-morocco@1878","","Morocco","1878","capital","MISSING","B","completely-empty","political-polity","true","[]","[]","[]","[]","{""map_identity_id"":""entity-morocco"",""aliases"":[],""historical_names"":[],""identifiers"":{}}","[""Snapshot context is not observation date or boundary date."",""Map geometry does not establish sovereignty or succession."",""Resolve historical identity before proposing entity-specific facts.""]","851acb012ccfa2a4bfa05ea83ec2694b3f773a7a6fee8703e87969c9225e6997",""
"entity-morocco@1880/capital","entity-morocco@1880","morocco-madrid-sultanate-framework","Morocco — sultanate at the Madrid convention","1880","capital","MISSING","B","partially-supported","political-polity","false","[]","[]","[]","[]","{""map_identity_id"":""entity-morocco"",""aliases"":[],""historical_names"":[{""value"":""Morocco — sultanate at the Madrid convention"",""kind"":""primary"",""validFrom"":""1880-07-03"",""validUntil"":""1880-07-04""}],""identifiers"":{}}","[""Snapshot context is not observation date or boundary date."",""Map geometry does not establish sovereignty or succession.""]","851acb012ccfa2a4bfa05ea83ec2694b3f773a7a6fee8703e87969c9225e6997",""
"entity-morocco@1900/capital","entity-morocco@1900","","Morocco","1900","capital","MISSING","B","completely-empty","political-polity","true","[]","[]","[]","[]","{""map_identity_id"":""entity-morocco"",""aliases"":[],""historical_names"":[],""identifiers"":{}}","[""Snapshot context is not observation date or boundary date."",""Map geometry does not establish sovereignty or succession."",""Resolve historical identity before proposing entity-specific facts.""]","851acb012ccfa2a4bfa05ea83ec2694b3f773a7a6fee8703e87969c9225e6997",""
"entity-malaya@1800/capital","entity-malaya@1800","","Malaya","1800","capital","MISSING","B","held-ambiguous","dependent-administration","true","[]","[]","[]","[]","{""map_identity_id"":""entity-malaya"",""aliases"":[],""historical_names"":[],""identifiers"":{}}","[""Snapshot context is not observation date or boundary date."",""Map geometry does not establish sovereignty or succession."",""Resolve historical identity before proposing entity-specific facts.""]","851acb012ccfa2a4bfa05ea83ec2694b3f773a7a6fee8703e87969c9225e6997",""
"entity-malaya@1815/capital","entity-malaya@1815","","Malaya","1815","capital","MISSING","B","held-ambiguous","dependent-administration","true","[]","[]","[]","[]","{""map_identity_id"":""entity-malaya"",""aliases"":[],""historical_names"":[],""identifiers"":{}}","[""Snapshot context is not observation date or boundary date."",""Map geometry does not establish sovereignty or succession."",""Resolve historical identity before proposing entity-specific facts.""]","851acb012ccfa2a4bfa05ea83ec2694b3f773a7a6fee8703e87969c9225e6997",""
"entity-malaya@1878/capital","entity-malaya@1878","","Malaya","1878","capital","MISSING","B","held-ambiguous","dependent-administration","true","[]","[]","[]","[]","{""map_identity_id"":""entity-malaya"",""aliases"":[],""historical_names"":[],""identifiers"":{}}","[""Snapshot context is not observation date or boundary date."",""Map geometry does not establish sovereignty or succession."",""Resolve historical identity before proposing entity-specific facts.""]","851acb012ccfa2a4bfa05ea83ec2694b3f773a7a6fee8703e87969c9225e6997",""
"entity-malaya@1880/capital","entity-malaya@1880","","Malaya","1880","capital","MISSING","B","held-ambiguous","dependent-administration","true","[]","[]","[]","[]","{""map_identity_id"":""entity-malaya"",""aliases"":[],""historical_names"":[],""identifiers"":{}}","[""Snapshot context is not observation date or boundary date."",""Map geometry does not establish sovereignty or succession."",""Resolve historical identity before proposing entity-specific facts.""]","851acb012ccfa2a4bfa05ea83ec2694b3f773a7a6fee8703e87969c9225e6997",""
"entity-malaya@1900/capital","entity-malaya@1900","","Malaya","1900","capital","MISSING","B","held-ambiguous","dependent-administration","true","[]","[]","[]","[]","{""map_identity_id"":""entity-malaya"",""aliases"":[],""historical_names"":[],""identifiers"":{}}","[""Snapshot context is not observation date or boundary date."",""Map geometry does not establish sovereignty or succession."",""Resolve historical identity before proposing entity-specific facts.""]","851acb012ccfa2a4bfa05ea83ec2694b3f773a7a6fee8703e87969c9225e6997",""
"entity-malaya@1914/capital","entity-malaya@1914","","Malaya","1914","capital","MISSING","B","held-ambiguous","dependent-administration","true","[]","[]","[]","[]","{""map_identity_id"":""entity-malaya"",""aliases"":[],""historical_names"":[],""identifiers"":{}}","[""Snapshot context is not observation date or boundary date."",""Map geometry does not establish sovereignty or succession."",""Resolve historical identity before proposing entity-specific facts.""]","851acb012ccfa2a4bfa05ea83ec2694b3f773a7a6fee8703e87969c9225e6997",""
"entity-cuba@1914/capital","entity-cuba@1914","","Cuba","1914","capital","MISSING","B","completely-empty","political-polity","true","[]","[]","[]","[]","{""map_identity_id"":""entity-cuba"",""aliases"":[],""historical_names"":[],""identifiers"":{}}","[""Snapshot context is not observation date or boundary date."",""Map geometry does not establish sovereignty or succession."",""Resolve historical identity before proposing entity-specific facts.""]","851acb012ccfa2a4bfa05ea83ec2694b3f773a7a6fee8703e87969c9225e6997",""
"entity-cuba@1920/capital","entity-cuba@1920","","Cuba","1920","capital","MISSING","B","completely-empty","political-polity","true","[]","[]","[]","[]","{""map_identity_id"":""entity-cuba"",""aliases"":[],""historical_names"":[],""identifiers"":{}}","[""Snapshot context is not observation date or boundary date."",""Map geometry does not establish sovereignty or succession."",""Resolve historical identity before proposing entity-specific facts.""]","851acb012ccfa2a4bfa05ea83ec2694b3f773a7a6fee8703e87969c9225e6997",""
"entity-cuba@1930/capital","entity-cuba@1930","","Cuba","1930","capital","MISSING","B","completely-empty","political-polity","true","[]","[]","[]","[]","{""map_identity_id"":""entity-cuba"",""aliases"":[],""historical_names"":[],""identifiers"":{}}","[""Snapshot context is not observation date or boundary date."",""Map geometry does not establish sovereignty or succession."",""Resolve historical identity before proposing entity-specific facts.""]","851acb012ccfa2a4bfa05ea83ec2694b3f773a7a6fee8703e87969c9225e6997",""
"entity-cuba@1938/capital","entity-cuba@1938","","Cuba","1938","capital","MISSING","B","completely-empty","political-polity","true","[]","[]","[]","[]","{""map_identity_id"":""entity-cuba"",""aliases"":[],""historical_names"":[],""identifiers"":{}}","[""Snapshot context is not observation date or boundary date."",""Map geometry does not establish sovereignty or succession."",""Resolve historical identity before proposing entity-specific facts.""]","851acb012ccfa2a4bfa05ea83ec2694b3f773a7a6fee8703e87969c9225e6997",""
"entity-cuba@1945/capital","entity-cuba@1945","","Cuba","1945","capital","MISSING","B","completely-empty","political-polity","true","[]","[]","[]","[]","{""map_identity_id"":""entity-cuba"",""aliases"":[],""historical_names"":[],""identifiers"":{}}","[""Snapshot context is not observation date or boundary date."",""Map geometry does not establish sovereignty or succession."",""Resolve historical identity before proposing entity-specific facts.""]","851acb012ccfa2a4bfa05ea83ec2694b3f773a7a6fee8703e87969c9225e6997",""
"entity-cuba@1960/capital","entity-cuba@1960","b10-cuba-revolutionary-1960-january","Cuba — revolutionary government attested 21 January 1960","1960","capital","MISSING","B","partially-supported","political-polity","false","[]","[]","[]","[]","{""map_identity_id"":""entity-cuba"",""aliases"":[],""historical_names"":[{""value"":""Cuba — revolutionary government attested 21 January 1960"",""kind"":""primary"",""validFrom"":""1960-01-21"",""validUntil"":""1960-01-22""}],""identifiers"":{}}","[""Snapshot context is not observation date or boundary date."",""Map geometry does not establish sovereignty or succession.""]","851acb012ccfa2a4bfa05ea83ec2694b3f773a7a6fee8703e87969c9225e6997",""
"entity-greece@1914/capital","entity-greece@1914","","Greece","1914","capital","MISSING","B","completely-empty","political-polity","true","[]","[]","[]","[]","{""map_identity_id"":""entity-greece"",""aliases"":[],""historical_names"":[],""identifiers"":{}}","[""Snapshot context is not observation date or boundary date."",""Map geometry does not establish sovereignty or succession."",""Resolve historical identity before proposing entity-specific facts.""]","851acb012ccfa2a4bfa05ea83ec2694b3f773a7a6fee8703e87969c9225e6997",""
"entity-greece@1920/capital","entity-greece@1920","","Greece","1920","capital","MISSING","B","completely-empty","political-polity","true","[]","[]","[]","[]","{""map_identity_id"":""entity-greece"",""aliases"":[],""historical_names"":[],""identifiers"":{}}","[""Snapshot context is not observation date or boundary date."",""Map geometry does not establish sovereignty or succession."",""Resolve historical identity before proposing entity-specific facts.""]","851acb012ccfa2a4bfa05ea83ec2694b3f773a7a6fee8703e87969c9225e6997",""
"entity-greece@1938/capital","entity-greece@1938","","Greece","1938","capital","MISSING","B","completely-empty","political-polity","true","[]","[]","[]","[]","{""map_identity_id"":""entity-greece"",""aliases"":[],""historical_names"":[],""identifiers"":{}}","[""Snapshot context is not observation date or boundary date."",""Map geometry does not establish sovereignty or succession."",""Resolve historical identity before proposing entity-specific facts.""]","851acb012ccfa2a4bfa05ea83ec2694b3f773a7a6fee8703e87969c9225e6997",""
"entity-greece@1945/capital","entity-greece@1945","","Greece","1945","capital","MISSING","B","completely-empty","political-polity","true","[]","[]","[]","[]","{""map_identity_id"":""entity-greece"",""aliases"":[],""historical_names"":[],""identifiers"":{}}","[""Snapshot context is not observation date or boundary date."",""Map geometry does not establish sovereignty or succession."",""Resolve historical identity before proposing entity-specific facts.""]","851acb012ccfa2a4bfa05ea83ec2694b3f773a7a6fee8703e87969c9225e6997",""
"entity-angola@1815/capital","entity-angola@1815","b17-angola-early-colonial","Angola — early Portuguese colonial foothold","1815","capital","MISSING","B","partially-supported","dependent-administration","false","[]","[]","[]","[]","{""map_identity_id"":""entity-angola"",""aliases"":[],""historical_names"":[{""value"":""Angola — early Portuguese colonial foothold"",""kind"":""primary"",""validFrom"":""1815-01-01"",""validUntil"":""1816-01-01""}],""identifiers"":{}}","[""Snapshot context is not observation date or boundary date."",""Map geometry does not establish sovereignty or succession.""]","851acb012ccfa2a4bfa05ea83ec2694b3f773a7a6fee8703e87969c9225e6997",""
"entity-angola@1900/capital","entity-angola@1900","","Angola","1900","capital","MISSING","B","completely-empty","dependent-administration","true","[]","[]","[]","[]","{""map_identity_id"":""entity-angola"",""aliases"":[],""historical_names"":[],""identifiers"":{}}","[""Snapshot context is not observation date or boundary date."",""Map geometry does not establish sovereignty or succession."",""Resolve historical identity before proposing entity-specific facts.""]","851acb012ccfa2a4bfa05ea83ec2694b3f773a7a6fee8703e87969c9225e6997",""
"entity-angola@1914/capital","entity-angola@1914","","Angola","1914","capital","MISSING","B","completely-empty","dependent-administration","true","[]","[]","[]","[]","{""map_identity_id"":""entity-angola"",""aliases"":[],""historical_names"":[],""identifiers"":{}}","[""Snapshot context is not observation date or boundary date."",""Map geometry does not establish sovereignty or succession."",""Resolve historical identity before proposing entity-specific facts.""]","851acb012ccfa2a4bfa05ea83ec2694b3f773a7a6fee8703e87969c9225e6997",""
"entity-angola@1930/capital","entity-angola@1930","","Angola","1930","capital","MISSING","B","completely-empty","dependent-administration","true","[]","[]","[]","[]","{""map_identity_id"":""entity-angola"",""aliases"":[],""historical_names"":[],""identifiers"":{}}","[""Snapshot context is not observation date or boundary date."",""Map geometry does not establish sovereignty or succession."",""Resolve historical identity before proposing entity-specific facts.""]","851acb012ccfa2a4bfa05ea83ec2694b3f773a7a6fee8703e87969c9225e6997",""
"entity-nepal@1800/capital","entity-nepal@1800","","Nepal","1800","capital","MISSING","B","completely-empty","political-polity","true","[]","[]","[]","[]","{""map_identity_id"":""entity-nepal"",""aliases"":[],""historical_names"":[],""identifiers"":{}}","[""Snapshot context is not observation date or boundary date."",""Map geometry does not establish sovereignty or succession."",""Resolve historical identity before proposing entity-specific facts.""]","851acb012ccfa2a4bfa05ea83ec2694b3f773a7a6fee8703e87969c9225e6997",""
"entity-nepal@1815/capital","entity-nepal@1815","","Nepal","1815","capital","MISSING","B","completely-empty","political-polity","true","[]","[]","[]","[]","{""map_identity_id"":""entity-nepal"",""aliases"":[],""historical_names"":[],""identifiers"":{}}","[""Snapshot context is not observation date or boundary date."",""Map geometry does not establish sovereignty or succession."",""Resolve historical identity before proposing entity-specific facts.""]","851acb012ccfa2a4bfa05ea83ec2694b3f773a7a6fee8703e87969c9225e6997",""
"entity-nepal@1878/capital","entity-nepal@1878","nepal-rana-framework","Nepal — Rana governmental framework","1878","capital","MISSING","B","partially-supported","political-polity","false","[]","[]","[]","[]","{""map_identity_id"":""entity-nepal"",""aliases"":[],""historical_names"":[{""value"":""Nepal — Rana governmental framework"",""kind"":""primary"",""validFrom"":""1857-01-01"",""validUntil"":""1950-01-01""}],""identifiers"":{}}","[""Snapshot context is not observation date or boundary date."",""Map geometry does not establish sovereignty or succession.""]","851acb012ccfa2a4bfa05ea83ec2694b3f773a7a6fee8703e87969c9225e6997",""
"entity-nepal@1880/capital","entity-nepal@1880","nepal-rana-framework","Nepal — Rana governmental framework","1880","capital","MISSING","B","partially-supported","political-polity","false","[]","[]","[]","[]","{""map_identity_id"":""entity-nepal"",""aliases"":[],""historical_names"":[{""value"":""Nepal — Rana governmental framework"",""kind"":""primary"",""validFrom"":""1857-01-01"",""validUntil"":""1950-01-01""}],""identifiers"":{}}","[""Snapshot context is not observation date or boundary date."",""Map geometry does not establish sovereignty or succession.""]","851acb012ccfa2a4bfa05ea83ec2694b3f773a7a6fee8703e87969c9225e6997",""
"entity-nepal@1960/capital","entity-nepal@1960","","Nepal","1960","capital","MISSING","B","held-ambiguous","political-polity","true","[]","[]","[]","[]","{""map_identity_id"":""entity-nepal"",""aliases"":[],""historical_names"":[],""identifiers"":{}}","[""Snapshot context is not observation date or boundary date."",""Map geometry does not establish sovereignty or succession."",""Resolve historical identity before proposing entity-specific facts.""]","851acb012ccfa2a4bfa05ea83ec2694b3f773a7a6fee8703e87969c9225e6997",""
"entity-paraguay@1800/capital","entity-paraguay@1800","paraguay-spanish-provincial-framework","Paraguay — Spanish colonial province","1800","capital","MISSING","B","partially-supported","political-polity","false","[]","[]","[]","[]","{""map_identity_id"":""entity-paraguay"",""aliases"":[],""historical_names"":[{""value"":""Paraguay — Spanish colonial province"",""kind"":""primary"",""validFrom"":""1800-01-01"",""validUntil"":""1806-01-01""}],""identifiers"":{}}","[""Snapshot context is not observation date or boundary date."",""Map geometry does not establish sovereignty or succession.""]","851acb012ccfa2a4bfa05ea83ec2694b3f773a7a6fee8703e87969c9225e6997",""
"entity-paraguay@1815/capital","entity-paraguay@1815","paraguay-francia-1815-framework","Paraguay — Francia government","1815","capital","MISSING","B","partially-supported","political-polity","false","[]","[]","[]","[]","{""map_identity_id"":""entity-paraguay"",""aliases"":[],""historical_names"":[{""value"":""Paraguay — Francia government"",""kind"":""primary"",""validFrom"":""1815-01-01"",""validUntil"":""1816-01-01""}],""identifiers"":{}}","[""Snapshot context is not observation date or boundary date."",""Map geometry does not establish sovereignty or succession.""]","851acb012ccfa2a4bfa05ea83ec2694b3f773a7a6fee8703e87969c9225e6997",""
"entity-paraguay@1878/capital","entity-paraguay@1878","paraguay-1870-constitutional-framework","Paraguay — 1870 constitutional framework","1878","capital","MISSING","B","partially-supported","political-polity","false","[]","[]","[]","[]","{""map_identity_id"":""entity-paraguay"",""aliases"":[],""historical_names"":[{""value"":""Paraguay — 1870 constitutional framework"",""kind"":""primary"",""validFrom"":""1871-01-01"",""validUntil"":""1935-01-01""}],""identifiers"":{}}","[""Snapshot context is not observation date or boundary date."",""Map geometry does not establish sovereignty or succession.""]","851acb012ccfa2a4bfa05ea83ec2694b3f773a7a6fee8703e87969c9225e6997",""
"entity-paraguay@1880/capital","entity-paraguay@1880","paraguay-1870-constitutional-framework","Paraguay — 1870 constitutional framework","1880","capital","MISSING","B","partially-supported","political-polity","false","[]","[]","[]","[]","{""map_identity_id"":""entity-paraguay"",""aliases"":[],""historical_names"":[{""value"":""Paraguay — 1870 constitutional framework"",""kind"":""primary"",""validFrom"":""1871-01-01"",""validUntil"":""1935-01-01""}],""identifiers"":{}}","[""Snapshot context is not observation date or boundary date."",""Map geometry does not establish sovereignty or succession.""]","851acb012ccfa2a4bfa05ea83ec2694b3f773a7a6fee8703e87969c9225e6997",""
"entity-paraguay@1938/capital","entity-paraguay@1938","","Paraguay","1938","capital","MISSING","B","completely-empty","political-polity","true","[]","[]","[]","[]","{""map_identity_id"":""entity-paraguay"",""aliases"":[],""historical_names"":[],""identifiers"":{}}","[""Snapshot context is not observation date or boundary date."",""Map geometry does not establish sovereignty or succession."",""Resolve historical identity before proposing entity-specific facts.""]","851acb012ccfa2a4bfa05ea83ec2694b3f773a7a6fee8703e87969c9225e6997",""
"entity-uruguay@1878/capital","entity-uruguay@1878","","Uruguay","1878","capital","MISSING","B","completely-empty","political-polity","true","[]","[]","[]","[]","{""map_identity_id"":""entity-uruguay"",""aliases"":[],""historical_names"":[],""identifiers"":{}}","[""Snapshot context is not observation date or boundary date."",""Map geometry does not establish sovereignty or succession."",""Resolve historical identity before proposing entity-specific facts.""]","851acb012ccfa2a4bfa05ea83ec2694b3f773a7a6fee8703e87969c9225e6997",""
"entity-uruguay@1880/capital","entity-uruguay@1880","","Uruguay","1880","capital","MISSING","B","completely-empty","political-polity","true","[]","[]","[]","[]","{""map_identity_id"":""entity-uruguay"",""aliases"":[],""historical_names"":[],""identifiers"":{}}","[""Snapshot context is not observation date or boundary date."",""Map geometry does not establish sovereignty or succession."",""Resolve historical identity before proposing entity-specific facts.""]","851acb012ccfa2a4bfa05ea83ec2694b3f773a7a6fee8703e87969c9225e6997",""
"entity-uruguay@1938/capital","entity-uruguay@1938","","Uruguay","1938","capital","MISSING","B","completely-empty","political-polity","true","[]","[]","[]","[]","{""map_identity_id"":""entity-uruguay"",""aliases"":[],""historical_names"":[],""identifiers"":{}}","[""Snapshot context is not observation date or boundary date."",""Map geometry does not establish sovereignty or succession."",""Resolve historical identity before proposing entity-specific facts.""]","851acb012ccfa2a4bfa05ea83ec2694b3f773a7a6fee8703e87969c9225e6997",""
"entity-uruguay@1960/capital","entity-uruguay@1960","uruguay-collegiate-government-framework","Uruguay — collegiate National Government Council","1960","capital","MISSING","B","partially-supported","political-polity","false","[]","[]","[]","[]","{""map_identity_id"":""entity-uruguay"",""aliases"":[],""historical_names"":[{""value"":""Uruguay — collegiate National Government Council"",""kind"":""primary"",""validFrom"":""1953-01-01"",""validUntil"":""1961-01-01""}],""identifiers"":{}}","[""Snapshot context is not observation date or boundary date."",""Map geometry does not establish sovereignty or succession.""]","851acb012ccfa2a4bfa05ea83ec2694b3f773a7a6fee8703e87969c9225e6997",""
"entity-ceylon@1815/capital","entity-ceylon@1815","","Ceylon","1815","capital","MISSING","B","held-ambiguous","dependent-administration","true","[]","[]","[]","[]","{""map_identity_id"":""entity-ceylon"",""aliases"":[],""historical_names"":[],""identifiers"":{}}","[""Snapshot context is not observation date or boundary date."",""Map geometry does not establish sovereignty or succession."",""Resolve historical identity before proposing entity-specific facts.""]","851acb012ccfa2a4bfa05ea83ec2694b3f773a7a6fee8703e87969c9225e6997",""
"entity-ceylon@1878/capital","entity-ceylon@1878","ceylon-legislative-council-framework","Ceylon — Legislative Council framework","1878","capital","MISSING","B","partially-supported","dependent-administration","false","[]","[]","[]","[]","{""map_identity_id"":""entity-ceylon"",""aliases"":[],""historical_names"":[{""value"":""Ceylon — Legislative Council framework"",""kind"":""primary"",""validFrom"":""1834-01-01"",""validUntil"":""1931""}],""identifiers"":{}}","[""Snapshot context is not observation date or boundary date."",""Map geometry does not establish sovereignty or succession.""]","851acb012ccfa2a4bfa05ea83ec2694b3f773a7a6fee8703e87969c9225e6997",""
"entity-ceylon@1880/capital","entity-ceylon@1880","ceylon-legislative-council-framework","Ceylon — Legislative Council framework","1880","capital","MISSING","B","partially-supported","dependent-administration","false","[]","[]","[]","[]","{""map_identity_id"":""entity-ceylon"",""aliases"":[],""historical_names"":[{""value"":""Ceylon — Legislative Council framework"",""kind"":""primary"",""validFrom"":""1834-01-01"",""validUntil"":""1931""}],""identifiers"":{}}","[""Snapshot context is not observation date or boundary date."",""Map geometry does not establish sovereignty or succession.""]","851acb012ccfa2a4bfa05ea83ec2694b3f773a7a6fee8703e87969c9225e6997",""
"entity-ceylon@1900/capital","entity-ceylon@1900","ceylon-legislative-council-framework","Ceylon — Legislative Council framework","1900","capital","MISSING","B","partially-supported","dependent-administration","false","[]","[]","[]","[]","{""map_identity_id"":""entity-ceylon"",""aliases"":[],""historical_names"":[{""value"":""Ceylon — Legislative Council framework"",""kind"":""primary"",""validFrom"":""1834-01-01"",""validUntil"":""1931""}],""identifiers"":{}}","[""Snapshot context is not observation date or boundary date."",""Map geometry does not establish sovereignty or succession.""]","851acb012ccfa2a4bfa05ea83ec2694b3f773a7a6fee8703e87969c9225e6997",""
"entity-ceylon@1914/capital","entity-ceylon@1914","ceylon-legislative-council-framework","Ceylon — Legislative Council framework","1914","capital","MISSING","B","partially-supported","dependent-administration","false","[]","[]","[]","[]","{""map_identity_id"":""entity-ceylon"",""aliases"":[],""historical_names"":[{""value"":""Ceylon — Legislative Council framework"",""kind"":""primary"",""validFrom"":""1834-01-01"",""validUntil"":""1931""}],""identifiers"":{}}","[""Snapshot context is not observation date or boundary date."",""Map geometry does not establish sovereignty or succession.""]","851acb012ccfa2a4bfa05ea83ec2694b3f773a7a6fee8703e87969c9225e6997",""
"entity-ceylon@1920/capital","entity-ceylon@1920","ceylon-legislative-council-framework","Ceylon — Legislative Council framework","1920","capital","MISSING","B","partially-supported","dependent-administration","false","[]","[]","[]","[]","{""map_identity_id"":""entity-ceylon"",""aliases"":[],""historical_names"":[{""value"":""Ceylon — Legislative Council framework"",""kind"":""primary"",""validFrom"":""1834-01-01"",""validUntil"":""1931""}],""identifiers"":{}}","[""Snapshot context is not observation date or boundary date."",""Map geometry does not establish sovereignty or succession.""]","851acb012ccfa2a4bfa05ea83ec2694b3f773a7a6fee8703e87969c9225e6997",""
"entity-ceylon@1930/capital","entity-ceylon@1930","ceylon-legislative-council-framework","Ceylon — Legislative Council framework","1930","capital","PARTIAL","B","partially-supported","dependent-administration","false","[""Galle Face, Colombo""]","[]","[]","[]","{""map_identity_id"":""entity-ceylon"",""aliases"":[],""historical_names"":[{""value"":""Ceylon — Legislative Council framework"",""kind"":""primary"",""validFrom"":""1834-01-01"",""validUntil"":""1931""}],""identifiers"":{}}","[""Snapshot context is not observation date or boundary date."",""Map geometry does not establish sovereignty or succession."",""Existing applicability intervals: [{\""kind\"":\""interval\"",\""from\"":\""1930-01-29\"",\""until\"":\""1931\""}]""]","851acb012ccfa2a4bfa05ea83ec2694b3f773a7a6fee8703e87969c9225e6997",""
"entity-mozambique@1878/capital","entity-mozambique@1878","b20-portuguese-mozambique","Mozambique — Portuguese colony","1878","capital","MISSING","B","partially-supported","dependent-administration","false","[]","[]","[]","[]","{""map_identity_id"":""entity-mozambique"",""aliases"":[],""historical_names"":[{""value"":""Mozambique — Portuguese colonial administration"",""kind"":""primary"",""validFrom"":""1800-01-01"",""validUntil"":""1816-01-01""},{""value"":""Mozambique — Portuguese colony"",""kind"":""primary"",""validFrom"":""1878-01-01"",""validUntil"":""1946-01-01""},{""value"":""Mozambique — Portuguese overseas province"",""kind"":""primary"",""validFrom"":""1960-01-01"",""validUntil"":""1961-01-01""}],""identifiers"":{}}","[""Snapshot context is not observation date or boundary date."",""Map geometry does not establish sovereignty or succession.""]","851acb012ccfa2a4bfa05ea83ec2694b3f773a7a6fee8703e87969c9225e6997",""
"entity-mozambique@1880/capital","entity-mozambique@1880","b20-portuguese-mozambique","Mozambique — Portuguese colony","1880","capital","MISSING","B","partially-supported","dependent-administration","false","[]","[]","[]","[]","{""map_identity_id"":""entity-mozambique"",""aliases"":[],""historical_names"":[{""value"":""Mozambique — Portuguese colonial administration"",""kind"":""primary"",""validFrom"":""1800-01-01"",""validUntil"":""1816-01-01""},{""value"":""Mozambique — Portuguese colony"",""kind"":""primary"",""validFrom"":""1878-01-01"",""validUntil"":""1946-01-01""},{""value"":""Mozambique — Portuguese overseas province"",""kind"":""primary"",""validFrom"":""1960-01-01"",""validUntil"":""1961-01-01""}],""identifiers"":{}}","[""Snapshot context is not observation date or boundary date."",""Map geometry does not establish sovereignty or succession.""]","851acb012ccfa2a4bfa05ea83ec2694b3f773a7a6fee8703e87969c9225e6997",""
"entity-mozambique@1914/capital","entity-mozambique@1914","b20-portuguese-mozambique","Mozambique — Portuguese colony","1914","capital","MISSING","B","partially-supported","dependent-administration","false","[]","[]","[]","[]","{""map_identity_id"":""entity-mozambique"",""aliases"":[],""historical_names"":[{""value"":""Mozambique — Portuguese colonial administration"",""kind"":""primary"",""validFrom"":""1800-01-01"",""validUntil"":""1816-01-01""},{""value"":""Mozambique — Portuguese colony"",""kind"":""primary"",""validFrom"":""1878-01-01"",""validUntil"":""1946-01-01""},{""value"":""Mozambique — Portuguese overseas province"",""kind"":""primary"",""validFrom"":""1960-01-01"",""validUntil"":""1961-01-01""}],""identifiers"":{}}","[""Snapshot context is not observation date or boundary date."",""Map geometry does not establish sovereignty or succession.""]","851acb012ccfa2a4bfa05ea83ec2694b3f773a7a6fee8703e87969c9225e6997",""
"entity-mozambique@1920/capital","entity-mozambique@1920","b20-portuguese-mozambique","Mozambique — Portuguese colony","1920","capital","MISSING","B","partially-supported","dependent-administration","false","[]","[]","[]","[]","{""map_identity_id"":""entity-mozambique"",""aliases"":[],""historical_names"":[{""value"":""Mozambique — Portuguese colonial administration"",""kind"":""primary"",""validFrom"":""1800-01-01"",""validUntil"":""1816-01-01""},{""value"":""Mozambique — Portuguese colony"",""kind"":""primary"",""validFrom"":""1878-01-01"",""validUntil"":""1946-01-01""},{""value"":""Mozambique — Portuguese overseas province"",""kind"":""primary"",""validFrom"":""1960-01-01"",""validUntil"":""1961-01-01""}],""identifiers"":{}}","[""Snapshot context is not observation date or boundary date."",""Map geometry does not establish sovereignty or succession.""]","851acb012ccfa2a4bfa05ea83ec2694b3f773a7a6fee8703e87969c9225e6997",""
"entity-mozambique@1930/capital","entity-mozambique@1930","b20-portuguese-mozambique","Mozambique — Portuguese colony","1930","capital","MISSING","B","partially-supported","dependent-administration","false","[]","[]","[]","[]","{""map_identity_id"":""entity-mozambique"",""aliases"":[],""historical_names"":[{""value"":""Mozambique — Portuguese colonial administration"",""kind"":""primary"",""validFrom"":""1800-01-01"",""validUntil"":""1816-01-01""},{""value"":""Mozambique — Portuguese colony"",""kind"":""primary"",""validFrom"":""1878-01-01"",""validUntil"":""1946-01-01""},{""value"":""Mozambique — Portuguese overseas province"",""kind"":""primary"",""validFrom"":""1960-01-01"",""validUntil"":""1961-01-01""}],""identifiers"":{}}","[""Snapshot context is not observation date or boundary date."",""Map geometry does not establish sovereignty or succession.""]","851acb012ccfa2a4bfa05ea83ec2694b3f773a7a6fee8703e87969c9225e6997",""
"entity-mozambique@1960/capital","entity-mozambique@1960","b20-portuguese-mozambique","Mozambique — Portuguese overseas province","1960","capital","MISSING","B","partially-supported","dependent-administration","false","[]","[]","[]","[]","{""map_identity_id"":""entity-mozambique"",""aliases"":[],""historical_names"":[{""value"":""Mozambique — Portuguese colonial administration"",""kind"":""primary"",""validFrom"":""1800-01-01"",""validUntil"":""1816-01-01""},{""value"":""Mozambique — Portuguese colony"",""kind"":""primary"",""validFrom"":""1878-01-01"",""validUntil"":""1946-01-01""},{""value"":""Mozambique — Portuguese overseas province"",""kind"":""primary"",""validFrom"":""1960-01-01"",""validUntil"":""1961-01-01""}],""identifiers"":{}}","[""Snapshot context is not observation date or boundary date."",""Map geometry does not establish sovereignty or succession.""]","851acb012ccfa2a4bfa05ea83ec2694b3f773a7a6fee8703e87969c9225e6997",""
"entity-algeria@1960/capital","entity-algeria@1960","algeria-independence-war-1960-framework","Algeria — contested colonial authority in 1960","1960","capital","MISSING","B","partially-supported","dependent-administration","false","[]","[]","[]","[]","{""map_identity_id"":""entity-algeria"",""aliases"":[],""historical_names"":[{""value"":""Algeria — contested colonial authority in 1960"",""kind"":""primary"",""validFrom"":""1960-01-01"",""validUntil"":""1961-01-01""}],""identifiers"":{}}","[""Snapshot context is not observation date or boundary date."",""Map geometry does not establish sovereignty or succession.""]","851acb012ccfa2a4bfa05ea83ec2694b3f773a7a6fee8703e87969c9225e6997",""
"entity-chile@1878/capital","entity-chile@1878","chile-late-1833-framework","Chile — late nineteenth-century constitutional framework","1878","capital","MISSING","B","partially-supported","political-polity","false","[]","[]","[]","[]","{""map_identity_id"":""entity-chile"",""aliases"":[],""historical_names"":[{""value"":""Chile — late nineteenth-century constitutional framework"",""kind"":""primary"",""validFrom"":""1872-01-01"",""validUntil"":""1891-01-01""}],""identifiers"":{}}","[""Snapshot context is not observation date or boundary date."",""Map geometry does not establish sovereignty or succession.""]","851acb012ccfa2a4bfa05ea83ec2694b3f773a7a6fee8703e87969c9225e6997",""
"entity-chile@1880/capital","entity-chile@1880","chile-late-1833-framework","Chile — late nineteenth-century constitutional framework","1880","capital","MISSING","B","partially-supported","political-polity","false","[]","[]","[]","[]","{""map_identity_id"":""entity-chile"",""aliases"":[],""historical_names"":[{""value"":""Chile — late nineteenth-century constitutional framework"",""kind"":""primary"",""validFrom"":""1872-01-01"",""validUntil"":""1891-01-01""}],""identifiers"":{}}","[""Snapshot context is not observation date or boundary date."",""Map geometry does not establish sovereignty or succession.""]","851acb012ccfa2a4bfa05ea83ec2694b3f773a7a6fee8703e87969c9225e6997",""
"entity-chile@1930/capital","entity-chile@1930","","Chile","1930","capital","MISSING","B","completely-empty","political-polity","true","[]","[]","[]","[]","{""map_identity_id"":""entity-chile"",""aliases"":[],""historical_names"":[],""identifiers"":{}}","[""Snapshot context is not observation date or boundary date."",""Map geometry does not establish sovereignty or succession."",""Resolve historical identity before proposing entity-specific facts.""]","851acb012ccfa2a4bfa05ea83ec2694b3f773a7a6fee8703e87969c9225e6997",""
"entity-czechoslovakia@1920/capital","entity-czechoslovakia@1920","","Czechoslovakia","1920","capital","MISSING","B","completely-empty","political-polity","true","[]","[]","[]","[]","{""map_identity_id"":""entity-czechoslovakia"",""aliases"":[],""historical_names"":[],""identifiers"":{}}","[""Snapshot context is not observation date or boundary date."",""Map geometry does not establish sovereignty or succession."",""Resolve historical identity before proposing entity-specific facts.""]","851acb012ccfa2a4bfa05ea83ec2694b3f773a7a6fee8703e87969c9225e6997",""
"entity-czechoslovakia@1938/capital","entity-czechoslovakia@1938","","Czechoslovakia","1938","capital","MISSING","B","completely-empty","political-polity","true","[]","[]","[]","[]","{""map_identity_id"":""entity-czechoslovakia"",""aliases"":[],""historical_names"":[],""identifiers"":{}}","[""Snapshot context is not observation date or boundary date."",""Map geometry does not establish sovereignty or succession."",""Resolve historical identity before proposing entity-specific facts.""]","851acb012ccfa2a4bfa05ea83ec2694b3f773a7a6fee8703e87969c9225e6997",""
"entity-czechoslovakia@1945/capital","entity-czechoslovakia@1945","czechoslovakia-provisional-1945-framework","Czechoslovakia — postwar provisional parliamentary framework","1945","capital","MISSING","B","partially-supported","political-polity","false","[]","[]","[]","[]","{""map_identity_id"":""entity-czechoslovakia"",""aliases"":[],""historical_names"":[{""value"":""Czechoslovakia — postwar provisional parliamentary framework"",""kind"":""primary"",""validFrom"":""1945-10-28"",""validUntil"":""1946-01-01""}],""identifiers"":{}}","[""Snapshot context is not observation date or boundary date."",""Map geometry does not establish sovereignty or succession.""]","851acb012ccfa2a4bfa05ea83ec2694b3f773a7a6fee8703e87969c9225e6997",""
"entity-czechoslovakia@1960/capital","entity-czechoslovakia@1960","czechoslovakia-communist-constitutional-framework","Czechoslovakia — Communist constitutional framework","1960","capital","PARTIAL","B","partially-supported","political-polity","false","[""Prague""]","[]","[]","[]","{""map_identity_id"":""entity-czechoslovakia"",""aliases"":[],""historical_names"":[{""value"":""Czechoslovakia — Communist constitutional framework"",""kind"":""primary"",""validFrom"":""1949-01-01"",""validUntil"":""1961-01-01""}],""identifiers"":{}}","[""Snapshot context is not observation date or boundary date."",""Map geometry does not establish sovereignty or succession."",""Existing applicability intervals: [{\""kind\"":\""interval\"",\""from\"":\""1960-07-11\"",\""until\"":\""1961-01-01\""}]""]","851acb012ccfa2a4bfa05ea83ec2694b3f773a7a6fee8703e87969c9225e6997",""
"entity-madagascar@1800/capital","entity-madagascar@1800","","Madagascar","1800","capital","MISSING","B","completely-empty","political-polity","true","[]","[]","[]","[]","{""map_identity_id"":""entity-madagascar"",""aliases"":[],""historical_names"":[],""identifiers"":{}}","[""Snapshot context is not observation date or boundary date."",""Map geometry does not establish sovereignty or succession."",""Resolve historical identity before proposing entity-specific facts.""]","851acb012ccfa2a4bfa05ea83ec2694b3f773a7a6fee8703e87969c9225e6997",""
"entity-madagascar@1878/capital","entity-madagascar@1878","b20-merina-royal","Madagascar — Merina royal government","1878","capital","MISSING","B","partially-supported","political-polity","false","[]","[]","[]","[]","{""map_identity_id"":""entity-madagascar"",""aliases"":[],""historical_names"":[{""value"":""Merina kingdom"",""kind"":""primary"",""validFrom"":""1800-01-01"",""validUntil"":""1816-01-01""},{""value"":""Madagascar — Merina royal government"",""kind"":""primary"",""validFrom"":""1878-01-01"",""validUntil"":""1881-01-01""}],""identifiers"":{}}","[""Snapshot context is not observation date or boundary date."",""Map geometry does not establish sovereignty or succession.""]","851acb012ccfa2a4bfa05ea83ec2694b3f773a7a6fee8703e87969c9225e6997",""
"entity-madagascar@1880/capital","entity-madagascar@1880","b20-merina-royal","Madagascar — Merina royal government","1880","capital","MISSING","B","partially-supported","political-polity","false","[]","[]","[]","[]","{""map_identity_id"":""entity-madagascar"",""aliases"":[],""historical_names"":[{""value"":""Merina kingdom"",""kind"":""primary"",""validFrom"":""1800-01-01"",""validUntil"":""1816-01-01""},{""value"":""Madagascar — Merina royal government"",""kind"":""primary"",""validFrom"":""1878-01-01"",""validUntil"":""1881-01-01""}],""identifiers"":{}}","[""Snapshot context is not observation date or boundary date."",""Map geometry does not establish sovereignty or succession.""]","851acb012ccfa2a4bfa05ea83ec2694b3f773a7a6fee8703e87969c9225e6997",""
"entity-madagascar@1960/capital","entity-madagascar@1960","","Madagascar","1960","capital","MISSING","B","held-ambiguous","political-polity","true","[]","[]","[]","[]","{""map_identity_id"":""entity-madagascar"",""aliases"":[],""historical_names"":[],""identifiers"":{}}","[""Snapshot context is not observation date or boundary date."",""Map geometry does not establish sovereignty or succession."",""Resolve historical identity before proposing entity-specific facts.""]","851acb012ccfa2a4bfa05ea83ec2694b3f773a7a6fee8703e87969c9225e6997",""
"entity-angola-portugal@1878/capital","entity-angola-portugal@1878","","Angola (Portugal)","1878","capital","MISSING","B","completely-empty","dependent-administration","true","[]","[]","[]","[]","{""map_identity_id"":""entity-angola-portugal"",""aliases"":[],""historical_names"":[],""identifiers"":{}}","[""Snapshot context is not observation date or boundary date."",""Map geometry does not establish sovereignty or succession."",""Resolve historical identity before proposing entity-specific facts.""]","851acb012ccfa2a4bfa05ea83ec2694b3f773a7a6fee8703e87969c9225e6997",""
"entity-angola-portugal@1880/capital","entity-angola-portugal@1880","","Angola (Portugal)","1880","capital","MISSING","B","completely-empty","dependent-administration","true","[]","[]","[]","[]","{""map_identity_id"":""entity-angola-portugal"",""aliases"":[],""historical_names"":[],""identifiers"":{}}","[""Snapshot context is not observation date or boundary date."",""Map geometry does not establish sovereignty or succession."",""Resolve historical identity before proposing entity-specific facts.""]","851acb012ccfa2a4bfa05ea83ec2694b3f773a7a6fee8703e87969c9225e6997",""
"entity-emirate-of-bin-shal-an@1920/capital","entity-emirate-of-bin-shal-an@1920","","Emirate of Bin Shal'an","1920","capital","MISSING","B","held-ambiguous","political-polity","true","[]","[]","[]","[]","{""map_identity_id"":""entity-emirate-of-bin-shal-an"",""aliases"":[],""historical_names"":[],""identifiers"":{}}","[""Snapshot context is not observation date or boundary date."",""Map geometry does not establish sovereignty or succession."",""Resolve historical identity before proposing entity-specific facts.""]","851acb012ccfa2a4bfa05ea83ec2694b3f773a7a6fee8703e87969c9225e6997",""
"entity-emirate-of-bin-shal-an@1930/capital","entity-emirate-of-bin-shal-an@1930","","Emirate of Bin Shal'an","1930","capital","MISSING","B","held-ambiguous","political-polity","true","[]","[]","[]","[]","{""map_identity_id"":""entity-emirate-of-bin-shal-an"",""aliases"":[],""historical_names"":[],""identifiers"":{}}","[""Snapshot context is not observation date or boundary date."",""Map geometry does not establish sovereignty or succession."",""Resolve historical identity before proposing entity-specific facts.""]","851acb012ccfa2a4bfa05ea83ec2694b3f773a7a6fee8703e87969c9225e6997",""
"entity-emirate-of-bin-shal-an@1938/capital","entity-emirate-of-bin-shal-an@1938","","Emirate of Bin Shal'an","1938","capital","MISSING","B","held-ambiguous","political-polity","true","[]","[]","[]","[]","{""map_identity_id"":""entity-emirate-of-bin-shal-an"",""aliases"":[],""historical_names"":[],""identifiers"":{}}","[""Snapshot context is not observation date or boundary date."",""Map geometry does not establish sovereignty or succession."",""Resolve historical identity before proposing entity-specific facts.""]","851acb012ccfa2a4bfa05ea83ec2694b3f773a7a6fee8703e87969c9225e6997",""
"entity-nigeria@1914/capital","entity-nigeria@1914","nigeria-1914-amalgamation-core","Nigeria — early amalgamated colonial administration","1914","capital","MISSING","B","partially-supported","dependent-administration","false","[]","[]","[]","[]","{""map_identity_id"":""entity-nigeria"",""aliases"":[],""historical_names"":[{""value"":""Nigeria — early amalgamated colonial administration"",""kind"":""primary"",""validFrom"":""1914-01-01"",""validUntil"":""1916-01-01""}],""identifiers"":{}}","[""Snapshot context is not observation date or boundary date."",""Map geometry does not establish sovereignty or succession.""]","851acb012ccfa2a4bfa05ea83ec2694b3f773a7a6fee8703e87969c9225e6997",""
"entity-nigeria@1960/capital","entity-nigeria@1960","","Nigeria","1960","capital","MISSING","B","held-ambiguous","dependent-administration","true","[]","[]","[]","[]","{""map_identity_id"":""entity-nigeria"",""aliases"":[],""historical_names"":[],""identifiers"":{}}","[""Snapshot context is not observation date or boundary date."",""Map geometry does not establish sovereignty or succession."",""Resolve historical identity before proposing entity-specific facts.""]","851acb012ccfa2a4bfa05ea83ec2694b3f773a7a6fee8703e87969c9225e6997",""
"entity-asante@1800/capital","entity-asante@1800","asante-early-nineteenth-confederacy-core","Asante — early nineteenth-century confederacy","1800","capital","PARTIAL","B","partially-supported","political-polity","false","[""Kumasi""]","[]","[{""id"":""asante-early-nineteenth-confederacy-core-r15-capital-asante-early-capital"",""description"":""Explicit historical institution, office, affiliation or event of the named entity; not an inference about polygon sovereignty or statistical territory."",""relationship"":""same""}]","[]","{""map_identity_id"":""entity-asante"",""aliases"":[],""historical_names"":[{""value"":""Asante — early nineteenth-century confederacy"",""kind"":""primary"",""validFrom"":""1800-01-01"",""validUntil"":""1816-01-01""}],""identifiers"":{}}","[""Snapshot context is not observation date or boundary date."",""Map geometry does not establish sovereignty or succession."",""Year-precision interval cutoffs are bounded research coverage, not newly asserted historical transition dates. Coarse boundary years remain partial under the existing scanner."",""Existing applicability intervals: [{\""kind\"":\""interval\"",\""from\"":\""1800\"",\""until\"":\""1815\"",\""certainty\"":\""exact\""}]""]","851acb012ccfa2a4bfa05ea83ec2694b3f773a7a6fee8703e87969c9225e6997",""
"entity-asante@1815/capital","entity-asante@1815","asante-early-nineteenth-confederacy-core","Asante — early nineteenth-century confederacy","1815","capital","PARTIAL","B","partially-supported","political-polity","false","[""Kumasi""]","[]","[{""id"":""asante-early-nineteenth-confederacy-core-r15-capital-asante-early-capital"",""description"":""Explicit historical institution, office, affiliation or event of the named entity; not an inference about polygon sovereignty or statistical territory."",""relationship"":""same""}]","[]","{""map_identity_id"":""entity-asante"",""aliases"":[],""historical_names"":[{""value"":""Asante — early nineteenth-century confederacy"",""kind"":""primary"",""validFrom"":""1800-01-01"",""validUntil"":""1816-01-01""}],""identifiers"":{}}","[""Snapshot context is not observation date or boundary date."",""Map geometry does not establish sovereignty or succession."",""Year-precision interval cutoffs are bounded research coverage, not newly asserted historical transition dates. Coarse boundary years remain partial under the existing scanner."",""Existing applicability intervals: [{\""kind\"":\""interval\"",\""from\"":\""1800\"",\""until\"":\""1815\"",\""certainty\"":\""exact\""}]""]","851acb012ccfa2a4bfa05ea83ec2694b3f773a7a6fee8703e87969c9225e6997",""
"entity-asante@1878/capital","entity-asante@1878","asante-late-nineteenth-royal-core","Asante — royal confederacy around 1880","1878","capital","PARTIAL","B","partially-supported","political-polity","false","[""Kumasi""]","[]","[{""id"":""asante-late-nineteenth-royal-core-r15-capital-asante-late-capital"",""description"":""Explicit historical institution, office, affiliation or event of the named entity; not an inference about polygon sovereignty or statistical territory."",""relationship"":""same""}]","[]","{""map_identity_id"":""entity-asante"",""aliases"":[],""historical_names"":[{""value"":""Asante — royal confederacy around 1880"",""kind"":""primary"",""validFrom"":""1878-01-01"",""validUntil"":""1881-01-01""}],""identifiers"":{}}","[""Snapshot context is not observation date or boundary date."",""Map geometry does not establish sovereignty or succession."",""Year-precision interval cutoffs are bounded research coverage, not newly asserted historical transition dates. Coarse boundary years remain partial under the existing scanner."",""Existing applicability intervals: [{\""kind\"":\""interval\"",\""from\"":\""1878\"",\""until\"":\""1880\"",\""certainty\"":\""exact\""}]""]","851acb012ccfa2a4bfa05ea83ec2694b3f773a7a6fee8703e87969c9225e6997",""
"entity-asante@1880/capital","entity-asante@1880","asante-late-nineteenth-royal-core","Asante — royal confederacy around 1880","1880","capital","PARTIAL","B","partially-supported","political-polity","false","[""Kumasi""]","[]","[{""id"":""asante-late-nineteenth-royal-core-r15-capital-asante-late-capital"",""description"":""Explicit historical institution, office, affiliation or event of the named entity; not an inference about polygon sovereignty or statistical territory."",""relationship"":""same""}]","[]","{""map_identity_id"":""entity-asante"",""aliases"":[],""historical_names"":[{""value"":""Asante — royal confederacy around 1880"",""kind"":""primary"",""validFrom"":""1878-01-01"",""validUntil"":""1881-01-01""}],""identifiers"":{}}","[""Snapshot context is not observation date or boundary date."",""Map geometry does not establish sovereignty or succession."",""Year-precision interval cutoffs are bounded research coverage, not newly asserted historical transition dates. Coarse boundary years remain partial under the existing scanner."",""Existing applicability intervals: [{\""kind\"":\""interval\"",\""from\"":\""1878\"",\""until\"":\""1880\"",\""certainty\"":\""exact\""}]""]","851acb012ccfa2a4bfa05ea83ec2694b3f773a7a6fee8703e87969c9225e6997",""
"entity-asante@1900/capital","entity-asante@1900","asante-1900-resident-framework-core","Asante — British resident administration in 1900","1900","capital","PARTIAL","B","partially-supported","political-polity","false","[""Kumasi""]","[]","[{""id"":""asante-1900-resident-framework-core-r15-capital-asante-resident-seat"",""description"":""Explicit historical institution, office, affiliation or event of the named entity; not an inference about polygon sovereignty or statistical territory."",""relationship"":""same""}]","[]","{""map_identity_id"":""entity-asante"",""aliases"":[],""historical_names"":[{""value"":""Asante — British resident administration in 1900"",""kind"":""primary"",""validFrom"":""1900-01-01"",""validUntil"":""1901-01-01""}],""identifiers"":{}}","[""Snapshot context is not observation date or boundary date."",""Map geometry does not establish sovereignty or succession."",""Administrative centre under the resident arrangement; not an assertion of an independent royal government in 1900."",""Year-level editorial bounds remain partial rather than fabricated full-year precision."",""Existing applicability intervals: [{\""kind\"":\""interval\"",\""from\"":\""1900\"",\""until\"":\""1900\"",\""certainty\"":\""exact\""}]""]","851acb012ccfa2a4bfa05ea83ec2694b3f773a7a6fee8703e87969c9225e6997",""
"entity-burma@1800/capital","entity-burma@1800","b13-burma-konbaung","Burma — Konbaung kingdom","1800","capital","MISSING","B","partially-supported","political-polity","false","[]","[]","[]","[]","{""map_identity_id"":""entity-burma"",""aliases"":[],""historical_names"":[{""value"":""Burma — Konbaung kingdom"",""kind"":""primary"",""validFrom"":""1800-01-01"",""validUntil"":""1816-01-01""}],""identifiers"":{}}","[""Snapshot context is not observation date or boundary date."",""Map geometry does not establish sovereignty or succession.""]","851acb012ccfa2a4bfa05ea83ec2694b3f773a7a6fee8703e87969c9225e6997",""
"entity-burma@1815/capital","entity-burma@1815","b13-burma-konbaung","Burma — Konbaung kingdom","1815","capital","MISSING","B","partially-supported","political-polity","false","[]","[]","[]","[]","{""map_identity_id"":""entity-burma"",""aliases"":[],""historical_names"":[{""value"":""Burma — Konbaung kingdom"",""kind"":""primary"",""validFrom"":""1800-01-01"",""validUntil"":""1816-01-01""}],""identifiers"":{}}","[""Snapshot context is not observation date or boundary date."",""Map geometry does not establish sovereignty or succession.""]","851acb012ccfa2a4bfa05ea83ec2694b3f773a7a6fee8703e87969c9225e6997",""
"entity-burma@1945/capital","entity-burma@1945","","Burma","1945","capital","MISSING","B","completely-empty","political-polity","true","[]","[]","[]","[]","{""map_identity_id"":""entity-burma"",""aliases"":[],""historical_names"":[],""identifiers"":{}}","[""Snapshot context is not observation date or boundary date."",""Map geometry does not establish sovereignty or succession."",""Resolve historical identity before proposing entity-specific facts.""]","851acb012ccfa2a4bfa05ea83ec2694b3f773a7a6fee8703e87969c9225e6997",""
"entity-burma@1960/capital","entity-burma@1960","","Burma","1960","capital","MISSING","B","held-ambiguous","political-polity","true","[]","[]","[]","[]","{""map_identity_id"":""entity-burma"",""aliases"":[],""historical_names"":[],""identifiers"":{}}","[""Snapshot context is not observation date or boundary date."",""Map geometry does not establish sovereignty or succession."",""Resolve historical identity before proposing entity-specific facts.""]","851acb012ccfa2a4bfa05ea83ec2694b3f773a7a6fee8703e87969c9225e6997",""
"entity-venezuela@1878/capital","entity-venezuela@1878","venezuela-guzman-framework","Venezuela — Guzman Blanco political predominance","1878","capital","MISSING","B","partially-supported","political-polity","false","[]","[]","[]","[]","{""map_identity_id"":""entity-venezuela"",""aliases"":[],""historical_names"":[{""value"":""Venezuela — Guzman Blanco political predominance"",""kind"":""primary"",""validFrom"":""1871-01-01"",""validUntil"":""1888-01-01""}],""identifiers"":{}}","[""Snapshot context is not observation date or boundary date."",""Map geometry does not establish sovereignty or succession.""]","851acb012ccfa2a4bfa05ea83ec2694b3f773a7a6fee8703e87969c9225e6997",""
"entity-venezuela@1880/capital","entity-venezuela@1880","venezuela-guzman-framework","Venezuela — Guzman Blanco political predominance","1880","capital","MISSING","B","partially-supported","political-polity","false","[]","[]","[]","[]","{""map_identity_id"":""entity-venezuela"",""aliases"":[],""historical_names"":[{""value"":""Venezuela — Guzman Blanco political predominance"",""kind"":""primary"",""validFrom"":""1871-01-01"",""validUntil"":""1888-01-01""}],""identifiers"":{}}","[""Snapshot context is not observation date or boundary date."",""Map geometry does not establish sovereignty or succession.""]","851acb012ccfa2a4bfa05ea83ec2694b3f773a7a6fee8703e87969c9225e6997",""
"entity-venezuela@1945/capital","entity-venezuela@1945","","Venezuela","1945","capital","MISSING","B","held-ambiguous","political-polity","true","[]","[]","[]","[]","{""map_identity_id"":""entity-venezuela"",""aliases"":[],""historical_names"":[],""identifiers"":{}}","[""Snapshot context is not observation date or boundary date."",""Map geometry does not establish sovereignty or succession."",""Resolve historical identity before proposing entity-specific facts.""]","851acb012ccfa2a4bfa05ea83ec2694b3f773a7a6fee8703e87969c9225e6997",""
"entity-greenland@1878/capital","entity-greenland@1878","greenland-late-colonial-framework","Greenland — Danish colonial administration","1878","capital","MISSING","B","partially-supported","dependent-administration","false","[]","[]","[]","[]","{""map_identity_id"":""entity-greenland"",""aliases"":[],""historical_names"":[{""value"":""Greenland — Danish colonial administration"",""kind"":""primary"",""validFrom"":""1878-01-01"",""validUntil"":""1901-01-01""}],""identifiers"":{}}","[""Snapshot context is not observation date or boundary date."",""Map geometry does not establish sovereignty or succession.""]","851acb012ccfa2a4bfa05ea83ec2694b3f773a7a6fee8703e87969c9225e6997",""
"entity-greenland@1880/capital","entity-greenland@1880","greenland-late-colonial-framework","Greenland — Danish colonial administration","1880","capital","MISSING","B","partially-supported","dependent-administration","false","[]","[]","[]","[]","{""map_identity_id"":""entity-greenland"",""aliases"":[],""historical_names"":[{""value"":""Greenland — Danish colonial administration"",""kind"":""primary"",""validFrom"":""1878-01-01"",""validUntil"":""1901-01-01""}],""identifiers"":{}}","[""Snapshot context is not observation date or boundary date."",""Map geometry does not establish sovereignty or succession.""]","851acb012ccfa2a4bfa05ea83ec2694b3f773a7a6fee8703e87969c9225e6997",""
"entity-greenland@1900/capital","entity-greenland@1900","greenland-late-colonial-framework","Greenland — Danish colonial administration","1900","capital","MISSING","B","partially-supported","dependent-administration","false","[]","[]","[]","[]","{""map_identity_id"":""entity-greenland"",""aliases"":[],""historical_names"":[{""value"":""Greenland — Danish colonial administration"",""kind"":""primary"",""validFrom"":""1878-01-01"",""validUntil"":""1901-01-01""}],""identifiers"":{}}","[""Snapshot context is not observation date or boundary date."",""Map geometry does not establish sovereignty or succession.""]","851acb012ccfa2a4bfa05ea83ec2694b3f773a7a6fee8703e87969c9225e6997",""
"entity-greenland@1960/capital","entity-greenland@1960","greenland-post-1953-integration-framework","Greenland — county within Denmark","1960","capital","MISSING","B","partially-supported","dependent-administration","false","[]","[]","[]","[]","{""map_identity_id"":""entity-greenland"",""aliases"":[],""historical_names"":[{""value"":""Greenland — county within Denmark"",""kind"":""primary"",""validFrom"":""1954-01-01"",""validUntil"":""1961-01-01""}],""identifiers"":{}}","[""Snapshot context is not observation date or boundary date."",""Map geometry does not establish sovereignty or succession.""]","851acb012ccfa2a4bfa05ea83ec2694b3f773a7a6fee8703e87969c9225e6997",""
"entity-yugoslavia@1920/capital","entity-yugoslavia@1920","yugoslav-provisional-monarchical-framework","Kingdom of Serbs, Croats and Slovenes — provisional framework","1920","capital","MISSING","B","partially-supported","political-polity","false","[]","[]","[]","[]","{""map_identity_id"":""entity-yugoslavia"",""aliases"":[],""historical_names"":[{""value"":""Kingdom of Serbs, Croats and Slovenes — provisional framework"",""kind"":""primary"",""validFrom"":""1919-03-01"",""validUntil"":""1921-06-28""}],""identifiers"":{}}","[""Snapshot context is not observation date or boundary date."",""Map geometry does not establish sovereignty or succession.""]","851acb012ccfa2a4bfa05ea83ec2694b3f773a7a6fee8703e87969c9225e6997",""
"entity-yugoslavia@1930/capital","entity-yugoslavia@1930","yugoslav-royal-authoritarian-framework","Kingdom of Yugoslavia — royal authoritarian framework","1930","capital","MISSING","B","partially-supported","political-polity","false","[]","[]","[]","[]","{""map_identity_id"":""entity-yugoslavia"",""aliases"":[],""historical_names"":[{""value"":""Kingdom of Serbs, Croats and Slovenes — royal dictatorship"",""kind"":""primary"",""validFrom"":""1929-01-06"",""validUntil"":""1929-10-03""},{""value"":""Kingdom of Yugoslavia — royal authoritarian framework"",""kind"":""primary"",""validFrom"":""1929-10-03"",""validUntil"":""1939-01-01""}],""identifiers"":{}}","[""Snapshot context is not observation date or boundary date."",""Map geometry does not establish sovereignty or succession.""]","851acb012ccfa2a4bfa05ea83ec2694b3f773a7a6fee8703e87969c9225e6997",""
"entity-yugoslavia@1938/capital","entity-yugoslavia@1938","yugoslav-royal-authoritarian-framework","Kingdom of Yugoslavia — royal authoritarian framework","1938","capital","MISSING","B","partially-supported","political-polity","false","[]","[]","[]","[]","{""map_identity_id"":""entity-yugoslavia"",""aliases"":[],""historical_names"":[{""value"":""Kingdom of Serbs, Croats and Slovenes — royal dictatorship"",""kind"":""primary"",""validFrom"":""1929-01-06"",""validUntil"":""1929-10-03""},{""value"":""Kingdom of Yugoslavia — royal authoritarian framework"",""kind"":""primary"",""validFrom"":""1929-10-03"",""validUntil"":""1939-01-01""}],""identifiers"":{}}","[""Snapshot context is not observation date or boundary date."",""Map geometry does not establish sovereignty or succession.""]","851acb012ccfa2a4bfa05ea83ec2694b3f773a7a6fee8703e87969c9225e6997",""
"entity-yugoslavia@1945/capital","entity-yugoslavia@1945","","Yugoslavia","1945","capital","MISSING","B","held-ambiguous","political-polity","true","[]","[]","[]","[]","{""map_identity_id"":""entity-yugoslavia"",""aliases"":[],""historical_names"":[],""identifiers"":{}}","[""Snapshot context is not observation date or boundary date."",""Map geometry does not establish sovereignty or succession."",""Resolve historical identity before proposing entity-specific facts.""]","851acb012ccfa2a4bfa05ea83ec2694b3f773a7a6fee8703e87969c9225e6997",""
"entity-yugoslavia@1960/capital","entity-yugoslavia@1960","yugoslav-federal-peoples-republic-framework","Federal People’s Republic of Yugoslavia","1960","capital","MISSING","B","partially-supported","political-polity","false","[]","[]","[]","[]","{""map_identity_id"":""entity-yugoslavia"",""aliases"":[],""historical_names"":[{""value"":""Federal People’s Republic of Yugoslavia"",""kind"":""primary"",""validFrom"":""1945-11-29"",""validUntil"":""1961-01-01""}],""identifiers"":{}}","[""Snapshot context is not observation date or boundary date."",""Map geometry does not establish sovereignty or succession.""]","851acb012ccfa2a4bfa05ea83ec2694b3f773a7a6fee8703e87969c9225e6997",""
"entity-mesopotamia-gb@1920/capital","entity-mesopotamia-gb@1920","","Mesopotamia (GB)","1920","capital","MISSING","B","held-ambiguous","dependent-administration","true","[]","[]","[]","[]","{""map_identity_id"":""entity-mesopotamia-gb"",""aliases"":[],""historical_names"":[],""identifiers"":{}}","[""Snapshot context is not observation date or boundary date."",""Map geometry does not establish sovereignty or succession."",""Resolve historical identity before proposing entity-specific facts.""]","851acb012ccfa2a4bfa05ea83ec2694b3f773a7a6fee8703e87969c9225e6997",""
"entity-mesopotamia-gb@1938/capital","entity-mesopotamia-gb@1938","","Mesopotamia (GB)","1938","capital","MISSING","B","held-ambiguous","dependent-administration","true","[]","[]","[]","[]","{""map_identity_id"":""entity-mesopotamia-gb"",""aliases"":[],""historical_names"":[],""identifiers"":{}}","[""Snapshot context is not observation date or boundary date."",""Map geometry does not establish sovereignty or succession."",""Resolve historical identity before proposing entity-specific facts.""]","851acb012ccfa2a4bfa05ea83ec2694b3f773a7a6fee8703e87969c9225e6997",""
"entity-syria-france@1920/capital","entity-syria-france@1920","","Syria (France)","1920","capital","MISSING","B","completely-empty","dependent-administration","true","[]","[]","[]","[]","{""map_identity_id"":""entity-syria-france"",""aliases"":[],""historical_names"":[],""identifiers"":{}}","[""Snapshot context is not observation date or boundary date."",""Map geometry does not establish sovereignty or succession."",""Resolve historical identity before proposing entity-specific facts.""]","851acb012ccfa2a4bfa05ea83ec2694b3f773a7a6fee8703e87969c9225e6997",""
"entity-syria-france@1930/capital","entity-syria-france@1930","","Syria (France)","1930","capital","MISSING","B","completely-empty","dependent-administration","true","[]","[]","[]","[]","{""map_identity_id"":""entity-syria-france"",""aliases"":[],""historical_names"":[],""identifiers"":{}}","[""Snapshot context is not observation date or boundary date."",""Map geometry does not establish sovereignty or succession."",""Resolve historical identity before proposing entity-specific facts.""]","851acb012ccfa2a4bfa05ea83ec2694b3f773a7a6fee8703e87969c9225e6997",""
"entity-serbia@1878/capital","entity-serbia@1878","serbian-independent-principality-framework","Principality of Serbia — independent framework","1878","capital","MISSING","B","partially-supported","political-polity","false","[]","[]","[]","[]","{""map_identity_id"":""entity-serbia"",""aliases"":[],""historical_names"":[{""value"":""Principality of Serbia — independent framework"",""kind"":""primary"",""validFrom"":""1878-07-13"",""validUntil"":""1881-01-01""}],""identifiers"":{}}","[""Snapshot context is not observation date or boundary date."",""Map geometry does not establish sovereignty or succession.""]","851acb012ccfa2a4bfa05ea83ec2694b3f773a7a6fee8703e87969c9225e6997",""
"entity-serbia@1880/capital","entity-serbia@1880","serbian-independent-principality-framework","Principality of Serbia — independent framework","1880","capital","MISSING","B","partially-supported","political-polity","false","[]","[]","[]","[]","{""map_identity_id"":""entity-serbia"",""aliases"":[],""historical_names"":[{""value"":""Principality of Serbia — independent framework"",""kind"":""primary"",""validFrom"":""1878-07-13"",""validUntil"":""1881-01-01""}],""identifiers"":{}}","[""Snapshot context is not observation date or boundary date."",""Map geometry does not establish sovereignty or succession.""]","851acb012ccfa2a4bfa05ea83ec2694b3f773a7a6fee8703e87969c9225e6997",""
"entity-serbia@1900/capital","entity-serbia@1900","","Serbia","1900","capital","MISSING","B","completely-empty","political-polity","true","[]","[]","[]","[]","{""map_identity_id"":""entity-serbia"",""aliases"":[],""historical_names"":[],""identifiers"":{}}","[""Snapshot context is not observation date or boundary date."",""Map geometry does not establish sovereignty or succession."",""Resolve historical identity before proposing entity-specific facts.""]","851acb012ccfa2a4bfa05ea83ec2694b3f773a7a6fee8703e87969c9225e6997",""
"entity-dahomey@1800/capital","entity-dahomey@1800","dahomey-1800-royal-core","Dahomey — royal polity in 1800","1800","capital","PARTIAL","B","partially-supported","political-polity","false","[""Abomey""]","[]","[{""id"":""dahomey-1800-royal-core-abomey-1800"",""description"":""Named historical administration or royal polity; no geometry-derived sovereignty or modern-country backprojection."",""relationship"":""same""}]","[]","{""map_identity_id"":""entity-dahomey"",""aliases"":[],""historical_names"":[{""value"":""Dahomey — royal polity in 1800"",""kind"":""primary"",""validFrom"":""1800-01-01"",""validUntil"":""1801-01-01""}],""identifiers"":{}}","[""Snapshot context is not observation date or boundary date."",""Map geometry does not establish sovereignty or succession."",""Curated research bounds are not historical foundation, accession or dissolution dates. Year-only evidence is not given invented event precision."",""Royal palaces form the documented political decision-making centre; this is not a colonial-period capital assignment."",""Existing applicability intervals: [{\""kind\"":\""interval\"",\""from\"":\""1800\"",\""until\"":\""1800\"",\""certainty\"":\""exact\""}]""]","851acb012ccfa2a4bfa05ea83ec2694b3f773a7a6fee8703e87969c9225e6997",""
"entity-dahomey@1878/capital","entity-dahomey@1878","dahomey-1880-royal-core","Dahomey — kingdom around 1880","1878","capital","PARTIAL","B","partially-supported","political-polity","false","[""Abomey""]","[]","[{""id"":""dahomey-1880-royal-core-abomey-1878-1880"",""description"":""Named historical administration or royal polity; no geometry-derived sovereignty or modern-country backprojection."",""relationship"":""same""}]","[]","{""map_identity_id"":""entity-dahomey"",""aliases"":[],""historical_names"":[{""value"":""Dahomey — kingdom around 1880"",""kind"":""primary"",""validFrom"":""1878-01-01"",""validUntil"":""1881-01-01""}],""identifiers"":{}}","[""Snapshot context is not observation date or boundary date."",""Map geometry does not establish sovereignty or succession."",""Curated research bounds are not historical foundation, accession or dissolution dates. Year-only evidence is not given invented event precision."",""Royal palaces form the documented political decision-making centre; this is not a colonial-period capital assignment."",""Existing applicability intervals: [{\""kind\"":\""interval\"",\""from\"":\""1878\"",\""until\"":\""1880\"",\""certainty\"":\""exact\""}]""]","851acb012ccfa2a4bfa05ea83ec2694b3f773a7a6fee8703e87969c9225e6997",""
"entity-dahomey@1880/capital","entity-dahomey@1880","dahomey-1880-royal-core","Dahomey — kingdom around 1880","1880","capital","PARTIAL","B","partially-supported","political-polity","false","[""Abomey""]","[]","[{""id"":""dahomey-1880-royal-core-abomey-1878-1880"",""description"":""Named historical administration or royal polity; no geometry-derived sovereignty or modern-country backprojection."",""relationship"":""same""}]","[]","{""map_identity_id"":""entity-dahomey"",""aliases"":[],""historical_names"":[{""value"":""Dahomey — kingdom around 1880"",""kind"":""primary"",""validFrom"":""1878-01-01"",""validUntil"":""1881-01-01""}],""identifiers"":{}}","[""Snapshot context is not observation date or boundary date."",""Map geometry does not establish sovereignty or succession."",""Curated research bounds are not historical foundation, accession or dissolution dates. Year-only evidence is not given invented event precision."",""Royal palaces form the documented political decision-making centre; this is not a colonial-period capital assignment."",""Existing applicability intervals: [{\""kind\"":\""interval\"",\""from\"":\""1878\"",\""until\"":\""1880\"",\""certainty\"":\""exact\""}]""]","851acb012ccfa2a4bfa05ea83ec2694b3f773a7a6fee8703e87969c9225e6997",""
"entity-dahomey@1900/capital","entity-dahomey@1900","dahomey-1900-french-core","Dahomey — French colonial administration around 1900","1900","capital","MISSING","B","partially-supported","political-polity","false","[]","[]","[]","[]","{""map_identity_id"":""entity-dahomey"",""aliases"":[],""historical_names"":[{""value"":""Dahomey — French colonial administration around 1900"",""kind"":""primary"",""validFrom"":""1900-01-01"",""validUntil"":""1901-01-01""}],""identifiers"":{}}","[""Snapshot context is not observation date or boundary date."",""Map geometry does not establish sovereignty or succession.""]","851acb012ccfa2a4bfa05ea83ec2694b3f773a7a6fee8703e87969c9225e6997",""
"entity-switzerland@1815/capital","entity-switzerland@1815","swiss-confederation-1815","Swiss Confederation","1815","capital","MISSING","B","partially-supported","political-polity","false","[]","[]","[]","[]","{""map_identity_id"":""entity-switzerland"",""aliases"":[],""historical_names"":[{""value"":""Swiss Confederation"",""kind"":""primary"",""validFrom"":""1815-08-07"",""validUntil"":""1848""}],""identifiers"":{}}","[""Snapshot context is not observation date or boundary date."",""Map geometry does not establish sovereignty or succession.""]","851acb012ccfa2a4bfa05ea83ec2694b3f773a7a6fee8703e87969c9225e6997",""
"entity-netherlands@1945/capital","entity-netherlands@1945","netherlands-kingdom","Netherlands","1945","capital","PARTIAL","B","partially-supported","political-polity","false","[""London (queen and ministers in exile)""]","[]","[]","[]","{""map_identity_id"":""entity-netherlands"",""aliases"":[],""historical_names"":[{""value"":""Netherlands"",""kind"":""primary"",""validFrom"":""1815-03-16""},{""value"":""Kingdom of the Netherlands"",""kind"":""formal"",""validFrom"":""1815-03-16"",""validUntil"":""1961-01-01""}],""identifiers"":{}}","[""Snapshot context is not observation date or boundary date."",""Map geometry does not establish sovereignty or succession."",""Existing applicability intervals: [{\""kind\"":\""interval\"",\""from\"":\""1940\"",\""until\"":\""1945\""}]""]","851acb012ccfa2a4bfa05ea83ec2694b3f773a7a6fee8703e87969c9225e6997",""
"entity-netherlands@1960/capital","entity-netherlands@1960","netherlands-kingdom","Netherlands","1960","capital","PARTIAL","B","partially-supported","political-polity","false","[""Amsterdam""]","[]","[{""id"":""netherlands-kingdom-amsterdam-postwar"",""description"":""Named historical state or institutional/person association; no statistical or polygon-wide inference."",""relationship"":""same""}]","[]","{""map_identity_id"":""entity-netherlands"",""aliases"":[],""historical_names"":[{""value"":""Netherlands"",""kind"":""primary"",""validFrom"":""1815-03-16""},{""value"":""Kingdom of the Netherlands"",""kind"":""formal"",""validFrom"":""1815-03-16"",""validUntil"":""1961-01-01""}],""identifiers"":{}}","[""Snapshot context is not observation date or boundary date."",""Map geometry does not establish sovereignty or succession."",""Year precision retained. Bounded research interval is not an assertion that the historical institution or person began or ended at its research cutoff."",""Existing applicability intervals: [{\""kind\"":\""interval\"",\""from\"":\""1946\"",\""until\"":\""1960\"",\""certainty\"":\""exact\""}]""]","851acb012ccfa2a4bfa05ea83ec2694b3f773a7a6fee8703e87969c9225e6997",""
"entity-rhodesia@1914/capital","entity-rhodesia@1914","","Rhodesia","1914","capital","MISSING","B","held-ambiguous","dependent-administration","true","[]","[]","[]","[]","{""map_identity_id"":""entity-rhodesia"",""aliases"":[],""historical_names"":[],""identifiers"":{}}","[""Snapshot context is not observation date or boundary date."",""Map geometry does not establish sovereignty or succession."",""Resolve historical identity before proposing entity-specific facts.""]","851acb012ccfa2a4bfa05ea83ec2694b3f773a7a6fee8703e87969c9225e6997",""
"entity-rhodesia@1945/capital","entity-rhodesia@1945","","Rhodesia","1945","capital","MISSING","B","held-ambiguous","dependent-administration","true","[]","[]","[]","[]","{""map_identity_id"":""entity-rhodesia"",""aliases"":[],""historical_names"":[],""identifiers"":{}}","[""Snapshot context is not observation date or boundary date."",""Map geometry does not establish sovereignty or succession."",""Resolve historical identity before proposing entity-specific facts.""]","851acb012ccfa2a4bfa05ea83ec2694b3f773a7a6fee8703e87969c9225e6997",""
"entity-mongolia@1920/capital","entity-mongolia@1920","mongolia-chinese-occupation","Outer Mongolia — Chinese military occupation","1920","capital","MISSING","B","partially-supported","political-polity","false","[]","[]","[]","[]","{""map_identity_id"":""entity-mongolia"",""aliases"":[],""historical_names"":[{""value"":""Outer Mongolia — Chinese military occupation"",""kind"":""primary"",""validFrom"":""1919-10"",""validUntil"":""1921-02""}],""identifiers"":{}}","[""Snapshot context is not observation date or boundary date."",""Map geometry does not establish sovereignty or succession.""]","851acb012ccfa2a4bfa05ea83ec2694b3f773a7a6fee8703e87969c9225e6997",""
"entity-libya@1914/capital","entity-libya@1914","libya-italian-claims-1914-framework","Libya — contested Italian colonial claims","1914","capital","MISSING","B","partially-supported","political-polity","false","[]","[]","[]","[]","{""map_identity_id"":""entity-libya"",""aliases"":[],""historical_names"":[{""value"":""Libya — contested Italian colonial claims"",""kind"":""primary"",""validFrom"":""1913-01-01"",""validUntil"":""1915-01-01""}],""identifiers"":{}}","[""Snapshot context is not observation date or boundary date."",""Map geometry does not establish sovereignty or succession.""]","851acb012ccfa2a4bfa05ea83ec2694b3f773a7a6fee8703e87969c9225e6997",""
"entity-libya@1938/capital","entity-libya@1938","libya-italian-unified-colony-framework","Libya — Italian unified colony","1938","capital","MISSING","B","partially-supported","political-polity","false","[]","[]","[]","[]","{""map_identity_id"":""entity-libya"",""aliases"":[],""historical_names"":[{""value"":""Libya — Italian unified colony"",""kind"":""primary"",""validFrom"":""1935-01-01"",""validUntil"":""1939-01-01""}],""identifiers"":{}}","[""Snapshot context is not observation date or boundary date."",""Map geometry does not establish sovereignty or succession.""]","851acb012ccfa2a4bfa05ea83ec2694b3f773a7a6fee8703e87969c9225e6997",""
"entity-libya@1960/capital","entity-libya@1960","libya-federal-monarchy-1960-framework","Kingdom of Libya — federal monarchy","1960","capital","MISSING","B","partially-supported","political-polity","false","[]","[]","[]","[]","{""map_identity_id"":""entity-libya"",""aliases"":[],""historical_names"":[{""value"":""Kingdom of Libya — federal monarchy"",""kind"":""primary"",""validFrom"":""1960-01-01"",""validUntil"":""1961-01-01""}],""identifiers"":{}}","[""Snapshot context is not observation date or boundary date."",""Map geometry does not establish sovereignty or succession.""]","851acb012ccfa2a4bfa05ea83ec2694b3f773a7a6fee8703e87969c9225e6997",""
"entity-niger@1945/capital","entity-niger@1945","","Niger","1945","capital","MISSING","B","completely-empty","dependent-administration","true","[]","[]","[]","[]","{""map_identity_id"":""entity-niger"",""aliases"":[],""historical_names"":[],""identifiers"":{}}","[""Snapshot context is not observation date or boundary date."",""Map geometry does not establish sovereignty or succession."",""Resolve historical identity before proposing entity-specific facts.""]","851acb012ccfa2a4bfa05ea83ec2694b3f773a7a6fee8703e87969c9225e6997",""
"entity-niger@1960/capital","entity-niger@1960","b16-niger-independence","Republic of Niger — independence period","1960","capital","PARTIAL","B","partially-supported","dependent-administration","false","[""Niamey""]","[]","[{""id"":""b16-niger-independence-coded-capital"",""description"":""Capital (CShapes2 academic coding); colonialterritorial administrative seat where applicable, not exclusive/constitutionalcapital, legalsovereignseat, uniformcontrol or exactcapital-change day. Historical framework: Republic of Niger — independence period"",""relationship"":""same""}]","[]","{""map_identity_id"":""entity-niger"",""aliases"":[],""historical_names"":[{""value"":""Republic of Niger — independence period"",""kind"":""primary"",""validFrom"":""1960-08-03"",""validUntil"":""1961-01-01""}],""identifiers"":{}}","[""Snapshot context is not observation date or boundary date."",""Map geometry does not establish sovereignty or succession."",""Source-supported interval: 1960-08-03 to 2019-12-31 inclusive source coding."",""Research clipping to the reviewed historical framework and atlas limit; these bounds are not asserted accession/departure dates. Conservative source interiors and separately reviewed frame bounds; no exact inferred change day."",""Capital (CShapes2 academic coding); colonialterritorial administrative seat where applicable, not exclusive/constitutionalcapital, legalsovereignseat, uniformcontrol or exactcapital-change day. Historical framework: Republic of Niger — independence period"",""Possible Jan1/default-year endpoint loses uncertain endpoint year; possible month1 or preceding last-day endpoint loses uncertain endpoint month. Other coded final day omitted. These are derived conservative bounds, not exact historical capital-change dates."",""Literal academic capital coding, not exclusive constitutional seat, legal sovereignty or uniform territorial control."",""Niamey selected only after sourcecodedZinder→Niamey period change1926; no retrospective moderncapital before that. Frenchterritorial1930–1939 versus independentAug1960 framework windows separate."",""Separate existing historical-framework clipping and conservative review bounds do not assert exact capital-change dates."",""Existing applicability intervals: [{\""kind\"":\""interval\"",\""from\"":\""1960-08-03\"",\""until\"":\""1961-01-01\"",\""certainty\"":\""exact\""}]""]","851acb012ccfa2a4bfa05ea83ec2694b3f773a7a6fee8703e87969c9225e6997",""
"entity-viceroyalty-of-new-granada@1800/capital","entity-viceroyalty-of-new-granada@1800","new-granada-recovery-1800","Viceroyalty of New Granada — institutional context","1800","capital","PARTIAL","B","partially-supported","dependent-administration","false","[""Santa Fe (Bogotá)""]","[]","[{""id"":""new-granada-recovery-1800-context"",""description"":""New Granada viceroyal institutional framework and Santa Fe administrative seat; no claim of full control over schematic raw geometry or equivalence to modern Colombia."",""relationship"":""same""}]","[]","{""map_identity_id"":""entity-viceroyalty-of-new-granada"",""aliases"":[],""historical_names"":[{""value"":""Viceroyalty of New Granada — institutional context"",""kind"":""primary"",""validFrom"":""1800-01-01"",""validUntil"":""1801-01-01""}],""identifiers"":{}}","[""Snapshot context is not observation date or boundary date."",""Map geometry does not establish sovereignty or succession."",""New Granada viceroyal institutional framework and Santa Fe administrative seat; no claim of full control over schematic raw geometry or equivalence to modern Colombia."",""Calendar bounds delimit an explicitly researched full-year subset, not establishment, dissolution or a day-dated source event. Underlying period/reconquest chronology retains year precision."",""Existing applicability intervals: [{\""from\"":\""1800\"",\""certainty\"":\""exact\"",\""until\"":\""1800\"",\""kind\"":\""interval\""}]""]","851acb012ccfa2a4bfa05ea83ec2694b3f773a7a6fee8703e87969c9225e6997",""
"entity-viceroyalty-of-new-granada@1815/capital","entity-viceroyalty-of-new-granada@1815","new-granada-recovery-1815","New Granada — fragmented authority and reconquest context","1815","capital","MISSING","B","partially-supported","composite-political-region","false","[]","[]","[]","[]","{""map_identity_id"":""entity-viceroyalty-of-new-granada"",""aliases"":[],""historical_names"":[{""value"":""New Granada — fragmented authority and reconquest context"",""kind"":""primary"",""validFrom"":""1815-01-01"",""validUntil"":""1816-01-01""}],""identifiers"":{}}","[""Snapshot context is not observation date or boundary date."",""Map geometry does not establish sovereignty or succession.""]","851acb012ccfa2a4bfa05ea83ec2694b3f773a7a6fee8703e87969c9225e6997",""
"entity-libya-it@1920/capital","entity-libya-it@1920","","Libya (IT)","1920","capital","MISSING","B","completely-empty","dependent-administration","true","[]","[]","[]","[]","{""map_identity_id"":""entity-libya-it"",""aliases"":[],""historical_names"":[],""identifiers"":{}}","[""Snapshot context is not observation date or boundary date."",""Map geometry does not establish sovereignty or succession."",""Resolve historical identity before proposing entity-specific facts.""]","851acb012ccfa2a4bfa05ea83ec2694b3f773a7a6fee8703e87969c9225e6997",""
"entity-libya-it@1930/capital","entity-libya-it@1930","libya-italian-reconquest-1930-framework","Libya — Italian colonial reconquest","1930","capital","MISSING","B","partially-supported","dependent-administration","false","[]","[]","[]","[]","{""map_identity_id"":""entity-libya-it"",""aliases"":[],""historical_names"":[{""value"":""Libya — Italian colonial reconquest"",""kind"":""primary"",""validFrom"":""1930-01-01"",""validUntil"":""1931-01-01""}],""identifiers"":{}}","[""Snapshot context is not observation date or boundary date."",""Map geometry does not establish sovereignty or succession.""]","851acb012ccfa2a4bfa05ea83ec2694b3f773a7a6fee8703e87969c9225e6997",""
"entity-portuguese-east-africa@1800/capital","entity-portuguese-east-africa@1800","b20-portuguese-mozambique","Mozambique — Portuguese colonial administration","1800","capital","MISSING","B","partially-supported","dependent-administration","false","[]","[]","[]","[]","{""map_identity_id"":""entity-portuguese-east-africa"",""aliases"":[],""historical_names"":[{""value"":""Mozambique — Portuguese colonial administration"",""kind"":""primary"",""validFrom"":""1800-01-01"",""validUntil"":""1816-01-01""},{""value"":""Mozambique — Portuguese colony"",""kind"":""primary"",""validFrom"":""1878-01-01"",""validUntil"":""1946-01-01""},{""value"":""Mozambique — Portuguese overseas province"",""kind"":""primary"",""validFrom"":""1960-01-01"",""validUntil"":""1961-01-01""}],""identifiers"":{}}","[""Snapshot context is not observation date or boundary date."",""Map geometry does not establish sovereignty or succession.""]","851acb012ccfa2a4bfa05ea83ec2694b3f773a7a6fee8703e87969c9225e6997",""
"entity-portuguese-east-africa@1815/capital","entity-portuguese-east-africa@1815","b20-portuguese-mozambique","Mozambique — Portuguese colonial administration","1815","capital","MISSING","B","partially-supported","dependent-administration","false","[]","[]","[]","[]","{""map_identity_id"":""entity-portuguese-east-africa"",""aliases"":[],""historical_names"":[{""value"":""Mozambique — Portuguese colonial administration"",""kind"":""primary"",""validFrom"":""1800-01-01"",""validUntil"":""1816-01-01""},{""value"":""Mozambique — Portuguese colony"",""kind"":""primary"",""validFrom"":""1878-01-01"",""validUntil"":""1946-01-01""},{""value"":""Mozambique — Portuguese overseas province"",""kind"":""primary"",""validFrom"":""1960-01-01"",""validUntil"":""1961-01-01""}],""identifiers"":{}}","[""Snapshot context is not observation date or boundary date."",""Map geometry does not establish sovereignty or succession.""]","851acb012ccfa2a4bfa05ea83ec2694b3f773a7a6fee8703e87969c9225e6997",""
"entity-portuguese-east-africa@1900/capital","entity-portuguese-east-africa@1900","b20-portuguese-mozambique","Mozambique — Portuguese colony","1900","capital","MISSING","B","partially-supported","dependent-administration","false","[]","[]","[]","[]","{""map_identity_id"":""entity-portuguese-east-africa"",""aliases"":[],""historical_names"":[{""value"":""Mozambique — Portuguese colonial administration"",""kind"":""primary"",""validFrom"":""1800-01-01"",""validUntil"":""1816-01-01""},{""value"":""Mozambique — Portuguese colony"",""kind"":""primary"",""validFrom"":""1878-01-01"",""validUntil"":""1946-01-01""},{""value"":""Mozambique — Portuguese overseas province"",""kind"":""primary"",""validFrom"":""1960-01-01"",""validUntil"":""1961-01-01""}],""identifiers"":{}}","[""Snapshot context is not observation date or boundary date."",""Map geometry does not establish sovereignty or succession.""]","851acb012ccfa2a4bfa05ea83ec2694b3f773a7a6fee8703e87969c9225e6997",""
"entity-sokoto-caliphate@1900/capital","entity-sokoto-caliphate@1900","sokoto-late-nineteenth-caliphate-core","Sokoto — late nineteenth-century caliphate","1900","capital","PARTIAL","B","partially-supported","political-polity","false","[""Sokoto; Gwandu for the western emirates""]","[]","[{""id"":""sokoto-late-nineteenth-caliphate-core-r15-capital-sokoto-late-capitals"",""description"":""Explicit historical institution, office, affiliation or event of the named entity; not an inference about polygon sovereignty or statistical territory."",""relationship"":""same""}]","[]","{""map_identity_id"":""entity-sokoto-caliphate"",""aliases"":[],""historical_names"":[{""value"":""Sokoto — late nineteenth-century caliphate"",""kind"":""primary"",""validFrom"":""1878-01-01"",""validUntil"":""1901-01-01""},{""value"":""Sokoto Caliphate — early confederation"",""kind"":""primary"",""validFrom"":""1810-01-01"",""validUntil"":""1817-01-01""}],""identifiers"":{}}","[""Snapshot context is not observation date or boundary date."",""Map geometry does not establish sovereignty or succession."",""Sokoto retained primacy; Gwandu administered the western division. The centres are not flattened into identical roles."",""No territorial geometry or statistical scope is inferred."",""Existing applicability intervals: [{\""kind\"":\""interval\"",\""from\"":\""1877\"",\""until\"":\""1900\"",\""certainty\"":\""exact\""}]""]","851acb012ccfa2a4bfa05ea83ec2694b3f773a7a6fee8703e87969c9225e6997",""
"entity-pakistan@1945/capital","entity-pakistan@1945","","Pakistan","1945","capital","MISSING","B","held-ambiguous","political-polity","true","[]","[]","[]","[]","{""map_identity_id"":""entity-pakistan"",""aliases"":[],""historical_names"":[],""identifiers"":{}}","[""Snapshot context is not observation date or boundary date."",""Map geometry does not establish sovereignty or succession."",""Resolve historical identity before proposing entity-specific facts.""]","851acb012ccfa2a4bfa05ea83ec2694b3f773a7a6fee8703e87969c9225e6997",""
"entity-pakistan@1960/capital","entity-pakistan@1960","pakistan-1958-martial-law-framework","Pakistan — martial-law framework","1960","capital","MISSING","B","partially-supported","political-polity","false","[]","[]","[]","[]","{""map_identity_id"":""entity-pakistan"",""aliases"":[],""historical_names"":[{""value"":""Pakistan — martial-law framework"",""kind"":""primary"",""validFrom"":""1958-10-07"",""validUntil"":""1961-01-01""}],""identifiers"":{}}","[""Snapshot context is not observation date or boundary date."",""Map geometry does not establish sovereignty or succession.""]","851acb012ccfa2a4bfa05ea83ec2694b3f773a7a6fee8703e87969c9225e6997",""
"entity-viceroyalty-of-peru@1800/capital","entity-viceroyalty-of-peru@1800","peru-late-viceroyal-framework","Peru — Spanish viceroyal government","1800","capital","PARTIAL","B","partially-supported","dependent-administration","false","[""Lima""]","[]","[{""id"":""peru-late-viceroyal-framework-r09-capital"",""description"":""Named historical polity, monetary institution or bilateral treaty only; no modern-border, nationality or successor-state inference."",""relationship"":""same""}]","[]","{""map_identity_id"":""entity-viceroyalty-of-peru"",""aliases"":[],""historical_names"":[{""value"":""Peru — Spanish viceroyal government"",""kind"":""primary"",""validFrom"":""1800-01-01"",""validUntil"":""1820-01-01""}],""identifiers"":{}}","[""Snapshot context is not observation date or boundary date."",""Map geometry does not establish sovereignty or succession."",""Bounds are conservative editorial research coverage inside the existing entity envelope, not invented historical adoption or transition dates. Year endpoints remain partial."",""Existing applicability intervals: [{\""kind\"":\""interval\"",\""from\"":\""1800\"",\""until\"":\""1819\"",\""certainty\"":\""exact\""}]""]","851acb012ccfa2a4bfa05ea83ec2694b3f773a7a6fee8703e87969c9225e6997",""
"entity-chad@1945/capital","entity-chad@1945","b17-chad-1945","Chad — French colonial administration","1945","capital","MISSING","B","partially-supported","dependent-administration","false","[]","[]","[]","[]","{""map_identity_id"":""entity-chad"",""aliases"":[],""historical_names"":[{""value"":""Chad — French colonial administration"",""kind"":""primary"",""validFrom"":""1945-01-01"",""validUntil"":""1946-01-01""}],""identifiers"":{}}","[""Snapshot context is not observation date or boundary date."",""Map geometry does not establish sovereignty or succession.""]","851acb012ccfa2a4bfa05ea83ec2694b3f773a7a6fee8703e87969c9225e6997",""
"entity-chad@1960/capital","entity-chad@1960","","Chad","1960","capital","MISSING","B","held-ambiguous","dependent-administration","true","[]","[]","[]","[]","{""map_identity_id"":""entity-chad"",""aliases"":[],""historical_names"":[],""identifiers"":{}}","[""Snapshot context is not observation date or boundary date."",""Map geometry does not establish sovereignty or succession."",""Resolve historical identity before proposing entity-specific facts.""]","851acb012ccfa2a4bfa05ea83ec2694b3f773a7a6fee8703e87969c9225e6997",""
"entity-mauritania@1945/capital","entity-mauritania@1945","mauritania-french-colonial-1945-framework","Mauritania — French West African colonial administration","1945","capital","MISSING","B","partially-supported","dependent-administration","false","[]","[]","[]","[]","{""map_identity_id"":""entity-mauritania"",""aliases"":[],""historical_names"":[{""value"":""Mauritania — French West African colonial administration"",""kind"":""primary"",""validFrom"":""1945-01-01"",""validUntil"":""1946-01-01""}],""identifiers"":{}}","[""Snapshot context is not observation date or boundary date."",""Map geometry does not establish sovereignty or succession.""]","851acb012ccfa2a4bfa05ea83ec2694b3f773a7a6fee8703e87969c9225e6997",""
"entity-mauritania@1960/capital","entity-mauritania@1960","","Mauritania","1960","capital","MISSING","B","held-ambiguous","dependent-administration","true","[]","[]","[]","[]","{""map_identity_id"":""entity-mauritania"",""aliases"":[],""historical_names"":[],""identifiers"":{}}","[""Snapshot context is not observation date or boundary date."",""Map geometry does not establish sovereignty or succession."",""Resolve historical identity before proposing entity-specific facts.""]","851acb012ccfa2a4bfa05ea83ec2694b3f773a7a6fee8703e87969c9225e6997",""
"entity-tunis@1800/capital","entity-tunis@1800","tunis-beylical-1800-framework","Tunis — Beylical Regency","1800","capital","MISSING","B","partially-supported","political-polity","false","[]","[]","[]","[]","{""map_identity_id"":""entity-tunis"",""aliases"":[],""historical_names"":[{""value"":""Tunis — Beylical Regency"",""kind"":""primary"",""validFrom"":""1800-01-01"",""validUntil"":""1801-01-01""}],""identifiers"":{}}","[""Snapshot context is not observation date or boundary date."",""Map geometry does not establish sovereignty or succession.""]","851acb012ccfa2a4bfa05ea83ec2694b3f773a7a6fee8703e87969c9225e6997",""
"entity-tunis@1815/capital","entity-tunis@1815","tunis-beylical-1815-framework","Tunis — Beylical Regency in 1815","1815","capital","MISSING","B","partially-supported","political-polity","false","[]","[]","[]","[]","{""map_identity_id"":""entity-tunis"",""aliases"":[],""historical_names"":[{""value"":""Tunis — Beylical Regency in 1815"",""kind"":""primary"",""validFrom"":""1815-07-26"",""validUntil"":""1815-07-27""}],""identifiers"":{}}","[""Snapshot context is not observation date or boundary date."",""Map geometry does not establish sovereignty or succession.""]","851acb012ccfa2a4bfa05ea83ec2694b3f773a7a6fee8703e87969c9225e6997",""
"entity-mozambique-portugal@1938/capital","entity-mozambique-portugal@1938","b20-portuguese-mozambique","Mozambique — Portuguese colony","1938","capital","MISSING","B","partially-supported","dependent-administration","false","[]","[]","[]","[]","{""map_identity_id"":""entity-mozambique-portugal"",""aliases"":[],""historical_names"":[{""value"":""Mozambique — Portuguese colonial administration"",""kind"":""primary"",""validFrom"":""1800-01-01"",""validUntil"":""1816-01-01""},{""value"":""Mozambique — Portuguese colony"",""kind"":""primary"",""validFrom"":""1878-01-01"",""validUntil"":""1946-01-01""},{""value"":""Mozambique — Portuguese overseas province"",""kind"":""primary"",""validFrom"":""1960-01-01"",""validUntil"":""1961-01-01""}],""identifiers"":{}}","[""Snapshot context is not observation date or boundary date."",""Map geometry does not establish sovereignty or succession.""]","851acb012ccfa2a4bfa05ea83ec2694b3f773a7a6fee8703e87969c9225e6997",""
"entity-mozambique-portugal@1945/capital","entity-mozambique-portugal@1945","b20-portuguese-mozambique","Mozambique — Portuguese colony","1945","capital","MISSING","B","partially-supported","dependent-administration","false","[]","[]","[]","[]","{""map_identity_id"":""entity-mozambique-portugal"",""aliases"":[],""historical_names"":[{""value"":""Mozambique — Portuguese colonial administration"",""kind"":""primary"",""validFrom"":""1800-01-01"",""validUntil"":""1816-01-01""},{""value"":""Mozambique — Portuguese colony"",""kind"":""primary"",""validFrom"":""1878-01-01"",""validUntil"":""1946-01-01""},{""value"":""Mozambique — Portuguese overseas province"",""kind"":""primary"",""validFrom"":""1960-01-01"",""validUntil"":""1961-01-01""}],""identifiers"":{}}","[""Snapshot context is not observation date or boundary date."",""Map geometry does not establish sovereignty or succession.""]","851acb012ccfa2a4bfa05ea83ec2694b3f773a7a6fee8703e87969c9225e6997",""
"entity-algeria-fr@1878/capital","entity-algeria-fr@1878","algeria-french-colonial-framework","Algeria — French colonial framework","1878","capital","MISSING","B","partially-supported","dependent-administration","false","[]","[]","[]","[]","{""map_identity_id"":""entity-algeria-fr"",""aliases"":[],""historical_names"":[{""value"":""Algeria — French colonial framework"",""kind"":""primary"",""validFrom"":""1875-01-01"",""validUntil"":""1939-01-01""}],""identifiers"":{}}","[""Snapshot context is not observation date or boundary date."",""Map geometry does not establish sovereignty or succession.""]","851acb012ccfa2a4bfa05ea83ec2694b3f773a7a6fee8703e87969c9225e6997",""
"entity-algeria-fr@1880/capital","entity-algeria-fr@1880","algeria-french-colonial-framework","Algeria — French colonial framework","1880","capital","MISSING","B","partially-supported","dependent-administration","false","[]","[]","[]","[]","{""map_identity_id"":""entity-algeria-fr"",""aliases"":[],""historical_names"":[{""value"":""Algeria — French colonial framework"",""kind"":""primary"",""validFrom"":""1875-01-01"",""validUntil"":""1939-01-01""}],""identifiers"":{}}","[""Snapshot context is not observation date or boundary date."",""Map geometry does not establish sovereignty or succession.""]","851acb012ccfa2a4bfa05ea83ec2694b3f773a7a6fee8703e87969c9225e6997",""
"entity-syria@1945/capital","entity-syria@1945","syria-1945-independence-contested-core","Syria — 1945 government and French presence","1945","capital","MISSING","B","partially-supported","political-polity","false","[]","[]","[]","[]","{""map_identity_id"":""entity-syria"",""aliases"":[],""historical_names"":[{""value"":""Syria — 1945 government and French presence"",""kind"":""primary"",""validFrom"":""1945-01-01"",""validUntil"":""1946-01-01""}],""identifiers"":{}}","[""Snapshot context is not observation date or boundary date."",""Map geometry does not establish sovereignty or succession.""]","851acb012ccfa2a4bfa05ea83ec2694b3f773a7a6fee8703e87969c9225e6997",""
"entity-syria@1960/capital","entity-syria@1960","syria-uar-regional-core","Syria — northern region of United Arab Republic","1960","capital","MISSING","B","partially-supported","political-polity","false","[]","[]","[]","[]","{""map_identity_id"":""entity-syria"",""aliases"":[],""historical_names"":[{""value"":""Syria — northern region of United Arab Republic"",""kind"":""primary"",""validFrom"":""1959-01-01"",""validUntil"":""1961-01-01""}],""identifiers"":{}}","[""Snapshot context is not observation date or boundary date."",""Map geometry does not establish sovereignty or succession.""]","851acb012ccfa2a4bfa05ea83ec2694b3f773a7a6fee8703e87969c9225e6997",""
"entity-merina-kingdom@1800/capital","entity-merina-kingdom@1800","b20-merina-royal","Merina kingdom","1800","capital","MISSING","B","partially-supported","political-polity","false","[]","[]","[]","[]","{""map_identity_id"":""entity-merina-kingdom"",""aliases"":[],""historical_names"":[{""value"":""Merina kingdom"",""kind"":""primary"",""validFrom"":""1800-01-01"",""validUntil"":""1816-01-01""},{""value"":""Madagascar — Merina royal government"",""kind"":""primary"",""validFrom"":""1878-01-01"",""validUntil"":""1881-01-01""}],""identifiers"":{}}","[""Snapshot context is not observation date or boundary date."",""Map geometry does not establish sovereignty or succession.""]","851acb012ccfa2a4bfa05ea83ec2694b3f773a7a6fee8703e87969c9225e6997",""
"entity-merina-kingdom@1815/capital","entity-merina-kingdom@1815","b20-merina-royal","Merina kingdom","1815","capital","MISSING","B","partially-supported","political-polity","false","[]","[]","[]","[]","{""map_identity_id"":""entity-merina-kingdom"",""aliases"":[],""historical_names"":[{""value"":""Merina kingdom"",""kind"":""primary"",""validFrom"":""1800-01-01"",""validUntil"":""1816-01-01""},{""value"":""Madagascar — Merina royal government"",""kind"":""primary"",""validFrom"":""1878-01-01"",""validUntil"":""1881-01-01""}],""identifiers"":{}}","[""Snapshot context is not observation date or boundary date."",""Map geometry does not establish sovereignty or succession.""]","851acb012ccfa2a4bfa05ea83ec2694b3f773a7a6fee8703e87969c9225e6997",""
"entity-anglo-egyptian-sudan@1914/capital","entity-anglo-egyptian-sudan@1914","b17-sudan-condominium","Anglo-Egyptian Sudan — formal joint authority and British administration","1914","capital","PARTIAL","B","partially-supported","dependent-administration","false","[""Khartoum"",""Khartoum""]","[]","[{""id"":""b17-sudan-condominium-coded-capital"",""description"":""Capital (CShapes2 academic coding); colonialterritorial administrative seat where applicable, not exclusive/constitutionalcapital, legalsovereignseat, uniformcontrol or exactcapital-change day. Historical framework: Anglo-Egyptian Sudan — formal joint authority and British administration"",""relationship"":""same""},{""id"":""b17-sudan-condominium-coded-capital"",""description"":""Capital (CShapes2 academic coding); colonialterritorial administrative seat where applicable, not exclusive/constitutionalcapital, legalsovereignseat, uniformcontrol or exactcapital-change day. Historical framework: Anglo-Egyptian Sudan — formal joint authority and British administration"",""relationship"":""same""}]","[]","{""map_identity_id"":""entity-anglo-egyptian-sudan"",""aliases"":[],""historical_names"":[{""value"":""Anglo-Egyptian Sudan — formal joint authority and British administration"",""kind"":""primary"",""validFrom"":""1914-01-01"",""validUntil"":""1946-01-01""}],""identifiers"":{}}","[""Snapshot context is not observation date or boundary date."",""Map geometry does not establish sovereignty or succession."",""Source-supported interval: 1910-06-16 to 1914-04-20 inclusive source coding."",""Research clipping to the reviewed historical framework and atlas limit; these bounds are not asserted accession/departure dates. Conservative source interiors and separately reviewed frame bounds; no exact inferred change day."",""Capital (CShapes2 academic coding); colonialterritorial administrative seat where applicable, not exclusive/constitutionalcapital, legalsovereignseat, uniformcontrol or exactcapital-change day. Historical framework: Anglo-Egyptian Sudan — formal joint authority and British administration"",""Possible Jan1/default-year endpoint loses uncertain endpoint year; possible month1 or preceding last-day endpoint loses uncertain endpoint month. Other coded final day omitted. These are derived conservative bounds, not exact historical capital-change dates."",""Literal academic capital coding, not exclusive constitutional seat, legal sovereignty or uniform territorial control."",""Khartoum within explicitlynamedAngloEgyptiancondominium1914–1945 andAbbud1960 windows. NotearlierMahdistOmdurman, Egyptianfederatedcapital, or union-levelauthority."",""Separate existing historical-framework clipping and conservative review bounds do not assert exact capital-change dates."",""Source-supported interval: 1914-04-21 to 1934-07-19 inclusive source coding."",""Existing applicability intervals: [{\""kind\"":\""interval\"",\""from\"":\""1914-01-01\"",\""until\"":\""1914-04-20\"",\""certainty\"":\""exact\""},{\""kind\"":\""interval\"",\""from\"":\""1914-04-21\"",\""until\"":\""1934-07-19\"",\""certainty\"":\""exact\""}]""]","851acb012ccfa2a4bfa05ea83ec2694b3f773a7a6fee8703e87969c9225e6997",""
"entity-german-e-africa-tanganyika@1914/capital","entity-german-e-africa-tanganyika@1914","german-east-africa-1914-core","German East Africa — colonial administration in 1914","1914","capital","MISSING","B","partially-supported","dependent-administration","false","[]","[]","[]","[]","{""map_identity_id"":""entity-german-e-africa-tanganyika"",""aliases"":[],""historical_names"":[{""value"":""German East Africa — colonial administration in 1914"",""kind"":""primary"",""validFrom"":""1914-01-01"",""validUntil"":""1915-01-01""}],""identifiers"":{}}","[""Snapshot context is not observation date or boundary date."",""Map geometry does not establish sovereignty or succession.""]","851acb012ccfa2a4bfa05ea83ec2694b3f773a7a6fee8703e87969c9225e6997",""
"entity-cyraneica-uk-lybia@1945/capital","entity-cyraneica-uk-lybia@1945","cyrenaica-british-military-1945-framework","Cyrenaica — British military administration","1945","capital","MISSING","B","partially-supported","dependent-administration","false","[]","[]","[]","[]","{""map_identity_id"":""entity-cyraneica-uk-lybia"",""aliases"":[],""historical_names"":[{""value"":""Cyrenaica — British military administration"",""kind"":""primary"",""validFrom"":""1945-01-01"",""validUntil"":""1946-01-01""}],""identifiers"":{}}","[""Snapshot context is not observation date or boundary date."",""Map geometry does not establish sovereignty or succession.""]","851acb012ccfa2a4bfa05ea83ec2694b3f773a7a6fee8703e87969c9225e6997",""
"entity-kamerun@1914/capital","entity-kamerun@1914","b17-kamerun-german","Kamerun — German colonial protectorate","1914","capital","MISSING","B","partially-supported","dependent-administration","false","[]","[]","[]","[]","{""map_identity_id"":""entity-kamerun"",""aliases"":[],""historical_names"":[{""value"":""Kamerun — German colonial protectorate"",""kind"":""primary"",""validFrom"":""1914-01-01"",""validUntil"":""1915-01-01""}],""identifiers"":{}}","[""Snapshot context is not observation date or boundary date."",""Map geometry does not establish sovereignty or succession.""]","851acb012ccfa2a4bfa05ea83ec2694b3f773a7a6fee8703e87969c9225e6997",""
"entity-batavian-republic@1800/capital","entity-batavian-republic@1800","batavian-republic","Batavian Republic","1800","capital","MISSING","B","partially-supported","political-polity","false","[]","[]","[]","[]","{""map_identity_id"":""entity-batavian-republic"",""aliases"":[],""historical_names"":[{""value"":""Batavian Republic"",""kind"":""primary"",""validFrom"":""1795"",""validUntil"":""1806-06-05""}],""identifiers"":{}}","[""Snapshot context is not observation date or boundary date."",""Map geometry does not establish sovereignty or succession.""]","851acb012ccfa2a4bfa05ea83ec2694b3f773a7a6fee8703e87969c9225e6997",""
