"cell_id","occurrence_id","atlas_entity_id","atlas_display_name","snapshot_year","dossier_category","current_status","research_priority","mapping_status","eligibility_classification","identity_review_required","current_values","observation_dates","territorial_scopes","held_reasons","known_aliases_identifiers","notes","production_fingerprint","proposals_json"
"entity-new-south-wales@1815/currency","entity-new-south-wales@1815","nsw-1815-governor-core","New South Wales — gubernatorial colony in 1815","1815","currency","MISSING","A","partially-supported","dependent-administration","false","[]","[]","[]","[]","{""map_identity_id"":""entity-new-south-wales"",""aliases"":[],""historical_names"":[{""value"":""New South Wales — gubernatorial colony in 1815"",""kind"":""primary"",""validFrom"":""1815-01-01"",""validUntil"":""1816-01-01""}],""identifiers"":{}}","[""Snapshot context is not observation date or boundary date."",""Map geometry does not establish sovereignty or succession.""]","851acb012ccfa2a4bfa05ea83ec2694b3f773a7a6fee8703e87969c9225e6997",""
"entity-new-south-wales-uk@1878/currency","entity-new-south-wales-uk@1878","nsw-responsible-colonial-core","New South Wales — self-governing British colony","1878","currency","MISSING","A","partially-supported","dependent-administration","false","[]","[]","[]","[]","{""map_identity_id"":""entity-new-south-wales-uk"",""aliases"":[],""historical_names"":[{""value"":""New South Wales — self-governing British colony"",""kind"":""primary"",""validFrom"":""1878-01-01"",""validUntil"":""1901-01-01""}],""identifiers"":{}}","[""Snapshot context is not observation date or boundary date."",""Map geometry does not establish sovereignty or succession.""]","851acb012ccfa2a4bfa05ea83ec2694b3f773a7a6fee8703e87969c9225e6997",""
"entity-new-south-wales-uk@1880/currency","entity-new-south-wales-uk@1880","nsw-responsible-colonial-core","New South Wales — self-governing British colony","1880","currency","MISSING","A","partially-supported","dependent-administration","false","[]","[]","[]","[]","{""map_identity_id"":""entity-new-south-wales-uk"",""aliases"":[],""historical_names"":[{""value"":""New South Wales — self-governing British colony"",""kind"":""primary"",""validFrom"":""1878-01-01"",""validUntil"":""1901-01-01""}],""identifiers"":{}}","[""Snapshot context is not observation date or boundary date."",""Map geometry does not establish sovereignty or succession.""]","851acb012ccfa2a4bfa05ea83ec2694b3f773a7a6fee8703e87969c9225e6997",""
"entity-new-south-wales-uk@1900/currency","entity-new-south-wales-uk@1900","nsw-responsible-colonial-core","New South Wales — self-governing British colony","1900","currency","MISSING","A","partially-supported","dependent-administration","false","[]","[]","[]","[]","{""map_identity_id"":""entity-new-south-wales-uk"",""aliases"":[],""historical_names"":[{""value"":""New South Wales — self-governing British colony"",""kind"":""primary"",""validFrom"":""1878-01-01"",""validUntil"":""1901-01-01""}],""identifiers"":{}}","[""Snapshot context is not observation date or boundary date."",""Map geometry does not establish sovereignty or succession.""]","851acb012ccfa2a4bfa05ea83ec2694b3f773a7a6fee8703e87969c9225e6997",""
"entity-northern-territory-uk@1878/currency","entity-northern-territory-uk@1878","northern-territory-sa-colonial-core","Northern Territory — South Australian administration","1878","currency","MISSING","A","partially-supported","dependent-administration","false","[]","[]","[]","[]","{""map_identity_id"":""entity-northern-territory-uk"",""aliases"":[],""historical_names"":[{""value"":""Northern Territory — South Australian administration"",""kind"":""primary"",""validFrom"":""1878-01-01"",""validUntil"":""1901-01-01""}],""identifiers"":{}}","[""Snapshot context is not observation date or boundary date."",""Map geometry does not establish sovereignty or succession.""]","851acb012ccfa2a4bfa05ea83ec2694b3f773a7a6fee8703e87969c9225e6997",""
"entity-northern-territory-uk@1880/currency","entity-northern-territory-uk@1880","northern-territory-sa-colonial-core","Northern Territory — South Australian administration","1880","currency","MISSING","A","partially-supported","dependent-administration","false","[]","[]","[]","[]","{""map_identity_id"":""entity-northern-territory-uk"",""aliases"":[],""historical_names"":[{""value"":""Northern Territory — South Australian administration"",""kind"":""primary"",""validFrom"":""1878-01-01"",""validUntil"":""1901-01-01""}],""identifiers"":{}}","[""Snapshot context is not observation date or boundary date."",""Map geometry does not establish sovereignty or succession.""]","851acb012ccfa2a4bfa05ea83ec2694b3f773a7a6fee8703e87969c9225e6997",""
"entity-northern-territory-uk@1900/currency","entity-northern-territory-uk@1900","northern-territory-sa-colonial-core","Northern Territory — South Australian administration","1900","currency","MISSING","A","partially-supported","dependent-administration","false","[]","[]","[]","[]","{""map_identity_id"":""entity-northern-territory-uk"",""aliases"":[],""historical_names"":[{""value"":""Northern Territory — South Australian administration"",""kind"":""primary"",""validFrom"":""1878-01-01"",""validUntil"":""1901-01-01""}],""identifiers"":{}}","[""Snapshot context is not observation date or boundary date."",""Map geometry does not establish sovereignty or succession.""]","851acb012ccfa2a4bfa05ea83ec2694b3f773a7a6fee8703e87969c9225e6997",""
"entity-queensland-uk@1878/currency","entity-queensland-uk@1878","queensland-selfgoverning-colonial-core","Queensland — self-governing British colony","1878","currency","MISSING","A","partially-supported","dependent-administration","false","[]","[]","[]","[]","{""map_identity_id"":""entity-queensland-uk"",""aliases"":[],""historical_names"":[{""value"":""Queensland — self-governing British colony"",""kind"":""primary"",""validFrom"":""1878-01-01"",""validUntil"":""1901-01-01""}],""identifiers"":{}}","[""Snapshot context is not observation date or boundary date."",""Map geometry does not establish sovereignty or succession.""]","851acb012ccfa2a4bfa05ea83ec2694b3f773a7a6fee8703e87969c9225e6997",""
"entity-queensland-uk@1880/currency","entity-queensland-uk@1880","queensland-selfgoverning-colonial-core","Queensland — self-governing British colony","1880","currency","MISSING","A","partially-supported","dependent-administration","false","[]","[]","[]","[]","{""map_identity_id"":""entity-queensland-uk"",""aliases"":[],""historical_names"":[{""value"":""Queensland — self-governing British colony"",""kind"":""primary"",""validFrom"":""1878-01-01"",""validUntil"":""1901-01-01""}],""identifiers"":{}}","[""Snapshot context is not observation date or boundary date."",""Map geometry does not establish sovereignty or succession.""]","851acb012ccfa2a4bfa05ea83ec2694b3f773a7a6fee8703e87969c9225e6997",""
"entity-queensland-uk@1900/currency","entity-queensland-uk@1900","queensland-selfgoverning-colonial-core","Queensland — self-governing British colony","1900","currency","MISSING","A","partially-supported","dependent-administration","false","[]","[]","[]","[]","{""map_identity_id"":""entity-queensland-uk"",""aliases"":[],""historical_names"":[{""value"":""Queensland — self-governing British colony"",""kind"":""primary"",""validFrom"":""1878-01-01"",""validUntil"":""1901-01-01""}],""identifiers"":{}}","[""Snapshot context is not observation date or boundary date."",""Map geometry does not establish sovereignty or succession.""]","851acb012ccfa2a4bfa05ea83ec2694b3f773a7a6fee8703e87969c9225e6997",""
"entity-south-australia-uk@1878/currency","entity-south-australia-uk@1878","south-australia-responsible-colonial-core","South Australia — responsible colonial government","1878","currency","MISSING","A","partially-supported","dependent-administration","false","[]","[]","[]","[]","{""map_identity_id"":""entity-south-australia-uk"",""aliases"":[],""historical_names"":[{""value"":""South Australia — responsible colonial government"",""kind"":""primary"",""validFrom"":""1878-01-01"",""validUntil"":""1901-01-01""}],""identifiers"":{}}","[""Snapshot context is not observation date or boundary date."",""Map geometry does not establish sovereignty or succession.""]","851acb012ccfa2a4bfa05ea83ec2694b3f773a7a6fee8703e87969c9225e6997",""
"entity-south-australia-uk@1880/currency","entity-south-australia-uk@1880","south-australia-responsible-colonial-core","South Australia — responsible colonial government","1880","currency","MISSING","A","partially-supported","dependent-administration","false","[]","[]","[]","[]","{""map_identity_id"":""entity-south-australia-uk"",""aliases"":[],""historical_names"":[{""value"":""South Australia — responsible colonial government"",""kind"":""primary"",""validFrom"":""1878-01-01"",""validUntil"":""1901-01-01""}],""identifiers"":{}}","[""Snapshot context is not observation date or boundary date."",""Map geometry does not establish sovereignty or succession.""]","851acb012ccfa2a4bfa05ea83ec2694b3f773a7a6fee8703e87969c9225e6997",""
"entity-south-australia-uk@1900/currency","entity-south-australia-uk@1900","south-australia-responsible-colonial-core","South Australia — responsible colonial government","1900","currency","MISSING","A","partially-supported","dependent-administration","false","[]","[]","[]","[]","{""map_identity_id"":""entity-south-australia-uk"",""aliases"":[],""historical_names"":[{""value"":""South Australia — responsible colonial government"",""kind"":""primary"",""validFrom"":""1878-01-01"",""validUntil"":""1901-01-01""}],""identifiers"":{}}","[""Snapshot context is not observation date or boundary date."",""Map geometry does not establish sovereignty or succession.""]","851acb012ccfa2a4bfa05ea83ec2694b3f773a7a6fee8703e87969c9225e6997",""
"entity-victoria-uk@1878/currency","entity-victoria-uk@1878","victoria-bicameral-colonial-core","Victoria — parliamentary British colony","1878","currency","MISSING","A","partially-supported","dependent-administration","false","[]","[]","[]","[]","{""map_identity_id"":""entity-victoria-uk"",""aliases"":[],""historical_names"":[{""value"":""Victoria — parliamentary British colony"",""kind"":""primary"",""validFrom"":""1878-01-01"",""validUntil"":""1901-01-01""}],""identifiers"":{}}","[""Snapshot context is not observation date or boundary date."",""Map geometry does not establish sovereignty or succession.""]","851acb012ccfa2a4bfa05ea83ec2694b3f773a7a6fee8703e87969c9225e6997",""
"entity-victoria-uk@1880/currency","entity-victoria-uk@1880","victoria-bicameral-colonial-core","Victoria — parliamentary British colony","1880","currency","MISSING","A","partially-supported","dependent-administration","false","[]","[]","[]","[]","{""map_identity_id"":""entity-victoria-uk"",""aliases"":[],""historical_names"":[{""value"":""Victoria — parliamentary British colony"",""kind"":""primary"",""validFrom"":""1878-01-01"",""validUntil"":""1901-01-01""}],""identifiers"":{}}","[""Snapshot context is not observation date or boundary date."",""Map geometry does not establish sovereignty or succession.""]","851acb012ccfa2a4bfa05ea83ec2694b3f773a7a6fee8703e87969c9225e6997",""
"entity-victoria-uk@1900/currency","entity-victoria-uk@1900","victoria-bicameral-colonial-core","Victoria — parliamentary British colony","1900","currency","MISSING","A","partially-supported","dependent-administration","false","[]","[]","[]","[]","{""map_identity_id"":""entity-victoria-uk"",""aliases"":[],""historical_names"":[{""value"":""Victoria — parliamentary British colony"",""kind"":""primary"",""validFrom"":""1878-01-01"",""validUntil"":""1901-01-01""}],""identifiers"":{}}","[""Snapshot context is not observation date or boundary date."",""Map geometry does not establish sovereignty or succession.""]","851acb012ccfa2a4bfa05ea83ec2694b3f773a7a6fee8703e87969c9225e6997",""
"entity-western-australia-uk@1878/currency","entity-western-australia-uk@1878","wa-preresponsible-colonial-core","Western Australia — representative colonial government around 1880","1878","currency","MISSING","A","partially-supported","dependent-administration","false","[]","[]","[]","[]","{""map_identity_id"":""entity-western-australia-uk"",""aliases"":[],""historical_names"":[{""value"":""Western Australia — representative colonial government around 1880"",""kind"":""primary"",""validFrom"":""1878-01-01"",""validUntil"":""1881-01-01""}],""identifiers"":{}}","[""Snapshot context is not observation date or boundary date."",""Map geometry does not establish sovereignty or succession.""]","851acb012ccfa2a4bfa05ea83ec2694b3f773a7a6fee8703e87969c9225e6997",""
"entity-western-australia-uk@1880/currency","entity-western-australia-uk@1880","wa-preresponsible-colonial-core","Western Australia — representative colonial government around 1880","1880","currency","MISSING","A","partially-supported","dependent-administration","false","[]","[]","[]","[]","{""map_identity_id"":""entity-western-australia-uk"",""aliases"":[],""historical_names"":[{""value"":""Western Australia — representative colonial government around 1880"",""kind"":""primary"",""validFrom"":""1878-01-01"",""validUntil"":""1881-01-01""}],""identifiers"":{}}","[""Snapshot context is not observation date or boundary date."",""Map geometry does not establish sovereignty or succession.""]","851acb012ccfa2a4bfa05ea83ec2694b3f773a7a6fee8703e87969c9225e6997",""
"entity-western-australia-uk@1900/currency","entity-western-australia-uk@1900","wa-responsible-1900-core","Western Australia — responsible colonial government in 1900","1900","currency","MISSING","A","partially-supported","dependent-administration","false","[]","[]","[]","[]","{""map_identity_id"":""entity-western-australia-uk"",""aliases"":[],""historical_names"":[{""value"":""Western Australia — responsible colonial government in 1900"",""kind"":""primary"",""validFrom"":""1900-01-01"",""validUntil"":""1901-01-01""}],""identifiers"":{}}","[""Snapshot context is not observation date or boundary date."",""Map geometry does not establish sovereignty or succession.""]","851acb012ccfa2a4bfa05ea83ec2694b3f773a7a6fee8703e87969c9225e6997",""
"entity-british-east-india-company@1815/currency","entity-british-east-india-company@1815","company-1813-territorial-framework","East India Company — territorial administration","1815","currency","MISSING","A","core-supported","dependent-administration","false","[]","[]","[]","[]","{""map_identity_id"":""entity-british-east-india-company"",""aliases"":[],""historical_names"":[{""value"":""East India Company — territorial administration"",""kind"":""primary"",""validFrom"":""1814-01-01"",""validUntil"":""1833-01-01""}],""identifiers"":{}}","[""Snapshot context is not observation date or boundary date."",""Map geometry does not establish sovereignty or succession.""]","851acb012ccfa2a4bfa05ea83ec2694b3f773a7a6fee8703e87969c9225e6997",""
"entity-india@1938/currency","entity-india@1938","","India","1938","currency","MISSING","A","held-ambiguous","political-polity","true","[]","[]","[]","[]","{""map_identity_id"":""entity-india"",""aliases"":[],""historical_names"":[],""identifiers"":{}}","[""Snapshot context is not observation date or boundary date."",""Map geometry does not establish sovereignty or succession."",""Resolve historical identity before proposing entity-specific facts.""]","851acb012ccfa2a4bfa05ea83ec2694b3f773a7a6fee8703e87969c9225e6997",""
"entity-madras@1800/currency","entity-madras@1800","madras-company-1800-framework","Madras — Company presidency government","1800","currency","MISSING","A","partially-supported","dependent-administration","false","[]","[]","[]","[]","{""map_identity_id"":""entity-madras"",""aliases"":[],""historical_names"":[{""value"":""Madras — Company presidency government"",""kind"":""primary"",""validFrom"":""1800-01-22"",""validUntil"":""1801-01-01""}],""identifiers"":{}}","[""Snapshot context is not observation date or boundary date."",""Map geometry does not establish sovereignty or succession.""]","851acb012ccfa2a4bfa05ea83ec2694b3f773a7a6fee8703e87969c9225e6997",""
"entity-maratha-confederacy@1800/currency","entity-maratha-confederacy@1800","","Maratha Confederacy","1800","currency","MISSING","A","held-ambiguous","political-polity","true","[]","[]","[]","[]","{""map_identity_id"":""entity-maratha-confederacy"",""aliases"":[],""historical_names"":[],""identifiers"":{}}","[""Snapshot context is not observation date or boundary date."",""Map geometry does not establish sovereignty or succession."",""Resolve historical identity before proposing entity-specific facts.""]","851acb012ccfa2a4bfa05ea83ec2694b3f773a7a6fee8703e87969c9225e6997",""
"entity-maratha-confederacy@1815/currency","entity-maratha-confederacy@1815","","Maratha Confederacy","1815","currency","MISSING","A","held-ambiguous","political-polity","true","[]","[]","[]","[]","{""map_identity_id"":""entity-maratha-confederacy"",""aliases"":[],""historical_names"":[],""identifiers"":{}}","[""Snapshot context is not observation date or boundary date."",""Map geometry does not establish sovereignty or succession."",""Resolve historical identity before proposing entity-specific facts.""]","851acb012ccfa2a4bfa05ea83ec2694b3f773a7a6fee8703e87969c9225e6997",""
"entity-mysore@1800/currency","entity-mysore@1800","mysore-restored-wodeyar-framework","Mysore — restored Wodeyar government","1800","currency","MISSING","A","partially-supported","political-polity","false","[]","[]","[]","[]","{""map_identity_id"":""entity-mysore"",""aliases"":[],""historical_names"":[{""value"":""Mysore — restored Wodeyar government"",""kind"":""primary"",""validFrom"":""1800-01-01"",""validUntil"":""1831""}],""identifiers"":{}}","[""Snapshot context is not observation date or boundary date."",""Map geometry does not establish sovereignty or succession.""]","851acb012ccfa2a4bfa05ea83ec2694b3f773a7a6fee8703e87969c9225e6997",""
"entity-mysore-indian-princely-state@1815/currency","entity-mysore-indian-princely-state@1815","mysore-restored-wodeyar-framework","Mysore — restored Wodeyar government","1815","currency","MISSING","A","partially-supported","dependent-administration","false","[]","[]","[]","[]","{""map_identity_id"":""entity-mysore-indian-princely-state"",""aliases"":[],""historical_names"":[{""value"":""Mysore — restored Wodeyar government"",""kind"":""primary"",""validFrom"":""1800-01-01"",""validUntil"":""1831""}],""identifiers"":{}}","[""Snapshot context is not observation date or boundary date."",""Map geometry does not establish sovereignty or succession.""]","851acb012ccfa2a4bfa05ea83ec2694b3f773a7a6fee8703e87969c9225e6997",""
"entity-nizam-s-dominions@1800/currency","entity-nizam-s-dominions@1800","hyderabad-nizam-ali-framework","Hyderabad — Nizam Ali Khan’s government","1800","currency","MISSING","A","partially-supported","political-polity","false","[]","[]","[]","[]","{""map_identity_id"":""entity-nizam-s-dominions"",""aliases"":[],""historical_names"":[{""value"":""Hyderabad — Nizam Ali Khan’s government"",""kind"":""primary"",""validFrom"":""1800-01-01"",""validUntil"":""1801-01-01""}],""identifiers"":{}}","[""Snapshot context is not observation date or boundary date."",""Map geometry does not establish sovereignty or succession.""]","851acb012ccfa2a4bfa05ea83ec2694b3f773a7a6fee8703e87969c9225e6997",""
"entity-oudh@1800/currency","entity-oudh@1800","awadh-saadat-ali-nawabi-framework","Awadh — Saadat Ali Khan’s Nawabi government","1800","currency","MISSING","A","partially-supported","political-polity","false","[]","[]","[]","[]","{""map_identity_id"":""entity-oudh"",""aliases"":[],""historical_names"":[{""value"":""Awadh — Saadat Ali Khan’s Nawabi government"",""kind"":""primary"",""validFrom"":""1800-01-01"",""validUntil"":""1801-01-01""}],""identifiers"":{}}","[""Snapshot context is not observation date or boundary date."",""Map geometry does not establish sovereignty or succession.""]","851acb012ccfa2a4bfa05ea83ec2694b3f773a7a6fee8703e87969c9225e6997",""
"entity-oudh@1815/currency","entity-oudh@1815","","Oudh","1815","currency","MISSING","A","completely-empty","political-polity","true","[]","[]","[]","[]","{""map_identity_id"":""entity-oudh"",""aliases"":[],""historical_names"":[],""identifiers"":{}}","[""Snapshot context is not observation date or boundary date."",""Map geometry does not establish sovereignty or succession."",""Resolve historical identity before proposing entity-specific facts.""]","851acb012ccfa2a4bfa05ea83ec2694b3f773a7a6fee8703e87969c9225e6997",""
"entity-sindh@1800/currency","entity-sindh@1800","","Sindh","1800","currency","MISSING","A","held-ambiguous","political-polity","true","[]","[]","[]","[]","{""map_identity_id"":""entity-sindh"",""aliases"":[],""historical_names"":[],""identifiers"":{}}","[""Snapshot context is not observation date or boundary date."",""Map geometry does not establish sovereignty or succession."",""Resolve historical identity before proposing entity-specific facts.""]","851acb012ccfa2a4bfa05ea83ec2694b3f773a7a6fee8703e87969c9225e6997",""
"entity-cape-colony@1800/currency","entity-cape-colony@1800","","Cape Colony","1800","currency","MISSING","A","completely-empty","dependent-administration","true","[]","[]","[]","[]","{""map_identity_id"":""entity-cape-colony"",""aliases"":[],""historical_names"":[],""identifiers"":{}}","[""Snapshot context is not observation date or boundary date."",""Map geometry does not establish sovereignty or succession."",""Resolve historical identity before proposing entity-specific facts.""]","851acb012ccfa2a4bfa05ea83ec2694b3f773a7a6fee8703e87969c9225e6997",""
"entity-cape-colony@1815/currency","entity-cape-colony@1815","","Cape Colony","1815","currency","MISSING","A","completely-empty","dependent-administration","true","[]","[]","[]","[]","{""map_identity_id"":""entity-cape-colony"",""aliases"":[],""historical_names"":[],""identifiers"":{}}","[""Snapshot context is not observation date or boundary date."",""Map geometry does not establish sovereignty or succession."",""Resolve historical identity before proposing entity-specific facts.""]","851acb012ccfa2a4bfa05ea83ec2694b3f773a7a6fee8703e87969c9225e6997",""
"entity-cape-colony@1878/currency","entity-cape-colony@1878","b19-cape-responsible","Cape Colony — responsible government","1878","currency","MISSING","A","partially-supported","dependent-administration","false","[]","[]","[]","[]","{""map_identity_id"":""entity-cape-colony"",""aliases"":[],""historical_names"":[{""value"":""Cape Colony — responsible government"",""kind"":""primary"",""validFrom"":""1873-01-01"",""validUntil"":""1910-05-31""}],""identifiers"":{}}","[""Snapshot context is not observation date or boundary date."",""Map geometry does not establish sovereignty or succession.""]","851acb012ccfa2a4bfa05ea83ec2694b3f773a7a6fee8703e87969c9225e6997",""
"entity-cape-colony@1880/currency","entity-cape-colony@1880","b19-cape-responsible","Cape Colony — responsible government","1880","currency","MISSING","A","core-supported","dependent-administration","false","[]","[]","[]","[]","{""map_identity_id"":""entity-cape-colony"",""aliases"":[],""historical_names"":[{""value"":""Cape Colony — responsible government"",""kind"":""primary"",""validFrom"":""1873-01-01"",""validUntil"":""1910-05-31""}],""identifiers"":{}}","[""Snapshot context is not observation date or boundary date."",""Map geometry does not establish sovereignty or succession.""]","851acb012ccfa2a4bfa05ea83ec2694b3f773a7a6fee8703e87969c9225e6997",""
"entity-cape-colony@1900/currency","entity-cape-colony@1900","b19-cape-responsible","Cape Colony — responsible government","1900","currency","MISSING","A","partially-supported","dependent-administration","false","[]","[]","[]","[]","{""map_identity_id"":""entity-cape-colony"",""aliases"":[],""historical_names"":[{""value"":""Cape Colony — responsible government"",""kind"":""primary"",""validFrom"":""1873-01-01"",""validUntil"":""1910-05-31""}],""identifiers"":{}}","[""Snapshot context is not observation date or boundary date."",""Map geometry does not establish sovereignty or succession.""]","851acb012ccfa2a4bfa05ea83ec2694b3f773a7a6fee8703e87969c9225e6997",""
"entity-orange-free-state@1878/currency","entity-orange-free-state@1878","b20-orange-free-state","Orange Free State","1878","currency","MISSING","A","partially-supported","political-polity","false","[]","[]","[]","[]","{""map_identity_id"":""entity-orange-free-state"",""aliases"":[],""historical_names"":[{""value"":""Orange Free State"",""kind"":""primary"",""validFrom"":""1878-01-01"",""validUntil"":""1881-01-01""}],""identifiers"":{}}","[""Snapshot context is not observation date or boundary date."",""Map geometry does not establish sovereignty or succession.""]","851acb012ccfa2a4bfa05ea83ec2694b3f773a7a6fee8703e87969c9225e6997",""
"entity-orange-free-state@1880/currency","entity-orange-free-state@1880","b20-orange-free-state","Orange Free State","1880","currency","MISSING","A","partially-supported","political-polity","false","[]","[]","[]","[]","{""map_identity_id"":""entity-orange-free-state"",""aliases"":[],""historical_names"":[{""value"":""Orange Free State"",""kind"":""primary"",""validFrom"":""1878-01-01"",""validUntil"":""1881-01-01""}],""identifiers"":{}}","[""Snapshot context is not observation date or boundary date."",""Map geometry does not establish sovereignty or succession.""]","851acb012ccfa2a4bfa05ea83ec2694b3f773a7a6fee8703e87969c9225e6997",""
"entity-orange-free-state@1900/currency","entity-orange-free-state@1900","b20-orange-river-war-annexation","Orange River Colony — contested British militarygovernment","1900","currency","MISSING","A","partially-supported","political-polity","false","[]","[]","[]","[]","{""map_identity_id"":""entity-orange-free-state"",""aliases"":[],""historical_names"":[{""value"":""Orange River Colony — contested British militarygovernment"",""kind"":""primary"",""validFrom"":""1900-12-12"",""validUntil"":""1900-12-13""}],""identifiers"":{}}","[""Snapshot context is not observation date or boundary date."",""Map geometry does not establish sovereignty or succession.""]","851acb012ccfa2a4bfa05ea83ec2694b3f773a7a6fee8703e87969c9225e6997",""
"entity-south-africa@1914/currency","entity-south-africa@1914","b19-south-africa-early-union","Union of South Africa — early dominion","1914","currency","MISSING","A","core-supported","political-polity","false","[]","[]","[]","[]","{""map_identity_id"":""entity-south-africa"",""aliases"":[],""historical_names"":[{""value"":""Union of South Africa — early dominion"",""kind"":""primary"",""validFrom"":""1911-01-01"",""validUntil"":""1931-01-01""}],""identifiers"":{}}","[""Snapshot context is not observation date or boundary date."",""Map geometry does not establish sovereignty or succession.""]","851acb012ccfa2a4bfa05ea83ec2694b3f773a7a6fee8703e87969c9225e6997",""
"entity-transvaal@1878/currency","entity-transvaal@1878","b20-transvaal-first-annexation","Transvaal — first British annexation administration","1878","currency","MISSING","A","partially-supported","political-polity","false","[]","[]","[]","[]","{""map_identity_id"":""entity-transvaal"",""aliases"":[],""historical_names"":[{""value"":""Transvaal — first British annexation administration"",""kind"":""primary"",""validFrom"":""1878-01-01"",""validUntil"":""1880-01-01""},{""value"":""Transvaal — British colonial administration"",""kind"":""primary"",""validFrom"":""1880-08-31"",""validUntil"":""1880-09-01""}],""identifiers"":{}}","[""Snapshot context is not observation date or boundary date."",""Map geometry does not establish sovereignty or succession.""]","851acb012ccfa2a4bfa05ea83ec2694b3f773a7a6fee8703e87969c9225e6997",""
"entity-transvaal@1880/currency","entity-transvaal@1880","b20-transvaal-first-annexation","Transvaal — British colonial administration","1880","currency","MISSING","A","partially-supported","political-polity","false","[]","[]","[]","[]","{""map_identity_id"":""entity-transvaal"",""aliases"":[],""historical_names"":[{""value"":""Transvaal — first British annexation administration"",""kind"":""primary"",""validFrom"":""1878-01-01"",""validUntil"":""1880-01-01""},{""value"":""Transvaal — British colonial administration"",""kind"":""primary"",""validFrom"":""1880-08-31"",""validUntil"":""1880-09-01""}],""identifiers"":{}}","[""Snapshot context is not observation date or boundary date."",""Map geometry does not establish sovereignty or succession.""]","851acb012ccfa2a4bfa05ea83ec2694b3f773a7a6fee8703e87969c9225e6997",""
"entity-transvaal@1900/currency","entity-transvaal@1900","b20-transvaal-war-annexation","Transvaal — contested British militarygovernment","1900","currency","MISSING","A","partially-supported","political-polity","false","[]","[]","[]","[]","{""map_identity_id"":""entity-transvaal"",""aliases"":[],""historical_names"":[{""value"":""Transvaal — contested British militarygovernment"",""kind"":""primary"",""validFrom"":""1900-12-12"",""validUntil"":""1900-12-13""}],""identifiers"":{}}","[""Snapshot context is not observation date or boundary date."",""Map geometry does not establish sovereignty or succession.""]","851acb012ccfa2a4bfa05ea83ec2694b3f773a7a6fee8703e87969c9225e6997",""
"entity-union-of-south-africa@1920/currency","entity-union-of-south-africa@1920","b19-south-africa-early-union","Union of South Africa — early dominion","1920","currency","MISSING","A","partially-supported","political-polity","false","[]","[]","[]","[]","{""map_identity_id"":""entity-union-of-south-africa"",""aliases"":[],""historical_names"":[{""value"":""Union of South Africa — early dominion"",""kind"":""primary"",""validFrom"":""1911-01-01"",""validUntil"":""1931-01-01""}],""identifiers"":{}}","[""Snapshot context is not observation date or boundary date."",""Map geometry does not establish sovereignty or succession.""]","851acb012ccfa2a4bfa05ea83ec2694b3f773a7a6fee8703e87969c9225e6997",""
"entity-acadian-peninsula-uk@1800/currency","entity-acadian-peninsula-uk@1800","","Acadian Peninsula (UK)","1800","currency","MISSING","A","held-ambiguous","dependent-administration","true","[]","[]","[]","[]","{""map_identity_id"":""entity-acadian-peninsula-uk"",""aliases"":[],""historical_names"":[],""identifiers"":{}}","[""Snapshot context is not observation date or boundary date."",""Map geometry does not establish sovereignty or succession."",""Resolve historical identity before proposing entity-specific facts.""]","851acb012ccfa2a4bfa05ea83ec2694b3f773a7a6fee8703e87969c9225e6997",""
"entity-canada@1815/currency","entity-canada@1815","","Canada","1815","currency","MISSING","A","held-ambiguous","political-polity","true","[]","[]","[]","[]","{""map_identity_id"":""entity-canada"",""aliases"":[],""historical_names"":[],""identifiers"":{}}","[""Snapshot context is not observation date or boundary date."",""Map geometry does not establish sovereignty or succession."",""Resolve historical identity before proposing entity-specific facts.""]","851acb012ccfa2a4bfa05ea83ec2694b3f773a7a6fee8703e87969c9225e6997",""
"entity-dominion-of-newfoundland@1920/currency","entity-dominion-of-newfoundland@1920","newfoundland-responsible-dominion-framework","Newfoundland — responsible-government Dominion","1920","currency","MISSING","A","partially-supported","dependent-administration","false","[]","[]","[]","[]","{""map_identity_id"":""entity-dominion-of-newfoundland"",""aliases"":[],""historical_names"":[{""value"":""Newfoundland — responsible-government Dominion"",""kind"":""primary"",""validFrom"":""1908-01-01"",""validUntil"":""1934-02-16""}],""identifiers"":{}}","[""Snapshot context is not observation date or boundary date."",""Map geometry does not establish sovereignty or succession.""]","851acb012ccfa2a4bfa05ea83ec2694b3f773a7a6fee8703e87969c9225e6997",""
"entity-dominion-of-newfoundland@1930/currency","entity-dominion-of-newfoundland@1930","newfoundland-responsible-dominion-framework","Newfoundland — responsible-government Dominion","1930","currency","MISSING","A","partially-supported","dependent-administration","false","[]","[]","[]","[]","{""map_identity_id"":""entity-dominion-of-newfoundland"",""aliases"":[],""historical_names"":[{""value"":""Newfoundland — responsible-government Dominion"",""kind"":""primary"",""validFrom"":""1908-01-01"",""validUntil"":""1934-02-16""}],""identifiers"":{}}","[""Snapshot context is not observation date or boundary date."",""Map geometry does not establish sovereignty or succession.""]","851acb012ccfa2a4bfa05ea83ec2694b3f773a7a6fee8703e87969c9225e6997",""
"entity-dominion-of-newfoundland@1938/currency","entity-dominion-of-newfoundland@1938","newfoundland-commission-framework","Newfoundland — Commission of Government","1938","currency","MISSING","A","partially-supported","dependent-administration","false","[]","[]","[]","[]","{""map_identity_id"":""entity-dominion-of-newfoundland"",""aliases"":[],""historical_names"":[{""value"":""Newfoundland — Commission of Government"",""kind"":""primary"",""validFrom"":""1934-02-16"",""validUntil"":""1949-03-31""}],""identifiers"":{}}","[""Snapshot context is not observation date or boundary date."",""Map geometry does not establish sovereignty or succession.""]","851acb012ccfa2a4bfa05ea83ec2694b3f773a7a6fee8703e87969c9225e6997",""
"entity-quebec@1800/currency","entity-quebec@1800","","Quebec","1800","currency","MISSING","A","held-ambiguous","dependent-administration","true","[]","[]","[]","[]","{""map_identity_id"":""entity-quebec"",""aliases"":[],""historical_names"":[],""identifiers"":{}}","[""Snapshot context is not observation date or boundary date."",""Map geometry does not establish sovereignty or succession."",""Resolve historical identity before proposing entity-specific facts.""]","851acb012ccfa2a4bfa05ea83ec2694b3f773a7a6fee8703e87969c9225e6997",""
"entity-rupert-s-land@1800/currency","entity-rupert-s-land@1800","ruperts-land-chartered-framework","Rupert’s Land — Hudson’s Bay Company charter framework","1800","currency","MISSING","A","partially-supported","dependent-administration","false","[]","[]","[]","[]","{""map_identity_id"":""entity-rupert-s-land"",""aliases"":[],""historical_names"":[{""value"":""Rupert’s Land — Hudson’s Bay Company charter framework"",""kind"":""primary"",""validFrom"":""1800-01-01"",""validUntil"":""1801-01-01""}],""identifiers"":{}}","[""Snapshot context is not observation date or boundary date."",""Map geometry does not establish sovereignty or succession.""]","851acb012ccfa2a4bfa05ea83ec2694b3f773a7a6fee8703e87969c9225e6997",""
"entity-china@1945/currency","entity-china@1945","china-republic-nationalist-framework","Republic of China — Nationalist government","1945","currency","MISSING","A","partially-supported","political-polity","false","[]","[]","[]","[]","{""map_identity_id"":""entity-china"",""aliases"":[],""historical_names"":[{""value"":""Republic of China — Nationalist government"",""kind"":""primary"",""validFrom"":""1945-01-01"",""validUntil"":""1961-01-01""}],""identifiers"":{}}","[""Snapshot context is not observation date or boundary date."",""Map geometry does not establish sovereignty or succession.""]","851acb012ccfa2a4bfa05ea83ec2694b3f773a7a6fee8703e87969c9225e6997",""
"entity-chinese-warlords@1920/currency","entity-chinese-warlords@1920","chinese-composite-map-region-1920","China — Peking government and regional military authorities","1920","currency","MISSING","A","partially-supported","composite-political-region","false","[]","[]","[]","[]","{""map_identity_id"":""entity-chinese-warlords"",""aliases"":[],""historical_names"":[{""value"":""China — Peking government and regional military authorities"",""kind"":""primary"",""validFrom"":""1920-01-01"",""validUntil"":""1921-01-01""}],""identifiers"":{}}","[""Snapshot context is not observation date or boundary date."",""Map geometry does not establish sovereignty or succession.""]","851acb012ccfa2a4bfa05ea83ec2694b3f773a7a6fee8703e87969c9225e6997",""
"entity-chinese-warlords@1930/currency","entity-chinese-warlords@1930","chinese-composite-map-region-1930","China — Nationalist government and regional military authorities","1930","currency","MISSING","A","partially-supported","composite-political-region","false","[]","[]","[]","[]","{""map_identity_id"":""entity-chinese-warlords"",""aliases"":[],""historical_names"":[{""value"":""China — Nationalist government and regional military authorities"",""kind"":""primary"",""validFrom"":""1930-01-01"",""validUntil"":""1931-01-01""}],""identifiers"":{}}","[""Snapshot context is not observation date or boundary date."",""Map geometry does not establish sovereignty or succession.""]","851acb012ccfa2a4bfa05ea83ec2694b3f773a7a6fee8703e87969c9225e6997",""
"entity-chinese-warlords@1938/currency","entity-chinese-warlords@1938","chinese-composite-map-region-1938","China — schematic map region","1938","currency","MISSING","A","completely-empty","composite-political-region","false","[]","[]","[]","[]","{""map_identity_id"":""entity-chinese-warlords"",""aliases"":[],""historical_names"":[{""value"":""China — schematic map region"",""kind"":""primary"",""validFrom"":""1938-01-01"",""validUntil"":""1939-01-01""}],""identifiers"":{}}","[""Snapshot context is not observation date or boundary date."",""Map geometry does not establish sovereignty or succession.""]","851acb012ccfa2a4bfa05ea83ec2694b3f773a7a6fee8703e87969c9225e6997",""
"entity-manchu-empire@1815/currency","entity-manchu-empire@1815","qing-imperial-framework","Qing Empire","1815","currency","MISSING","A","core-supported","political-polity","false","[]","[]","[]","[]","{""map_identity_id"":""entity-manchu-empire"",""aliases"":[],""historical_names"":[{""value"":""Qing Empire"",""kind"":""primary"",""validFrom"":""1800-01-01"",""validUntil"":""1912-02-12""}],""identifiers"":{}}","[""Snapshot context is not observation date or boundary date."",""Map geometry does not establish sovereignty or succession.""]","851acb012ccfa2a4bfa05ea83ec2694b3f773a7a6fee8703e87969c9225e6997",""
"entity-manchu-empire@1878/currency","entity-manchu-empire@1878","qing-imperial-framework","Qing Empire","1878","currency","MISSING","A","core-supported","political-polity","false","[]","[]","[]","[]","{""map_identity_id"":""entity-manchu-empire"",""aliases"":[],""historical_names"":[{""value"":""Qing Empire"",""kind"":""primary"",""validFrom"":""1800-01-01"",""validUntil"":""1912-02-12""}],""identifiers"":{}}","[""Snapshot context is not observation date or boundary date."",""Map geometry does not establish sovereignty or succession.""]","851acb012ccfa2a4bfa05ea83ec2694b3f773a7a6fee8703e87969c9225e6997",""
"entity-manchu-empire@1880/currency","entity-manchu-empire@1880","qing-imperial-framework","Qing Empire","1880","currency","MISSING","A","core-supported","political-polity","false","[]","[]","[]","[]","{""map_identity_id"":""entity-manchu-empire"",""aliases"":[],""historical_names"":[{""value"":""Qing Empire"",""kind"":""primary"",""validFrom"":""1800-01-01"",""validUntil"":""1912-02-12""}],""identifiers"":{}}","[""Snapshot context is not observation date or boundary date."",""Map geometry does not establish sovereignty or succession.""]","851acb012ccfa2a4bfa05ea83ec2694b3f773a7a6fee8703e87969c9225e6997",""
"entity-manchu-empire@1900/currency","entity-manchu-empire@1900","qing-imperial-framework","Qing Empire","1900","currency","MISSING","A","core-supported","political-polity","false","[]","[]","[]","[]","{""map_identity_id"":""entity-manchu-empire"",""aliases"":[],""historical_names"":[{""value"":""Qing Empire"",""kind"":""primary"",""validFrom"":""1800-01-01"",""validUntil"":""1912-02-12""}],""identifiers"":{}}","[""Snapshot context is not observation date or boundary date."",""Map geometry does not establish sovereignty or succession.""]","851acb012ccfa2a4bfa05ea83ec2694b3f773a7a6fee8703e87969c9225e6997",""
"entity-manchu-empire@1914/currency","entity-manchu-empire@1914","chinese-republic-map-region-1914","Republic of China — schematic map region","1914","currency","MISSING","A","partially-supported","composite-political-region","false","[]","[]","[]","[]","{""map_identity_id"":""entity-manchu-empire"",""aliases"":[],""historical_names"":[{""value"":""Republic of China — schematic map region"",""kind"":""primary"",""validFrom"":""1914-01-01"",""validUntil"":""1915-01-01""}],""identifiers"":{}}","[""Snapshot context is not observation date or boundary date."",""Map geometry does not establish sovereignty or succession.""]","851acb012ccfa2a4bfa05ea83ec2694b3f773a7a6fee8703e87969c9225e6997",""
"entity-qing-empire@1800/currency","entity-qing-empire@1800","qing-imperial-framework","Qing Empire","1800","currency","MISSING","A","core-supported","political-polity","false","[]","[]","[]","[]","{""map_identity_id"":""entity-qing-empire"",""aliases"":[],""historical_names"":[{""value"":""Qing Empire"",""kind"":""primary"",""validFrom"":""1800-01-01"",""validUntil"":""1912-02-12""}],""identifiers"":{}}","[""Snapshot context is not observation date or boundary date."",""Map geometry does not establish sovereignty or succession.""]","851acb012ccfa2a4bfa05ea83ec2694b3f773a7a6fee8703e87969c9225e6997",""
"entity-taiwan@1878/currency","entity-taiwan@1878","taiwan-qing-administration","Taiwan under Qing administration","1878","currency","MISSING","A","partially-supported","dependent-administration","false","[]","[]","[]","[]","{""map_identity_id"":""entity-taiwan"",""aliases"":[],""historical_names"":[{""value"":""Taiwan under Qing administration"",""kind"":""primary"",""validFrom"":""1800-01-01"",""validUntil"":""1895""}],""identifiers"":{}}","[""Snapshot context is not observation date or boundary date."",""Map geometry does not establish sovereignty or succession.""]","851acb012ccfa2a4bfa05ea83ec2694b3f773a7a6fee8703e87969c9225e6997",""
"entity-taiwan@1880/currency","entity-taiwan@1880","taiwan-qing-administration","Taiwan under Qing administration","1880","currency","MISSING","A","partially-supported","dependent-administration","false","[]","[]","[]","[]","{""map_identity_id"":""entity-taiwan"",""aliases"":[],""historical_names"":[{""value"":""Taiwan under Qing administration"",""kind"":""primary"",""validFrom"":""1800-01-01"",""validUntil"":""1895""}],""identifiers"":{}}","[""Snapshot context is not observation date or boundary date."",""Map geometry does not establish sovereignty or succession.""]","851acb012ccfa2a4bfa05ea83ec2694b3f773a7a6fee8703e87969c9225e6997",""
"entity-taiwan@1945/currency","entity-taiwan@1945","","Taiwan","1945","currency","MISSING","A","held-ambiguous","dependent-administration","true","[]","[]","[]","[]","{""map_identity_id"":""entity-taiwan"",""aliases"":[],""historical_names"":[],""identifiers"":{}}","[""Snapshot context is not observation date or boundary date."",""Map geometry does not establish sovereignty or succession."",""Resolve historical identity before proposing entity-specific facts.""]","851acb012ccfa2a4bfa05ea83ec2694b3f773a7a6fee8703e87969c9225e6997",""
"entity-italy@1945/currency","entity-italy@1945","italy-postwar-monarchical-framework","Italy — postwar monarchical framework","1945","currency","MISSING","A","partially-supported","political-polity","false","[]","[]","[]","[]","{""map_identity_id"":""entity-italy"",""aliases"":[],""historical_names"":[{""value"":""Italy — postwar monarchical framework"",""kind"":""primary"",""validFrom"":""1945-06-01"",""validUntil"":""1946-06""}],""identifiers"":{}}","[""Snapshot context is not observation date or boundary date."",""Map geometry does not establish sovereignty or succession.""]","851acb012ccfa2a4bfa05ea83ec2694b3f773a7a6fee8703e87969c9225e6997",""
"entity-kingdom-of-sardinia@1800/currency","entity-kingdom-of-sardinia@1800","","Kingdom of Sardinia","1800","currency","MISSING","A","completely-empty","political-polity","true","[]","[]","[]","[]","{""map_identity_id"":""entity-kingdom-of-sardinia"",""aliases"":[],""historical_names"":[],""identifiers"":{}}","[""Snapshot context is not observation date or boundary date."",""Map geometry does not establish sovereignty or succession."",""Resolve historical identity before proposing entity-specific facts.""]","851acb012ccfa2a4bfa05ea83ec2694b3f773a7a6fee8703e87969c9225e6997",""
"entity-kingdom-of-sardinia@1815/currency","entity-kingdom-of-sardinia@1815","sardinia-restored-monarchy","Kingdom of Sardinia — restored monarchy","1815","currency","MISSING","A","core-supported","political-polity","false","[]","[]","[]","[]","{""map_identity_id"":""entity-kingdom-of-sardinia"",""aliases"":[],""historical_names"":[{""value"":""Kingdom of Sardinia — restored monarchy"",""kind"":""primary"",""validFrom"":""1815-01-01"",""validUntil"":""1821-03-13""}],""identifiers"":{}}","[""Snapshot context is not observation date or boundary date."",""Map geometry does not establish sovereignty or succession.""]","851acb012ccfa2a4bfa05ea83ec2694b3f773a7a6fee8703e87969c9225e6997",""
"entity-kingdom-of-the-two-sicilies@1800/currency","entity-kingdom-of-the-two-sicilies@1800","","Kingdom of the Two Sicilies","1800","currency","MISSING","A","held-ambiguous","political-polity","true","[]","[]","[]","[]","{""map_identity_id"":""entity-kingdom-of-the-two-sicilies"",""aliases"":[],""historical_names"":[],""identifiers"":{}}","[""Snapshot context is not observation date or boundary date."",""Map geometry does not establish sovereignty or succession."",""Resolve historical identity before proposing entity-specific facts.""]","851acb012ccfa2a4bfa05ea83ec2694b3f773a7a6fee8703e87969c9225e6997",""
"entity-kingdom-of-the-two-sicilies@1815/currency","entity-kingdom-of-the-two-sicilies@1815","","Kingdom of the Two Sicilies","1815","currency","MISSING","A","held-ambiguous","political-polity","true","[]","[]","[]","[]","{""map_identity_id"":""entity-kingdom-of-the-two-sicilies"",""aliases"":[],""historical_names"":[],""identifiers"":{}}","[""Snapshot context is not observation date or boundary date."",""Map geometry does not establish sovereignty or succession."",""Resolve historical identity before proposing entity-specific facts.""]","851acb012ccfa2a4bfa05ea83ec2694b3f773a7a6fee8703e87969c9225e6997",""
"entity-papal-states@1800/currency","entity-papal-states@1800","","Papal States","1800","currency","MISSING","A","completely-empty","political-polity","true","[]","[]","[]","[]","{""map_identity_id"":""entity-papal-states"",""aliases"":[],""historical_names"":[],""identifiers"":{}}","[""Snapshot context is not observation date or boundary date."",""Map geometry does not establish sovereignty or succession."",""Resolve historical identity before proposing entity-specific facts.""]","851acb012ccfa2a4bfa05ea83ec2694b3f773a7a6fee8703e87969c9225e6997",""
"entity-papal-states@1815/currency","entity-papal-states@1815","papal-restored-territorial-framework","Papal States — restored territorial government","1815","currency","MISSING","A","partially-supported","political-polity","false","[]","[]","[]","[]","{""map_identity_id"":""entity-papal-states"",""aliases"":[],""historical_names"":[{""value"":""Papal States — restored territorial government"",""kind"":""primary"",""validFrom"":""1815-01-01"",""validUntil"":""1818-01-01""}],""identifiers"":{}}","[""Snapshot context is not observation date or boundary date."",""Map geometry does not establish sovereignty or succession.""]","851acb012ccfa2a4bfa05ea83ec2694b3f773a7a6fee8703e87969c9225e6997",""
"entity-dutch-east-indies@1800/currency","entity-dutch-east-indies@1800","","Dutch East Indies","1800","currency","MISSING","A","completely-empty","dependent-administration","true","[]","[]","[]","[]","{""map_identity_id"":""entity-dutch-east-indies"",""aliases"":[],""historical_names"":[],""identifiers"":{}}","[""Snapshot context is not observation date or boundary date."",""Map geometry does not establish sovereignty or succession."",""Resolve historical identity before proposing entity-specific facts.""]","851acb012ccfa2a4bfa05ea83ec2694b3f773a7a6fee8703e87969c9225e6997",""
"entity-dutch-east-indies@1815/currency","entity-dutch-east-indies@1815","","Dutch East Indies","1815","currency","MISSING","A","completely-empty","dependent-administration","true","[]","[]","[]","[]","{""map_identity_id"":""entity-dutch-east-indies"",""aliases"":[],""historical_names"":[],""identifiers"":{}}","[""Snapshot context is not observation date or boundary date."",""Map geometry does not establish sovereignty or succession."",""Resolve historical identity before proposing entity-specific facts.""]","851acb012ccfa2a4bfa05ea83ec2694b3f773a7a6fee8703e87969c9225e6997",""
"entity-dutch-east-indies@1920/currency","entity-dutch-east-indies@1920","b13-indies-early-volksraad","Netherlands Indies — early Volksraad framework","1920","currency","MISSING","A","partially-supported","dependent-administration","false","[]","[]","[]","[]","{""map_identity_id"":""entity-dutch-east-indies"",""aliases"":[],""historical_names"":[{""value"":""Netherlands Indies — early Volksraad framework"",""kind"":""primary"",""validFrom"":""1919-01-01"",""validUntil"":""1925-01-01""}],""identifiers"":{}}","[""Snapshot context is not observation date or boundary date."",""Map geometry does not establish sovereignty or succession.""]","851acb012ccfa2a4bfa05ea83ec2694b3f773a7a6fee8703e87969c9225e6997",""
"entity-dutch-east-indies@1930/currency","entity-dutch-east-indies@1930","b13-indies-staatsregeling","Netherlands Indies — Staatsregeling framework","1930","currency","MISSING","A","partially-supported","dependent-administration","false","[]","[]","[]","[]","{""map_identity_id"":""entity-dutch-east-indies"",""aliases"":[],""historical_names"":[{""value"":""Netherlands Indies — Staatsregeling framework"",""kind"":""primary"",""validFrom"":""1927-01-01"",""validUntil"":""1942-01-01""}],""identifiers"":{}}","[""Snapshot context is not observation date or boundary date."",""Map geometry does not establish sovereignty or succession.""]","851acb012ccfa2a4bfa05ea83ec2694b3f773a7a6fee8703e87969c9225e6997",""
"entity-dutch-east-indies@1938/currency","entity-dutch-east-indies@1938","b13-indies-staatsregeling","Netherlands Indies — Staatsregeling framework","1938","currency","MISSING","A","partially-supported","dependent-administration","false","[]","[]","[]","[]","{""map_identity_id"":""entity-dutch-east-indies"",""aliases"":[],""historical_names"":[{""value"":""Netherlands Indies — Staatsregeling framework"",""kind"":""primary"",""validFrom"":""1927-01-01"",""validUntil"":""1942-01-01""}],""identifiers"":{}}","[""Snapshot context is not observation date or boundary date."",""Map geometry does not establish sovereignty or succession.""]","851acb012ccfa2a4bfa05ea83ec2694b3f773a7a6fee8703e87969c9225e6997",""
"entity-indonesia@1945/currency","entity-indonesia@1945","b13-indonesia-constitution-attestation","Republic of Indonesia — initial constitution attestation","1945","currency","MISSING","A","partially-supported","political-polity","false","[]","[]","[]","[]","{""map_identity_id"":""entity-indonesia"",""aliases"":[],""historical_names"":[{""value"":""Republic of Indonesia — initial constitution attestation"",""kind"":""primary"",""validFrom"":""1945-08-18"",""validUntil"":""1945-08-19""}],""identifiers"":{}}","[""Snapshot context is not observation date or boundary date."",""Map geometry does not establish sovereignty or succession.""]","851acb012ccfa2a4bfa05ea83ec2694b3f773a7a6fee8703e87969c9225e6997",""
"entity-indonesia@1960/currency","entity-indonesia@1960","b13-indonesia-guided","Republic of Indonesia — Guided Democracy","1960","currency","MISSING","A","core-supported","political-polity","false","[]","[]","[]","[]","{""map_identity_id"":""entity-indonesia"",""aliases"":[],""historical_names"":[{""value"":""Republic of Indonesia — Guided Democracy"",""kind"":""primary"",""validFrom"":""1959-07-10"",""validUntil"":""1961-01-01""}],""identifiers"":{}}","[""Snapshot context is not observation date or boundary date."",""Map geometry does not establish sovereignty or succession.""]","851acb012ccfa2a4bfa05ea83ec2694b3f773a7a6fee8703e87969c9225e6997",""
"entity-netherlands-indies@1878/currency","entity-netherlands-indies@1878","b13-indies-1854-regulation","Netherlands Indies — government regulation framework","1878","currency","MISSING","A","partially-supported","dependent-administration","false","[]","[]","[]","[]","{""map_identity_id"":""entity-netherlands-indies"",""aliases"":[],""historical_names"":[{""value"":""Netherlands Indies — government regulation framework"",""kind"":""primary"",""validFrom"":""1856-01-01"",""validUntil"":""1918-01-01""}],""identifiers"":{}}","[""Snapshot context is not observation date or boundary date."",""Map geometry does not establish sovereignty or succession.""]","851acb012ccfa2a4bfa05ea83ec2694b3f773a7a6fee8703e87969c9225e6997",""
"entity-netherlands-indies@1880/currency","entity-netherlands-indies@1880","b13-indies-1854-regulation","Netherlands Indies — government regulation framework","1880","currency","MISSING","A","partially-supported","dependent-administration","false","[]","[]","[]","[]","{""map_identity_id"":""entity-netherlands-indies"",""aliases"":[],""historical_names"":[{""value"":""Netherlands Indies — government regulation framework"",""kind"":""primary"",""validFrom"":""1856-01-01"",""validUntil"":""1918-01-01""}],""identifiers"":{}}","[""Snapshot context is not observation date or boundary date."",""Map geometry does not establish sovereignty or succession.""]","851acb012ccfa2a4bfa05ea83ec2694b3f773a7a6fee8703e87969c9225e6997",""
"entity-netherlands-indies@1900/currency","entity-netherlands-indies@1900","b13-indies-1854-regulation","Netherlands Indies — government regulation framework","1900","currency","MISSING","A","partially-supported","dependent-administration","false","[]","[]","[]","[]","{""map_identity_id"":""entity-netherlands-indies"",""aliases"":[],""historical_names"":[{""value"":""Netherlands Indies — government regulation framework"",""kind"":""primary"",""validFrom"":""1856-01-01"",""validUntil"":""1918-01-01""}],""identifiers"":{}}","[""Snapshot context is not observation date or boundary date."",""Map geometry does not establish sovereignty or succession.""]","851acb012ccfa2a4bfa05ea83ec2694b3f773a7a6fee8703e87969c9225e6997",""
"entity-netherlands-indies@1914/currency","entity-netherlands-indies@1914","b13-indies-1854-regulation","Netherlands Indies — government regulation framework","1914","currency","MISSING","A","partially-supported","dependent-administration","false","[]","[]","[]","[]","{""map_identity_id"":""entity-netherlands-indies"",""aliases"":[],""historical_names"":[{""value"":""Netherlands Indies — government regulation framework"",""kind"":""primary"",""validFrom"":""1856-01-01"",""validUntil"":""1918-01-01""}],""identifiers"":{}}","[""Snapshot context is not observation date or boundary date."",""Map geometry does not establish sovereignty or succession.""]","851acb012ccfa2a4bfa05ea83ec2694b3f773a7a6fee8703e87969c9225e6997",""
"entity-austria@1945/currency","entity-austria@1945","austria-second-republic-framework","Austria — Second Republic","1945","currency","PARTIAL","A","partially-supported","political-polity","false","[""Austrian schilling""]","[]","[{""id"":""austria-second-republic-framework-five01-monetary"",""description"":""Entity-associated monetary denomination. No assertion of uniform territorial circulation, exclusive local practice, purchasing power, or polygon sovereignty."",""relationship"":""same""}]","[]","{""map_identity_id"":""entity-austria"",""aliases"":[],""historical_names"":[{""value"":""Austria — Second Republic"",""kind"":""primary"",""validFrom"":""1945-04-27"",""validUntil"":""1961-01-01""}],""identifiers"":{}}","[""Snapshot context is not observation date or boundary date."",""Map geometry does not establish sovereignty or succession."",""Only the final11days of1945. EarlierReichsmark andAlliedmilitaryschilling circulation remains unresolved."",""Claim bounds delimit this reviewed research subset, not a historical introduction or abolition date. The original cited applicability interval and its precision remain in evidence."",""Existing applicability intervals: [{\""kind\"":\""interval\"",\""from\"":\""1945-12-21\"",\""until\"":\""1946-01-01\"",\""certainty\"":\""exact\""}]""]","851acb012ccfa2a4bfa05ea83ec2694b3f773a7a6fee8703e87969c9225e6997",""
"entity-austrian-empire@1800/currency","entity-austrian-empire@1800","","Austrian Empire","1800","currency","MISSING","A","completely-empty","political-polity","true","[]","[]","[]","[]","{""map_identity_id"":""entity-austrian-empire"",""aliases"":[],""historical_names"":[],""identifiers"":{}}","[""Snapshot context is not observation date or boundary date."",""Map geometry does not establish sovereignty or succession."",""Resolve historical identity before proposing entity-specific facts.""]","851acb012ccfa2a4bfa05ea83ec2694b3f773a7a6fee8703e87969c9225e6997",""
"entity-austrian-netherlands@1800/currency","entity-austrian-netherlands@1800","","Austrian Netherlands","1800","currency","MISSING","A","held-ambiguous","dependent-administration","true","[]","[]","[]","[]","{""map_identity_id"":""entity-austrian-netherlands"",""aliases"":[],""historical_names"":[],""identifiers"":{}}","[""Snapshot context is not observation date or boundary date."",""Map geometry does not establish sovereignty or succession."",""Resolve historical identity before proposing entity-specific facts.""]","851acb012ccfa2a4bfa05ea83ec2694b3f773a7a6fee8703e87969c9225e6997",""
"entity-hungary@1920/currency","entity-hungary@1920","hungary-horthy-framework","Hungary — Horthy regency framework","1920","currency","MISSING","A","partially-supported","political-polity","false","[]","[]","[]","[]","{""map_identity_id"":""entity-hungary"",""aliases"":[],""historical_names"":[{""value"":""Hungary — Horthy regency framework"",""kind"":""primary"",""validFrom"":""1920"",""validUntil"":""1944-03-19""}],""identifiers"":{}}","[""Snapshot context is not observation date or boundary date."",""Map geometry does not establish sovereignty or succession.""]","851acb012ccfa2a4bfa05ea83ec2694b3f773a7a6fee8703e87969c9225e6997",""
"entity-hungary@1945/currency","entity-hungary@1945","","Hungary","1945","currency","MISSING","A","completely-empty","political-polity","true","[]","[]","[]","[]","{""map_identity_id"":""entity-hungary"",""aliases"":[],""historical_names"":[],""identifiers"":{}}","[""Snapshot context is not observation date or boundary date."",""Map geometry does not establish sovereignty or succession."",""Resolve historical identity before proposing entity-specific facts.""]","851acb012ccfa2a4bfa05ea83ec2694b3f773a7a6fee8703e87969c9225e6997",""
"entity-east-germany@1960/currency","entity-east-germany@1960","germany-democratic-1949-framework","German Democratic Republic","1960","currency","MISSING","A","core-supported","political-polity","false","[]","[]","[]","[]","{""map_identity_id"":""entity-east-germany"",""aliases"":[],""historical_names"":[{""value"":""German Democratic Republic"",""kind"":""primary"",""validFrom"":""1949-10-07"",""validUntil"":""1961-01-01""}],""identifiers"":{}}","[""Snapshot context is not observation date or boundary date."",""Map geometry does not establish sovereignty or succession.""]","851acb012ccfa2a4bfa05ea83ec2694b3f773a7a6fee8703e87969c9225e6997",""
"entity-germany-france@1945/currency","entity-germany-france@1945","germany-france-occupation","Germany — French occupation zone","1945","currency","MISSING","A","partially-supported","dependent-administration","false","[]","[]","[]","[]","{""map_identity_id"":""entity-germany-france"",""aliases"":[],""historical_names"":[{""value"":""Germany — French occupation zone"",""kind"":""primary"",""validFrom"":""1945-08-02"",""validUntil"":""1949-01-01""}],""identifiers"":{}}","[""Snapshot context is not observation date or boundary date."",""Map geometry does not establish sovereignty or succession.""]","851acb012ccfa2a4bfa05ea83ec2694b3f773a7a6fee8703e87969c9225e6997",""
"entity-germany-soviet@1945/currency","entity-germany-soviet@1945","germany-soviet-occupation","Germany — Soviet occupation zone","1945","currency","MISSING","A","partially-supported","dependent-administration","false","[]","[]","[]","[]","{""map_identity_id"":""entity-germany-soviet"",""aliases"":[],""historical_names"":[{""value"":""Germany — Soviet occupation zone"",""kind"":""primary"",""validFrom"":""1945-08-02"",""validUntil"":""1949-01-01""}],""identifiers"":{}}","[""Snapshot context is not observation date or boundary date."",""Map geometry does not establish sovereignty or succession.""]","851acb012ccfa2a4bfa05ea83ec2694b3f773a7a6fee8703e87969c9225e6997",""
"entity-germany-uk@1945/currency","entity-germany-uk@1945","germany-british-occupation","Germany — British occupation zone","1945","currency","MISSING","A","partially-supported","dependent-administration","false","[]","[]","[]","[]","{""map_identity_id"":""entity-germany-uk"",""aliases"":[],""historical_names"":[{""value"":""Germany — British occupation zone"",""kind"":""primary"",""validFrom"":""1945-08-02"",""validUntil"":""1949-01-01""}],""identifiers"":{}}","[""Snapshot context is not observation date or boundary date."",""Map geometry does not establish sovereignty or succession.""]","851acb012ccfa2a4bfa05ea83ec2694b3f773a7a6fee8703e87969c9225e6997",""
"entity-germany-usa@1945/currency","entity-germany-usa@1945","germany-american-occupation","Germany — American occupation zone","1945","currency","MISSING","A","partially-supported","dependent-administration","false","[]","[]","[]","[]","{""map_identity_id"":""entity-germany-usa"",""aliases"":[],""historical_names"":[{""value"":""Germany — American occupation zone"",""kind"":""primary"",""validFrom"":""1945-08-02"",""validUntil"":""1949-01-01""}],""identifiers"":{}}","[""Snapshot context is not observation date or boundary date."",""Map geometry does not establish sovereignty or succession.""]","851acb012ccfa2a4bfa05ea83ec2694b3f773a7a6fee8703e87969c9225e6997",""
"entity-prussia@1800/currency","entity-prussia@1800","prussia-monarchy-early-framework","Prussia — early nineteenth-century monarchy","1800","currency","MISSING","A","core-supported","political-polity","false","[]","[]","[]","[]","{""map_identity_id"":""entity-prussia"",""aliases"":[],""historical_names"":[{""value"":""Prussia — early nineteenth-century monarchy"",""kind"":""primary"",""validFrom"":""1800-01-01"",""validUntil"":""1816-01-01""}],""identifiers"":{}}","[""Snapshot context is not observation date or boundary date."",""Map geometry does not establish sovereignty or succession.""]","851acb012ccfa2a4bfa05ea83ec2694b3f773a7a6fee8703e87969c9225e6997",""
"entity-prussia@1815/currency","entity-prussia@1815","prussia-monarchy-early-framework","Prussia — early nineteenth-century monarchy","1815","currency","MISSING","A","partially-supported","political-polity","false","[]","[]","[]","[]","{""map_identity_id"":""entity-prussia"",""aliases"":[],""historical_names"":[{""value"":""Prussia — early nineteenth-century monarchy"",""kind"":""primary"",""validFrom"":""1800-01-01"",""validUntil"":""1816-01-01""}],""identifiers"":{}}","[""Snapshot context is not observation date or boundary date."",""Map geometry does not establish sovereignty or succession.""]","851acb012ccfa2a4bfa05ea83ec2694b3f773a7a6fee8703e87969c9225e6997",""
"entity-saar-protectorate@1945/currency","entity-saar-protectorate@1945","saar-french-occupation-1945","Saar — French military occupation","1945","currency","MISSING","A","partially-supported","dependent-administration","false","[]","[]","[]","[]","{""map_identity_id"":""entity-saar-protectorate"",""aliases"":[],""historical_names"":[{""value"":""Saar — French military occupation"",""kind"":""primary"",""validFrom"":""1945-07-10"",""validUntil"":""1946-01-01""}],""identifiers"":{}}","[""Snapshot context is not observation date or boundary date."",""Map geometry does not establish sovereignty or succession.""]","851acb012ccfa2a4bfa05ea83ec2694b3f773a7a6fee8703e87969c9225e6997",""
"entity-ai-viet@1800/currency","entity-ai-viet@1800","","Đại Việt","1800","currency","MISSING","A","held-ambiguous","political-polity","true","[]","[]","[]","[]","{""map_identity_id"":""entity-ai-viet"",""aliases"":[],""historical_names"":[],""identifiers"":{}}","[""Snapshot context is not observation date or boundary date."",""Map geometry does not establish sovereignty or succession."",""Resolve historical identity before proposing entity-specific facts.""]","851acb012ccfa2a4bfa05ea83ec2694b3f773a7a6fee8703e87969c9225e6997",""
"entity-french-indochina@1878/currency","entity-french-indochina@1878","","French Indochina","1878","currency","MISSING","A","held-ambiguous","dependent-administration","true","[]","[]","[]","[]","{""map_identity_id"":""entity-french-indochina"",""aliases"":[],""historical_names"":[],""identifiers"":{}}","[""Snapshot context is not observation date or boundary date."",""Map geometry does not establish sovereignty or succession."",""Resolve historical identity before proposing entity-specific facts.""]","851acb012ccfa2a4bfa05ea83ec2694b3f773a7a6fee8703e87969c9225e6997",""
"entity-french-indochina@1880/currency","entity-french-indochina@1880","","French Indochina","1880","currency","MISSING","A","held-ambiguous","dependent-administration","true","[]","[]","[]","[]","{""map_identity_id"":""entity-french-indochina"",""aliases"":[],""historical_names"":[],""identifiers"":{}}","[""Snapshot context is not observation date or boundary date."",""Map geometry does not establish sovereignty or succession."",""Resolve historical identity before proposing entity-specific facts.""]","851acb012ccfa2a4bfa05ea83ec2694b3f773a7a6fee8703e87969c9225e6997",""
"entity-french-indochina@1900/currency","entity-french-indochina@1900","b13-indochina-union","French Indochina — colonial Union","1900","currency","MISSING","A","partially-supported","dependent-administration","false","[]","[]","[]","[]","{""map_identity_id"":""entity-french-indochina"",""aliases"":[],""historical_names"":[{""value"":""French Indochina — colonial Union"",""kind"":""primary"",""validFrom"":""1900-01-01"",""validUntil"":""1940-01-01""}],""identifiers"":{}}","[""Snapshot context is not observation date or boundary date."",""Map geometry does not establish sovereignty or succession.""]","851acb012ccfa2a4bfa05ea83ec2694b3f773a7a6fee8703e87969c9225e6997",""
"entity-french-indochina@1914/currency","entity-french-indochina@1914","b13-indochina-union","French Indochina — colonial Union","1914","currency","MISSING","A","partially-supported","dependent-administration","false","[]","[]","[]","[]","{""map_identity_id"":""entity-french-indochina"",""aliases"":[],""historical_names"":[{""value"":""French Indochina — colonial Union"",""kind"":""primary"",""validFrom"":""1900-01-01"",""validUntil"":""1940-01-01""}],""identifiers"":{}}","[""Snapshot context is not observation date or boundary date."",""Map geometry does not establish sovereignty or succession.""]","851acb012ccfa2a4bfa05ea83ec2694b3f773a7a6fee8703e87969c9225e6997",""
"entity-tonkin@1945/currency","entity-tonkin@1945","","Tonkin","1945","currency","MISSING","A","completely-empty","dependent-administration","true","[]","[]","[]","[]","{""map_identity_id"":""entity-tonkin"",""aliases"":[],""historical_names"":[],""identifiers"":{}}","[""Snapshot context is not observation date or boundary date."",""Map geometry does not establish sovereignty or succession."",""Resolve historical identity before proposing entity-specific facts.""]","851acb012ccfa2a4bfa05ea83ec2694b3f773a7a6fee8703e87969c9225e6997",""
"entity-vietnam@1960/currency","entity-vietnam@1960","","Vietnam","1960","currency","MISSING","A","held-ambiguous","political-polity","true","[]","[]","[]","[]","{""map_identity_id"":""entity-vietnam"",""aliases"":[],""historical_names"":[],""identifiers"":{}}","[""Snapshot context is not observation date or boundary date."",""Map geometry does not establish sovereignty or succession."",""Resolve historical identity before proposing entity-specific facts.""]","851acb012ccfa2a4bfa05ea83ec2694b3f773a7a6fee8703e87969c9225e6997",""
"entity-afghanistan@1800/currency","entity-afghanistan@1800","","Afghanistan","1800","currency","MISSING","A","completely-empty","political-polity","true","[]","[]","[]","[]","{""map_identity_id"":""entity-afghanistan"",""aliases"":[],""historical_names"":[],""identifiers"":{}}","[""Snapshot context is not observation date or boundary date."",""Map geometry does not establish sovereignty or succession."",""Resolve historical identity before proposing entity-specific facts.""]","851acb012ccfa2a4bfa05ea83ec2694b3f773a7a6fee8703e87969c9225e6997",""
"entity-afghanistan@1815/currency","entity-afghanistan@1815","","Afghanistan","1815","currency","MISSING","A","completely-empty","political-polity","true","[]","[]","[]","[]","{""map_identity_id"":""entity-afghanistan"",""aliases"":[],""historical_names"":[],""identifiers"":{}}","[""Snapshot context is not observation date or boundary date."",""Map geometry does not establish sovereignty or succession."",""Resolve historical identity before proposing entity-specific facts.""]","851acb012ccfa2a4bfa05ea83ec2694b3f773a7a6fee8703e87969c9225e6997",""
"entity-afghanistan@1878/currency","entity-afghanistan@1878","","Afghanistan","1878","currency","MISSING","A","completely-empty","political-polity","true","[]","[]","[]","[]","{""map_identity_id"":""entity-afghanistan"",""aliases"":[],""historical_names"":[],""identifiers"":{}}","[""Snapshot context is not observation date or boundary date."",""Map geometry does not establish sovereignty or succession."",""Resolve historical identity before proposing entity-specific facts.""]","851acb012ccfa2a4bfa05ea83ec2694b3f773a7a6fee8703e87969c9225e6997",""
"entity-afghanistan@1880/currency","entity-afghanistan@1880","","Afghanistan","1880","currency","MISSING","A","completely-empty","political-polity","true","[]","[]","[]","[]","{""map_identity_id"":""entity-afghanistan"",""aliases"":[],""historical_names"":[],""identifiers"":{}}","[""Snapshot context is not observation date or boundary date."",""Map geometry does not establish sovereignty or succession."",""Resolve historical identity before proposing entity-specific facts.""]","851acb012ccfa2a4bfa05ea83ec2694b3f773a7a6fee8703e87969c9225e6997",""
"entity-afghanistan@1900/currency","entity-afghanistan@1900","afghan-abd-al-rahman-framework","Afghanistan — Abd al-Rahman’s centralized monarchy","1900","currency","PARTIAL","A","core-supported","political-polity","false","[""Afghan rupee""]","[]","[{""id"":""afghan-abd-al-rahman-framework-fc01-currency"",""relationship"":""same"",""description"":""Afghan nationalmonetarydenomination; differingKabuli/Kandahari rupeestandards andchangingcoinmetal/issuer remain distinct.""}]","[]","{""map_identity_id"":""entity-afghanistan"",""aliases"":[],""historical_names"":[{""value"":""Afghanistan — Abd al-Rahman’s centralized monarchy"",""kind"":""primary"",""validFrom"":""1881-01-01"",""validUntil"":""1901""}],""identifiers"":{}}","[""Snapshot context is not observation date or boundary date."",""Map geometry does not establish sovereignty or succession."",""Year-precision researchsubset withbroadsourceperiod retainedseparately; no invented historical establishmentday or whole-regioncurrencyproxy."",""Unitlabelonly; changingmetalcontent, purchasingvalue, issuer andregionalrupeeequivalence notflattened. Afghani1926year-sourcecommencementnotconvertedintoanexactday."",""Claim bounds delimit this reviewed research subset, not a historical introduction or abolition date. The original cited applicability interval and its precision remain in evidence."",""Existing applicability intervals: [{\""kind\"":\""interval\"",\""from\"":\""1900\"",\""until\"":\""1900\"",\""certainty\"":\""exact\""}]""]","851acb012ccfa2a4bfa05ea83ec2694b3f773a7a6fee8703e87969c9225e6997",""
"entity-afghanistan@1914/currency","entity-afghanistan@1914","afghan-habibullah-framework","Afghanistan — Habibullah’s monarchy","1914","currency","MISSING","A","core-supported","political-polity","false","[]","[]","[]","[]","{""map_identity_id"":""entity-afghanistan"",""aliases"":[],""historical_names"":[{""value"":""Afghanistan — Habibullah’s monarchy"",""kind"":""primary"",""validFrom"":""1902-01-01"",""validUntil"":""1919-02""}],""identifiers"":{}}","[""Snapshot context is not observation date or boundary date."",""Map geometry does not establish sovereignty or succession.""]","851acb012ccfa2a4bfa05ea83ec2694b3f773a7a6fee8703e87969c9225e6997",""
"entity-afghanistan@1920/currency","entity-afghanistan@1920","afghan-amanullah-independent-framework","Afghanistan — Amanullah’s independent government","1920","currency","MISSING","A","core-supported","political-polity","false","[]","[]","[]","[]","{""map_identity_id"":""entity-afghanistan"",""aliases"":[],""historical_names"":[{""value"":""Afghanistan — Amanullah’s independent government"",""kind"":""primary"",""validFrom"":""1920-01-01"",""validUntil"":""1921-01-01""}],""identifiers"":{}}","[""Snapshot context is not observation date or boundary date."",""Map geometry does not establish sovereignty or succession.""]","851acb012ccfa2a4bfa05ea83ec2694b3f773a7a6fee8703e87969c9225e6997",""
"entity-afghanistan@1930/currency","entity-afghanistan@1930","","Afghanistan","1930","currency","MISSING","A","completely-empty","political-polity","true","[]","[]","[]","[]","{""map_identity_id"":""entity-afghanistan"",""aliases"":[],""historical_names"":[],""identifiers"":{}}","[""Snapshot context is not observation date or boundary date."",""Map geometry does not establish sovereignty or succession."",""Resolve historical identity before proposing entity-specific facts.""]","851acb012ccfa2a4bfa05ea83ec2694b3f773a7a6fee8703e87969c9225e6997",""
"entity-mexico@1914/currency","entity-mexico@1914","","Mexico","1914","currency","MISSING","A","completely-empty","political-polity","true","[]","[]","[]","[]","{""map_identity_id"":""entity-mexico"",""aliases"":[],""historical_names"":[],""identifiers"":{}}","[""Snapshot context is not observation date or boundary date."",""Map geometry does not establish sovereignty or succession."",""Resolve historical identity before proposing entity-specific facts.""]","851acb012ccfa2a4bfa05ea83ec2694b3f773a7a6fee8703e87969c9225e6997",""
"entity-viceroyalty-of-new-spain@1800/currency","entity-viceroyalty-of-new-spain@1800","new-spain-pre-crisis-framework","New Spain — colonial viceroyal administration","1800","currency","MISSING","A","partially-supported","dependent-administration","false","[]","[]","[]","[]","{""map_identity_id"":""entity-viceroyalty-of-new-spain"",""aliases"":[],""historical_names"":[{""value"":""New Spain — colonial viceroyal administration"",""kind"":""primary"",""validFrom"":""1800-01-01"",""validUntil"":""1808-01-01""}],""identifiers"":{}}","[""Snapshot context is not observation date or boundary date."",""Map geometry does not establish sovereignty or succession.""]","851acb012ccfa2a4bfa05ea83ec2694b3f773a7a6fee8703e87969c9225e6997",""
"entity-viceroyalty-of-new-spain@1815/currency","entity-viceroyalty-of-new-spain@1815","new-spain-1815-royalist-framework","New Spain — contested royalist administration in 1815","1815","currency","MISSING","A","partially-supported","dependent-administration","false","[]","[]","[]","[]","{""map_identity_id"":""entity-viceroyalty-of-new-spain"",""aliases"":[],""historical_names"":[{""value"":""New Spain — contested royalist administration in 1815"",""kind"":""primary"",""validFrom"":""1815-01-01"",""validUntil"":""1816-01-01""}],""identifiers"":{}}","[""Snapshot context is not observation date or boundary date."",""Map geometry does not establish sovereignty or succession.""]","851acb012ccfa2a4bfa05ea83ec2694b3f773a7a6fee8703e87969c9225e6997",""
"entity-argentina@1878/currency","entity-argentina@1878","argentina-recovery-1878","Argentina","1878","currency","MISSING","A","partially-supported","political-polity","false","[]","[]","[]","[]","{""map_identity_id"":""entity-argentina"",""aliases"":[],""historical_names"":[{""value"":""Argentina"",""kind"":""primary"",""validFrom"":""1878-01-01"",""validUntil"":""1879-01-01""}],""identifiers"":{}}","[""Snapshot context is not observation date or boundary date."",""Map geometry does not establish sovereignty or succession.""]","851acb012ccfa2a4bfa05ea83ec2694b3f773a7a6fee8703e87969c9225e6997",""
"entity-argentina@1880/currency","entity-argentina@1880","argentina-recovery-1880","Argentina","1880","currency","MISSING","A","partially-supported","political-polity","false","[]","[]","[]","[]","{""map_identity_id"":""entity-argentina"",""aliases"":[],""historical_names"":[{""value"":""Argentina"",""kind"":""primary"",""validFrom"":""1880-01-01"",""validUntil"":""1881-01-01""}],""identifiers"":{}}","[""Snapshot context is not observation date or boundary date."",""Map geometry does not establish sovereignty or succession.""]","851acb012ccfa2a4bfa05ea83ec2694b3f773a7a6fee8703e87969c9225e6997",""
"entity-united-provinces-of-the-rio-de-la-plata@1815/currency","entity-united-provinces-of-the-rio-de-la-plata@1815","rio-de-la-plata-1815-provisional-framework","United Provinces of the Rio de la Plata — 1815 provisional framework","1815","currency","MISSING","A","partially-supported","political-polity","false","[]","[]","[]","[]","{""map_identity_id"":""entity-united-provinces-of-the-rio-de-la-plata"",""aliases"":[],""historical_names"":[{""value"":""United Provinces of the Rio de la Plata — 1815 provisional framework"",""kind"":""primary"",""validFrom"":""1815-05-05"",""validUntil"":""1816-01-01""}],""identifiers"":{}}","[""Snapshot context is not observation date or boundary date."",""Map geometry does not establish sovereignty or succession.""]","851acb012ccfa2a4bfa05ea83ec2694b3f773a7a6fee8703e87969c9225e6997",""
"entity-viceroyalty-of-the-rio-de-la-plata@1800/currency","entity-viceroyalty-of-the-rio-de-la-plata@1800","rio-de-la-plata-viceroyal-framework","Rio de la Plata — Spanish viceroyal government","1800","currency","MISSING","A","partially-supported","dependent-administration","false","[]","[]","[]","[]","{""map_identity_id"":""entity-viceroyalty-of-the-rio-de-la-plata"",""aliases"":[],""historical_names"":[{""value"":""Rio de la Plata — Spanish viceroyal government"",""kind"":""primary"",""validFrom"":""1800-01-01"",""validUntil"":""1806-01-01""}],""identifiers"":{}}","[""Snapshot context is not observation date or boundary date."",""Map geometry does not establish sovereignty or succession.""]","851acb012ccfa2a4bfa05ea83ec2694b3f773a7a6fee8703e87969c9225e6997",""
"entity-ethiopia@1800/currency","entity-ethiopia@1800","ethiopia-era-princes-core","Ethiopia — Era of Princes around 1800","1800","currency","MISSING","A","partially-supported","political-polity","false","[]","[]","[]","[]","{""map_identity_id"":""entity-ethiopia"",""aliases"":[],""historical_names"":[{""value"":""Ethiopia — Era of Princes around 1800"",""kind"":""primary"",""validFrom"":""1800-01-01"",""validUntil"":""1801-01-01""},{""value"":""Ethiopia — Era of Princes in 1815"",""kind"":""primary"",""validFrom"":""1815-01-01"",""validUntil"":""1816-01-01""}],""identifiers"":{}}","[""Snapshot context is not observation date or boundary date."",""Map geometry does not establish sovereignty or succession.""]","851acb012ccfa2a4bfa05ea83ec2694b3f773a7a6fee8703e87969c9225e6997",""
"entity-ethiopia@1815/currency","entity-ethiopia@1815","ethiopia-era-princes-core","Ethiopia — Era of Princes in 1815","1815","currency","MISSING","A","partially-supported","political-polity","false","[]","[]","[]","[]","{""map_identity_id"":""entity-ethiopia"",""aliases"":[],""historical_names"":[{""value"":""Ethiopia — Era of Princes around 1800"",""kind"":""primary"",""validFrom"":""1800-01-01"",""validUntil"":""1801-01-01""},{""value"":""Ethiopia — Era of Princes in 1815"",""kind"":""primary"",""validFrom"":""1815-01-01"",""validUntil"":""1816-01-01""}],""identifiers"":{}}","[""Snapshot context is not observation date or boundary date."",""Map geometry does not establish sovereignty or succession.""]","851acb012ccfa2a4bfa05ea83ec2694b3f773a7a6fee8703e87969c9225e6997",""
"entity-ethiopia@1878/currency","entity-ethiopia@1878","ethiopia-yohannis-1880-core","Ethiopia — Yohannis IV imperial framework","1878","currency","MISSING","A","partially-supported","political-polity","false","[]","[]","[]","[]","{""map_identity_id"":""entity-ethiopia"",""aliases"":[],""historical_names"":[{""value"":""Ethiopia — Yohannis IV imperial framework"",""kind"":""primary"",""validFrom"":""1878-01-01"",""validUntil"":""1881-01-01""}],""identifiers"":{}}","[""Snapshot context is not observation date or boundary date."",""Map geometry does not establish sovereignty or succession.""]","851acb012ccfa2a4bfa05ea83ec2694b3f773a7a6fee8703e87969c9225e6997",""
"entity-ethiopia@1880/currency","entity-ethiopia@1880","ethiopia-yohannis-1880-core","Ethiopia — Yohannis IV imperial framework","1880","currency","MISSING","A","partially-supported","political-polity","false","[]","[]","[]","[]","{""map_identity_id"":""entity-ethiopia"",""aliases"":[],""historical_names"":[{""value"":""Ethiopia — Yohannis IV imperial framework"",""kind"":""primary"",""validFrom"":""1878-01-01"",""validUntil"":""1881-01-01""}],""identifiers"":{}}","[""Snapshot context is not observation date or boundary date."",""Map geometry does not establish sovereignty or succession.""]","851acb012ccfa2a4bfa05ea83ec2694b3f773a7a6fee8703e87969c9225e6997",""
"entity-ethiopia@1900/currency","entity-ethiopia@1900","ethiopia-menelik-1900-core","Ethiopia — Menelik II around 1900","1900","currency","MISSING","A","core-supported","political-polity","false","[]","[]","[]","[]","{""map_identity_id"":""entity-ethiopia"",""aliases"":[],""historical_names"":[{""value"":""Ethiopia — Menelik II around 1900"",""kind"":""primary"",""validFrom"":""1900-01-01"",""validUntil"":""1901-01-01""}],""identifiers"":{}}","[""Snapshot context is not observation date or boundary date."",""Map geometry does not establish sovereignty or succession.""]","851acb012ccfa2a4bfa05ea83ec2694b3f773a7a6fee8703e87969c9225e6997",""
"entity-ethiopia@1920/currency","entity-ethiopia@1920","ethiopia-zawditu-regency-core","Ethiopia — Zawditu and Tafari regency","1920","currency","MISSING","A","partially-supported","political-polity","false","[]","[]","[]","[]","{""map_identity_id"":""entity-ethiopia"",""aliases"":[],""historical_names"":[{""value"":""Ethiopia — Zawditu and Tafari regency"",""kind"":""primary"",""validFrom"":""1917-01-01"",""validUntil"":""1930-04-01""}],""identifiers"":{}}","[""Snapshot context is not observation date or boundary date."",""Map geometry does not establish sovereignty or succession.""]","851acb012ccfa2a4bfa05ea83ec2694b3f773a7a6fee8703e87969c9225e6997",""
"entity-ethiopia@1930/currency","entity-ethiopia@1930","","Ethiopia","1930","currency","MISSING","A","held-ambiguous","political-polity","true","[]","[]","[]","[]","{""map_identity_id"":""entity-ethiopia"",""aliases"":[],""historical_names"":[],""identifiers"":{}}","[""Snapshot context is not observation date or boundary date."",""Map geometry does not establish sovereignty or succession."",""Resolve historical identity before proposing entity-specific facts.""]","851acb012ccfa2a4bfa05ea83ec2694b3f773a7a6fee8703e87969c9225e6997",""
"entity-ethiopia@1945/currency","entity-ethiopia@1945","ethiopia-restored-1945-core","Ethiopia — restored monarchy in 1945","1945","currency","MISSING","A","partially-supported","political-polity","false","[]","[]","[]","[]","{""map_identity_id"":""entity-ethiopia"",""aliases"":[],""historical_names"":[{""value"":""Ethiopia — restored monarchy in 1945"",""kind"":""primary"",""validFrom"":""1945-01-01"",""validUntil"":""1946-01-01""}],""identifiers"":{}}","[""Snapshot context is not observation date or boundary date."",""Map geometry does not establish sovereignty or succession.""]","851acb012ccfa2a4bfa05ea83ec2694b3f773a7a6fee8703e87969c9225e6997",""
"entity-ethiopia@1960/currency","entity-ethiopia@1960","ethiopia-1955-constitutional-core","Ethiopia — revised1955 imperial constitutional framework","1960","currency","MISSING","A","partially-supported","political-polity","false","[]","[]","[]","[]","{""map_identity_id"":""entity-ethiopia"",""aliases"":[],""historical_names"":[{""value"":""Ethiopia — revised1955 imperial constitutional framework"",""kind"":""primary"",""validFrom"":""1956-01-01"",""validUntil"":""1960-12-13""},{""value"":""Ethiopia — revised1955 imperial constitutional framework"",""kind"":""primary"",""validFrom"":""1960-12-17"",""validUntil"":""1961-01-01""}],""identifiers"":{}}","[""Snapshot context is not observation date or boundary date."",""Map geometry does not establish sovereignty or succession.""]","851acb012ccfa2a4bfa05ea83ec2694b3f773a7a6fee8703e87969c9225e6997",""
"entity-ethiopia-italy@1938/currency","entity-ethiopia-italy@1938","ethiopia-italian-occupation-1938-core","Ethiopia — Italian occupation in 1938","1938","currency","MISSING","A","partially-supported","dependent-administration","false","[]","[]","[]","[]","{""map_identity_id"":""entity-ethiopia-italy"",""aliases"":[],""historical_names"":[{""value"":""Ethiopia — Italian occupation in 1938"",""kind"":""primary"",""validFrom"":""1938-01-01"",""validUntil"":""1939-01-01""}],""identifiers"":{}}","[""Snapshot context is not observation date or boundary date."",""Map geometry does not establish sovereignty or succession.""]","851acb012ccfa2a4bfa05ea83ec2694b3f773a7a6fee8703e87969c9225e6997",""
"entity-brazil@1945/currency","entity-brazil@1945","","Brazil","1945","currency","MISSING","A","held-ambiguous","political-polity","true","[]","[]","[]","[]","{""map_identity_id"":""entity-brazil"",""aliases"":[],""historical_names"":[],""identifiers"":{}}","[""Snapshot context is not observation date or boundary date."",""Map geometry does not establish sovereignty or succession."",""Resolve historical identity before proposing entity-specific facts.""]","851acb012ccfa2a4bfa05ea83ec2694b3f773a7a6fee8703e87969c9225e6997",""
"entity-viceroyalty-of-brazil@1815/currency","entity-viceroyalty-of-brazil@1815","","Viceroyalty of Brazil","1815","currency","MISSING","A","held-ambiguous","dependent-administration","true","[]","[]","[]","[]","{""map_identity_id"":""entity-viceroyalty-of-brazil"",""aliases"":[],""historical_names"":[],""identifiers"":{}}","[""Snapshot context is not observation date or boundary date."",""Map geometry does not establish sovereignty or succession."",""Resolve historical identity before proposing entity-specific facts.""]","851acb012ccfa2a4bfa05ea83ec2694b3f773a7a6fee8703e87969c9225e6997",""
"entity-egypt@1815/currency","entity-egypt@1815","egypt-muhammad-ali-governorship-framework","Egypt — Muhammad Ali governorship","1815","currency","MISSING","A","partially-supported","political-polity","false","[]","[]","[]","[]","{""map_identity_id"":""entity-egypt"",""aliases"":[],""historical_names"":[{""value"":""Egypt — Muhammad Ali governorship"",""kind"":""primary"",""validFrom"":""1812-01-01"",""validUntil"":""1820-01-01""}],""identifiers"":{}}","[""Snapshot context is not observation date or boundary date."",""Map geometry does not establish sovereignty or succession.""]","851acb012ccfa2a4bfa05ea83ec2694b3f773a7a6fee8703e87969c9225e6997",""
"entity-egypt@1878/currency","entity-egypt@1878","egypt-late-khedival-framework","Egypt — Khedivate under European financial intervention","1878","currency","MISSING","A","partially-supported","political-polity","false","[]","[]","[]","[]","{""map_identity_id"":""entity-egypt"",""aliases"":[],""historical_names"":[{""value"":""Egypt — Khedivate under European financial intervention"",""kind"":""primary"",""validFrom"":""1878-01-01"",""validUntil"":""1881-01-01""}],""identifiers"":{}}","[""Snapshot context is not observation date or boundary date."",""Map geometry does not establish sovereignty or succession.""]","851acb012ccfa2a4bfa05ea83ec2694b3f773a7a6fee8703e87969c9225e6997",""
"entity-egypt@1880/currency","entity-egypt@1880","egypt-late-khedival-framework","Egypt — Khedivate under European financial intervention","1880","currency","MISSING","A","partially-supported","political-polity","false","[]","[]","[]","[]","{""map_identity_id"":""entity-egypt"",""aliases"":[],""historical_names"":[{""value"":""Egypt — Khedivate under European financial intervention"",""kind"":""primary"",""validFrom"":""1878-01-01"",""validUntil"":""1881-01-01""}],""identifiers"":{}}","[""Snapshot context is not observation date or boundary date."",""Map geometry does not establish sovereignty or succession.""]","851acb012ccfa2a4bfa05ea83ec2694b3f773a7a6fee8703e87969c9225e6997",""
"entity-egypt@1900/currency","entity-egypt@1900","egypt-british-occupied-khedivate-framework","Egypt — British-occupied Khedivate","1900","currency","MISSING","A","core-supported","political-polity","false","[]","[]","[]","[]","{""map_identity_id"":""entity-egypt"",""aliases"":[],""historical_names"":[{""value"":""Egypt — British-occupied Khedivate"",""kind"":""primary"",""validFrom"":""1883-01-01"",""validUntil"":""1914-12-18""}],""identifiers"":{}}","[""Snapshot context is not observation date or boundary date."",""Map geometry does not establish sovereignty or succession.""]","851acb012ccfa2a4bfa05ea83ec2694b3f773a7a6fee8703e87969c9225e6997",""
"entity-egypt@1914/currency","entity-egypt@1914","","Egypt","1914","currency","MISSING","A","held-ambiguous","political-polity","true","[]","[]","[]","[]","{""map_identity_id"":""entity-egypt"",""aliases"":[],""historical_names"":[],""identifiers"":{}}","[""Snapshot context is not observation date or boundary date."",""Map geometry does not establish sovereignty or succession."",""Resolve historical identity before proposing entity-specific facts.""]","851acb012ccfa2a4bfa05ea83ec2694b3f773a7a6fee8703e87969c9225e6997",""
"entity-egypt@1920/currency","entity-egypt@1920","egypt-british-protectorate-framework","Egypt — British protectorate","1920","currency","MISSING","A","partially-supported","political-polity","false","[]","[]","[]","[]","{""map_identity_id"":""entity-egypt"",""aliases"":[],""historical_names"":[{""value"":""Egypt — British protectorate"",""kind"":""primary"",""validFrom"":""1914-12-18"",""validUntil"":""1922-02-28""}],""identifiers"":{}}","[""Snapshot context is not observation date or boundary date."",""Map geometry does not establish sovereignty or succession.""]","851acb012ccfa2a4bfa05ea83ec2694b3f773a7a6fee8703e87969c9225e6997",""
"entity-egypt@1930/currency","entity-egypt@1930","","Egypt","1930","currency","MISSING","A","completely-empty","political-polity","true","[]","[]","[]","[]","{""map_identity_id"":""entity-egypt"",""aliases"":[],""historical_names"":[],""identifiers"":{}}","[""Snapshot context is not observation date or boundary date."",""Map geometry does not establish sovereignty or succession."",""Resolve historical identity before proposing entity-specific facts.""]","851acb012ccfa2a4bfa05ea83ec2694b3f773a7a6fee8703e87969c9225e6997",""
"entity-egypt@1945/currency","entity-egypt@1945","egypt-kingdom-1945-framework","Egypt — wartime and postwar kingdom","1945","currency","MISSING","A","core-supported","political-polity","false","[]","[]","[]","[]","{""map_identity_id"":""entity-egypt"",""aliases"":[],""historical_names"":[{""value"":""Egypt — wartime and postwar kingdom"",""kind"":""primary"",""validFrom"":""1945-01-01"",""validUntil"":""1946-01-01""}],""identifiers"":{}}","[""Snapshot context is not observation date or boundary date."",""Map geometry does not establish sovereignty or succession.""]","851acb012ccfa2a4bfa05ea83ec2694b3f773a7a6fee8703e87969c9225e6997",""
"entity-egypt@1960/currency","entity-egypt@1960","united-arab-republic-egypt-1960-framework","United Arab Republic — Egyptian region","1960","currency","MISSING","A","partially-supported","political-polity","false","[]","[]","[]","[]","{""map_identity_id"":""entity-egypt"",""aliases"":[],""historical_names"":[{""value"":""United Arab Republic — Egyptian region"",""kind"":""primary"",""validFrom"":""1959-01-01"",""validUntil"":""1961-01-01""}],""identifiers"":{}}","[""Snapshot context is not observation date or boundary date."",""Map geometry does not establish sovereignty or succession.""]","851acb012ccfa2a4bfa05ea83ec2694b3f773a7a6fee8703e87969c9225e6997",""
"entity-empire-of-japan@1930/currency","entity-empire-of-japan@1930","japan-meiji-framework","Empire of Japan","1930","currency","PARTIAL","A","partially-supported","political-polity","false","[""Yen""]","[]","[]","[]","{""map_identity_id"":""entity-empire-of-japan"",""aliases"":[{""value"":""Japan"",""validFrom"":""1930"",""validUntil"":""1945-01-01"",""sourceIds"":[""meiji""],""confidence"":""documented""}],""historical_names"":[{""value"":""Empire of Japan"",""kind"":""primary"",""validFrom"":""1930"",""validUntil"":""1945-01-01""},{""value"":""Empire of Japan — Meiji constitutional framework"",""kind"":""primary"",""validFrom"":""1890-11-29"",""validUntil"":""1930-01-01""}],""identifiers"":{}}","[""Snapshot context is not observation date or boundary date."",""Map geometry does not establish sovereignty or succession."",""Existing applicability intervals: [{\""kind\"":\""interval\"",\""from\"":\""1930\"",\""until\"":\""1945-01-01\""}]""]","851acb012ccfa2a4bfa05ea83ec2694b3f773a7a6fee8703e87969c9225e6997",""
"entity-japan-usa@1945/currency","entity-japan-usa@1945","japan-initial-allied-occupation","Japan — initial Allied occupation framework","1945","currency","PARTIAL","A","partially-supported","dependent-administration","false","[""Yen""]","[]","[{""id"":""japan-initial-allied-occupation-japan-yen-occupation"",""description"":""Japan proper banknote monetary unit under earlyoccupation;1946 noteconversion lies outside thiscalendarclip. No claim that every Allied-administered island used identical currency."",""relationship"":""same""}]","[]","{""map_identity_id"":""entity-japan-usa"",""aliases"":[],""historical_names"":[{""value"":""Japan — initial Allied occupation framework"",""kind"":""primary"",""validFrom"":""1945-09-02"",""validUntil"":""1947-05-03""}],""identifiers"":{}}","[""Snapshot context is not observation date or boundary date."",""Map geometry does not establish sovereignty or succession."",""Japan proper banknote monetary unit under earlyoccupation;1946noteconversion lies outside thiscalendarclip. No claim that every Allied-administered island used identical currency."",""Existing accepted facts preserved; no raw-polygon sovereignty, complete territorial control, or leader-to-Figures inference."",""Claim bounds delimit this reviewed research subset, not a historical introduction or abolition date. The original cited applicability interval and its precision remain in evidence."",""Existing applicability intervals: [{\""kind\"":\""interval\"",\""from\"":\""1945-10\"",\""until\"":\""1945-12\"",\""certainty\"":\""exact\""}]""]","851acb012ccfa2a4bfa05ea83ec2694b3f773a7a6fee8703e87969c9225e6997",""
"entity-french-equatorial-africa@1914/currency","entity-french-equatorial-africa@1914","b17-aef-prewar","French Equatorial Africa — colonial federation","1914","currency","MISSING","A","partially-supported","dependent-administration","false","[]","[]","[]","[]","{""map_identity_id"":""entity-french-equatorial-africa"",""aliases"":[],""historical_names"":[{""value"":""French Equatorial Africa — colonial federation"",""kind"":""primary"",""validFrom"":""1911-01-01"",""validUntil"":""1939-01-01""}],""identifiers"":{}}","[""Snapshot context is not observation date or boundary date."",""Map geometry does not establish sovereignty or succession.""]","851acb012ccfa2a4bfa05ea83ec2694b3f773a7a6fee8703e87969c9225e6997",""
"entity-french-equatorial-africa@1920/currency","entity-french-equatorial-africa@1920","b17-aef-prewar","French Equatorial Africa — colonial federation","1920","currency","MISSING","A","partially-supported","dependent-administration","false","[]","[]","[]","[]","{""map_identity_id"":""entity-french-equatorial-africa"",""aliases"":[],""historical_names"":[{""value"":""French Equatorial Africa — colonial federation"",""kind"":""primary"",""validFrom"":""1911-01-01"",""validUntil"":""1939-01-01""}],""identifiers"":{}}","[""Snapshot context is not observation date or boundary date."",""Map geometry does not establish sovereignty or succession.""]","851acb012ccfa2a4bfa05ea83ec2694b3f773a7a6fee8703e87969c9225e6997",""
"entity-french-equatorial-africa@1930/currency","entity-french-equatorial-africa@1930","b17-aef-prewar","French Equatorial Africa — colonial federation","1930","currency","MISSING","A","partially-supported","dependent-administration","false","[]","[]","[]","[]","{""map_identity_id"":""entity-french-equatorial-africa"",""aliases"":[],""historical_names"":[{""value"":""French Equatorial Africa — colonial federation"",""kind"":""primary"",""validFrom"":""1911-01-01"",""validUntil"":""1939-01-01""}],""identifiers"":{}}","[""Snapshot context is not observation date or boundary date."",""Map geometry does not establish sovereignty or succession.""]","851acb012ccfa2a4bfa05ea83ec2694b3f773a7a6fee8703e87969c9225e6997",""
"entity-french-equatorial-africa@1938/currency","entity-french-equatorial-africa@1938","b17-aef-prewar","French Equatorial Africa — colonial federation","1938","currency","MISSING","A","partially-supported","dependent-administration","false","[]","[]","[]","[]","{""map_identity_id"":""entity-french-equatorial-africa"",""aliases"":[],""historical_names"":[{""value"":""French Equatorial Africa — colonial federation"",""kind"":""primary"",""validFrom"":""1911-01-01"",""validUntil"":""1939-01-01""}],""identifiers"":{}}","[""Snapshot context is not observation date or boundary date."",""Map geometry does not establish sovereignty or succession.""]","851acb012ccfa2a4bfa05ea83ec2694b3f773a7a6fee8703e87969c9225e6997",""
"entity-french-west-africa@1938/currency","entity-french-west-africa@1938","aof-1904-federal-framework-core","French West Africa — governor-general framework","1938","currency","PARTIAL","A","partially-supported","dependent-administration","false","[""Franc — colonial monetary issue""]","[]","[{""id"":""aof-1904-federal-framework-core-aof-colonial-franc"",""description"":""Named historical administration or royal polity; no geometry-derived sovereignty or modern-country backprojection."",""relationship"":""same""}]","[]","{""map_identity_id"":""entity-french-west-africa"",""aliases"":[],""historical_names"":[{""value"":""French West Africa — governor-general framework"",""kind"":""primary"",""validFrom"":""1905-01-01"",""validUntil"":""1939-01-01""}],""identifiers"":{}}","[""Snapshot context is not observation date or boundary date."",""Map geometry does not establish sovereignty or succession."",""Colonial franc before CFA creation in December 1945; CFA is not projected backward. Historical issuance regime, not a claim of exclusive use in every local transaction."",""Existing applicability intervals: [{\""kind\"":\""interval\"",\""from\"":\""1905\"",\""until\"":\""1938\"",\""certainty\"":\""exact\""}]""]","851acb012ccfa2a4bfa05ea83ec2694b3f773a7a6fee8703e87969c9225e6997",""
"entity-russian-empire@1878/currency","entity-russian-empire@1878","russian-imperial-core-pre1906","Russian Empire","1878","currency","PARTIAL","A","core-supported","political-polity","false","[""Russian ruble; state credit-note denomination""]","[]","[{""id"":""russian-imperial-core-pre1906-five01-institutional"",""description"":""Entity-associated state symbol or monetary instrument only. Not proof of uniform polygon control, legal sovereignty, exclusive currency circulation or empire-wide local practice."",""relationship"":""same""}]","[]","{""map_identity_id"":""entity-russian-empire"",""aliases"":[],""historical_names"":[{""value"":""Russian Empire"",""kind"":""primary"",""validFrom"":""1800-01-01"",""validUntil"":""1906-01-01""}],""identifiers"":{}}","[""Snapshot context is not observation date or boundary date."",""Map geometry does not establish sovereignty or succession."",""Entity-associated state symbol or monetary instrument only. Not proof of uniform polygon control, legal sovereignty, exclusive currency circulation or empire-wide local practice."",""Existing applicability intervals: [{\""kind\"":\""interval\"",\""from\"":\""1878\"",\""until\"":\""1878\"",\""certainty\"":\""exact\""}]""]","851acb012ccfa2a4bfa05ea83ec2694b3f773a7a6fee8703e87969c9225e6997",""
"entity-soviet-union@1920/currency","entity-soviet-union@1920","russian-soviet-civilwar-core-1920","Soviet Russia — RSFSR (schematic region)","1920","currency","PARTIAL","A","core-supported","political-polity","false","[""Ruble-denominated RSFSR settlement notes (sovznaks), alongside earlier notes""]","[]","[{""id"":""russian-soviet-civilwar-core-1920-five01-institutional"",""description"":""Entity-associated state symbol or monetary instrument only. Not proof of uniform polygon control, legal sovereignty, exclusive currency circulation or empire-wide local practice."",""relationship"":""same""}]","[]","{""map_identity_id"":""entity-soviet-union"",""aliases"":[],""historical_names"":[{""value"":""Soviet Russia — RSFSR (schematic region)"",""kind"":""primary"",""validFrom"":""1920-01-01"",""validUntil"":""1921-01-01""}],""identifiers"":{}}","[""Snapshot context is not observation date or boundary date."",""Map geometry does not establish sovereignty or succession."",""Entity-associated state symbol or monetary instrument only. Not proof of uniform polygon control, legal sovereignty, exclusive currency circulation or empire-wide local practice."",""Existing applicability intervals: [{\""kind\"":\""interval\"",\""from\"":\""1920\"",\""until\"":\""1920\"",\""certainty\"":\""exact\""}]""]","851acb012ccfa2a4bfa05ea83ec2694b3f773a7a6fee8703e87969c9225e6997",""
"entity-ottoman-empire@1878/currency","entity-ottoman-empire@1878","","Ottoman Empire","1878","currency","MISSING","A","held-ambiguous","political-polity","true","[]","[]","[]","[]","{""map_identity_id"":""entity-ottoman-empire"",""aliases"":[],""historical_names"":[],""identifiers"":{}}","[""Snapshot context is not observation date or boundary date."",""Map geometry does not establish sovereignty or succession."",""Resolve historical identity before proposing entity-specific facts.""]","851acb012ccfa2a4bfa05ea83ec2694b3f773a7a6fee8703e87969c9225e6997",""
"entity-ottoman-empire@1914/currency","entity-ottoman-empire@1914","ottoman-second-constitutional-core","Ottoman Empire — amended 1909 framework","1914","currency","PARTIAL","A","partially-supported","political-polity","false","[""Ottoman gold lira and silver kuruş""]","[]","[{""id"":""ottoman-second-constitutional-core-1914-lira-kurus"",""description"":""Named central Ottoman institution/office/monetary issuance only; no claim of uniform administration or circulation over all imperial territories."",""relationship"":""same""}]","[]","{""map_identity_id"":""entity-ottoman-empire"",""aliases"":[],""historical_names"":[{""value"":""Ottoman Empire — amended 1909 framework"",""kind"":""primary"",""validFrom"":""1909-08-21"",""validUntil"":""1915-01-01""}],""identifiers"":{}}","[""Snapshot context is not observation date or boundary date."",""Map geometry does not establish sovereignty or succession."",""Named imperial monetary units in1914. Not a claim of stable wartime purchasing power, goldconvertibility or uniform circulation in every territory."",""Sourceyearprecision retained; researched calendar subsets do not date accession, capital move, monetary reform or entity creation. Existing accepted facts preserved."",""Claim bounds delimit this reviewed research subset, not a historical introduction or abolition date. The original cited applicability interval and its precision remain in evidence."",""Existing applicability intervals: [{\""kind\"":\""interval\"",\""from\"":\""1914\"",\""until\"":\""1914\"",\""certainty\"":\""exact\""}]""]","851acb012ccfa2a4bfa05ea83ec2694b3f773a7a6fee8703e87969c9225e6997",""
"entity-ottoman-sultanate@1920/currency","entity-ottoman-sultanate@1920","","Ottoman Sultanate","1920","currency","MISSING","A","held-ambiguous","political-polity","true","[]","[]","[]","[]","{""map_identity_id"":""entity-ottoman-sultanate"",""aliases"":[],""historical_names"":[],""identifiers"":{}}","[""Snapshot context is not observation date or boundary date."",""Map geometry does not establish sovereignty or succession."",""Resolve historical identity before proposing entity-specific facts.""]","851acb012ccfa2a4bfa05ea83ec2694b3f773a7a6fee8703e87969c9225e6997",""
"entity-turkey@1938/currency","entity-turkey@1938","turkey-1937-constitutional-framework","Turkey — 1937 constitutional principles","1938","currency","PARTIAL","A","partially-supported","political-polity","false","[""Turkish lira""]","[]","[""Turkey — 1937 constitutional principles; institution/office or issuing monetary unit, not a claim of uniform polygon control.""]","[]","{""map_identity_id"":""entity-turkey"",""aliases"":[],""historical_names"":[{""value"":""Turkey — 1937 constitutional principles"",""kind"":""primary"",""validFrom"":""1937-02-05"",""validUntil"":""1960-05-27""}],""identifiers"":{}}","[""Snapshot context is not observation date or boundary date."",""Map geometry does not establish sovereignty or succession."",""Existing applicability intervals: [{\""kind\"":\""interval\"",\""from\"":\""1938\"",\""until\"":\""1950\""}]""]","851acb012ccfa2a4bfa05ea83ec2694b3f773a7a6fee8703e87969c9225e6997",""
"entity-turkey@1960/currency","entity-turkey@1960","","Turkey","1960","currency","MISSING","A","held-ambiguous","political-polity","true","[]","[]","[]","[]","{""map_identity_id"":""entity-turkey"",""aliases"":[],""historical_names"":[],""identifiers"":{}}","[""Snapshot context is not observation date or boundary date."",""Map geometry does not establish sovereignty or succession."",""Resolve historical identity before proposing entity-specific facts.""]","851acb012ccfa2a4bfa05ea83ec2694b3f773a7a6fee8703e87969c9225e6997",""
"entity-korea@1800/currency","entity-korea@1800","korea-joseon-framework","Korea — Joseon dynasty","1800","currency","MISSING","A","partially-supported","political-polity","false","[]","[]","[]","[]","{""map_identity_id"":""entity-korea"",""aliases"":[],""historical_names"":[{""value"":""Korea — Joseon dynasty"",""kind"":""primary"",""validFrom"":""1800-01-01"",""validUntil"":""1897-10""}],""identifiers"":{}}","[""Snapshot context is not observation date or boundary date."",""Map geometry does not establish sovereignty or succession.""]","851acb012ccfa2a4bfa05ea83ec2694b3f773a7a6fee8703e87969c9225e6997",""
"entity-korea@1815/currency","entity-korea@1815","korea-joseon-framework","Korea — Joseon dynasty","1815","currency","MISSING","A","partially-supported","political-polity","false","[]","[]","[]","[]","{""map_identity_id"":""entity-korea"",""aliases"":[],""historical_names"":[{""value"":""Korea — Joseon dynasty"",""kind"":""primary"",""validFrom"":""1800-01-01"",""validUntil"":""1897-10""}],""identifiers"":{}}","[""Snapshot context is not observation date or boundary date."",""Map geometry does not establish sovereignty or succession.""]","851acb012ccfa2a4bfa05ea83ec2694b3f773a7a6fee8703e87969c9225e6997",""
"entity-korea@1878/currency","entity-korea@1878","korea-joseon-framework","Korea — Joseon dynasty","1878","currency","MISSING","A","core-supported","political-polity","false","[]","[]","[]","[]","{""map_identity_id"":""entity-korea"",""aliases"":[],""historical_names"":[{""value"":""Korea — Joseon dynasty"",""kind"":""primary"",""validFrom"":""1800-01-01"",""validUntil"":""1897-10""}],""identifiers"":{}}","[""Snapshot context is not observation date or boundary date."",""Map geometry does not establish sovereignty or succession.""]","851acb012ccfa2a4bfa05ea83ec2694b3f773a7a6fee8703e87969c9225e6997",""
"entity-korea@1880/currency","entity-korea@1880","korea-joseon-framework","Korea — Joseon dynasty","1880","currency","MISSING","A","core-supported","political-polity","false","[]","[]","[]","[]","{""map_identity_id"":""entity-korea"",""aliases"":[],""historical_names"":[{""value"":""Korea — Joseon dynasty"",""kind"":""primary"",""validFrom"":""1800-01-01"",""validUntil"":""1897-10""}],""identifiers"":{}}","[""Snapshot context is not observation date or boundary date."",""Map geometry does not establish sovereignty or succession.""]","851acb012ccfa2a4bfa05ea83ec2694b3f773a7a6fee8703e87969c9225e6997",""
"entity-korea@1900/currency","entity-korea@1900","korea-imperial-framework","Korean Empire","1900","currency","MISSING","A","partially-supported","political-polity","false","[]","[]","[]","[]","{""map_identity_id"":""entity-korea"",""aliases"":[],""historical_names"":[{""value"":""Korean Empire"",""kind"":""primary"",""validFrom"":""1897-10"",""validUntil"":""1904-01-01""}],""identifiers"":{}}","[""Snapshot context is not observation date or boundary date."",""Map geometry does not establish sovereignty or succession.""]","851acb012ccfa2a4bfa05ea83ec2694b3f773a7a6fee8703e87969c9225e6997",""
"entity-korea-democratic-people-s-republic-of@1960/currency","entity-korea-democratic-people-s-republic-of@1960","korea-dprk-1948","Democratic People’s Republic of Korea","1960","currency","MISSING","A","partially-supported","political-polity","false","[]","[]","[]","[]","{""map_identity_id"":""entity-korea-democratic-people-s-republic-of"",""aliases"":[],""historical_names"":[{""value"":""Democratic People’s Republic of Korea"",""kind"":""primary"",""validFrom"":""1948-09-09"",""validUntil"":""1961-01-01""}],""identifiers"":{}}","[""Snapshot context is not observation date or boundary date."",""Map geometry does not establish sovereignty or succession.""]","851acb012ccfa2a4bfa05ea83ec2694b3f773a7a6fee8703e87969c9225e6997",""
"entity-korea-republic-of@1960/currency","entity-korea-republic-of@1960","korea-republic-1948","Republic of Korea","1960","currency","MISSING","A","partially-supported","political-polity","false","[]","[]","[]","[]","{""map_identity_id"":""entity-korea-republic-of"",""aliases"":[],""historical_names"":[{""value"":""Republic of Korea"",""kind"":""primary"",""validFrom"":""1948-08"",""validUntil"":""1961-01-01""}],""identifiers"":{}}","[""Snapshot context is not observation date or boundary date."",""Map geometry does not establish sovereignty or succession.""]","851acb012ccfa2a4bfa05ea83ec2694b3f773a7a6fee8703e87969c9225e6997",""
"entity-korea-usa@1945/currency","entity-korea-usa@1945","korea-us-occupation","Southern Korea — United States occupation","1945","currency","MISSING","A","partially-supported","dependent-administration","false","[]","[]","[]","[]","{""map_identity_id"":""entity-korea-usa"",""aliases"":[],""historical_names"":[{""value"":""Southern Korea — United States occupation"",""kind"":""primary"",""validFrom"":""1945-09"",""validUntil"":""1948-01-01""}],""identifiers"":{}}","[""Snapshot context is not observation date or boundary date."",""Map geometry does not establish sovereignty or succession.""]","851acb012ccfa2a4bfa05ea83ec2694b3f773a7a6fee8703e87969c9225e6997",""
"entity-korea-ussr@1945/currency","entity-korea-ussr@1945","korea-soviet-occupation","Northern Korea — Soviet occupation","1945","currency","MISSING","A","partially-supported","dependent-administration","false","[]","[]","[]","[]","{""map_identity_id"":""entity-korea-ussr"",""aliases"":[],""historical_names"":[{""value"":""Northern Korea — Soviet occupation"",""kind"":""primary"",""validFrom"":""1945-09"",""validUntil"":""1948-01-01""}],""identifiers"":{}}","[""Snapshot context is not observation date or boundary date."",""Map geometry does not establish sovereignty or succession.""]","851acb012ccfa2a4bfa05ea83ec2694b3f773a7a6fee8703e87969c9225e6997",""
"entity-portugal@1800/currency","entity-portugal@1800","","Portugal","1800","currency","MISSING","A","completely-empty","political-polity","true","[]","[]","[]","[]","{""map_identity_id"":""entity-portugal"",""aliases"":[],""historical_names"":[],""identifiers"":{}}","[""Snapshot context is not observation date or boundary date."",""Map geometry does not establish sovereignty or succession."",""Resolve historical identity before proposing entity-specific facts.""]","851acb012ccfa2a4bfa05ea83ec2694b3f773a7a6fee8703e87969c9225e6997",""
"entity-portugal@1815/currency","entity-portugal@1815","portugal-political-frameworks","Portugal","1815","currency","MISSING","A","partially-supported","political-polity","false","[]","[]","[]","[]","{""map_identity_id"":""entity-portugal"",""aliases"":[],""historical_names"":[{""value"":""Portugal"",""kind"":""primary"",""validFrom"":""1808""},{""value"":""United Kingdom of Portugal, Brazil and the Algarves"",""kind"":""formal"",""validFrom"":""1815-12-16"",""validUntil"":""1816-01-01""}],""identifiers"":{}}","[""Snapshot context is not observation date or boundary date."",""Map geometry does not establish sovereignty or succession.""]","851acb012ccfa2a4bfa05ea83ec2694b3f773a7a6fee8703e87969c9225e6997",""
"entity-portugal@1900/currency","entity-portugal@1900","portugal-political-frameworks","Portugal","1900","currency","MISSING","A","core-supported","political-polity","false","[]","[]","[]","[]","{""map_identity_id"":""entity-portugal"",""aliases"":[],""historical_names"":[{""value"":""Portugal"",""kind"":""primary"",""validFrom"":""1808""},{""value"":""United Kingdom of Portugal, Brazil and the Algarves"",""kind"":""formal"",""validFrom"":""1815-12-16"",""validUntil"":""1816-01-01""}],""identifiers"":{}}","[""Snapshot context is not observation date or boundary date."",""Map geometry does not establish sovereignty or succession.""]","851acb012ccfa2a4bfa05ea83ec2694b3f773a7a6fee8703e87969c9225e6997",""
"entity-rattanakosin-kingdom@1800/currency","entity-rattanakosin-kingdom@1800","b13-siam-absolute","Siam — Chakkri monarchy","1800","currency","MISSING","A","core-supported","political-polity","false","[]","[]","[]","[]","{""map_identity_id"":""entity-rattanakosin-kingdom"",""aliases"":[],""historical_names"":[{""value"":""Siam — Chakkri monarchy"",""kind"":""primary"",""validFrom"":""1800-01-01"",""validUntil"":""1932-06-24""}],""identifiers"":{}}","[""Snapshot context is not observation date or boundary date."",""Map geometry does not establish sovereignty or succession.""]","851acb012ccfa2a4bfa05ea83ec2694b3f773a7a6fee8703e87969c9225e6997",""
"entity-rattanakosin-kingdom@1815/currency","entity-rattanakosin-kingdom@1815","b13-siam-absolute","Siam — Chakkri monarchy","1815","currency","MISSING","A","core-supported","political-polity","false","[]","[]","[]","[]","{""map_identity_id"":""entity-rattanakosin-kingdom"",""aliases"":[],""historical_names"":[{""value"":""Siam — Chakkri monarchy"",""kind"":""primary"",""validFrom"":""1800-01-01"",""validUntil"":""1932-06-24""}],""identifiers"":{}}","[""Snapshot context is not observation date or boundary date."",""Map geometry does not establish sovereignty or succession.""]","851acb012ccfa2a4bfa05ea83ec2694b3f773a7a6fee8703e87969c9225e6997",""
"entity-rattanakosin-kingdom@1878/currency","entity-rattanakosin-kingdom@1878","b13-siam-absolute","Siam — Chakkri monarchy","1878","currency","MISSING","A","core-supported","political-polity","false","[]","[]","[]","[]","{""map_identity_id"":""entity-rattanakosin-kingdom"",""aliases"":[],""historical_names"":[{""value"":""Siam — Chakkri monarchy"",""kind"":""primary"",""validFrom"":""1800-01-01"",""validUntil"":""1932-06-24""}],""identifiers"":{}}","[""Snapshot context is not observation date or boundary date."",""Map geometry does not establish sovereignty or succession.""]","851acb012ccfa2a4bfa05ea83ec2694b3f773a7a6fee8703e87969c9225e6997",""
"entity-rattanakosin-kingdom@1880/currency","entity-rattanakosin-kingdom@1880","b13-siam-absolute","Siam — Chakkri monarchy","1880","currency","MISSING","A","core-supported","political-polity","false","[]","[]","[]","[]","{""map_identity_id"":""entity-rattanakosin-kingdom"",""aliases"":[],""historical_names"":[{""value"":""Siam — Chakkri monarchy"",""kind"":""primary"",""validFrom"":""1800-01-01"",""validUntil"":""1932-06-24""}],""identifiers"":{}}","[""Snapshot context is not observation date or boundary date."",""Map geometry does not establish sovereignty or succession.""]","851acb012ccfa2a4bfa05ea83ec2694b3f773a7a6fee8703e87969c9225e6997",""
"entity-rattanakosin-kingdom@1900/currency","entity-rattanakosin-kingdom@1900","b13-siam-absolute","Siam — Chakkri monarchy","1900","currency","MISSING","A","core-supported","political-polity","false","[]","[]","[]","[]","{""map_identity_id"":""entity-rattanakosin-kingdom"",""aliases"":[],""historical_names"":[{""value"":""Siam — Chakkri monarchy"",""kind"":""primary"",""validFrom"":""1800-01-01"",""validUntil"":""1932-06-24""}],""identifiers"":{}}","[""Snapshot context is not observation date or boundary date."",""Map geometry does not establish sovereignty or succession.""]","851acb012ccfa2a4bfa05ea83ec2694b3f773a7a6fee8703e87969c9225e6997",""
"entity-siam@1800/currency","entity-siam@1800","b13-siam-absolute","Siam — Chakkri monarchy","1800","currency","MISSING","A","core-supported","political-polity","false","[]","[]","[]","[]","{""map_identity_id"":""entity-siam"",""aliases"":[],""historical_names"":[{""value"":""Siam — Chakkri monarchy"",""kind"":""primary"",""validFrom"":""1800-01-01"",""validUntil"":""1932-06-24""}],""identifiers"":{}}","[""Snapshot context is not observation date or boundary date."",""Map geometry does not establish sovereignty or succession.""]","851acb012ccfa2a4bfa05ea83ec2694b3f773a7a6fee8703e87969c9225e6997",""
"entity-siam@1938/currency","entity-siam@1938","b13-siam-constitutional","Siam — early constitutional monarchy","1938","currency","MISSING","A","partially-supported","political-polity","false","[]","[]","[]","[]","{""map_identity_id"":""entity-siam"",""aliases"":[],""historical_names"":[{""value"":""Siam — early constitutional monarchy"",""kind"":""primary"",""validFrom"":""1934-01-01"",""validUntil"":""1939-01-01""}],""identifiers"":{}}","[""Snapshot context is not observation date or boundary date."",""Map geometry does not establish sovereignty or succession.""]","851acb012ccfa2a4bfa05ea83ec2694b3f773a7a6fee8703e87969c9225e6997",""
"entity-thailand@1945/currency","entity-thailand@1945","","Thailand","1945","currency","MISSING","A","completely-empty","political-polity","true","[]","[]","[]","[]","{""map_identity_id"":""entity-thailand"",""aliases"":[],""historical_names"":[],""identifiers"":{}}","[""Snapshot context is not observation date or boundary date."",""Map geometry does not establish sovereignty or succession."",""Resolve historical identity before proposing entity-specific facts.""]","851acb012ccfa2a4bfa05ea83ec2694b3f773a7a6fee8703e87969c9225e6997",""
"entity-persia@1800/currency","entity-persia@1800","qajar-preconstitutional-framework","Persia — Qajar royal framework","1800","currency","MISSING","A","core-supported","political-polity","false","[]","[]","[]","[]","{""map_identity_id"":""entity-persia"",""aliases"":[],""historical_names"":[{""value"":""Persia — Qajar royal framework"",""kind"":""primary"",""validFrom"":""1800-01-01"",""validUntil"":""1906-01-01""}],""identifiers"":{}}","[""Snapshot context is not observation date or boundary date."",""Map geometry does not establish sovereignty or succession.""]","851acb012ccfa2a4bfa05ea83ec2694b3f773a7a6fee8703e87969c9225e6997",""
"entity-persia@1815/currency","entity-persia@1815","qajar-preconstitutional-framework","Persia — Qajar royal framework","1815","currency","MISSING","A","core-supported","political-polity","false","[]","[]","[]","[]","{""map_identity_id"":""entity-persia"",""aliases"":[],""historical_names"":[{""value"":""Persia — Qajar royal framework"",""kind"":""primary"",""validFrom"":""1800-01-01"",""validUntil"":""1906-01-01""}],""identifiers"":{}}","[""Snapshot context is not observation date or boundary date."",""Map geometry does not establish sovereignty or succession.""]","851acb012ccfa2a4bfa05ea83ec2694b3f773a7a6fee8703e87969c9225e6997",""
"entity-persia@1914/currency","entity-persia@1914","","Persia","1914","currency","MISSING","A","completely-empty","political-polity","true","[]","[]","[]","[]","{""map_identity_id"":""entity-persia"",""aliases"":[],""historical_names"":[],""identifiers"":{}}","[""Snapshot context is not observation date or boundary date."",""Map geometry does not establish sovereignty or succession."",""Resolve historical identity before proposing entity-specific facts.""]","851acb012ccfa2a4bfa05ea83ec2694b3f773a7a6fee8703e87969c9225e6997",""
"entity-belgian-congo@1914/currency","entity-belgian-congo@1914","b17-belgian-congo-colonial","Belgian Congo — colonial administration","1914","currency","MISSING","A","partially-supported","dependent-administration","false","[]","[]","[]","[]","{""map_identity_id"":""entity-belgian-congo"",""aliases"":[],""historical_names"":[{""value"":""Belgian Congo — colonial administration"",""kind"":""primary"",""validFrom"":""1914-01-01"",""validUntil"":""1939-01-01""}],""identifiers"":{}}","[""Snapshot context is not observation date or boundary date."",""Map geometry does not establish sovereignty or succession.""]","851acb012ccfa2a4bfa05ea83ec2694b3f773a7a6fee8703e87969c9225e6997",""
"entity-belgian-congo@1938/currency","entity-belgian-congo@1938","b17-belgian-congo-colonial","Belgian Congo — colonial administration","1938","currency","MISSING","A","partially-supported","dependent-administration","false","[]","[]","[]","[]","{""map_identity_id"":""entity-belgian-congo"",""aliases"":[],""historical_names"":[{""value"":""Belgian Congo — colonial administration"",""kind"":""primary"",""validFrom"":""1914-01-01"",""validUntil"":""1939-01-01""}],""identifiers"":{}}","[""Snapshot context is not observation date or boundary date."",""Map geometry does not establish sovereignty or succession.""]","851acb012ccfa2a4bfa05ea83ec2694b3f773a7a6fee8703e87969c9225e6997",""
"entity-zaire-belgium@1920/currency","entity-zaire-belgium@1920","b17-belgian-congo-colonial","Belgian Congo — colonial administration","1920","currency","MISSING","A","partially-supported","dependent-administration","false","[]","[]","[]","[]","{""map_identity_id"":""entity-zaire-belgium"",""aliases"":[],""historical_names"":[{""value"":""Belgian Congo — colonial administration"",""kind"":""primary"",""validFrom"":""1914-01-01"",""validUntil"":""1939-01-01""}],""identifiers"":{}}","[""Snapshot context is not observation date or boundary date."",""Map geometry does not establish sovereignty or succession.""]","851acb012ccfa2a4bfa05ea83ec2694b3f773a7a6fee8703e87969c9225e6997",""
"entity-zaire-belgium@1930/currency","entity-zaire-belgium@1930","b17-belgian-congo-colonial","Belgian Congo — colonial administration","1930","currency","MISSING","A","partially-supported","dependent-administration","false","[]","[]","[]","[]","{""map_identity_id"":""entity-zaire-belgium"",""aliases"":[],""historical_names"":[{""value"":""Belgian Congo — colonial administration"",""kind"":""primary"",""validFrom"":""1914-01-01"",""validUntil"":""1939-01-01""}],""identifiers"":{}}","[""Snapshot context is not observation date or boundary date."",""Map geometry does not establish sovereignty or succession.""]","851acb012ccfa2a4bfa05ea83ec2694b3f773a7a6fee8703e87969c9225e6997",""
"entity-spain@1800/currency","entity-spain@1800","spain-political-frameworks","Spain","1800","currency","MISSING","A","core-supported","political-polity","false","[]","[]","[]","[]","{""map_identity_id"":""entity-spain"",""aliases"":[],""historical_names"":[{""value"":""Spain"",""kind"":""primary"",""validFrom"":""1800-01-01""}],""identifiers"":{}}","[""Snapshot context is not observation date or boundary date."",""Map geometry does not establish sovereignty or succession.""]","851acb012ccfa2a4bfa05ea83ec2694b3f773a7a6fee8703e87969c9225e6997",""
"entity-spain@1815/currency","entity-spain@1815","spain-political-frameworks","Spain","1815","currency","MISSING","A","core-supported","political-polity","false","[]","[]","[]","[]","{""map_identity_id"":""entity-spain"",""aliases"":[],""historical_names"":[{""value"":""Spain"",""kind"":""primary"",""validFrom"":""1800-01-01""}],""identifiers"":{}}","[""Snapshot context is not observation date or boundary date."",""Map geometry does not establish sovereignty or succession.""]","851acb012ccfa2a4bfa05ea83ec2694b3f773a7a6fee8703e87969c9225e6997",""
"entity-poland@1920/currency","entity-poland@1920","polish-small-constitution-framework","Republic of Poland — provisional parliamentary framework","1920","currency","MISSING","A","partially-supported","political-polity","false","[]","[]","[]","[]","{""map_identity_id"":""entity-poland"",""aliases"":[],""historical_names"":[{""value"":""Republic of Poland — provisional parliamentary framework"",""kind"":""primary"",""validFrom"":""1919-03-01"",""validUntil"":""1921-01-01""}],""identifiers"":{}}","[""Snapshot context is not observation date or boundary date."",""Map geometry does not establish sovereignty or succession.""]","851acb012ccfa2a4bfa05ea83ec2694b3f773a7a6fee8703e87969c9225e6997",""
"entity-poland@1945/currency","entity-poland@1945","","Poland","1945","currency","MISSING","A","completely-empty","political-polity","true","[]","[]","[]","[]","{""map_identity_id"":""entity-poland"",""aliases"":[],""historical_names"":[],""identifiers"":{}}","[""Snapshot context is not observation date or boundary date."",""Map geometry does not establish sovereignty or succession."",""Resolve historical identity before proposing entity-specific facts.""]","851acb012ccfa2a4bfa05ea83ec2694b3f773a7a6fee8703e87969c9225e6997",""
"entity-poland@1960/currency","entity-poland@1960","polish-peoples-republic-1952-framework","Polish People’s Republic — 1952 framework","1960","currency","MISSING","A","core-supported","political-polity","false","[]","[]","[]","[]","{""map_identity_id"":""entity-poland"",""aliases"":[],""historical_names"":[{""value"":""Polish People’s Republic — 1952 framework"",""kind"":""primary"",""validFrom"":""1953-01-01"",""validUntil"":""1961-01-01""}],""identifiers"":{}}","[""Snapshot context is not observation date or boundary date."",""Map geometry does not establish sovereignty or succession.""]","851acb012ccfa2a4bfa05ea83ec2694b3f773a7a6fee8703e87969c9225e6997",""
