"cell_id","occurrence_id","atlas_entity_id","atlas_display_name","snapshot_year","dossier_category","current_status","research_priority","mapping_status","eligibility_classification","identity_review_required","current_values","observation_dates","territorial_scopes","held_reasons","known_aliases_identifiers","notes","production_fingerprint","proposals_json"
"entity-saint-martin@1800/historical-flag","entity-saint-martin@1800","","Saint Martin","1800","historical-flag","MISSING","C","held-ambiguous","dependent-administration","true","[]","[]","[]","[]","{""map_identity_id"":""entity-saint-martin"",""aliases"":[],""historical_names"":[],""identifiers"":{}}","[""Snapshot context is not observation date or boundary date."",""Map geometry does not establish sovereignty or succession."",""Resolve historical identity before proposing entity-specific facts."",""Existing applicability intervals: []""]","35c5a20cdfaf4e7e7a788fd82d4c2b997e0fe878efe2392487968b8d61b9029f",""
"entity-saint-martin@1815/historical-flag","entity-saint-martin@1815","","Saint Martin","1815","historical-flag","MISSING","C","held-ambiguous","dependent-administration","true","[]","[]","[]","[]","{""map_identity_id"":""entity-saint-martin"",""aliases"":[],""historical_names"":[],""identifiers"":{}}","[""Snapshot context is not observation date or boundary date."",""Map geometry does not establish sovereignty or succession."",""Resolve historical identity before proposing entity-specific facts."",""Existing applicability intervals: []""]","35c5a20cdfaf4e7e7a788fd82d4c2b997e0fe878efe2392487968b8d61b9029f",""
"entity-saint-martin@1878/historical-flag","entity-saint-martin@1878","","Saint Martin","1878","historical-flag","MISSING","C","held-ambiguous","dependent-administration","true","[]","[]","[]","[]","{""map_identity_id"":""entity-saint-martin"",""aliases"":[],""historical_names"":[],""identifiers"":{}}","[""Snapshot context is not observation date or boundary date."",""Map geometry does not establish sovereignty or succession."",""Resolve historical identity before proposing entity-specific facts."",""Existing applicability intervals: []""]","35c5a20cdfaf4e7e7a788fd82d4c2b997e0fe878efe2392487968b8d61b9029f",""
"entity-saint-martin@1880/historical-flag","entity-saint-martin@1880","","Saint Martin","1880","historical-flag","MISSING","C","held-ambiguous","dependent-administration","true","[]","[]","[]","[]","{""map_identity_id"":""entity-saint-martin"",""aliases"":[],""historical_names"":[],""identifiers"":{}}","[""Snapshot context is not observation date or boundary date."",""Map geometry does not establish sovereignty or succession."",""Resolve historical identity before proposing entity-specific facts."",""Existing applicability intervals: []""]","35c5a20cdfaf4e7e7a788fd82d4c2b997e0fe878efe2392487968b8d61b9029f",""
"entity-saint-martin@1900/historical-flag","entity-saint-martin@1900","","Saint Martin","1900","historical-flag","MISSING","C","held-ambiguous","dependent-administration","true","[]","[]","[]","[]","{""map_identity_id"":""entity-saint-martin"",""aliases"":[],""historical_names"":[],""identifiers"":{}}","[""Snapshot context is not observation date or boundary date."",""Map geometry does not establish sovereignty or succession."",""Resolve historical identity before proposing entity-specific facts."",""Existing applicability intervals: []""]","35c5a20cdfaf4e7e7a788fd82d4c2b997e0fe878efe2392487968b8d61b9029f",""
"entity-saint-martin@1914/historical-flag","entity-saint-martin@1914","","Saint Martin","1914","historical-flag","MISSING","C","held-ambiguous","dependent-administration","true","[]","[]","[]","[]","{""map_identity_id"":""entity-saint-martin"",""aliases"":[],""historical_names"":[],""identifiers"":{}}","[""Snapshot context is not observation date or boundary date."",""Map geometry does not establish sovereignty or succession."",""Resolve historical identity before proposing entity-specific facts."",""Existing applicability intervals: []""]","35c5a20cdfaf4e7e7a788fd82d4c2b997e0fe878efe2392487968b8d61b9029f",""
"entity-saint-martin@1920/historical-flag","entity-saint-martin@1920","","Saint Martin","1920","historical-flag","MISSING","C","held-ambiguous","dependent-administration","true","[]","[]","[]","[]","{""map_identity_id"":""entity-saint-martin"",""aliases"":[],""historical_names"":[],""identifiers"":{}}","[""Snapshot context is not observation date or boundary date."",""Map geometry does not establish sovereignty or succession."",""Resolve historical identity before proposing entity-specific facts."",""Existing applicability intervals: []""]","35c5a20cdfaf4e7e7a788fd82d4c2b997e0fe878efe2392487968b8d61b9029f",""
"entity-saint-martin@1930/historical-flag","entity-saint-martin@1930","","Saint Martin","1930","historical-flag","MISSING","C","held-ambiguous","dependent-administration","true","[]","[]","[]","[]","{""map_identity_id"":""entity-saint-martin"",""aliases"":[],""historical_names"":[],""identifiers"":{}}","[""Snapshot context is not observation date or boundary date."",""Map geometry does not establish sovereignty or succession."",""Resolve historical identity before proposing entity-specific facts."",""Existing applicability intervals: []""]","35c5a20cdfaf4e7e7a788fd82d4c2b997e0fe878efe2392487968b8d61b9029f",""
"entity-saint-martin@1938/historical-flag","entity-saint-martin@1938","","Saint Martin","1938","historical-flag","MISSING","C","held-ambiguous","dependent-administration","true","[]","[]","[]","[]","{""map_identity_id"":""entity-saint-martin"",""aliases"":[],""historical_names"":[],""identifiers"":{}}","[""Snapshot context is not observation date or boundary date."",""Map geometry does not establish sovereignty or succession."",""Resolve historical identity before proposing entity-specific facts."",""Existing applicability intervals: []""]","35c5a20cdfaf4e7e7a788fd82d4c2b997e0fe878efe2392487968b8d61b9029f",""
"entity-saint-martin@1945/historical-flag","entity-saint-martin@1945","","Saint Martin","1945","historical-flag","MISSING","C","held-ambiguous","dependent-administration","true","[]","[]","[]","[]","{""map_identity_id"":""entity-saint-martin"",""aliases"":[],""historical_names"":[],""identifiers"":{}}","[""Snapshot context is not observation date or boundary date."",""Map geometry does not establish sovereignty or succession."",""Resolve historical identity before proposing entity-specific facts."",""Existing applicability intervals: []""]","35c5a20cdfaf4e7e7a788fd82d4c2b997e0fe878efe2392487968b8d61b9029f",""
"entity-papua-new-guinea@1800/historical-flag","entity-papua-new-guinea@1800","","Papua New Guinea","1800","historical-flag","MISSING","C","held-ambiguous","dependent-administration","true","[]","[]","[]","[]","{""map_identity_id"":""entity-papua-new-guinea"",""aliases"":[],""historical_names"":[],""identifiers"":{}}","[""Snapshot context is not observation date or boundary date."",""Map geometry does not establish sovereignty or succession."",""Resolve historical identity before proposing entity-specific facts."",""Existing applicability intervals: []""]","35c5a20cdfaf4e7e7a788fd82d4c2b997e0fe878efe2392487968b8d61b9029f",""
"entity-papua-new-guinea@1878/historical-flag","entity-papua-new-guinea@1878","","Papua New Guinea","1878","historical-flag","MISSING","C","held-ambiguous","dependent-administration","true","[]","[]","[]","[]","{""map_identity_id"":""entity-papua-new-guinea"",""aliases"":[],""historical_names"":[],""identifiers"":{}}","[""Snapshot context is not observation date or boundary date."",""Map geometry does not establish sovereignty or succession."",""Resolve historical identity before proposing entity-specific facts."",""Existing applicability intervals: []""]","35c5a20cdfaf4e7e7a788fd82d4c2b997e0fe878efe2392487968b8d61b9029f",""
"entity-papua-new-guinea@1880/historical-flag","entity-papua-new-guinea@1880","","Papua New Guinea","1880","historical-flag","MISSING","C","held-ambiguous","dependent-administration","true","[]","[]","[]","[]","{""map_identity_id"":""entity-papua-new-guinea"",""aliases"":[],""historical_names"":[],""identifiers"":{}}","[""Snapshot context is not observation date or boundary date."",""Map geometry does not establish sovereignty or succession."",""Resolve historical identity before proposing entity-specific facts."",""Existing applicability intervals: []""]","35c5a20cdfaf4e7e7a788fd82d4c2b997e0fe878efe2392487968b8d61b9029f",""
"entity-papua-new-guinea@1900/historical-flag","entity-papua-new-guinea@1900","","Papua New Guinea","1900","historical-flag","MISSING","C","held-ambiguous","dependent-administration","true","[]","[]","[]","[]","{""map_identity_id"":""entity-papua-new-guinea"",""aliases"":[],""historical_names"":[],""identifiers"":{}}","[""Snapshot context is not observation date or boundary date."",""Map geometry does not establish sovereignty or succession."",""Resolve historical identity before proposing entity-specific facts."",""Existing applicability intervals: []""]","35c5a20cdfaf4e7e7a788fd82d4c2b997e0fe878efe2392487968b8d61b9029f",""
"entity-papua-new-guinea@1914/historical-flag","entity-papua-new-guinea@1914","","Papua New Guinea","1914","historical-flag","MISSING","C","held-ambiguous","dependent-administration","true","[]","[]","[]","[]","{""map_identity_id"":""entity-papua-new-guinea"",""aliases"":[],""historical_names"":[],""identifiers"":{}}","[""Snapshot context is not observation date or boundary date."",""Map geometry does not establish sovereignty or succession."",""Resolve historical identity before proposing entity-specific facts."",""Existing applicability intervals: []""]","35c5a20cdfaf4e7e7a788fd82d4c2b997e0fe878efe2392487968b8d61b9029f",""
"entity-papua-new-guinea@1920/historical-flag","entity-papua-new-guinea@1920","","Papua New Guinea","1920","historical-flag","MISSING","C","held-ambiguous","dependent-administration","true","[]","[]","[]","[]","{""map_identity_id"":""entity-papua-new-guinea"",""aliases"":[],""historical_names"":[],""identifiers"":{}}","[""Snapshot context is not observation date or boundary date."",""Map geometry does not establish sovereignty or succession."",""Resolve historical identity before proposing entity-specific facts."",""Existing applicability intervals: []""]","35c5a20cdfaf4e7e7a788fd82d4c2b997e0fe878efe2392487968b8d61b9029f",""
"entity-papua-new-guinea@1930/historical-flag","entity-papua-new-guinea@1930","","Papua New Guinea","1930","historical-flag","MISSING","C","held-ambiguous","dependent-administration","true","[]","[]","[]","[]","{""map_identity_id"":""entity-papua-new-guinea"",""aliases"":[],""historical_names"":[],""identifiers"":{}}","[""Snapshot context is not observation date or boundary date."",""Map geometry does not establish sovereignty or succession."",""Resolve historical identity before proposing entity-specific facts."",""Existing applicability intervals: []""]","35c5a20cdfaf4e7e7a788fd82d4c2b997e0fe878efe2392487968b8d61b9029f",""
"entity-papua-new-guinea@1945/historical-flag","entity-papua-new-guinea@1945","","Papua New Guinea","1945","historical-flag","MISSING","C","held-ambiguous","dependent-administration","true","[]","[]","[]","[]","{""map_identity_id"":""entity-papua-new-guinea"",""aliases"":[],""historical_names"":[],""identifiers"":{}}","[""Snapshot context is not observation date or boundary date."",""Map geometry does not establish sovereignty or succession."",""Resolve historical identity before proposing entity-specific facts."",""Existing applicability intervals: []""]","35c5a20cdfaf4e7e7a788fd82d4c2b997e0fe878efe2392487968b8d61b9029f",""
"entity-papua-new-guinea@1960/historical-flag","entity-papua-new-guinea@1960","papua-new-guinea-union-1960-core","Papua and New Guinea — administrative union in 1960","1960","historical-flag","MISSING","C","partially-supported","dependent-administration","false","[]","[]","[]","[]","{""map_identity_id"":""entity-papua-new-guinea"",""aliases"":[],""historical_names"":[{""value"":""Papua and New Guinea — administrative union in 1960"",""kind"":""primary"",""validFrom"":""1960-01-01"",""validUntil"":""1961-01-01""}],""identifiers"":{}}","[""Snapshot context is not observation date or boundary date."",""Map geometry does not establish sovereignty or succession."",""Existing applicability intervals: []""]","35c5a20cdfaf4e7e7a788fd82d4c2b997e0fe878efe2392487968b8d61b9029f",""
"entity-brunei@1800/historical-flag","entity-brunei@1800","","Brunei","1800","historical-flag","MISSING","C","completely-empty","political-polity","true","[]","[]","[]","[]","{""map_identity_id"":""entity-brunei"",""aliases"":[],""historical_names"":[],""identifiers"":{}}","[""Snapshot context is not observation date or boundary date."",""Map geometry does not establish sovereignty or succession."",""Resolve historical identity before proposing entity-specific facts."",""Existing applicability intervals: []""]","35c5a20cdfaf4e7e7a788fd82d4c2b997e0fe878efe2392487968b8d61b9029f",""
"entity-brunei@1815/historical-flag","entity-brunei@1815","","Brunei","1815","historical-flag","MISSING","C","completely-empty","political-polity","true","[]","[]","[]","[]","{""map_identity_id"":""entity-brunei"",""aliases"":[],""historical_names"":[],""identifiers"":{}}","[""Snapshot context is not observation date or boundary date."",""Map geometry does not establish sovereignty or succession."",""Resolve historical identity before proposing entity-specific facts."",""Existing applicability intervals: []""]","35c5a20cdfaf4e7e7a788fd82d4c2b997e0fe878efe2392487968b8d61b9029f",""
"entity-brunei@1878/historical-flag","entity-brunei@1878","","Brunei","1878","historical-flag","MISSING","C","completely-empty","political-polity","true","[]","[]","[]","[]","{""map_identity_id"":""entity-brunei"",""aliases"":[],""historical_names"":[],""identifiers"":{}}","[""Snapshot context is not observation date or boundary date."",""Map geometry does not establish sovereignty or succession."",""Resolve historical identity before proposing entity-specific facts."",""Existing applicability intervals: []""]","35c5a20cdfaf4e7e7a788fd82d4c2b997e0fe878efe2392487968b8d61b9029f",""
"entity-brunei@1880/historical-flag","entity-brunei@1880","","Brunei","1880","historical-flag","MISSING","C","completely-empty","political-polity","true","[]","[]","[]","[]","{""map_identity_id"":""entity-brunei"",""aliases"":[],""historical_names"":[],""identifiers"":{}}","[""Snapshot context is not observation date or boundary date."",""Map geometry does not establish sovereignty or succession."",""Resolve historical identity before proposing entity-specific facts."",""Existing applicability intervals: []""]","35c5a20cdfaf4e7e7a788fd82d4c2b997e0fe878efe2392487968b8d61b9029f",""
"entity-brunei@1900/historical-flag","entity-brunei@1900","b13-brunei-protected","Brunei — early British-protected sultanate","1900","historical-flag","MISSING","C","partially-supported","political-polity","false","[]","[]","[]","[]","{""map_identity_id"":""entity-brunei"",""aliases"":[],""historical_names"":[{""value"":""Brunei — early British-protected sultanate"",""kind"":""primary"",""validFrom"":""1889-01-01"",""validUntil"":""1906-01-01""}],""identifiers"":{}}","[""Snapshot context is not observation date or boundary date."",""Map geometry does not establish sovereignty or succession."",""Existing applicability intervals: []""]","35c5a20cdfaf4e7e7a788fd82d4c2b997e0fe878efe2392487968b8d61b9029f",""
"entity-brunei@1945/historical-flag","entity-brunei@1945","","Brunei","1945","historical-flag","MISSING","C","completely-empty","political-polity","true","[]","[]","[]","[]","{""map_identity_id"":""entity-brunei"",""aliases"":[],""historical_names"":[],""identifiers"":{}}","[""Snapshot context is not observation date or boundary date."",""Map geometry does not establish sovereignty or succession."",""Resolve historical identity before proposing entity-specific facts."",""Existing applicability intervals: []""]","35c5a20cdfaf4e7e7a788fd82d4c2b997e0fe878efe2392487968b8d61b9029f",""
"entity-guatemala@1878/historical-flag","entity-guatemala@1878","","Guatemala","1878","historical-flag","MISSING","C","completely-empty","political-polity","true","[]","[]","[]","[]","{""map_identity_id"":""entity-guatemala"",""aliases"":[],""historical_names"":[],""identifiers"":{}}","[""Snapshot context is not observation date or boundary date."",""Map geometry does not establish sovereignty or succession."",""Resolve historical identity before proposing entity-specific facts."",""Existing applicability intervals: []""]","35c5a20cdfaf4e7e7a788fd82d4c2b997e0fe878efe2392487968b8d61b9029f",""
"entity-guatemala@1880/historical-flag","entity-guatemala@1880","","Guatemala","1880","historical-flag","MISSING","C","completely-empty","political-polity","true","[]","[]","[]","[]","{""map_identity_id"":""entity-guatemala"",""aliases"":[],""historical_names"":[],""identifiers"":{}}","[""Snapshot context is not observation date or boundary date."",""Map geometry does not establish sovereignty or succession."",""Resolve historical identity before proposing entity-specific facts."",""Existing applicability intervals: []""]","35c5a20cdfaf4e7e7a788fd82d4c2b997e0fe878efe2392487968b8d61b9029f",""
"entity-guatemala@1900/historical-flag","entity-guatemala@1900","","Guatemala","1900","historical-flag","MISSING","C","completely-empty","political-polity","true","[]","[]","[]","[]","{""map_identity_id"":""entity-guatemala"",""aliases"":[],""historical_names"":[],""identifiers"":{}}","[""Snapshot context is not observation date or boundary date."",""Map geometry does not establish sovereignty or succession."",""Resolve historical identity before proposing entity-specific facts."",""Existing applicability intervals: []""]","35c5a20cdfaf4e7e7a788fd82d4c2b997e0fe878efe2392487968b8d61b9029f",""
"entity-guatemala@1914/historical-flag","entity-guatemala@1914","","Guatemala","1914","historical-flag","MISSING","C","completely-empty","political-polity","true","[]","[]","[]","[]","{""map_identity_id"":""entity-guatemala"",""aliases"":[],""historical_names"":[],""identifiers"":{}}","[""Snapshot context is not observation date or boundary date."",""Map geometry does not establish sovereignty or succession."",""Resolve historical identity before proposing entity-specific facts."",""Existing applicability intervals: []""]","35c5a20cdfaf4e7e7a788fd82d4c2b997e0fe878efe2392487968b8d61b9029f",""
"entity-guatemala@1920/historical-flag","entity-guatemala@1920","","Guatemala","1920","historical-flag","MISSING","C","completely-empty","political-polity","true","[]","[]","[]","[]","{""map_identity_id"":""entity-guatemala"",""aliases"":[],""historical_names"":[],""identifiers"":{}}","[""Snapshot context is not observation date or boundary date."",""Map geometry does not establish sovereignty or succession."",""Resolve historical identity before proposing entity-specific facts."",""Existing applicability intervals: []""]","35c5a20cdfaf4e7e7a788fd82d4c2b997e0fe878efe2392487968b8d61b9029f",""
"entity-guatemala@1930/historical-flag","entity-guatemala@1930","","Guatemala","1930","historical-flag","MISSING","C","completely-empty","political-polity","true","[]","[]","[]","[]","{""map_identity_id"":""entity-guatemala"",""aliases"":[],""historical_names"":[],""identifiers"":{}}","[""Snapshot context is not observation date or boundary date."",""Map geometry does not establish sovereignty or succession."",""Resolve historical identity before proposing entity-specific facts."",""Existing applicability intervals: []""]","35c5a20cdfaf4e7e7a788fd82d4c2b997e0fe878efe2392487968b8d61b9029f",""
"entity-guatemala@1938/historical-flag","entity-guatemala@1938","b10-guatemala-ubico","Guatemala — Ubico government","1938","historical-flag","MISSING","C","core-supported","political-polity","false","[]","[]","[]","[]","{""map_identity_id"":""entity-guatemala"",""aliases"":[],""historical_names"":[{""value"":""Guatemala — Ubico government"",""kind"":""primary"",""validFrom"":""1932-01-01"",""validUntil"":""1944-07-01""}],""identifiers"":{}}","[""Snapshot context is not observation date or boundary date."",""Map geometry does not establish sovereignty or succession."",""Existing applicability intervals: []""]","35c5a20cdfaf4e7e7a788fd82d4c2b997e0fe878efe2392487968b8d61b9029f",""
"entity-guatemala@1945/historical-flag","entity-guatemala@1945","","Guatemala","1945","historical-flag","MISSING","C","completely-empty","political-polity","true","[]","[]","[]","[]","{""map_identity_id"":""entity-guatemala"",""aliases"":[],""historical_names"":[],""identifiers"":{}}","[""Snapshot context is not observation date or boundary date."",""Map geometry does not establish sovereignty or succession."",""Resolve historical identity before proposing entity-specific facts."",""Existing applicability intervals: []""]","35c5a20cdfaf4e7e7a788fd82d4c2b997e0fe878efe2392487968b8d61b9029f",""
"entity-guatemala@1960/historical-flag","entity-guatemala@1960","","Guatemala","1960","historical-flag","MISSING","C","completely-empty","political-polity","true","[]","[]","[]","[]","{""map_identity_id"":""entity-guatemala"",""aliases"":[],""historical_names"":[],""identifiers"":{}}","[""Snapshot context is not observation date or boundary date."",""Map geometry does not establish sovereignty or succession."",""Resolve historical identity before proposing entity-specific facts."",""Existing applicability intervals: []""]","35c5a20cdfaf4e7e7a788fd82d4c2b997e0fe878efe2392487968b8d61b9029f",""
"entity-costa-rica@1878/historical-flag","entity-costa-rica@1878","","Costa Rica","1878","historical-flag","MISSING","C","completely-empty","political-polity","true","[]","[]","[]","[]","{""map_identity_id"":""entity-costa-rica"",""aliases"":[],""historical_names"":[],""identifiers"":{}}","[""Snapshot context is not observation date or boundary date."",""Map geometry does not establish sovereignty or succession."",""Resolve historical identity before proposing entity-specific facts."",""Existing applicability intervals: []""]","35c5a20cdfaf4e7e7a788fd82d4c2b997e0fe878efe2392487968b8d61b9029f",""
"entity-costa-rica@1880/historical-flag","entity-costa-rica@1880","","Costa Rica","1880","historical-flag","MISSING","C","completely-empty","political-polity","true","[]","[]","[]","[]","{""map_identity_id"":""entity-costa-rica"",""aliases"":[],""historical_names"":[],""identifiers"":{}}","[""Snapshot context is not observation date or boundary date."",""Map geometry does not establish sovereignty or succession."",""Resolve historical identity before proposing entity-specific facts."",""Existing applicability intervals: []""]","35c5a20cdfaf4e7e7a788fd82d4c2b997e0fe878efe2392487968b8d61b9029f",""
"entity-costa-rica@1900/historical-flag","entity-costa-rica@1900","","Costa Rica","1900","historical-flag","MISSING","C","completely-empty","political-polity","true","[]","[]","[]","[]","{""map_identity_id"":""entity-costa-rica"",""aliases"":[],""historical_names"":[],""identifiers"":{}}","[""Snapshot context is not observation date or boundary date."",""Map geometry does not establish sovereignty or succession."",""Resolve historical identity before proposing entity-specific facts."",""Existing applicability intervals: []""]","35c5a20cdfaf4e7e7a788fd82d4c2b997e0fe878efe2392487968b8d61b9029f",""
"entity-costa-rica@1914/historical-flag","entity-costa-rica@1914","","Costa Rica","1914","historical-flag","MISSING","C","completely-empty","political-polity","true","[]","[]","[]","[]","{""map_identity_id"":""entity-costa-rica"",""aliases"":[],""historical_names"":[],""identifiers"":{}}","[""Snapshot context is not observation date or boundary date."",""Map geometry does not establish sovereignty or succession."",""Resolve historical identity before proposing entity-specific facts."",""Existing applicability intervals: []""]","35c5a20cdfaf4e7e7a788fd82d4c2b997e0fe878efe2392487968b8d61b9029f",""
"entity-costa-rica@1920/historical-flag","entity-costa-rica@1920","","Costa Rica","1920","historical-flag","MISSING","C","completely-empty","political-polity","true","[]","[]","[]","[]","{""map_identity_id"":""entity-costa-rica"",""aliases"":[],""historical_names"":[],""identifiers"":{}}","[""Snapshot context is not observation date or boundary date."",""Map geometry does not establish sovereignty or succession."",""Resolve historical identity before proposing entity-specific facts."",""Existing applicability intervals: []""]","35c5a20cdfaf4e7e7a788fd82d4c2b997e0fe878efe2392487968b8d61b9029f",""
"entity-costa-rica@1930/historical-flag","entity-costa-rica@1930","","Costa Rica","1930","historical-flag","MISSING","C","completely-empty","political-polity","true","[]","[]","[]","[]","{""map_identity_id"":""entity-costa-rica"",""aliases"":[],""historical_names"":[],""identifiers"":{}}","[""Snapshot context is not observation date or boundary date."",""Map geometry does not establish sovereignty or succession."",""Resolve historical identity before proposing entity-specific facts."",""Existing applicability intervals: []""]","35c5a20cdfaf4e7e7a788fd82d4c2b997e0fe878efe2392487968b8d61b9029f",""
"entity-costa-rica@1938/historical-flag","entity-costa-rica@1938","","Costa Rica","1938","historical-flag","MISSING","C","completely-empty","political-polity","true","[]","[]","[]","[]","{""map_identity_id"":""entity-costa-rica"",""aliases"":[],""historical_names"":[],""identifiers"":{}}","[""Snapshot context is not observation date or boundary date."",""Map geometry does not establish sovereignty or succession."",""Resolve historical identity before proposing entity-specific facts."",""Existing applicability intervals: []""]","35c5a20cdfaf4e7e7a788fd82d4c2b997e0fe878efe2392487968b8d61b9029f",""
"entity-costa-rica@1945/historical-flag","entity-costa-rica@1945","","Costa Rica","1945","historical-flag","MISSING","C","completely-empty","political-polity","true","[]","[]","[]","[]","{""map_identity_id"":""entity-costa-rica"",""aliases"":[],""historical_names"":[],""identifiers"":{}}","[""Snapshot context is not observation date or boundary date."",""Map geometry does not establish sovereignty or succession."",""Resolve historical identity before proposing entity-specific facts."",""Existing applicability intervals: []""]","35c5a20cdfaf4e7e7a788fd82d4c2b997e0fe878efe2392487968b8d61b9029f",""
"entity-el-salvador@1878/historical-flag","entity-el-salvador@1878","","El Salvador","1878","historical-flag","MISSING","C","completely-empty","political-polity","true","[]","[]","[]","[]","{""map_identity_id"":""entity-el-salvador"",""aliases"":[],""historical_names"":[],""identifiers"":{}}","[""Snapshot context is not observation date or boundary date."",""Map geometry does not establish sovereignty or succession."",""Resolve historical identity before proposing entity-specific facts."",""Existing applicability intervals: []""]","35c5a20cdfaf4e7e7a788fd82d4c2b997e0fe878efe2392487968b8d61b9029f",""
"entity-el-salvador@1880/historical-flag","entity-el-salvador@1880","","El Salvador","1880","historical-flag","MISSING","C","completely-empty","political-polity","true","[]","[]","[]","[]","{""map_identity_id"":""entity-el-salvador"",""aliases"":[],""historical_names"":[],""identifiers"":{}}","[""Snapshot context is not observation date or boundary date."",""Map geometry does not establish sovereignty or succession."",""Resolve historical identity before proposing entity-specific facts."",""Existing applicability intervals: []""]","35c5a20cdfaf4e7e7a788fd82d4c2b997e0fe878efe2392487968b8d61b9029f",""
"entity-el-salvador@1900/historical-flag","entity-el-salvador@1900","","El Salvador","1900","historical-flag","MISSING","C","completely-empty","political-polity","true","[]","[]","[]","[]","{""map_identity_id"":""entity-el-salvador"",""aliases"":[],""historical_names"":[],""identifiers"":{}}","[""Snapshot context is not observation date or boundary date."",""Map geometry does not establish sovereignty or succession."",""Resolve historical identity before proposing entity-specific facts."",""Existing applicability intervals: []""]","35c5a20cdfaf4e7e7a788fd82d4c2b997e0fe878efe2392487968b8d61b9029f",""
"entity-el-salvador@1914/historical-flag","entity-el-salvador@1914","","El Salvador","1914","historical-flag","MISSING","C","completely-empty","political-polity","true","[]","[]","[]","[]","{""map_identity_id"":""entity-el-salvador"",""aliases"":[],""historical_names"":[],""identifiers"":{}}","[""Snapshot context is not observation date or boundary date."",""Map geometry does not establish sovereignty or succession."",""Resolve historical identity before proposing entity-specific facts."",""Existing applicability intervals: []""]","35c5a20cdfaf4e7e7a788fd82d4c2b997e0fe878efe2392487968b8d61b9029f",""
"entity-el-salvador@1920/historical-flag","entity-el-salvador@1920","","El Salvador","1920","historical-flag","MISSING","C","completely-empty","political-polity","true","[]","[]","[]","[]","{""map_identity_id"":""entity-el-salvador"",""aliases"":[],""historical_names"":[],""identifiers"":{}}","[""Snapshot context is not observation date or boundary date."",""Map geometry does not establish sovereignty or succession."",""Resolve historical identity before proposing entity-specific facts."",""Existing applicability intervals: []""]","35c5a20cdfaf4e7e7a788fd82d4c2b997e0fe878efe2392487968b8d61b9029f",""
"entity-el-salvador@1930/historical-flag","entity-el-salvador@1930","","El Salvador","1930","historical-flag","MISSING","C","completely-empty","political-polity","true","[]","[]","[]","[]","{""map_identity_id"":""entity-el-salvador"",""aliases"":[],""historical_names"":[],""identifiers"":{}}","[""Snapshot context is not observation date or boundary date."",""Map geometry does not establish sovereignty or succession."",""Resolve historical identity before proposing entity-specific facts."",""Existing applicability intervals: []""]","35c5a20cdfaf4e7e7a788fd82d4c2b997e0fe878efe2392487968b8d61b9029f",""
"entity-el-salvador@1945/historical-flag","entity-el-salvador@1945","","El Salvador","1945","historical-flag","MISSING","C","completely-empty","political-polity","true","[]","[]","[]","[]","{""map_identity_id"":""entity-el-salvador"",""aliases"":[],""historical_names"":[],""identifiers"":{}}","[""Snapshot context is not observation date or boundary date."",""Map geometry does not establish sovereignty or succession."",""Resolve historical identity before proposing entity-specific facts."",""Existing applicability intervals: []""]","35c5a20cdfaf4e7e7a788fd82d4c2b997e0fe878efe2392487968b8d61b9029f",""
"entity-el-salvador@1960/historical-flag","entity-el-salvador@1960","","El Salvador","1960","historical-flag","MISSING","C","completely-empty","political-polity","true","[]","[]","[]","[]","{""map_identity_id"":""entity-el-salvador"",""aliases"":[],""historical_names"":[],""identifiers"":{}}","[""Snapshot context is not observation date or boundary date."",""Map geometry does not establish sovereignty or succession."",""Resolve historical identity before proposing entity-specific facts."",""Existing applicability intervals: []""]","35c5a20cdfaf4e7e7a788fd82d4c2b997e0fe878efe2392487968b8d61b9029f",""
"entity-bhutan@1800/historical-flag","entity-bhutan@1800","","Bhutan","1800","historical-flag","MISSING","C","completely-empty","political-polity","true","[]","[]","[]","[]","{""map_identity_id"":""entity-bhutan"",""aliases"":[],""historical_names"":[],""identifiers"":{}}","[""Snapshot context is not observation date or boundary date."",""Map geometry does not establish sovereignty or succession."",""Resolve historical identity before proposing entity-specific facts."",""Existing applicability intervals: []""]","35c5a20cdfaf4e7e7a788fd82d4c2b997e0fe878efe2392487968b8d61b9029f",""
"entity-bhutan@1815/historical-flag","entity-bhutan@1815","","Bhutan","1815","historical-flag","MISSING","C","completely-empty","political-polity","true","[]","[]","[]","[]","{""map_identity_id"":""entity-bhutan"",""aliases"":[],""historical_names"":[],""identifiers"":{}}","[""Snapshot context is not observation date or boundary date."",""Map geometry does not establish sovereignty or succession."",""Resolve historical identity before proposing entity-specific facts."",""Existing applicability intervals: []""]","35c5a20cdfaf4e7e7a788fd82d4c2b997e0fe878efe2392487968b8d61b9029f",""
"entity-bhutan@1878/historical-flag","entity-bhutan@1878","","Bhutan","1878","historical-flag","MISSING","C","completely-empty","political-polity","true","[]","[]","[]","[]","{""map_identity_id"":""entity-bhutan"",""aliases"":[],""historical_names"":[],""identifiers"":{}}","[""Snapshot context is not observation date or boundary date."",""Map geometry does not establish sovereignty or succession."",""Resolve historical identity before proposing entity-specific facts."",""Existing applicability intervals: []""]","35c5a20cdfaf4e7e7a788fd82d4c2b997e0fe878efe2392487968b8d61b9029f",""
"entity-bhutan@1880/historical-flag","entity-bhutan@1880","","Bhutan","1880","historical-flag","MISSING","C","completely-empty","political-polity","true","[]","[]","[]","[]","{""map_identity_id"":""entity-bhutan"",""aliases"":[],""historical_names"":[],""identifiers"":{}}","[""Snapshot context is not observation date or boundary date."",""Map geometry does not establish sovereignty or succession."",""Resolve historical identity before proposing entity-specific facts."",""Existing applicability intervals: []""]","35c5a20cdfaf4e7e7a788fd82d4c2b997e0fe878efe2392487968b8d61b9029f",""
"entity-bhutan@1900/historical-flag","entity-bhutan@1900","","Bhutan","1900","historical-flag","MISSING","C","completely-empty","political-polity","true","[]","[]","[]","[]","{""map_identity_id"":""entity-bhutan"",""aliases"":[],""historical_names"":[],""identifiers"":{}}","[""Snapshot context is not observation date or boundary date."",""Map geometry does not establish sovereignty or succession."",""Resolve historical identity before proposing entity-specific facts."",""Existing applicability intervals: []""]","35c5a20cdfaf4e7e7a788fd82d4c2b997e0fe878efe2392487968b8d61b9029f",""
"entity-bhutan@1914/historical-flag","entity-bhutan@1914","bhutan-punakha-treaty-framework","Bhutan — Punakha treaty framework","1914","historical-flag","MISSING","C","partially-supported","political-polity","false","[]","[]","[]","[]","{""map_identity_id"":""entity-bhutan"",""aliases"":[],""historical_names"":[{""value"":""Bhutan — Punakha treaty framework"",""kind"":""primary"",""validFrom"":""1911-01-01"",""validUntil"":""1947-01-01""}],""identifiers"":{}}","[""Snapshot context is not observation date or boundary date."",""Map geometry does not establish sovereignty or succession."",""Existing applicability intervals: []""]","35c5a20cdfaf4e7e7a788fd82d4c2b997e0fe878efe2392487968b8d61b9029f",""
"entity-bhutan@1920/historical-flag","entity-bhutan@1920","bhutan-punakha-treaty-framework","Bhutan — Punakha treaty framework","1920","historical-flag","MISSING","C","partially-supported","political-polity","false","[]","[]","[]","[]","{""map_identity_id"":""entity-bhutan"",""aliases"":[],""historical_names"":[{""value"":""Bhutan — Punakha treaty framework"",""kind"":""primary"",""validFrom"":""1911-01-01"",""validUntil"":""1947-01-01""}],""identifiers"":{}}","[""Snapshot context is not observation date or boundary date."",""Map geometry does not establish sovereignty or succession."",""Existing applicability intervals: []""]","35c5a20cdfaf4e7e7a788fd82d4c2b997e0fe878efe2392487968b8d61b9029f",""
"entity-bhutan@1930/historical-flag","entity-bhutan@1930","bhutan-punakha-treaty-framework","Bhutan — Punakha treaty framework","1930","historical-flag","MISSING","C","partially-supported","political-polity","false","[]","[]","[]","[]","{""map_identity_id"":""entity-bhutan"",""aliases"":[],""historical_names"":[{""value"":""Bhutan — Punakha treaty framework"",""kind"":""primary"",""validFrom"":""1911-01-01"",""validUntil"":""1947-01-01""}],""identifiers"":{}}","[""Snapshot context is not observation date or boundary date."",""Map geometry does not establish sovereignty or succession."",""Existing applicability intervals: []""]","35c5a20cdfaf4e7e7a788fd82d4c2b997e0fe878efe2392487968b8d61b9029f",""
"entity-bhutan@1938/historical-flag","entity-bhutan@1938","bhutan-punakha-treaty-framework","Bhutan — Punakha treaty framework","1938","historical-flag","MISSING","C","partially-supported","political-polity","false","[]","[]","[]","[]","{""map_identity_id"":""entity-bhutan"",""aliases"":[],""historical_names"":[{""value"":""Bhutan — Punakha treaty framework"",""kind"":""primary"",""validFrom"":""1911-01-01"",""validUntil"":""1947-01-01""}],""identifiers"":{}}","[""Snapshot context is not observation date or boundary date."",""Map geometry does not establish sovereignty or succession."",""Existing applicability intervals: []""]","35c5a20cdfaf4e7e7a788fd82d4c2b997e0fe878efe2392487968b8d61b9029f",""
"entity-bhutan@1945/historical-flag","entity-bhutan@1945","bhutan-punakha-treaty-framework","Bhutan — Punakha treaty framework","1945","historical-flag","MISSING","C","partially-supported","political-polity","false","[]","[]","[]","[]","{""map_identity_id"":""entity-bhutan"",""aliases"":[],""historical_names"":[{""value"":""Bhutan — Punakha treaty framework"",""kind"":""primary"",""validFrom"":""1911-01-01"",""validUntil"":""1947-01-01""}],""identifiers"":{}}","[""Snapshot context is not observation date or boundary date."",""Map geometry does not establish sovereignty or succession."",""Existing applicability intervals: []""]","35c5a20cdfaf4e7e7a788fd82d4c2b997e0fe878efe2392487968b8d61b9029f",""
"entity-bhutan@1960/historical-flag","entity-bhutan@1960","bhutan-india-friendship-framework","Bhutan — India friendship treaty framework","1960","historical-flag","MISSING","C","partially-supported","political-polity","false","[]","[]","[]","[]","{""map_identity_id"":""entity-bhutan"",""aliases"":[],""historical_names"":[{""value"":""Bhutan — India friendship treaty framework"",""kind"":""primary"",""validFrom"":""1950-01-01"",""validUntil"":""1961-01-01""}],""identifiers"":{}}","[""Snapshot context is not observation date or boundary date."",""Map geometry does not establish sovereignty or succession."",""Existing applicability intervals: []""]","35c5a20cdfaf4e7e7a788fd82d4c2b997e0fe878efe2392487968b8d61b9029f",""
"entity-dominican-republic@1878/historical-flag","entity-dominican-republic@1878","","Dominican Republic","1878","historical-flag","MISSING","C","completely-empty","political-polity","true","[]","[]","[]","[]","{""map_identity_id"":""entity-dominican-republic"",""aliases"":[],""historical_names"":[],""identifiers"":{}}","[""Snapshot context is not observation date or boundary date."",""Map geometry does not establish sovereignty or succession."",""Resolve historical identity before proposing entity-specific facts."",""Existing applicability intervals: []""]","35c5a20cdfaf4e7e7a788fd82d4c2b997e0fe878efe2392487968b8d61b9029f",""
"entity-dominican-republic@1880/historical-flag","entity-dominican-republic@1880","","Dominican Republic","1880","historical-flag","MISSING","C","completely-empty","political-polity","true","[]","[]","[]","[]","{""map_identity_id"":""entity-dominican-republic"",""aliases"":[],""historical_names"":[],""identifiers"":{}}","[""Snapshot context is not observation date or boundary date."",""Map geometry does not establish sovereignty or succession."",""Resolve historical identity before proposing entity-specific facts."",""Existing applicability intervals: []""]","35c5a20cdfaf4e7e7a788fd82d4c2b997e0fe878efe2392487968b8d61b9029f",""
"entity-dominican-republic@1900/historical-flag","entity-dominican-republic@1900","","Dominican Republic","1900","historical-flag","MISSING","C","completely-empty","political-polity","true","[]","[]","[]","[]","{""map_identity_id"":""entity-dominican-republic"",""aliases"":[],""historical_names"":[],""identifiers"":{}}","[""Snapshot context is not observation date or boundary date."",""Map geometry does not establish sovereignty or succession."",""Resolve historical identity before proposing entity-specific facts."",""Existing applicability intervals: []""]","35c5a20cdfaf4e7e7a788fd82d4c2b997e0fe878efe2392487968b8d61b9029f",""
"entity-dominican-republic@1914/historical-flag","entity-dominican-republic@1914","","Dominican Republic","1914","historical-flag","MISSING","C","completely-empty","political-polity","true","[]","[]","[]","[]","{""map_identity_id"":""entity-dominican-republic"",""aliases"":[],""historical_names"":[],""identifiers"":{}}","[""Snapshot context is not observation date or boundary date."",""Map geometry does not establish sovereignty or succession."",""Resolve historical identity before proposing entity-specific facts."",""Existing applicability intervals: []""]","35c5a20cdfaf4e7e7a788fd82d4c2b997e0fe878efe2392487968b8d61b9029f",""
"entity-dominican-republic@1920/historical-flag","entity-dominican-republic@1920","b10-dominican-us-military","Dominican Republic — US military government","1920","historical-flag","MISSING","C","partially-supported","political-polity","false","[]","[]","[]","[]","{""map_identity_id"":""entity-dominican-republic"",""aliases"":[],""historical_names"":[{""value"":""Dominican Republic — US military government"",""kind"":""primary"",""validFrom"":""1917-01-01"",""validUntil"":""1924-01-01""}],""identifiers"":{}}","[""Snapshot context is not observation date or boundary date."",""Map geometry does not establish sovereignty or succession."",""Existing applicability intervals: []""]","35c5a20cdfaf4e7e7a788fd82d4c2b997e0fe878efe2392487968b8d61b9029f",""
"entity-dominican-republic@1930/historical-flag","entity-dominican-republic@1930","","Dominican Republic","1930","historical-flag","MISSING","C","completely-empty","political-polity","true","[]","[]","[]","[]","{""map_identity_id"":""entity-dominican-republic"",""aliases"":[],""historical_names"":[],""identifiers"":{}}","[""Snapshot context is not observation date or boundary date."",""Map geometry does not establish sovereignty or succession."",""Resolve historical identity before proposing entity-specific facts."",""Existing applicability intervals: []""]","35c5a20cdfaf4e7e7a788fd82d4c2b997e0fe878efe2392487968b8d61b9029f",""
"entity-dominican-republic@1938/historical-flag","entity-dominican-republic@1938","b10-dominican-trujillo","Dominican Republic — Trujillo regime","1938","historical-flag","MISSING","C","partially-supported","political-polity","false","[]","[]","[]","[]","{""map_identity_id"":""entity-dominican-republic"",""aliases"":[],""historical_names"":[{""value"":""Dominican Republic — Trujillo regime"",""kind"":""primary"",""validFrom"":""1931-01-01"",""validUntil"":""1952-01-01""}],""identifiers"":{}}","[""Snapshot context is not observation date or boundary date."",""Map geometry does not establish sovereignty or succession."",""Existing applicability intervals: []""]","35c5a20cdfaf4e7e7a788fd82d4c2b997e0fe878efe2392487968b8d61b9029f",""
"entity-dominican-republic@1945/historical-flag","entity-dominican-republic@1945","b10-dominican-trujillo","Dominican Republic — Trujillo regime","1945","historical-flag","MISSING","C","partially-supported","political-polity","false","[]","[]","[]","[]","{""map_identity_id"":""entity-dominican-republic"",""aliases"":[],""historical_names"":[{""value"":""Dominican Republic — Trujillo regime"",""kind"":""primary"",""validFrom"":""1931-01-01"",""validUntil"":""1952-01-01""}],""identifiers"":{}}","[""Snapshot context is not observation date or boundary date."",""Map geometry does not establish sovereignty or succession."",""Existing applicability intervals: []""]","35c5a20cdfaf4e7e7a788fd82d4c2b997e0fe878efe2392487968b8d61b9029f",""
"entity-dominican-republic@1960/historical-flag","entity-dominican-republic@1960","","Dominican Republic","1960","historical-flag","MISSING","C","completely-empty","political-polity","true","[]","[]","[]","[]","{""map_identity_id"":""entity-dominican-republic"",""aliases"":[],""historical_names"":[],""identifiers"":{}}","[""Snapshot context is not observation date or boundary date."",""Map geometry does not establish sovereignty or succession."",""Resolve historical identity before proposing entity-specific facts."",""Existing applicability intervals: []""]","35c5a20cdfaf4e7e7a788fd82d4c2b997e0fe878efe2392487968b8d61b9029f",""
"entity-netherlands-antilles@1800/historical-flag","entity-netherlands-antilles@1800","","Netherlands Antilles","1800","historical-flag","MISSING","C","held-ambiguous","dependent-administration","true","[]","[]","[]","[]","{""map_identity_id"":""entity-netherlands-antilles"",""aliases"":[],""historical_names"":[],""identifiers"":{}}","[""Snapshot context is not observation date or boundary date."",""Map geometry does not establish sovereignty or succession."",""Resolve historical identity before proposing entity-specific facts."",""Existing applicability intervals: []""]","35c5a20cdfaf4e7e7a788fd82d4c2b997e0fe878efe2392487968b8d61b9029f",""
"entity-netherlands-antilles@1815/historical-flag","entity-netherlands-antilles@1815","","Netherlands Antilles","1815","historical-flag","MISSING","C","held-ambiguous","dependent-administration","true","[]","[]","[]","[]","{""map_identity_id"":""entity-netherlands-antilles"",""aliases"":[],""historical_names"":[],""identifiers"":{}}","[""Snapshot context is not observation date or boundary date."",""Map geometry does not establish sovereignty or succession."",""Resolve historical identity before proposing entity-specific facts."",""Existing applicability intervals: []""]","35c5a20cdfaf4e7e7a788fd82d4c2b997e0fe878efe2392487968b8d61b9029f",""
"entity-netherlands-antilles@1878/historical-flag","entity-netherlands-antilles@1878","b10-curacao-dependencies-colony","Curaçao and Dependencies — Dutch colony","1878","historical-flag","MISSING","C","partially-supported","dependent-administration","false","[]","[]","[]","[]","{""map_identity_id"":""entity-netherlands-antilles"",""aliases"":[],""historical_names"":[{""value"":""Curaçao and Dependencies — Dutch colony"",""kind"":""primary"",""validFrom"":""1878-01-01"",""validUntil"":""1936-01-01""}],""identifiers"":{}}","[""Snapshot context is not observation date or boundary date."",""Map geometry does not establish sovereignty or succession."",""Existing applicability intervals: []""]","35c5a20cdfaf4e7e7a788fd82d4c2b997e0fe878efe2392487968b8d61b9029f",""
"entity-netherlands-antilles@1880/historical-flag","entity-netherlands-antilles@1880","b10-curacao-dependencies-colony","Curaçao and Dependencies — Dutch colony","1880","historical-flag","MISSING","C","partially-supported","dependent-administration","false","[]","[]","[]","[]","{""map_identity_id"":""entity-netherlands-antilles"",""aliases"":[],""historical_names"":[{""value"":""Curaçao and Dependencies — Dutch colony"",""kind"":""primary"",""validFrom"":""1878-01-01"",""validUntil"":""1936-01-01""}],""identifiers"":{}}","[""Snapshot context is not observation date or boundary date."",""Map geometry does not establish sovereignty or succession."",""Existing applicability intervals: []""]","35c5a20cdfaf4e7e7a788fd82d4c2b997e0fe878efe2392487968b8d61b9029f",""
"entity-netherlands-antilles@1900/historical-flag","entity-netherlands-antilles@1900","b10-curacao-dependencies-colony","Curaçao and Dependencies — Dutch colony","1900","historical-flag","MISSING","C","partially-supported","dependent-administration","false","[]","[]","[]","[]","{""map_identity_id"":""entity-netherlands-antilles"",""aliases"":[],""historical_names"":[{""value"":""Curaçao and Dependencies — Dutch colony"",""kind"":""primary"",""validFrom"":""1878-01-01"",""validUntil"":""1936-01-01""}],""identifiers"":{}}","[""Snapshot context is not observation date or boundary date."",""Map geometry does not establish sovereignty or succession."",""Existing applicability intervals: []""]","35c5a20cdfaf4e7e7a788fd82d4c2b997e0fe878efe2392487968b8d61b9029f",""
"entity-netherlands-antilles@1914/historical-flag","entity-netherlands-antilles@1914","b10-curacao-dependencies-colony","Curaçao and Dependencies — Dutch colony","1914","historical-flag","MISSING","C","partially-supported","dependent-administration","false","[]","[]","[]","[]","{""map_identity_id"":""entity-netherlands-antilles"",""aliases"":[],""historical_names"":[{""value"":""Curaçao and Dependencies — Dutch colony"",""kind"":""primary"",""validFrom"":""1878-01-01"",""validUntil"":""1936-01-01""}],""identifiers"":{}}","[""Snapshot context is not observation date or boundary date."",""Map geometry does not establish sovereignty or succession."",""Existing applicability intervals: []""]","35c5a20cdfaf4e7e7a788fd82d4c2b997e0fe878efe2392487968b8d61b9029f",""
"entity-netherlands-antilles@1920/historical-flag","entity-netherlands-antilles@1920","b10-curacao-dependencies-colony","Curaçao and Dependencies — Dutch colony","1920","historical-flag","MISSING","C","partially-supported","dependent-administration","false","[]","[]","[]","[]","{""map_identity_id"":""entity-netherlands-antilles"",""aliases"":[],""historical_names"":[{""value"":""Curaçao and Dependencies — Dutch colony"",""kind"":""primary"",""validFrom"":""1878-01-01"",""validUntil"":""1936-01-01""}],""identifiers"":{}}","[""Snapshot context is not observation date or boundary date."",""Map geometry does not establish sovereignty or succession."",""Existing applicability intervals: []""]","35c5a20cdfaf4e7e7a788fd82d4c2b997e0fe878efe2392487968b8d61b9029f",""
"entity-netherlands-antilles@1930/historical-flag","entity-netherlands-antilles@1930","b10-curacao-dependencies-colony","Curaçao and Dependencies — Dutch colony","1930","historical-flag","MISSING","C","partially-supported","dependent-administration","false","[]","[]","[]","[]","{""map_identity_id"":""entity-netherlands-antilles"",""aliases"":[],""historical_names"":[{""value"":""Curaçao and Dependencies — Dutch colony"",""kind"":""primary"",""validFrom"":""1878-01-01"",""validUntil"":""1936-01-01""}],""identifiers"":{}}","[""Snapshot context is not observation date or boundary date."",""Map geometry does not establish sovereignty or succession."",""Existing applicability intervals: []""]","35c5a20cdfaf4e7e7a788fd82d4c2b997e0fe878efe2392487968b8d61b9029f",""
"entity-netherlands-antilles@1938/historical-flag","entity-netherlands-antilles@1938","","Netherlands Antilles","1938","historical-flag","MISSING","C","held-ambiguous","dependent-administration","true","[]","[]","[]","[]","{""map_identity_id"":""entity-netherlands-antilles"",""aliases"":[],""historical_names"":[],""identifiers"":{}}","[""Snapshot context is not observation date or boundary date."",""Map geometry does not establish sovereignty or succession."",""Resolve historical identity before proposing entity-specific facts."",""Existing applicability intervals: []""]","35c5a20cdfaf4e7e7a788fd82d4c2b997e0fe878efe2392487968b8d61b9029f",""
"entity-netherlands-antilles@1945/historical-flag","entity-netherlands-antilles@1945","","Netherlands Antilles","1945","historical-flag","MISSING","C","held-ambiguous","dependent-administration","true","[]","[]","[]","[]","{""map_identity_id"":""entity-netherlands-antilles"",""aliases"":[],""historical_names"":[],""identifiers"":{}}","[""Snapshot context is not observation date or boundary date."",""Map geometry does not establish sovereignty or succession."",""Resolve historical identity before proposing entity-specific facts."",""Existing applicability intervals: []""]","35c5a20cdfaf4e7e7a788fd82d4c2b997e0fe878efe2392487968b8d61b9029f",""
"entity-anguilla@1800/historical-flag","entity-anguilla@1800","","Anguilla","1800","historical-flag","MISSING","C","completely-empty","dependent-administration","true","[]","[]","[]","[]","{""map_identity_id"":""entity-anguilla"",""aliases"":[],""historical_names"":[],""identifiers"":{}}","[""Snapshot context is not observation date or boundary date."",""Map geometry does not establish sovereignty or succession."",""Resolve historical identity before proposing entity-specific facts."",""Existing applicability intervals: []""]","35c5a20cdfaf4e7e7a788fd82d4c2b997e0fe878efe2392487968b8d61b9029f",""
"entity-anguilla@1815/historical-flag","entity-anguilla@1815","","Anguilla","1815","historical-flag","MISSING","C","completely-empty","dependent-administration","true","[]","[]","[]","[]","{""map_identity_id"":""entity-anguilla"",""aliases"":[],""historical_names"":[],""identifiers"":{}}","[""Snapshot context is not observation date or boundary date."",""Map geometry does not establish sovereignty or succession."",""Resolve historical identity before proposing entity-specific facts."",""Existing applicability intervals: []""]","35c5a20cdfaf4e7e7a788fd82d4c2b997e0fe878efe2392487968b8d61b9029f",""
"entity-anguilla@1878/historical-flag","entity-anguilla@1878","","Anguilla","1878","historical-flag","MISSING","C","completely-empty","dependent-administration","true","[]","[]","[]","[]","{""map_identity_id"":""entity-anguilla"",""aliases"":[],""historical_names"":[],""identifiers"":{}}","[""Snapshot context is not observation date or boundary date."",""Map geometry does not establish sovereignty or succession."",""Resolve historical identity before proposing entity-specific facts."",""Existing applicability intervals: []""]","35c5a20cdfaf4e7e7a788fd82d4c2b997e0fe878efe2392487968b8d61b9029f",""
"entity-anguilla@1880/historical-flag","entity-anguilla@1880","","Anguilla","1880","historical-flag","MISSING","C","completely-empty","dependent-administration","true","[]","[]","[]","[]","{""map_identity_id"":""entity-anguilla"",""aliases"":[],""historical_names"":[],""identifiers"":{}}","[""Snapshot context is not observation date or boundary date."",""Map geometry does not establish sovereignty or succession."",""Resolve historical identity before proposing entity-specific facts."",""Existing applicability intervals: []""]","35c5a20cdfaf4e7e7a788fd82d4c2b997e0fe878efe2392487968b8d61b9029f",""
"entity-anguilla@1900/historical-flag","entity-anguilla@1900","b10-anguilla-st-kitts-framework","Anguilla — administration with St Kitts and Nevis","1900","historical-flag","MISSING","C","partially-supported","dependent-administration","false","[]","[]","[]","[]","{""map_identity_id"":""entity-anguilla"",""aliases"":[],""historical_names"":[{""value"":""Anguilla — administration with St Kitts and Nevis"",""kind"":""primary"",""validFrom"":""1900-01-01"",""validUntil"":""1947-01-01""}],""identifiers"":{}}","[""Snapshot context is not observation date or boundary date."",""Map geometry does not establish sovereignty or succession."",""Existing applicability intervals: []""]","35c5a20cdfaf4e7e7a788fd82d4c2b997e0fe878efe2392487968b8d61b9029f",""
"entity-anguilla@1914/historical-flag","entity-anguilla@1914","b10-anguilla-st-kitts-framework","Anguilla — administration with St Kitts and Nevis","1914","historical-flag","MISSING","C","partially-supported","dependent-administration","false","[]","[]","[]","[]","{""map_identity_id"":""entity-anguilla"",""aliases"":[],""historical_names"":[{""value"":""Anguilla — administration with St Kitts and Nevis"",""kind"":""primary"",""validFrom"":""1900-01-01"",""validUntil"":""1947-01-01""}],""identifiers"":{}}","[""Snapshot context is not observation date or boundary date."",""Map geometry does not establish sovereignty or succession."",""Existing applicability intervals: []""]","35c5a20cdfaf4e7e7a788fd82d4c2b997e0fe878efe2392487968b8d61b9029f",""
"entity-anguilla@1920/historical-flag","entity-anguilla@1920","b10-anguilla-st-kitts-framework","Anguilla — administration with St Kitts and Nevis","1920","historical-flag","MISSING","C","partially-supported","dependent-administration","false","[]","[]","[]","[]","{""map_identity_id"":""entity-anguilla"",""aliases"":[],""historical_names"":[{""value"":""Anguilla — administration with St Kitts and Nevis"",""kind"":""primary"",""validFrom"":""1900-01-01"",""validUntil"":""1947-01-01""}],""identifiers"":{}}","[""Snapshot context is not observation date or boundary date."",""Map geometry does not establish sovereignty or succession."",""Existing applicability intervals: []""]","35c5a20cdfaf4e7e7a788fd82d4c2b997e0fe878efe2392487968b8d61b9029f",""
"entity-anguilla@1930/historical-flag","entity-anguilla@1930","b10-anguilla-st-kitts-framework","Anguilla — administration with St Kitts and Nevis","1930","historical-flag","MISSING","C","partially-supported","dependent-administration","false","[]","[]","[]","[]","{""map_identity_id"":""entity-anguilla"",""aliases"":[],""historical_names"":[{""value"":""Anguilla — administration with St Kitts and Nevis"",""kind"":""primary"",""validFrom"":""1900-01-01"",""validUntil"":""1947-01-01""}],""identifiers"":{}}","[""Snapshot context is not observation date or boundary date."",""Map geometry does not establish sovereignty or succession."",""Existing applicability intervals: []""]","35c5a20cdfaf4e7e7a788fd82d4c2b997e0fe878efe2392487968b8d61b9029f",""
"entity-anguilla@1938/historical-flag","entity-anguilla@1938","b10-anguilla-st-kitts-framework","Anguilla — administration with St Kitts and Nevis","1938","historical-flag","MISSING","C","partially-supported","dependent-administration","false","[]","[]","[]","[]","{""map_identity_id"":""entity-anguilla"",""aliases"":[],""historical_names"":[{""value"":""Anguilla — administration with St Kitts and Nevis"",""kind"":""primary"",""validFrom"":""1900-01-01"",""validUntil"":""1947-01-01""}],""identifiers"":{}}","[""Snapshot context is not observation date or boundary date."",""Map geometry does not establish sovereignty or succession."",""Existing applicability intervals: []""]","35c5a20cdfaf4e7e7a788fd82d4c2b997e0fe878efe2392487968b8d61b9029f",""
"entity-anguilla@1945/historical-flag","entity-anguilla@1945","b10-anguilla-st-kitts-framework","Anguilla — administration with St Kitts and Nevis","1945","historical-flag","MISSING","C","partially-supported","dependent-administration","false","[]","[]","[]","[]","{""map_identity_id"":""entity-anguilla"",""aliases"":[],""historical_names"":[{""value"":""Anguilla — administration with St Kitts and Nevis"",""kind"":""primary"",""validFrom"":""1900-01-01"",""validUntil"":""1947-01-01""}],""identifiers"":{}}","[""Snapshot context is not observation date or boundary date."",""Map geometry does not establish sovereignty or succession."",""Existing applicability intervals: []""]","35c5a20cdfaf4e7e7a788fd82d4c2b997e0fe878efe2392487968b8d61b9029f",""
"entity-nicaragua@1878/historical-flag","entity-nicaragua@1878","","Nicaragua","1878","historical-flag","MISSING","C","completely-empty","political-polity","true","[]","[]","[]","[]","{""map_identity_id"":""entity-nicaragua"",""aliases"":[],""historical_names"":[],""identifiers"":{}}","[""Snapshot context is not observation date or boundary date."",""Map geometry does not establish sovereignty or succession."",""Resolve historical identity before proposing entity-specific facts."",""Existing applicability intervals: []""]","35c5a20cdfaf4e7e7a788fd82d4c2b997e0fe878efe2392487968b8d61b9029f",""
"entity-nicaragua@1880/historical-flag","entity-nicaragua@1880","","Nicaragua","1880","historical-flag","MISSING","C","completely-empty","political-polity","true","[]","[]","[]","[]","{""map_identity_id"":""entity-nicaragua"",""aliases"":[],""historical_names"":[],""identifiers"":{}}","[""Snapshot context is not observation date or boundary date."",""Map geometry does not establish sovereignty or succession."",""Resolve historical identity before proposing entity-specific facts."",""Existing applicability intervals: []""]","35c5a20cdfaf4e7e7a788fd82d4c2b997e0fe878efe2392487968b8d61b9029f",""
"entity-nicaragua@1900/historical-flag","entity-nicaragua@1900","","Nicaragua","1900","historical-flag","MISSING","C","completely-empty","political-polity","true","[]","[]","[]","[]","{""map_identity_id"":""entity-nicaragua"",""aliases"":[],""historical_names"":[],""identifiers"":{}}","[""Snapshot context is not observation date or boundary date."",""Map geometry does not establish sovereignty or succession."",""Resolve historical identity before proposing entity-specific facts."",""Existing applicability intervals: []""]","35c5a20cdfaf4e7e7a788fd82d4c2b997e0fe878efe2392487968b8d61b9029f",""
"entity-nicaragua@1914/historical-flag","entity-nicaragua@1914","","Nicaragua","1914","historical-flag","MISSING","C","completely-empty","political-polity","true","[]","[]","[]","[]","{""map_identity_id"":""entity-nicaragua"",""aliases"":[],""historical_names"":[],""identifiers"":{}}","[""Snapshot context is not observation date or boundary date."",""Map geometry does not establish sovereignty or succession."",""Resolve historical identity before proposing entity-specific facts."",""Existing applicability intervals: []""]","35c5a20cdfaf4e7e7a788fd82d4c2b997e0fe878efe2392487968b8d61b9029f",""
"entity-nicaragua@1920/historical-flag","entity-nicaragua@1920","","Nicaragua","1920","historical-flag","MISSING","C","completely-empty","political-polity","true","[]","[]","[]","[]","{""map_identity_id"":""entity-nicaragua"",""aliases"":[],""historical_names"":[],""identifiers"":{}}","[""Snapshot context is not observation date or boundary date."",""Map geometry does not establish sovereignty or succession."",""Resolve historical identity before proposing entity-specific facts."",""Existing applicability intervals: []""]","35c5a20cdfaf4e7e7a788fd82d4c2b997e0fe878efe2392487968b8d61b9029f",""
"entity-nicaragua@1930/historical-flag","entity-nicaragua@1930","","Nicaragua","1930","historical-flag","MISSING","C","completely-empty","political-polity","true","[]","[]","[]","[]","{""map_identity_id"":""entity-nicaragua"",""aliases"":[],""historical_names"":[],""identifiers"":{}}","[""Snapshot context is not observation date or boundary date."",""Map geometry does not establish sovereignty or succession."",""Resolve historical identity before proposing entity-specific facts."",""Existing applicability intervals: []""]","35c5a20cdfaf4e7e7a788fd82d4c2b997e0fe878efe2392487968b8d61b9029f",""
"entity-nicaragua@1960/historical-flag","entity-nicaragua@1960","","Nicaragua","1960","historical-flag","MISSING","C","completely-empty","political-polity","true","[]","[]","[]","[]","{""map_identity_id"":""entity-nicaragua"",""aliases"":[],""historical_names"":[],""identifiers"":{}}","[""Snapshot context is not observation date or boundary date."",""Map geometry does not establish sovereignty or succession."",""Resolve historical identity before proposing entity-specific facts."",""Existing applicability intervals: []""]","35c5a20cdfaf4e7e7a788fd82d4c2b997e0fe878efe2392487968b8d61b9029f",""
"entity-honduras@1878/historical-flag","entity-honduras@1878","","Honduras","1878","historical-flag","MISSING","C","completely-empty","political-polity","true","[]","[]","[]","[]","{""map_identity_id"":""entity-honduras"",""aliases"":[],""historical_names"":[],""identifiers"":{}}","[""Snapshot context is not observation date or boundary date."",""Map geometry does not establish sovereignty or succession."",""Resolve historical identity before proposing entity-specific facts."",""Existing applicability intervals: []""]","35c5a20cdfaf4e7e7a788fd82d4c2b997e0fe878efe2392487968b8d61b9029f",""
"entity-honduras@1880/historical-flag","entity-honduras@1880","","Honduras","1880","historical-flag","MISSING","C","completely-empty","political-polity","true","[]","[]","[]","[]","{""map_identity_id"":""entity-honduras"",""aliases"":[],""historical_names"":[],""identifiers"":{}}","[""Snapshot context is not observation date or boundary date."",""Map geometry does not establish sovereignty or succession."",""Resolve historical identity before proposing entity-specific facts."",""Existing applicability intervals: []""]","35c5a20cdfaf4e7e7a788fd82d4c2b997e0fe878efe2392487968b8d61b9029f",""
"entity-honduras@1900/historical-flag","entity-honduras@1900","","Honduras","1900","historical-flag","MISSING","C","completely-empty","political-polity","true","[]","[]","[]","[]","{""map_identity_id"":""entity-honduras"",""aliases"":[],""historical_names"":[],""identifiers"":{}}","[""Snapshot context is not observation date or boundary date."",""Map geometry does not establish sovereignty or succession."",""Resolve historical identity before proposing entity-specific facts."",""Existing applicability intervals: []""]","35c5a20cdfaf4e7e7a788fd82d4c2b997e0fe878efe2392487968b8d61b9029f",""
"entity-honduras@1914/historical-flag","entity-honduras@1914","","Honduras","1914","historical-flag","MISSING","C","completely-empty","political-polity","true","[]","[]","[]","[]","{""map_identity_id"":""entity-honduras"",""aliases"":[],""historical_names"":[],""identifiers"":{}}","[""Snapshot context is not observation date or boundary date."",""Map geometry does not establish sovereignty or succession."",""Resolve historical identity before proposing entity-specific facts."",""Existing applicability intervals: []""]","35c5a20cdfaf4e7e7a788fd82d4c2b997e0fe878efe2392487968b8d61b9029f",""
"entity-honduras@1920/historical-flag","entity-honduras@1920","","Honduras","1920","historical-flag","MISSING","C","completely-empty","political-polity","true","[]","[]","[]","[]","{""map_identity_id"":""entity-honduras"",""aliases"":[],""historical_names"":[],""identifiers"":{}}","[""Snapshot context is not observation date or boundary date."",""Map geometry does not establish sovereignty or succession."",""Resolve historical identity before proposing entity-specific facts."",""Existing applicability intervals: []""]","35c5a20cdfaf4e7e7a788fd82d4c2b997e0fe878efe2392487968b8d61b9029f",""
"entity-honduras@1930/historical-flag","entity-honduras@1930","","Honduras","1930","historical-flag","MISSING","C","completely-empty","political-polity","true","[]","[]","[]","[]","{""map_identity_id"":""entity-honduras"",""aliases"":[],""historical_names"":[],""identifiers"":{}}","[""Snapshot context is not observation date or boundary date."",""Map geometry does not establish sovereignty or succession."",""Resolve historical identity before proposing entity-specific facts."",""Existing applicability intervals: []""]","35c5a20cdfaf4e7e7a788fd82d4c2b997e0fe878efe2392487968b8d61b9029f",""
"entity-honduras@1938/historical-flag","entity-honduras@1938","b10-honduras-carias","Honduras — Carías government","1938","historical-flag","MISSING","C","core-supported","political-polity","false","[]","[]","[]","[]","{""map_identity_id"":""entity-honduras"",""aliases"":[],""historical_names"":[{""value"":""Honduras — Carías government"",""kind"":""primary"",""validFrom"":""1934-01-01"",""validUntil"":""1949-01-01""}],""identifiers"":{}}","[""Snapshot context is not observation date or boundary date."",""Map geometry does not establish sovereignty or succession."",""Existing applicability intervals: []""]","35c5a20cdfaf4e7e7a788fd82d4c2b997e0fe878efe2392487968b8d61b9029f",""
"entity-honduras@1945/historical-flag","entity-honduras@1945","b10-honduras-carias","Honduras — Carías government","1945","historical-flag","MISSING","C","core-supported","political-polity","false","[]","[]","[]","[]","{""map_identity_id"":""entity-honduras"",""aliases"":[],""historical_names"":[{""value"":""Honduras — Carías government"",""kind"":""primary"",""validFrom"":""1934-01-01"",""validUntil"":""1949-01-01""}],""identifiers"":{}}","[""Snapshot context is not observation date or boundary date."",""Map geometry does not establish sovereignty or succession."",""Existing applicability intervals: []""]","35c5a20cdfaf4e7e7a788fd82d4c2b997e0fe878efe2392487968b8d61b9029f",""
"entity-honduras@1960/historical-flag","entity-honduras@1960","","Honduras","1960","historical-flag","MISSING","C","completely-empty","political-polity","true","[]","[]","[]","[]","{""map_identity_id"":""entity-honduras"",""aliases"":[],""historical_names"":[],""identifiers"":{}}","[""Snapshot context is not observation date or boundary date."",""Map geometry does not establish sovereignty or succession."",""Resolve historical identity before proposing entity-specific facts."",""Existing applicability intervals: []""]","35c5a20cdfaf4e7e7a788fd82d4c2b997e0fe878efe2392487968b8d61b9029f",""
"entity-hong-kong@1800/historical-flag","entity-hong-kong@1800","","Hong Kong","1800","historical-flag","MISSING","C","completely-empty","dependent-administration","true","[]","[]","[]","[]","{""map_identity_id"":""entity-hong-kong"",""aliases"":[],""historical_names"":[],""identifiers"":{}}","[""Snapshot context is not observation date or boundary date."",""Map geometry does not establish sovereignty or succession."",""Resolve historical identity before proposing entity-specific facts."",""Existing applicability intervals: []""]","35c5a20cdfaf4e7e7a788fd82d4c2b997e0fe878efe2392487968b8d61b9029f",""
"entity-hong-kong@1815/historical-flag","entity-hong-kong@1815","","Hong Kong","1815","historical-flag","MISSING","C","completely-empty","dependent-administration","true","[]","[]","[]","[]","{""map_identity_id"":""entity-hong-kong"",""aliases"":[],""historical_names"":[],""identifiers"":{}}","[""Snapshot context is not observation date or boundary date."",""Map geometry does not establish sovereignty or succession."",""Resolve historical identity before proposing entity-specific facts."",""Existing applicability intervals: []""]","35c5a20cdfaf4e7e7a788fd82d4c2b997e0fe878efe2392487968b8d61b9029f",""
"entity-hong-kong@1878/historical-flag","entity-hong-kong@1878","hong-kong-historical-administration","Hong Kong — historical administrations","1878","historical-flag","MISSING","C","partially-supported","dependent-administration","false","[]","[]","[]","[]","{""map_identity_id"":""entity-hong-kong"",""aliases"":[],""historical_names"":[{""value"":""Hong Kong — historical administrations"",""kind"":""primary"",""validFrom"":""1841-01-26"",""validUntil"":""1961-01-01""}],""identifiers"":{}}","[""Snapshot context is not observation date or boundary date."",""Map geometry does not establish sovereignty or succession."",""Existing applicability intervals: []""]","35c5a20cdfaf4e7e7a788fd82d4c2b997e0fe878efe2392487968b8d61b9029f",""
"entity-hong-kong@1880/historical-flag","entity-hong-kong@1880","hong-kong-historical-administration","Hong Kong — historical administrations","1880","historical-flag","MISSING","C","partially-supported","dependent-administration","false","[]","[]","[]","[]","{""map_identity_id"":""entity-hong-kong"",""aliases"":[],""historical_names"":[{""value"":""Hong Kong — historical administrations"",""kind"":""primary"",""validFrom"":""1841-01-26"",""validUntil"":""1961-01-01""}],""identifiers"":{}}","[""Snapshot context is not observation date or boundary date."",""Map geometry does not establish sovereignty or succession."",""Existing applicability intervals: []""]","35c5a20cdfaf4e7e7a788fd82d4c2b997e0fe878efe2392487968b8d61b9029f",""
"entity-hong-kong@1900/historical-flag","entity-hong-kong@1900","hong-kong-historical-administration","Hong Kong — historical administrations","1900","historical-flag","MISSING","C","partially-supported","dependent-administration","false","[]","[]","[]","[]","{""map_identity_id"":""entity-hong-kong"",""aliases"":[],""historical_names"":[{""value"":""Hong Kong — historical administrations"",""kind"":""primary"",""validFrom"":""1841-01-26"",""validUntil"":""1961-01-01""}],""identifiers"":{}}","[""Snapshot context is not observation date or boundary date."",""Map geometry does not establish sovereignty or succession."",""Existing applicability intervals: []""]","35c5a20cdfaf4e7e7a788fd82d4c2b997e0fe878efe2392487968b8d61b9029f",""
"entity-hong-kong@1914/historical-flag","entity-hong-kong@1914","hong-kong-historical-administration","Hong Kong — historical administrations","1914","historical-flag","MISSING","C","partially-supported","dependent-administration","false","[]","[]","[]","[]","{""map_identity_id"":""entity-hong-kong"",""aliases"":[],""historical_names"":[{""value"":""Hong Kong — historical administrations"",""kind"":""primary"",""validFrom"":""1841-01-26"",""validUntil"":""1961-01-01""}],""identifiers"":{}}","[""Snapshot context is not observation date or boundary date."",""Map geometry does not establish sovereignty or succession."",""Existing applicability intervals: []""]","35c5a20cdfaf4e7e7a788fd82d4c2b997e0fe878efe2392487968b8d61b9029f",""
"entity-hong-kong@1920/historical-flag","entity-hong-kong@1920","hong-kong-historical-administration","Hong Kong — historical administrations","1920","historical-flag","MISSING","C","partially-supported","dependent-administration","false","[]","[]","[]","[]","{""map_identity_id"":""entity-hong-kong"",""aliases"":[],""historical_names"":[{""value"":""Hong Kong — historical administrations"",""kind"":""primary"",""validFrom"":""1841-01-26"",""validUntil"":""1961-01-01""}],""identifiers"":{}}","[""Snapshot context is not observation date or boundary date."",""Map geometry does not establish sovereignty or succession."",""Existing applicability intervals: []""]","35c5a20cdfaf4e7e7a788fd82d4c2b997e0fe878efe2392487968b8d61b9029f",""
"entity-hong-kong@1930/historical-flag","entity-hong-kong@1930","hong-kong-historical-administration","Hong Kong — historical administrations","1930","historical-flag","MISSING","C","partially-supported","dependent-administration","false","[]","[]","[]","[]","{""map_identity_id"":""entity-hong-kong"",""aliases"":[],""historical_names"":[{""value"":""Hong Kong — historical administrations"",""kind"":""primary"",""validFrom"":""1841-01-26"",""validUntil"":""1961-01-01""}],""identifiers"":{}}","[""Snapshot context is not observation date or boundary date."",""Map geometry does not establish sovereignty or succession."",""Existing applicability intervals: []""]","35c5a20cdfaf4e7e7a788fd82d4c2b997e0fe878efe2392487968b8d61b9029f",""
"entity-hong-kong@1938/historical-flag","entity-hong-kong@1938","hong-kong-historical-administration","Hong Kong — historical administrations","1938","historical-flag","MISSING","C","partially-supported","dependent-administration","false","[]","[]","[]","[]","{""map_identity_id"":""entity-hong-kong"",""aliases"":[],""historical_names"":[{""value"":""Hong Kong — historical administrations"",""kind"":""primary"",""validFrom"":""1841-01-26"",""validUntil"":""1961-01-01""}],""identifiers"":{}}","[""Snapshot context is not observation date or boundary date."",""Map geometry does not establish sovereignty or succession."",""Existing applicability intervals: []""]","35c5a20cdfaf4e7e7a788fd82d4c2b997e0fe878efe2392487968b8d61b9029f",""
"entity-hong-kong@1945/historical-flag","entity-hong-kong@1945","hong-kong-historical-administration","Hong Kong — historical administrations","1945","historical-flag","MISSING","C","partially-supported","dependent-administration","false","[]","[]","[]","[]","{""map_identity_id"":""entity-hong-kong"",""aliases"":[],""historical_names"":[{""value"":""Hong Kong — historical administrations"",""kind"":""primary"",""validFrom"":""1841-01-26"",""validUntil"":""1961-01-01""}],""identifiers"":{}}","[""Snapshot context is not observation date or boundary date."",""Map geometry does not establish sovereignty or succession."",""Existing applicability intervals: []""]","35c5a20cdfaf4e7e7a788fd82d4c2b997e0fe878efe2392487968b8d61b9029f",""
"entity-hong-kong@1960/historical-flag","entity-hong-kong@1960","hong-kong-historical-administration","Hong Kong — historical administrations","1960","historical-flag","MISSING","C","partially-supported","dependent-administration","false","[]","[]","[]","[]","{""map_identity_id"":""entity-hong-kong"",""aliases"":[],""historical_names"":[{""value"":""Hong Kong — historical administrations"",""kind"":""primary"",""validFrom"":""1841-01-26"",""validUntil"":""1961-01-01""}],""identifiers"":{}}","[""Snapshot context is not observation date or boundary date."",""Map geometry does not establish sovereignty or succession."",""Existing applicability intervals: []""]","35c5a20cdfaf4e7e7a788fd82d4c2b997e0fe878efe2392487968b8d61b9029f",""
"entity-dominica@1800/historical-flag","entity-dominica@1800","","Dominica","1800","historical-flag","MISSING","C","completely-empty","dependent-administration","true","[]","[]","[]","[]","{""map_identity_id"":""entity-dominica"",""aliases"":[],""historical_names"":[],""identifiers"":{}}","[""Snapshot context is not observation date or boundary date."",""Map geometry does not establish sovereignty or succession."",""Resolve historical identity before proposing entity-specific facts."",""Existing applicability intervals: []""]","35c5a20cdfaf4e7e7a788fd82d4c2b997e0fe878efe2392487968b8d61b9029f",""
"entity-dominica@1815/historical-flag","entity-dominica@1815","","Dominica","1815","historical-flag","MISSING","C","completely-empty","dependent-administration","true","[]","[]","[]","[]","{""map_identity_id"":""entity-dominica"",""aliases"":[],""historical_names"":[],""identifiers"":{}}","[""Snapshot context is not observation date or boundary date."",""Map geometry does not establish sovereignty or succession."",""Resolve historical identity before proposing entity-specific facts."",""Existing applicability intervals: []""]","35c5a20cdfaf4e7e7a788fd82d4c2b997e0fe878efe2392487968b8d61b9029f",""
"entity-dominica@1878/historical-flag","entity-dominica@1878","b10-dominica-presidency","Dominica — Leeward Islands presidency","1878","historical-flag","MISSING","C","partially-supported","dependent-administration","false","[]","[]","[]","[]","{""map_identity_id"":""entity-dominica"",""aliases"":[],""historical_names"":[{""value"":""Dominica — Leeward Islands presidency"",""kind"":""primary"",""validFrom"":""1878-01-01"",""validUntil"":""1940-01-01""}],""identifiers"":{}}","[""Snapshot context is not observation date or boundary date."",""Map geometry does not establish sovereignty or succession."",""Existing applicability intervals: []""]","35c5a20cdfaf4e7e7a788fd82d4c2b997e0fe878efe2392487968b8d61b9029f",""
"entity-dominica@1880/historical-flag","entity-dominica@1880","b10-dominica-presidency","Dominica — Leeward Islands presidency","1880","historical-flag","MISSING","C","partially-supported","dependent-administration","false","[]","[]","[]","[]","{""map_identity_id"":""entity-dominica"",""aliases"":[],""historical_names"":[{""value"":""Dominica — Leeward Islands presidency"",""kind"":""primary"",""validFrom"":""1878-01-01"",""validUntil"":""1940-01-01""}],""identifiers"":{}}","[""Snapshot context is not observation date or boundary date."",""Map geometry does not establish sovereignty or succession."",""Existing applicability intervals: []""]","35c5a20cdfaf4e7e7a788fd82d4c2b997e0fe878efe2392487968b8d61b9029f",""
"entity-dominica@1900/historical-flag","entity-dominica@1900","b10-dominica-presidency","Dominica — Leeward Islands presidency","1900","historical-flag","MISSING","C","partially-supported","dependent-administration","false","[]","[]","[]","[]","{""map_identity_id"":""entity-dominica"",""aliases"":[],""historical_names"":[{""value"":""Dominica — Leeward Islands presidency"",""kind"":""primary"",""validFrom"":""1878-01-01"",""validUntil"":""1940-01-01""}],""identifiers"":{}}","[""Snapshot context is not observation date or boundary date."",""Map geometry does not establish sovereignty or succession."",""Existing applicability intervals: []""]","35c5a20cdfaf4e7e7a788fd82d4c2b997e0fe878efe2392487968b8d61b9029f",""
"entity-dominica@1914/historical-flag","entity-dominica@1914","b10-dominica-presidency","Dominica — Leeward Islands presidency","1914","historical-flag","MISSING","C","partially-supported","dependent-administration","false","[]","[]","[]","[]","{""map_identity_id"":""entity-dominica"",""aliases"":[],""historical_names"":[{""value"":""Dominica — Leeward Islands presidency"",""kind"":""primary"",""validFrom"":""1878-01-01"",""validUntil"":""1940-01-01""}],""identifiers"":{}}","[""Snapshot context is not observation date or boundary date."",""Map geometry does not establish sovereignty or succession."",""Existing applicability intervals: []""]","35c5a20cdfaf4e7e7a788fd82d4c2b997e0fe878efe2392487968b8d61b9029f",""
"entity-dominica@1920/historical-flag","entity-dominica@1920","b10-dominica-presidency","Dominica — Leeward Islands presidency","1920","historical-flag","MISSING","C","partially-supported","dependent-administration","false","[]","[]","[]","[]","{""map_identity_id"":""entity-dominica"",""aliases"":[],""historical_names"":[{""value"":""Dominica — Leeward Islands presidency"",""kind"":""primary"",""validFrom"":""1878-01-01"",""validUntil"":""1940-01-01""}],""identifiers"":{}}","[""Snapshot context is not observation date or boundary date."",""Map geometry does not establish sovereignty or succession."",""Existing applicability intervals: []""]","35c5a20cdfaf4e7e7a788fd82d4c2b997e0fe878efe2392487968b8d61b9029f",""
"entity-dominica@1930/historical-flag","entity-dominica@1930","b10-dominica-presidency","Dominica — Leeward Islands presidency","1930","historical-flag","MISSING","C","partially-supported","dependent-administration","false","[]","[]","[]","[]","{""map_identity_id"":""entity-dominica"",""aliases"":[],""historical_names"":[{""value"":""Dominica — Leeward Islands presidency"",""kind"":""primary"",""validFrom"":""1878-01-01"",""validUntil"":""1940-01-01""}],""identifiers"":{}}","[""Snapshot context is not observation date or boundary date."",""Map geometry does not establish sovereignty or succession."",""Existing applicability intervals: []""]","35c5a20cdfaf4e7e7a788fd82d4c2b997e0fe878efe2392487968b8d61b9029f",""
"entity-dominica@1938/historical-flag","entity-dominica@1938","b10-dominica-presidency","Dominica — Leeward Islands presidency","1938","historical-flag","MISSING","C","partially-supported","dependent-administration","false","[]","[]","[]","[]","{""map_identity_id"":""entity-dominica"",""aliases"":[],""historical_names"":[{""value"":""Dominica — Leeward Islands presidency"",""kind"":""primary"",""validFrom"":""1878-01-01"",""validUntil"":""1940-01-01""}],""identifiers"":{}}","[""Snapshot context is not observation date or boundary date."",""Map geometry does not establish sovereignty or succession."",""Existing applicability intervals: []""]","35c5a20cdfaf4e7e7a788fd82d4c2b997e0fe878efe2392487968b8d61b9029f",""
"entity-dominica@1945/historical-flag","entity-dominica@1945","","Dominica","1945","historical-flag","MISSING","C","completely-empty","dependent-administration","true","[]","[]","[]","[]","{""map_identity_id"":""entity-dominica"",""aliases"":[],""historical_names"":[],""identifiers"":{}}","[""Snapshot context is not observation date or boundary date."",""Map geometry does not establish sovereignty or succession."",""Resolve historical identity before proposing entity-specific facts."",""Existing applicability intervals: []""]","35c5a20cdfaf4e7e7a788fd82d4c2b997e0fe878efe2392487968b8d61b9029f",""
"entity-samoa@1878/historical-flag","entity-samoa@1878","","Samoa","1878","historical-flag","MISSING","C","held-ambiguous","dependent-administration","true","[]","[]","[]","[]","{""map_identity_id"":""entity-samoa"",""aliases"":[],""historical_names"":[],""identifiers"":{}}","[""Snapshot context is not observation date or boundary date."",""Map geometry does not establish sovereignty or succession."",""Resolve historical identity before proposing entity-specific facts."",""Existing applicability intervals: []""]","35c5a20cdfaf4e7e7a788fd82d4c2b997e0fe878efe2392487968b8d61b9029f",""
"entity-samoa@1880/historical-flag","entity-samoa@1880","","Samoa","1880","historical-flag","MISSING","C","held-ambiguous","dependent-administration","true","[]","[]","[]","[]","{""map_identity_id"":""entity-samoa"",""aliases"":[],""historical_names"":[],""identifiers"":{}}","[""Snapshot context is not observation date or boundary date."",""Map geometry does not establish sovereignty or succession."",""Resolve historical identity before proposing entity-specific facts."",""Existing applicability intervals: []""]","35c5a20cdfaf4e7e7a788fd82d4c2b997e0fe878efe2392487968b8d61b9029f",""
"entity-samoa@1900/historical-flag","entity-samoa@1900","","Samoa","1900","historical-flag","MISSING","C","held-ambiguous","dependent-administration","true","[]","[]","[]","[]","{""map_identity_id"":""entity-samoa"",""aliases"":[],""historical_names"":[],""identifiers"":{}}","[""Snapshot context is not observation date or boundary date."",""Map geometry does not establish sovereignty or succession."",""Resolve historical identity before proposing entity-specific facts."",""Existing applicability intervals: []""]","35c5a20cdfaf4e7e7a788fd82d4c2b997e0fe878efe2392487968b8d61b9029f",""
"entity-samoa@1914/historical-flag","entity-samoa@1914","","Samoa","1914","historical-flag","MISSING","C","held-ambiguous","dependent-administration","true","[]","[]","[]","[]","{""map_identity_id"":""entity-samoa"",""aliases"":[],""historical_names"":[],""identifiers"":{}}","[""Snapshot context is not observation date or boundary date."",""Map geometry does not establish sovereignty or succession."",""Resolve historical identity before proposing entity-specific facts."",""Existing applicability intervals: []""]","35c5a20cdfaf4e7e7a788fd82d4c2b997e0fe878efe2392487968b8d61b9029f",""
"entity-samoa@1920/historical-flag","entity-samoa@1920","samoa-nz-military-core","Western Samoa — New Zealand military occupation","1920","historical-flag","MISSING","C","held-ambiguous","dependent-administration","false","[]","[]","[]","[]","{""map_identity_id"":""entity-samoa"",""aliases"":[],""historical_names"":[{""value"":""Western Samoa — New Zealand military occupation"",""kind"":""primary"",""validFrom"":""1914-08-29"",""validUntil"":""1920-05-01""}],""identifiers"":{}}","[""Snapshot context is not observation date or boundary date."",""Map geometry does not establish sovereignty or succession."",""Existing applicability intervals: []""]","35c5a20cdfaf4e7e7a788fd82d4c2b997e0fe878efe2392487968b8d61b9029f",""
"entity-samoa@1930/historical-flag","entity-samoa@1930","samoa-nz-mandate-core","Western Samoa — League of Nations mandate","1930","historical-flag","MISSING","C","partially-supported","dependent-administration","false","[]","[]","[]","[]","{""map_identity_id"":""entity-samoa"",""aliases"":[],""historical_names"":[{""value"":""Western Samoa — League of Nations mandate"",""kind"":""primary"",""validFrom"":""1921-01-01"",""validUntil"":""1946-01-01""}],""identifiers"":{}}","[""Snapshot context is not observation date or boundary date."",""Map geometry does not establish sovereignty or succession."",""Existing applicability intervals: []""]","35c5a20cdfaf4e7e7a788fd82d4c2b997e0fe878efe2392487968b8d61b9029f",""
"entity-samoa@1938/historical-flag","entity-samoa@1938","samoa-nz-mandate-core","Western Samoa — League of Nations mandate","1938","historical-flag","MISSING","C","partially-supported","dependent-administration","false","[]","[]","[]","[]","{""map_identity_id"":""entity-samoa"",""aliases"":[],""historical_names"":[{""value"":""Western Samoa — League of Nations mandate"",""kind"":""primary"",""validFrom"":""1921-01-01"",""validUntil"":""1946-01-01""}],""identifiers"":{}}","[""Snapshot context is not observation date or boundary date."",""Map geometry does not establish sovereignty or succession."",""Existing applicability intervals: []""]","35c5a20cdfaf4e7e7a788fd82d4c2b997e0fe878efe2392487968b8d61b9029f",""
"entity-samoa@1945/historical-flag","entity-samoa@1945","samoa-nz-mandate-core","Western Samoa — League of Nations mandate","1945","historical-flag","MISSING","C","partially-supported","dependent-administration","false","[]","[]","[]","[]","{""map_identity_id"":""entity-samoa"",""aliases"":[],""historical_names"":[{""value"":""Western Samoa — League of Nations mandate"",""kind"":""primary"",""validFrom"":""1921-01-01"",""validUntil"":""1946-01-01""}],""identifiers"":{}}","[""Snapshot context is not observation date or boundary date."",""Map geometry does not establish sovereignty or succession."",""Existing applicability intervals: []""]","35c5a20cdfaf4e7e7a788fd82d4c2b997e0fe878efe2392487968b8d61b9029f",""
"entity-samoa@1960/historical-flag","entity-samoa@1960","samoa-self-government-1960-core","Western Samoa — cabinet government within trusteeship","1960","historical-flag","MISSING","C","partially-supported","dependent-administration","false","[]","[]","[]","[]","{""map_identity_id"":""entity-samoa"",""aliases"":[],""historical_names"":[{""value"":""Western Samoa — cabinet government within trusteeship"",""kind"":""primary"",""validFrom"":""1960-01-01"",""validUntil"":""1961-01-01""}],""identifiers"":{}}","[""Snapshot context is not observation date or boundary date."",""Map geometry does not establish sovereignty or succession."",""Existing applicability intervals: []""]","35c5a20cdfaf4e7e7a788fd82d4c2b997e0fe878efe2392487968b8d61b9029f",""
"entity-saint-kitts-and-nevis@1815/historical-flag","entity-saint-kitts-and-nevis@1815","","Saint Kitts and Nevis","1815","historical-flag","MISSING","C","held-ambiguous","dependent-administration","true","[]","[]","[]","[]","{""map_identity_id"":""entity-saint-kitts-and-nevis"",""aliases"":[],""historical_names"":[],""identifiers"":{}}","[""Snapshot context is not observation date or boundary date."",""Map geometry does not establish sovereignty or succession."",""Resolve historical identity before proposing entity-specific facts."",""Existing applicability intervals: []""]","35c5a20cdfaf4e7e7a788fd82d4c2b997e0fe878efe2392487968b8d61b9029f",""
"entity-saint-kitts-and-nevis@1878/historical-flag","entity-saint-kitts-and-nevis@1878","","Saint Kitts and Nevis","1878","historical-flag","MISSING","C","held-ambiguous","dependent-administration","true","[]","[]","[]","[]","{""map_identity_id"":""entity-saint-kitts-and-nevis"",""aliases"":[],""historical_names"":[],""identifiers"":{}}","[""Snapshot context is not observation date or boundary date."",""Map geometry does not establish sovereignty or succession."",""Resolve historical identity before proposing entity-specific facts."",""Existing applicability intervals: []""]","35c5a20cdfaf4e7e7a788fd82d4c2b997e0fe878efe2392487968b8d61b9029f",""
"entity-saint-kitts-and-nevis@1880/historical-flag","entity-saint-kitts-and-nevis@1880","","Saint Kitts and Nevis","1880","historical-flag","MISSING","C","held-ambiguous","dependent-administration","true","[]","[]","[]","[]","{""map_identity_id"":""entity-saint-kitts-and-nevis"",""aliases"":[],""historical_names"":[],""identifiers"":{}}","[""Snapshot context is not observation date or boundary date."",""Map geometry does not establish sovereignty or succession."",""Resolve historical identity before proposing entity-specific facts."",""Existing applicability intervals: []""]","35c5a20cdfaf4e7e7a788fd82d4c2b997e0fe878efe2392487968b8d61b9029f",""
"entity-saint-kitts-and-nevis@1900/historical-flag","entity-saint-kitts-and-nevis@1900","b11-saint-kitts-nevis-union","Saint Christopher, Nevis and Anguilla — colonial union","1900","historical-flag","MISSING","C","partially-supported","dependent-administration","false","[]","[]","[]","[]","{""map_identity_id"":""entity-saint-kitts-and-nevis"",""aliases"":[],""historical_names"":[{""value"":""Saint Christopher, Nevis and Anguilla — colonial union"",""kind"":""primary"",""validFrom"":""1883-01-01"",""validUntil"":""1947-01-01""}],""identifiers"":{}}","[""Snapshot context is not observation date or boundary date."",""Map geometry does not establish sovereignty or succession."",""Existing applicability intervals: []""]","35c5a20cdfaf4e7e7a788fd82d4c2b997e0fe878efe2392487968b8d61b9029f",""
"entity-saint-kitts-and-nevis@1914/historical-flag","entity-saint-kitts-and-nevis@1914","b11-saint-kitts-nevis-union","Saint Christopher, Nevis and Anguilla — colonial union","1914","historical-flag","MISSING","C","partially-supported","dependent-administration","false","[]","[]","[]","[]","{""map_identity_id"":""entity-saint-kitts-and-nevis"",""aliases"":[],""historical_names"":[{""value"":""Saint Christopher, Nevis and Anguilla — colonial union"",""kind"":""primary"",""validFrom"":""1883-01-01"",""validUntil"":""1947-01-01""}],""identifiers"":{}}","[""Snapshot context is not observation date or boundary date."",""Map geometry does not establish sovereignty or succession."",""Existing applicability intervals: []""]","35c5a20cdfaf4e7e7a788fd82d4c2b997e0fe878efe2392487968b8d61b9029f",""
"entity-saint-kitts-and-nevis@1920/historical-flag","entity-saint-kitts-and-nevis@1920","b11-saint-kitts-nevis-union","Saint Christopher, Nevis and Anguilla — colonial union","1920","historical-flag","MISSING","C","partially-supported","dependent-administration","false","[]","[]","[]","[]","{""map_identity_id"":""entity-saint-kitts-and-nevis"",""aliases"":[],""historical_names"":[{""value"":""Saint Christopher, Nevis and Anguilla — colonial union"",""kind"":""primary"",""validFrom"":""1883-01-01"",""validUntil"":""1947-01-01""}],""identifiers"":{}}","[""Snapshot context is not observation date or boundary date."",""Map geometry does not establish sovereignty or succession."",""Existing applicability intervals: []""]","35c5a20cdfaf4e7e7a788fd82d4c2b997e0fe878efe2392487968b8d61b9029f",""
"entity-saint-kitts-and-nevis@1930/historical-flag","entity-saint-kitts-and-nevis@1930","b11-saint-kitts-nevis-union","Saint Christopher, Nevis and Anguilla — colonial union","1930","historical-flag","MISSING","C","partially-supported","dependent-administration","false","[]","[]","[]","[]","{""map_identity_id"":""entity-saint-kitts-and-nevis"",""aliases"":[],""historical_names"":[{""value"":""Saint Christopher, Nevis and Anguilla — colonial union"",""kind"":""primary"",""validFrom"":""1883-01-01"",""validUntil"":""1947-01-01""}],""identifiers"":{}}","[""Snapshot context is not observation date or boundary date."",""Map geometry does not establish sovereignty or succession."",""Existing applicability intervals: []""]","35c5a20cdfaf4e7e7a788fd82d4c2b997e0fe878efe2392487968b8d61b9029f",""
"entity-saint-kitts-and-nevis@1938/historical-flag","entity-saint-kitts-and-nevis@1938","b11-saint-kitts-nevis-union","Saint Christopher, Nevis and Anguilla — colonial union","1938","historical-flag","MISSING","C","partially-supported","dependent-administration","false","[]","[]","[]","[]","{""map_identity_id"":""entity-saint-kitts-and-nevis"",""aliases"":[],""historical_names"":[{""value"":""Saint Christopher, Nevis and Anguilla — colonial union"",""kind"":""primary"",""validFrom"":""1883-01-01"",""validUntil"":""1947-01-01""}],""identifiers"":{}}","[""Snapshot context is not observation date or boundary date."",""Map geometry does not establish sovereignty or succession."",""Existing applicability intervals: []""]","35c5a20cdfaf4e7e7a788fd82d4c2b997e0fe878efe2392487968b8d61b9029f",""
"entity-saint-kitts-and-nevis@1945/historical-flag","entity-saint-kitts-and-nevis@1945","b11-saint-kitts-nevis-union","Saint Christopher, Nevis and Anguilla — colonial union","1945","historical-flag","MISSING","C","partially-supported","dependent-administration","false","[]","[]","[]","[]","{""map_identity_id"":""entity-saint-kitts-and-nevis"",""aliases"":[],""historical_names"":[{""value"":""Saint Christopher, Nevis and Anguilla — colonial union"",""kind"":""primary"",""validFrom"":""1883-01-01"",""validUntil"":""1947-01-01""}],""identifiers"":{}}","[""Snapshot context is not observation date or boundary date."",""Map geometry does not establish sovereignty or succession."",""Existing applicability intervals: []""]","35c5a20cdfaf4e7e7a788fd82d4c2b997e0fe878efe2392487968b8d61b9029f",""
"entity-niue@1878/historical-flag","entity-niue@1878","","Niue","1878","historical-flag","MISSING","C","held-ambiguous","dependent-administration","true","[]","[]","[]","[]","{""map_identity_id"":""entity-niue"",""aliases"":[],""historical_names"":[],""identifiers"":{}}","[""Snapshot context is not observation date or boundary date."",""Map geometry does not establish sovereignty or succession."",""Resolve historical identity before proposing entity-specific facts."",""Existing applicability intervals: []""]","35c5a20cdfaf4e7e7a788fd82d4c2b997e0fe878efe2392487968b8d61b9029f",""
"entity-niue@1880/historical-flag","entity-niue@1880","","Niue","1880","historical-flag","MISSING","C","held-ambiguous","dependent-administration","true","[]","[]","[]","[]","{""map_identity_id"":""entity-niue"",""aliases"":[],""historical_names"":[],""identifiers"":{}}","[""Snapshot context is not observation date or boundary date."",""Map geometry does not establish sovereignty or succession."",""Resolve historical identity before proposing entity-specific facts."",""Existing applicability intervals: []""]","35c5a20cdfaf4e7e7a788fd82d4c2b997e0fe878efe2392487968b8d61b9029f",""
"entity-niue@1900/historical-flag","entity-niue@1900","","Niue","1900","historical-flag","MISSING","C","held-ambiguous","dependent-administration","true","[]","[]","[]","[]","{""map_identity_id"":""entity-niue"",""aliases"":[],""historical_names"":[],""identifiers"":{}}","[""Snapshot context is not observation date or boundary date."",""Map geometry does not establish sovereignty or succession."",""Resolve historical identity before proposing entity-specific facts."",""Existing applicability intervals: []""]","35c5a20cdfaf4e7e7a788fd82d4c2b997e0fe878efe2392487968b8d61b9029f",""
"entity-niue@1914/historical-flag","entity-niue@1914","niue-nz-administration-core","Niue — New Zealand dependency","1914","historical-flag","MISSING","C","partially-supported","dependent-administration","false","[]","[]","[]","[]","{""map_identity_id"":""entity-niue"",""aliases"":[],""historical_names"":[{""value"":""Niue — New Zealand dependency"",""kind"":""primary"",""validFrom"":""1902-01-01"",""validUntil"":""1961-01-01""}],""identifiers"":{}}","[""Snapshot context is not observation date or boundary date."",""Map geometry does not establish sovereignty or succession."",""Existing applicability intervals: []""]","35c5a20cdfaf4e7e7a788fd82d4c2b997e0fe878efe2392487968b8d61b9029f",""
"entity-niue@1920/historical-flag","entity-niue@1920","niue-nz-administration-core","Niue — New Zealand dependency","1920","historical-flag","MISSING","C","partially-supported","dependent-administration","false","[]","[]","[]","[]","{""map_identity_id"":""entity-niue"",""aliases"":[],""historical_names"":[{""value"":""Niue — New Zealand dependency"",""kind"":""primary"",""validFrom"":""1902-01-01"",""validUntil"":""1961-01-01""}],""identifiers"":{}}","[""Snapshot context is not observation date or boundary date."",""Map geometry does not establish sovereignty or succession."",""Existing applicability intervals: []""]","35c5a20cdfaf4e7e7a788fd82d4c2b997e0fe878efe2392487968b8d61b9029f",""
"entity-niue@1930/historical-flag","entity-niue@1930","niue-nz-administration-core","Niue — New Zealand dependency","1930","historical-flag","MISSING","C","partially-supported","dependent-administration","false","[]","[]","[]","[]","{""map_identity_id"":""entity-niue"",""aliases"":[],""historical_names"":[{""value"":""Niue — New Zealand dependency"",""kind"":""primary"",""validFrom"":""1902-01-01"",""validUntil"":""1961-01-01""}],""identifiers"":{}}","[""Snapshot context is not observation date or boundary date."",""Map geometry does not establish sovereignty or succession."",""Existing applicability intervals: []""]","35c5a20cdfaf4e7e7a788fd82d4c2b997e0fe878efe2392487968b8d61b9029f",""
"entity-niue@1938/historical-flag","entity-niue@1938","niue-nz-administration-core","Niue — New Zealand dependency","1938","historical-flag","MISSING","C","partially-supported","dependent-administration","false","[]","[]","[]","[]","{""map_identity_id"":""entity-niue"",""aliases"":[],""historical_names"":[{""value"":""Niue — New Zealand dependency"",""kind"":""primary"",""validFrom"":""1902-01-01"",""validUntil"":""1961-01-01""}],""identifiers"":{}}","[""Snapshot context is not observation date or boundary date."",""Map geometry does not establish sovereignty or succession."",""Existing applicability intervals: []""]","35c5a20cdfaf4e7e7a788fd82d4c2b997e0fe878efe2392487968b8d61b9029f",""
"entity-niue@1945/historical-flag","entity-niue@1945","niue-nz-administration-core","Niue — New Zealand dependency","1945","historical-flag","MISSING","C","partially-supported","dependent-administration","false","[]","[]","[]","[]","{""map_identity_id"":""entity-niue"",""aliases"":[],""historical_names"":[{""value"":""Niue — New Zealand dependency"",""kind"":""primary"",""validFrom"":""1902-01-01"",""validUntil"":""1961-01-01""}],""identifiers"":{}}","[""Snapshot context is not observation date or boundary date."",""Map geometry does not establish sovereignty or succession."",""Existing applicability intervals: []""]","35c5a20cdfaf4e7e7a788fd82d4c2b997e0fe878efe2392487968b8d61b9029f",""
"entity-niue@1960/historical-flag","entity-niue@1960","niue-nz-administration-core","Niue — New Zealand dependency","1960","historical-flag","MISSING","C","partially-supported","dependent-administration","false","[]","[]","[]","[]","{""map_identity_id"":""entity-niue"",""aliases"":[],""historical_names"":[{""value"":""Niue — New Zealand dependency"",""kind"":""primary"",""validFrom"":""1902-01-01"",""validUntil"":""1961-01-01""}],""identifiers"":{}}","[""Snapshot context is not observation date or boundary date."",""Map geometry does not establish sovereignty or succession."",""Existing applicability intervals: []""]","35c5a20cdfaf4e7e7a788fd82d4c2b997e0fe878efe2392487968b8d61b9029f",""
"entity-american-samoa@1878/historical-flag","entity-american-samoa@1878","","American Samoa","1878","historical-flag","MISSING","C","held-ambiguous","dependent-administration","true","[]","[]","[]","[]","{""map_identity_id"":""entity-american-samoa"",""aliases"":[],""historical_names"":[],""identifiers"":{}}","[""Snapshot context is not observation date or boundary date."",""Map geometry does not establish sovereignty or succession."",""Resolve historical identity before proposing entity-specific facts."",""Existing applicability intervals: []""]","35c5a20cdfaf4e7e7a788fd82d4c2b997e0fe878efe2392487968b8d61b9029f",""
"entity-american-samoa@1880/historical-flag","entity-american-samoa@1880","","American Samoa","1880","historical-flag","MISSING","C","held-ambiguous","dependent-administration","true","[]","[]","[]","[]","{""map_identity_id"":""entity-american-samoa"",""aliases"":[],""historical_names"":[],""identifiers"":{}}","[""Snapshot context is not observation date or boundary date."",""Map geometry does not establish sovereignty or succession."",""Resolve historical identity before proposing entity-specific facts."",""Existing applicability intervals: []""]","35c5a20cdfaf4e7e7a788fd82d4c2b997e0fe878efe2392487968b8d61b9029f",""
"entity-american-samoa@1900/historical-flag","entity-american-samoa@1900","","American Samoa","1900","historical-flag","MISSING","C","held-ambiguous","dependent-administration","true","[]","[]","[]","[]","{""map_identity_id"":""entity-american-samoa"",""aliases"":[],""historical_names"":[],""identifiers"":{}}","[""Snapshot context is not observation date or boundary date."",""Map geometry does not establish sovereignty or succession."",""Resolve historical identity before proposing entity-specific facts."",""Existing applicability intervals: []""]","35c5a20cdfaf4e7e7a788fd82d4c2b997e0fe878efe2392487968b8d61b9029f",""
"entity-american-samoa@1914/historical-flag","entity-american-samoa@1914","american-samoa-naval-core","American Samoa — naval territorial administration","1914","historical-flag","MISSING","C","partially-supported","dependent-administration","false","[]","[]","[]","[]","{""map_identity_id"":""entity-american-samoa"",""aliases"":[],""historical_names"":[{""value"":""American Samoa — naval territorial administration"",""kind"":""primary"",""validFrom"":""1905-01-01"",""validUntil"":""1951-01-01""}],""identifiers"":{}}","[""Snapshot context is not observation date or boundary date."",""Map geometry does not establish sovereignty or succession."",""Existing applicability intervals: []""]","35c5a20cdfaf4e7e7a788fd82d4c2b997e0fe878efe2392487968b8d61b9029f",""
"entity-american-samoa@1920/historical-flag","entity-american-samoa@1920","american-samoa-naval-core","American Samoa — naval territorial administration","1920","historical-flag","MISSING","C","partially-supported","dependent-administration","false","[]","[]","[]","[]","{""map_identity_id"":""entity-american-samoa"",""aliases"":[],""historical_names"":[{""value"":""American Samoa — naval territorial administration"",""kind"":""primary"",""validFrom"":""1905-01-01"",""validUntil"":""1951-01-01""}],""identifiers"":{}}","[""Snapshot context is not observation date or boundary date."",""Map geometry does not establish sovereignty or succession."",""Existing applicability intervals: []""]","35c5a20cdfaf4e7e7a788fd82d4c2b997e0fe878efe2392487968b8d61b9029f",""
"entity-american-samoa@1930/historical-flag","entity-american-samoa@1930","american-samoa-naval-core","American Samoa — naval territorial administration","1930","historical-flag","MISSING","C","partially-supported","dependent-administration","false","[]","[]","[]","[]","{""map_identity_id"":""entity-american-samoa"",""aliases"":[],""historical_names"":[{""value"":""American Samoa — naval territorial administration"",""kind"":""primary"",""validFrom"":""1905-01-01"",""validUntil"":""1951-01-01""}],""identifiers"":{}}","[""Snapshot context is not observation date or boundary date."",""Map geometry does not establish sovereignty or succession."",""Existing applicability intervals: []""]","35c5a20cdfaf4e7e7a788fd82d4c2b997e0fe878efe2392487968b8d61b9029f",""
"entity-american-samoa@1938/historical-flag","entity-american-samoa@1938","american-samoa-naval-core","American Samoa — naval territorial administration","1938","historical-flag","MISSING","C","partially-supported","dependent-administration","false","[]","[]","[]","[]","{""map_identity_id"":""entity-american-samoa"",""aliases"":[],""historical_names"":[{""value"":""American Samoa — naval territorial administration"",""kind"":""primary"",""validFrom"":""1905-01-01"",""validUntil"":""1951-01-01""}],""identifiers"":{}}","[""Snapshot context is not observation date or boundary date."",""Map geometry does not establish sovereignty or succession."",""Existing applicability intervals: []""]","35c5a20cdfaf4e7e7a788fd82d4c2b997e0fe878efe2392487968b8d61b9029f",""
"entity-american-samoa@1945/historical-flag","entity-american-samoa@1945","american-samoa-naval-core","American Samoa — naval territorial administration","1945","historical-flag","MISSING","C","partially-supported","dependent-administration","false","[]","[]","[]","[]","{""map_identity_id"":""entity-american-samoa"",""aliases"":[],""historical_names"":[{""value"":""American Samoa — naval territorial administration"",""kind"":""primary"",""validFrom"":""1905-01-01"",""validUntil"":""1951-01-01""}],""identifiers"":{}}","[""Snapshot context is not observation date or boundary date."",""Map geometry does not establish sovereignty or succession."",""Existing applicability intervals: []""]","35c5a20cdfaf4e7e7a788fd82d4c2b997e0fe878efe2392487968b8d61b9029f",""
"entity-american-samoa@1960/historical-flag","entity-american-samoa@1960","american-samoa-interior-1960-core","American Samoa — Interior administration in 1960","1960","historical-flag","MISSING","C","partially-supported","dependent-administration","false","[]","[]","[]","[]","{""map_identity_id"":""entity-american-samoa"",""aliases"":[],""historical_names"":[{""value"":""American Samoa — Interior administration in 1960"",""kind"":""primary"",""validFrom"":""1960-01-01"",""validUntil"":""1961-01-01""}],""identifiers"":{}}","[""Snapshot context is not observation date or boundary date."",""Map geometry does not establish sovereignty or succession."",""Existing applicability intervals: []""]","35c5a20cdfaf4e7e7a788fd82d4c2b997e0fe878efe2392487968b8d61b9029f",""
"entity-french-guiana@1878/historical-flag","entity-french-guiana@1878","french-guiana-colonial-framework","French Guiana — colonial government","1878","historical-flag","MISSING","C","partially-supported","dependent-administration","false","[]","[]","[]","[]","{""map_identity_id"":""entity-french-guiana"",""aliases"":[],""historical_names"":[{""value"":""French Guiana — colonial government"",""kind"":""primary"",""validFrom"":""1878-01-01"",""validUntil"":""1930-01-01""}],""identifiers"":{}}","[""Snapshot context is not observation date or boundary date."",""Map geometry does not establish sovereignty or succession."",""Existing applicability intervals: []""]","35c5a20cdfaf4e7e7a788fd82d4c2b997e0fe878efe2392487968b8d61b9029f",""
"entity-french-guiana@1880/historical-flag","entity-french-guiana@1880","french-guiana-colonial-framework","French Guiana — colonial government","1880","historical-flag","MISSING","C","partially-supported","dependent-administration","false","[]","[]","[]","[]","{""map_identity_id"":""entity-french-guiana"",""aliases"":[],""historical_names"":[{""value"":""French Guiana — colonial government"",""kind"":""primary"",""validFrom"":""1878-01-01"",""validUntil"":""1930-01-01""}],""identifiers"":{}}","[""Snapshot context is not observation date or boundary date."",""Map geometry does not establish sovereignty or succession."",""Existing applicability intervals: []""]","35c5a20cdfaf4e7e7a788fd82d4c2b997e0fe878efe2392487968b8d61b9029f",""
"entity-french-guiana@1900/historical-flag","entity-french-guiana@1900","french-guiana-colonial-framework","French Guiana — colonial government","1900","historical-flag","MISSING","C","partially-supported","dependent-administration","false","[]","[]","[]","[]","{""map_identity_id"":""entity-french-guiana"",""aliases"":[],""historical_names"":[{""value"":""French Guiana — colonial government"",""kind"":""primary"",""validFrom"":""1878-01-01"",""validUntil"":""1930-01-01""}],""identifiers"":{}}","[""Snapshot context is not observation date or boundary date."",""Map geometry does not establish sovereignty or succession."",""Existing applicability intervals: []""]","35c5a20cdfaf4e7e7a788fd82d4c2b997e0fe878efe2392487968b8d61b9029f",""
"entity-french-guiana@1914/historical-flag","entity-french-guiana@1914","french-guiana-colonial-framework","French Guiana — colonial government","1914","historical-flag","MISSING","C","partially-supported","dependent-administration","false","[]","[]","[]","[]","{""map_identity_id"":""entity-french-guiana"",""aliases"":[],""historical_names"":[{""value"":""French Guiana — colonial government"",""kind"":""primary"",""validFrom"":""1878-01-01"",""validUntil"":""1930-01-01""}],""identifiers"":{}}","[""Snapshot context is not observation date or boundary date."",""Map geometry does not establish sovereignty or succession."",""Existing applicability intervals: []""]","35c5a20cdfaf4e7e7a788fd82d4c2b997e0fe878efe2392487968b8d61b9029f",""
"entity-french-guiana@1920/historical-flag","entity-french-guiana@1920","french-guiana-colonial-framework","French Guiana — colonial government","1920","historical-flag","MISSING","C","partially-supported","dependent-administration","false","[]","[]","[]","[]","{""map_identity_id"":""entity-french-guiana"",""aliases"":[],""historical_names"":[{""value"":""French Guiana — colonial government"",""kind"":""primary"",""validFrom"":""1878-01-01"",""validUntil"":""1930-01-01""}],""identifiers"":{}}","[""Snapshot context is not observation date or boundary date."",""Map geometry does not establish sovereignty or succession."",""Existing applicability intervals: []""]","35c5a20cdfaf4e7e7a788fd82d4c2b997e0fe878efe2392487968b8d61b9029f",""
"entity-french-guiana@1930/historical-flag","entity-french-guiana@1930","","French Guiana","1930","historical-flag","MISSING","C","completely-empty","dependent-administration","true","[]","[]","[]","[]","{""map_identity_id"":""entity-french-guiana"",""aliases"":[],""historical_names"":[],""identifiers"":{}}","[""Snapshot context is not observation date or boundary date."",""Map geometry does not establish sovereignty or succession."",""Resolve historical identity before proposing entity-specific facts."",""Existing applicability intervals: []""]","35c5a20cdfaf4e7e7a788fd82d4c2b997e0fe878efe2392487968b8d61b9029f",""
"entity-french-guiana@1938/historical-flag","entity-french-guiana@1938","","French Guiana","1938","historical-flag","MISSING","C","completely-empty","dependent-administration","true","[]","[]","[]","[]","{""map_identity_id"":""entity-french-guiana"",""aliases"":[],""historical_names"":[],""identifiers"":{}}","[""Snapshot context is not observation date or boundary date."",""Map geometry does not establish sovereignty or succession."",""Resolve historical identity before proposing entity-specific facts."",""Existing applicability intervals: []""]","35c5a20cdfaf4e7e7a788fd82d4c2b997e0fe878efe2392487968b8d61b9029f",""
"entity-french-guiana@1945/historical-flag","entity-french-guiana@1945","","French Guiana","1945","historical-flag","MISSING","C","completely-empty","dependent-administration","true","[]","[]","[]","[]","{""map_identity_id"":""entity-french-guiana"",""aliases"":[],""historical_names"":[],""identifiers"":{}}","[""Snapshot context is not observation date or boundary date."",""Map geometry does not establish sovereignty or succession."",""Resolve historical identity before proposing entity-specific facts."",""Existing applicability intervals: []""]","35c5a20cdfaf4e7e7a788fd82d4c2b997e0fe878efe2392487968b8d61b9029f",""
"entity-french-guiana@1960/historical-flag","entity-french-guiana@1960","french-guiana-departmental-framework","French Guiana — French departmental government","1960","historical-flag","MISSING","C","partially-supported","dependent-administration","false","[]","[]","[]","[]","{""map_identity_id"":""entity-french-guiana"",""aliases"":[],""historical_names"":[{""value"":""French Guiana — French departmental government"",""kind"":""primary"",""validFrom"":""1948-01-01"",""validUntil"":""1961-01-01""}],""identifiers"":{}}","[""Snapshot context is not observation date or boundary date."",""Map geometry does not establish sovereignty or succession."",""Existing applicability intervals: []""]","35c5a20cdfaf4e7e7a788fd82d4c2b997e0fe878efe2392487968b8d61b9029f",""
"entity-saint-barthelemy@1800/historical-flag","entity-saint-barthelemy@1800","","Saint Barthelemy","1800","historical-flag","MISSING","C","completely-empty","dependent-administration","true","[]","[]","[]","[]","{""map_identity_id"":""entity-saint-barthelemy"",""aliases"":[],""historical_names"":[],""identifiers"":{}}","[""Snapshot context is not observation date or boundary date."",""Map geometry does not establish sovereignty or succession."",""Resolve historical identity before proposing entity-specific facts."",""Existing applicability intervals: []""]","35c5a20cdfaf4e7e7a788fd82d4c2b997e0fe878efe2392487968b8d61b9029f",""
"entity-saint-barthelemy@1815/historical-flag","entity-saint-barthelemy@1815","b11-saint-barthelemy-swedish","Saint-Barthélemy — Swedish colony","1815","historical-flag","MISSING","C","partially-supported","dependent-administration","false","[]","[]","[]","[]","{""map_identity_id"":""entity-saint-barthelemy"",""aliases"":[],""historical_names"":[{""value"":""Saint-Barthélemy — Swedish colony"",""kind"":""primary"",""validFrom"":""1815-01-01"",""validUntil"":""1878-03-16""}],""identifiers"":{}}","[""Snapshot context is not observation date or boundary date."",""Map geometry does not establish sovereignty or succession."",""Existing applicability intervals: []""]","35c5a20cdfaf4e7e7a788fd82d4c2b997e0fe878efe2392487968b8d61b9029f",""
"entity-saint-barthelemy@1878/historical-flag","entity-saint-barthelemy@1878","","Saint Barthelemy","1878","historical-flag","MISSING","C","held-ambiguous","dependent-administration","true","[]","[]","[]","[]","{""map_identity_id"":""entity-saint-barthelemy"",""aliases"":[],""historical_names"":[],""identifiers"":{}}","[""Snapshot context is not observation date or boundary date."",""Map geometry does not establish sovereignty or succession."",""Resolve historical identity before proposing entity-specific facts."",""Existing applicability intervals: []""]","35c5a20cdfaf4e7e7a788fd82d4c2b997e0fe878efe2392487968b8d61b9029f",""
"entity-saint-barthelemy@1880/historical-flag","entity-saint-barthelemy@1880","b11-saint-barthelemy-french","Saint-Barthélemy — Guadeloupe dependency","1880","historical-flag","MISSING","C","partially-supported","dependent-administration","false","[]","[]","[]","[]","{""map_identity_id"":""entity-saint-barthelemy"",""aliases"":[],""historical_names"":[{""value"":""Saint-Barthélemy — Guadeloupe dependency"",""kind"":""primary"",""validFrom"":""1878-03-16"",""validUntil"":""1946-01-01""}],""identifiers"":{}}","[""Snapshot context is not observation date or boundary date."",""Map geometry does not establish sovereignty or succession."",""Existing applicability intervals: []""]","35c5a20cdfaf4e7e7a788fd82d4c2b997e0fe878efe2392487968b8d61b9029f",""
"entity-saint-barthelemy@1900/historical-flag","entity-saint-barthelemy@1900","b11-saint-barthelemy-french","Saint-Barthélemy — Guadeloupe dependency","1900","historical-flag","MISSING","C","partially-supported","dependent-administration","false","[]","[]","[]","[]","{""map_identity_id"":""entity-saint-barthelemy"",""aliases"":[],""historical_names"":[{""value"":""Saint-Barthélemy — Guadeloupe dependency"",""kind"":""primary"",""validFrom"":""1878-03-16"",""validUntil"":""1946-01-01""}],""identifiers"":{}}","[""Snapshot context is not observation date or boundary date."",""Map geometry does not establish sovereignty or succession."",""Existing applicability intervals: []""]","35c5a20cdfaf4e7e7a788fd82d4c2b997e0fe878efe2392487968b8d61b9029f",""
"entity-saint-barthelemy@1914/historical-flag","entity-saint-barthelemy@1914","b11-saint-barthelemy-french","Saint-Barthélemy — Guadeloupe dependency","1914","historical-flag","MISSING","C","partially-supported","dependent-administration","false","[]","[]","[]","[]","{""map_identity_id"":""entity-saint-barthelemy"",""aliases"":[],""historical_names"":[{""value"":""Saint-Barthélemy — Guadeloupe dependency"",""kind"":""primary"",""validFrom"":""1878-03-16"",""validUntil"":""1946-01-01""}],""identifiers"":{}}","[""Snapshot context is not observation date or boundary date."",""Map geometry does not establish sovereignty or succession."",""Existing applicability intervals: []""]","35c5a20cdfaf4e7e7a788fd82d4c2b997e0fe878efe2392487968b8d61b9029f",""
"entity-saint-barthelemy@1920/historical-flag","entity-saint-barthelemy@1920","b11-saint-barthelemy-french","Saint-Barthélemy — Guadeloupe dependency","1920","historical-flag","MISSING","C","partially-supported","dependent-administration","false","[]","[]","[]","[]","{""map_identity_id"":""entity-saint-barthelemy"",""aliases"":[],""historical_names"":[{""value"":""Saint-Barthélemy — Guadeloupe dependency"",""kind"":""primary"",""validFrom"":""1878-03-16"",""validUntil"":""1946-01-01""}],""identifiers"":{}}","[""Snapshot context is not observation date or boundary date."",""Map geometry does not establish sovereignty or succession."",""Existing applicability intervals: []""]","35c5a20cdfaf4e7e7a788fd82d4c2b997e0fe878efe2392487968b8d61b9029f",""
"entity-saint-barthelemy@1930/historical-flag","entity-saint-barthelemy@1930","b11-saint-barthelemy-french","Saint-Barthélemy — Guadeloupe dependency","1930","historical-flag","MISSING","C","partially-supported","dependent-administration","false","[]","[]","[]","[]","{""map_identity_id"":""entity-saint-barthelemy"",""aliases"":[],""historical_names"":[{""value"":""Saint-Barthélemy — Guadeloupe dependency"",""kind"":""primary"",""validFrom"":""1878-03-16"",""validUntil"":""1946-01-01""}],""identifiers"":{}}","[""Snapshot context is not observation date or boundary date."",""Map geometry does not establish sovereignty or succession."",""Existing applicability intervals: []""]","35c5a20cdfaf4e7e7a788fd82d4c2b997e0fe878efe2392487968b8d61b9029f",""
"entity-saint-barthelemy@1938/historical-flag","entity-saint-barthelemy@1938","b11-saint-barthelemy-french","Saint-Barthélemy — Guadeloupe dependency","1938","historical-flag","MISSING","C","partially-supported","dependent-administration","false","[]","[]","[]","[]","{""map_identity_id"":""entity-saint-barthelemy"",""aliases"":[],""historical_names"":[{""value"":""Saint-Barthélemy — Guadeloupe dependency"",""kind"":""primary"",""validFrom"":""1878-03-16"",""validUntil"":""1946-01-01""}],""identifiers"":{}}","[""Snapshot context is not observation date or boundary date."",""Map geometry does not establish sovereignty or succession."",""Existing applicability intervals: []""]","35c5a20cdfaf4e7e7a788fd82d4c2b997e0fe878efe2392487968b8d61b9029f",""
"entity-saint-barthelemy@1945/historical-flag","entity-saint-barthelemy@1945","b11-saint-barthelemy-french","Saint-Barthélemy — Guadeloupe dependency","1945","historical-flag","MISSING","C","partially-supported","dependent-administration","false","[]","[]","[]","[]","{""map_identity_id"":""entity-saint-barthelemy"",""aliases"":[],""historical_names"":[{""value"":""Saint-Barthélemy — Guadeloupe dependency"",""kind"":""primary"",""validFrom"":""1878-03-16"",""validUntil"":""1946-01-01""}],""identifiers"":{}}","[""Snapshot context is not observation date or boundary date."",""Map geometry does not establish sovereignty or succession."",""Existing applicability intervals: []""]","35c5a20cdfaf4e7e7a788fd82d4c2b997e0fe878efe2392487968b8d61b9029f",""
"entity-belize@1878/historical-flag","entity-belize@1878","b10-british-honduras-appointed-council","British Honduras — appointed colonial council","1878","historical-flag","MISSING","C","partially-supported","dependent-administration","false","[]","[]","[]","[]","{""map_identity_id"":""entity-belize"",""aliases"":[],""historical_names"":[{""value"":""British Honduras — appointed colonial council"",""kind"":""primary"",""validFrom"":""1878-01-01"",""validUntil"":""1932-01-01""}],""identifiers"":{}}","[""Snapshot context is not observation date or boundary date."",""Map geometry does not establish sovereignty or succession."",""Existing applicability intervals: []""]","35c5a20cdfaf4e7e7a788fd82d4c2b997e0fe878efe2392487968b8d61b9029f",""
"entity-belize@1880/historical-flag","entity-belize@1880","b10-british-honduras-appointed-council","British Honduras — appointed colonial council","1880","historical-flag","MISSING","C","partially-supported","dependent-administration","false","[]","[]","[]","[]","{""map_identity_id"":""entity-belize"",""aliases"":[],""historical_names"":[{""value"":""British Honduras — appointed colonial council"",""kind"":""primary"",""validFrom"":""1878-01-01"",""validUntil"":""1932-01-01""}],""identifiers"":{}}","[""Snapshot context is not observation date or boundary date."",""Map geometry does not establish sovereignty or succession."",""Existing applicability intervals: []""]","35c5a20cdfaf4e7e7a788fd82d4c2b997e0fe878efe2392487968b8d61b9029f",""
"entity-belize@1900/historical-flag","entity-belize@1900","b10-british-honduras-appointed-council","British Honduras — appointed colonial council","1900","historical-flag","MISSING","C","partially-supported","dependent-administration","false","[]","[]","[]","[]","{""map_identity_id"":""entity-belize"",""aliases"":[],""historical_names"":[{""value"":""British Honduras — appointed colonial council"",""kind"":""primary"",""validFrom"":""1878-01-01"",""validUntil"":""1932-01-01""}],""identifiers"":{}}","[""Snapshot context is not observation date or boundary date."",""Map geometry does not establish sovereignty or succession."",""Existing applicability intervals: []""]","35c5a20cdfaf4e7e7a788fd82d4c2b997e0fe878efe2392487968b8d61b9029f",""
"entity-belize@1914/historical-flag","entity-belize@1914","b10-british-honduras-appointed-council","British Honduras — appointed colonial council","1914","historical-flag","MISSING","C","partially-supported","dependent-administration","false","[]","[]","[]","[]","{""map_identity_id"":""entity-belize"",""aliases"":[],""historical_names"":[{""value"":""British Honduras — appointed colonial council"",""kind"":""primary"",""validFrom"":""1878-01-01"",""validUntil"":""1932-01-01""}],""identifiers"":{}}","[""Snapshot context is not observation date or boundary date."",""Map geometry does not establish sovereignty or succession."",""Existing applicability intervals: []""]","35c5a20cdfaf4e7e7a788fd82d4c2b997e0fe878efe2392487968b8d61b9029f",""
"entity-belize@1920/historical-flag","entity-belize@1920","b10-british-honduras-appointed-council","British Honduras — appointed colonial council","1920","historical-flag","MISSING","C","partially-supported","dependent-administration","false","[]","[]","[]","[]","{""map_identity_id"":""entity-belize"",""aliases"":[],""historical_names"":[{""value"":""British Honduras — appointed colonial council"",""kind"":""primary"",""validFrom"":""1878-01-01"",""validUntil"":""1932-01-01""}],""identifiers"":{}}","[""Snapshot context is not observation date or boundary date."",""Map geometry does not establish sovereignty or succession."",""Existing applicability intervals: []""]","35c5a20cdfaf4e7e7a788fd82d4c2b997e0fe878efe2392487968b8d61b9029f",""
"entity-belize@1930/historical-flag","entity-belize@1930","b10-british-honduras-appointed-council","British Honduras — appointed colonial council","1930","historical-flag","MISSING","C","partially-supported","dependent-administration","false","[]","[]","[]","[]","{""map_identity_id"":""entity-belize"",""aliases"":[],""historical_names"":[{""value"":""British Honduras — appointed colonial council"",""kind"":""primary"",""validFrom"":""1878-01-01"",""validUntil"":""1932-01-01""}],""identifiers"":{}}","[""Snapshot context is not observation date or boundary date."",""Map geometry does not establish sovereignty or succession."",""Existing applicability intervals: []""]","35c5a20cdfaf4e7e7a788fd82d4c2b997e0fe878efe2392487968b8d61b9029f",""
"entity-belize@1938/historical-flag","entity-belize@1938","","Belize","1938","historical-flag","MISSING","C","completely-empty","dependent-administration","true","[]","[]","[]","[]","{""map_identity_id"":""entity-belize"",""aliases"":[],""historical_names"":[],""identifiers"":{}}","[""Snapshot context is not observation date or boundary date."",""Map geometry does not establish sovereignty or succession."",""Resolve historical identity before proposing entity-specific facts."",""Existing applicability intervals: []""]","35c5a20cdfaf4e7e7a788fd82d4c2b997e0fe878efe2392487968b8d61b9029f",""
"entity-belize@1945/historical-flag","entity-belize@1945","","Belize","1945","historical-flag","MISSING","C","completely-empty","dependent-administration","true","[]","[]","[]","[]","{""map_identity_id"":""entity-belize"",""aliases"":[],""historical_names"":[],""identifiers"":{}}","[""Snapshot context is not observation date or boundary date."",""Map geometry does not establish sovereignty or succession."",""Resolve historical identity before proposing entity-specific facts."",""Existing applicability intervals: []""]","35c5a20cdfaf4e7e7a788fd82d4c2b997e0fe878efe2392487968b8d61b9029f",""
"entity-belize@1960/historical-flag","entity-belize@1960","","Belize","1960","historical-flag","MISSING","C","completely-empty","dependent-administration","true","[]","[]","[]","[]","{""map_identity_id"":""entity-belize"",""aliases"":[],""historical_names"":[],""identifiers"":{}}","[""Snapshot context is not observation date or boundary date."",""Map geometry does not establish sovereignty or succession."",""Resolve historical identity before proposing entity-specific facts."",""Existing applicability intervals: []""]","35c5a20cdfaf4e7e7a788fd82d4c2b997e0fe878efe2392487968b8d61b9029f",""
"entity-qatar@1878/historical-flag","entity-qatar@1878","qatar-ottoman-period-core","Qatar — Ottoman relationship","1878","historical-flag","MISSING","C","partially-supported","political-polity","false","[]","[]","[]","[]","{""map_identity_id"":""entity-qatar"",""aliases"":[],""historical_names"":[{""value"":""Qatar — Ottoman relationship"",""kind"":""primary"",""validFrom"":""1878-01-01"",""validUntil"":""1881-01-01""}],""identifiers"":{}}","[""Snapshot context is not observation date or boundary date."",""Map geometry does not establish sovereignty or succession."",""Existing applicability intervals: []""]","35c5a20cdfaf4e7e7a788fd82d4c2b997e0fe878efe2392487968b8d61b9029f",""
"entity-qatar@1880/historical-flag","entity-qatar@1880","qatar-ottoman-period-core","Qatar — Ottoman relationship","1880","historical-flag","MISSING","C","partially-supported","political-polity","false","[]","[]","[]","[]","{""map_identity_id"":""entity-qatar"",""aliases"":[],""historical_names"":[{""value"":""Qatar — Ottoman relationship"",""kind"":""primary"",""validFrom"":""1878-01-01"",""validUntil"":""1881-01-01""}],""identifiers"":{}}","[""Snapshot context is not observation date or boundary date."",""Map geometry does not establish sovereignty or succession."",""Existing applicability intervals: []""]","35c5a20cdfaf4e7e7a788fd82d4c2b997e0fe878efe2392487968b8d61b9029f",""
"entity-qatar@1900/historical-flag","entity-qatar@1900","","Qatar","1900","historical-flag","MISSING","C","completely-empty","political-polity","true","[]","[]","[]","[]","{""map_identity_id"":""entity-qatar"",""aliases"":[],""historical_names"":[],""identifiers"":{}}","[""Snapshot context is not observation date or boundary date."",""Map geometry does not establish sovereignty or succession."",""Resolve historical identity before proposing entity-specific facts."",""Existing applicability intervals: []""]","35c5a20cdfaf4e7e7a788fd82d4c2b997e0fe878efe2392487968b8d61b9029f",""
"entity-qatar@1914/historical-flag","entity-qatar@1914","","Qatar","1914","historical-flag","MISSING","C","completely-empty","political-polity","true","[]","[]","[]","[]","{""map_identity_id"":""entity-qatar"",""aliases"":[],""historical_names"":[],""identifiers"":{}}","[""Snapshot context is not observation date or boundary date."",""Map geometry does not establish sovereignty or succession."",""Resolve historical identity before proposing entity-specific facts."",""Existing applicability intervals: []""]","35c5a20cdfaf4e7e7a788fd82d4c2b997e0fe878efe2392487968b8d61b9029f",""
"entity-qatar@1920/historical-flag","entity-qatar@1920","qatar-1916-british-treaty-core","Qatar — 1916 British treaty","1920","historical-flag","MISSING","C","partially-supported","political-polity","false","[]","[]","[]","[]","{""map_identity_id"":""entity-qatar"",""aliases"":[],""historical_names"":[{""value"":""Qatar — 1916 British treaty"",""kind"":""primary"",""validFrom"":""1917-01-01"",""validUntil"":""1935-01-01""}],""identifiers"":{}}","[""Snapshot context is not observation date or boundary date."",""Map geometry does not establish sovereignty or succession."",""Existing applicability intervals: []""]","35c5a20cdfaf4e7e7a788fd82d4c2b997e0fe878efe2392487968b8d61b9029f",""
"entity-qatar@1930/historical-flag","entity-qatar@1930","qatar-1916-british-treaty-core","Qatar — 1916 British treaty","1930","historical-flag","MISSING","C","partially-supported","political-polity","false","[]","[]","[]","[]","{""map_identity_id"":""entity-qatar"",""aliases"":[],""historical_names"":[{""value"":""Qatar — 1916 British treaty"",""kind"":""primary"",""validFrom"":""1917-01-01"",""validUntil"":""1935-01-01""}],""identifiers"":{}}","[""Snapshot context is not observation date or boundary date."",""Map geometry does not establish sovereignty or succession."",""Existing applicability intervals: []""]","35c5a20cdfaf4e7e7a788fd82d4c2b997e0fe878efe2392487968b8d61b9029f",""
"entity-qatar@1938/historical-flag","entity-qatar@1938","qatar-post-1935-treaty-core","Qatar — protection after 1935 assurances","1938","historical-flag","MISSING","C","partially-supported","political-polity","false","[]","[]","[]","[]","{""map_identity_id"":""entity-qatar"",""aliases"":[],""historical_names"":[{""value"":""Qatar — protection after 1935 assurances"",""kind"":""primary"",""validFrom"":""1936-01-01"",""validUntil"":""1961-01-01""}],""identifiers"":{}}","[""Snapshot context is not observation date or boundary date."",""Map geometry does not establish sovereignty or succession."",""Existing applicability intervals: []""]","35c5a20cdfaf4e7e7a788fd82d4c2b997e0fe878efe2392487968b8d61b9029f",""
"entity-qatar@1945/historical-flag","entity-qatar@1945","qatar-post-1935-treaty-core","Qatar — protection after 1935 assurances","1945","historical-flag","MISSING","C","partially-supported","political-polity","false","[]","[]","[]","[]","{""map_identity_id"":""entity-qatar"",""aliases"":[],""historical_names"":[{""value"":""Qatar — protection after 1935 assurances"",""kind"":""primary"",""validFrom"":""1936-01-01"",""validUntil"":""1961-01-01""}],""identifiers"":{}}","[""Snapshot context is not observation date or boundary date."",""Map geometry does not establish sovereignty or succession."",""Existing applicability intervals: []""]","35c5a20cdfaf4e7e7a788fd82d4c2b997e0fe878efe2392487968b8d61b9029f",""
"entity-qatar@1960/historical-flag","entity-qatar@1960","qatar-post-1935-treaty-core","Qatar — protection after 1935 assurances","1960","historical-flag","MISSING","C","partially-supported","political-polity","false","[]","[]","[]","[]","{""map_identity_id"":""entity-qatar"",""aliases"":[],""historical_names"":[{""value"":""Qatar — protection after 1935 assurances"",""kind"":""primary"",""validFrom"":""1936-01-01"",""validUntil"":""1961-01-01""}],""identifiers"":{}}","[""Snapshot context is not observation date or boundary date."",""Map geometry does not establish sovereignty or succession."",""Existing applicability intervals: []""]","35c5a20cdfaf4e7e7a788fd82d4c2b997e0fe878efe2392487968b8d61b9029f",""
"entity-wallis-and-futuna-islands@1878/historical-flag","entity-wallis-and-futuna-islands@1878","","Wallis and Futuna Islands","1878","historical-flag","MISSING","C","held-ambiguous","dependent-administration","true","[]","[]","[]","[]","{""map_identity_id"":""entity-wallis-and-futuna-islands"",""aliases"":[],""historical_names"":[],""identifiers"":{}}","[""Snapshot context is not observation date or boundary date."",""Map geometry does not establish sovereignty or succession."",""Resolve historical identity before proposing entity-specific facts."",""Existing applicability intervals: []""]","35c5a20cdfaf4e7e7a788fd82d4c2b997e0fe878efe2392487968b8d61b9029f",""
"entity-wallis-and-futuna-islands@1880/historical-flag","entity-wallis-and-futuna-islands@1880","","Wallis and Futuna Islands","1880","historical-flag","MISSING","C","held-ambiguous","dependent-administration","true","[]","[]","[]","[]","{""map_identity_id"":""entity-wallis-and-futuna-islands"",""aliases"":[],""historical_names"":[],""identifiers"":{}}","[""Snapshot context is not observation date or boundary date."",""Map geometry does not establish sovereignty or succession."",""Resolve historical identity before proposing entity-specific facts."",""Existing applicability intervals: []""]","35c5a20cdfaf4e7e7a788fd82d4c2b997e0fe878efe2392487968b8d61b9029f",""
"entity-wallis-and-futuna-islands@1900/historical-flag","entity-wallis-and-futuna-islands@1900","wallis-futuna-protectorate-core","Wallis and Futuna — French protectorate","1900","historical-flag","MISSING","C","partially-supported","dependent-administration","false","[]","[]","[]","[]","{""map_identity_id"":""entity-wallis-and-futuna-islands"",""aliases"":[],""historical_names"":[{""value"":""Wallis and Futuna — French protectorate"",""kind"":""primary"",""validFrom"":""1900-01-01"",""validUntil"":""1961-01-01""}],""identifiers"":{}}","[""Snapshot context is not observation date or boundary date."",""Map geometry does not establish sovereignty or succession."",""Existing applicability intervals: []""]","35c5a20cdfaf4e7e7a788fd82d4c2b997e0fe878efe2392487968b8d61b9029f",""
"entity-wallis-and-futuna-islands@1914/historical-flag","entity-wallis-and-futuna-islands@1914","wallis-futuna-protectorate-core","Wallis and Futuna — French protectorate","1914","historical-flag","MISSING","C","partially-supported","dependent-administration","false","[]","[]","[]","[]","{""map_identity_id"":""entity-wallis-and-futuna-islands"",""aliases"":[],""historical_names"":[{""value"":""Wallis and Futuna — French protectorate"",""kind"":""primary"",""validFrom"":""1900-01-01"",""validUntil"":""1961-01-01""}],""identifiers"":{}}","[""Snapshot context is not observation date or boundary date."",""Map geometry does not establish sovereignty or succession."",""Existing applicability intervals: []""]","35c5a20cdfaf4e7e7a788fd82d4c2b997e0fe878efe2392487968b8d61b9029f",""
"entity-wallis-and-futuna-islands@1920/historical-flag","entity-wallis-and-futuna-islands@1920","wallis-futuna-protectorate-core","Wallis and Futuna — French protectorate","1920","historical-flag","MISSING","C","partially-supported","dependent-administration","false","[]","[]","[]","[]","{""map_identity_id"":""entity-wallis-and-futuna-islands"",""aliases"":[],""historical_names"":[{""value"":""Wallis and Futuna — French protectorate"",""kind"":""primary"",""validFrom"":""1900-01-01"",""validUntil"":""1961-01-01""}],""identifiers"":{}}","[""Snapshot context is not observation date or boundary date."",""Map geometry does not establish sovereignty or succession."",""Existing applicability intervals: []""]","35c5a20cdfaf4e7e7a788fd82d4c2b997e0fe878efe2392487968b8d61b9029f",""
"entity-wallis-and-futuna-islands@1930/historical-flag","entity-wallis-and-futuna-islands@1930","wallis-futuna-protectorate-core","Wallis and Futuna — French protectorate","1930","historical-flag","MISSING","C","partially-supported","dependent-administration","false","[]","[]","[]","[]","{""map_identity_id"":""entity-wallis-and-futuna-islands"",""aliases"":[],""historical_names"":[{""value"":""Wallis and Futuna — French protectorate"",""kind"":""primary"",""validFrom"":""1900-01-01"",""validUntil"":""1961-01-01""}],""identifiers"":{}}","[""Snapshot context is not observation date or boundary date."",""Map geometry does not establish sovereignty or succession."",""Existing applicability intervals: []""]","35c5a20cdfaf4e7e7a788fd82d4c2b997e0fe878efe2392487968b8d61b9029f",""
"entity-wallis-and-futuna-islands@1938/historical-flag","entity-wallis-and-futuna-islands@1938","wallis-futuna-protectorate-core","Wallis and Futuna — French protectorate","1938","historical-flag","MISSING","C","partially-supported","dependent-administration","false","[]","[]","[]","[]","{""map_identity_id"":""entity-wallis-and-futuna-islands"",""aliases"":[],""historical_names"":[{""value"":""Wallis and Futuna — French protectorate"",""kind"":""primary"",""validFrom"":""1900-01-01"",""validUntil"":""1961-01-01""}],""identifiers"":{}}","[""Snapshot context is not observation date or boundary date."",""Map geometry does not establish sovereignty or succession."",""Existing applicability intervals: []""]","35c5a20cdfaf4e7e7a788fd82d4c2b997e0fe878efe2392487968b8d61b9029f",""
"entity-wallis-and-futuna-islands@1945/historical-flag","entity-wallis-and-futuna-islands@1945","wallis-futuna-protectorate-core","Wallis and Futuna — French protectorate","1945","historical-flag","MISSING","C","partially-supported","dependent-administration","false","[]","[]","[]","[]","{""map_identity_id"":""entity-wallis-and-futuna-islands"",""aliases"":[],""historical_names"":[{""value"":""Wallis and Futuna — French protectorate"",""kind"":""primary"",""validFrom"":""1900-01-01"",""validUntil"":""1961-01-01""}],""identifiers"":{}}","[""Snapshot context is not observation date or boundary date."",""Map geometry does not establish sovereignty or succession."",""Existing applicability intervals: []""]","35c5a20cdfaf4e7e7a788fd82d4c2b997e0fe878efe2392487968b8d61b9029f",""
"entity-wallis-and-futuna-islands@1960/historical-flag","entity-wallis-and-futuna-islands@1960","wallis-futuna-protectorate-core","Wallis and Futuna — French protectorate","1960","historical-flag","MISSING","C","partially-supported","dependent-administration","false","[]","[]","[]","[]","{""map_identity_id"":""entity-wallis-and-futuna-islands"",""aliases"":[],""historical_names"":[{""value"":""Wallis and Futuna — French protectorate"",""kind"":""primary"",""validFrom"":""1900-01-01"",""validUntil"":""1961-01-01""}],""identifiers"":{}}","[""Snapshot context is not observation date or boundary date."",""Map geometry does not establish sovereignty or succession."",""Existing applicability intervals: []""]","35c5a20cdfaf4e7e7a788fd82d4c2b997e0fe878efe2392487968b8d61b9029f",""
"entity-burundi@1815/historical-flag","entity-burundi@1815","b17-burundi-precolonial","Burundi — precolonial kingdom","1815","historical-flag","MISSING","C","partially-supported","political-polity","false","[]","[]","[]","[]","{""map_identity_id"":""entity-burundi"",""aliases"":[],""historical_names"":[{""value"":""Burundi — precolonial kingdom"",""kind"":""primary"",""validFrom"":""1815-01-01"",""validUntil"":""1881-01-01""}],""identifiers"":{}}","[""Snapshot context is not observation date or boundary date."",""Map geometry does not establish sovereignty or succession."",""Existing applicability intervals: []""]","35c5a20cdfaf4e7e7a788fd82d4c2b997e0fe878efe2392487968b8d61b9029f",""
"entity-burundi@1878/historical-flag","entity-burundi@1878","b17-burundi-precolonial","Burundi — precolonial kingdom","1878","historical-flag","MISSING","C","partially-supported","political-polity","false","[]","[]","[]","[]","{""map_identity_id"":""entity-burundi"",""aliases"":[],""historical_names"":[{""value"":""Burundi — precolonial kingdom"",""kind"":""primary"",""validFrom"":""1815-01-01"",""validUntil"":""1881-01-01""}],""identifiers"":{}}","[""Snapshot context is not observation date or boundary date."",""Map geometry does not establish sovereignty or succession."",""Existing applicability intervals: []""]","35c5a20cdfaf4e7e7a788fd82d4c2b997e0fe878efe2392487968b8d61b9029f",""
"entity-burundi@1880/historical-flag","entity-burundi@1880","b17-burundi-precolonial","Burundi — precolonial kingdom","1880","historical-flag","MISSING","C","partially-supported","political-polity","false","[]","[]","[]","[]","{""map_identity_id"":""entity-burundi"",""aliases"":[],""historical_names"":[{""value"":""Burundi — precolonial kingdom"",""kind"":""primary"",""validFrom"":""1815-01-01"",""validUntil"":""1881-01-01""}],""identifiers"":{}}","[""Snapshot context is not observation date or boundary date."",""Map geometry does not establish sovereignty or succession."",""Existing applicability intervals: []""]","35c5a20cdfaf4e7e7a788fd82d4c2b997e0fe878efe2392487968b8d61b9029f",""
"entity-burundi@1900/historical-flag","entity-burundi@1900","b17-burundi-contested-german","Burundi — royal resistance and German colonial claims","1900","historical-flag","MISSING","C","partially-supported","political-polity","false","[]","[]","[]","[]","{""map_identity_id"":""entity-burundi"",""aliases"":[],""historical_names"":[{""value"":""Burundi — royal resistance and German colonial claims"",""kind"":""primary"",""validFrom"":""1900-01-01"",""validUntil"":""1901-01-01""}],""identifiers"":{}}","[""Snapshot context is not observation date or boundary date."",""Map geometry does not establish sovereignty or succession."",""Existing applicability intervals: []""]","35c5a20cdfaf4e7e7a788fd82d4c2b997e0fe878efe2392487968b8d61b9029f",""
"entity-burundi@1920/historical-flag","entity-burundi@1920","","Burundi","1920","historical-flag","MISSING","C","completely-empty","political-polity","true","[]","[]","[]","[]","{""map_identity_id"":""entity-burundi"",""aliases"":[],""historical_names"":[],""identifiers"":{}}","[""Snapshot context is not observation date or boundary date."",""Map geometry does not establish sovereignty or succession."",""Resolve historical identity before proposing entity-specific facts."",""Existing applicability intervals: []""]","35c5a20cdfaf4e7e7a788fd82d4c2b997e0fe878efe2392487968b8d61b9029f",""
"entity-burundi@1930/historical-flag","entity-burundi@1930","b17-burundi-belgian-mandate","Urundi — Belgian League mandate administration","1930","historical-flag","MISSING","C","partially-supported","political-polity","false","[]","[]","[]","[]","{""map_identity_id"":""entity-burundi"",""aliases"":[],""historical_names"":[{""value"":""Urundi — Belgian League mandate administration"",""kind"":""primary"",""validFrom"":""1926-01-01"",""validUntil"":""1946-01-01""}],""identifiers"":{}}","[""Snapshot context is not observation date or boundary date."",""Map geometry does not establish sovereignty or succession."",""Existing applicability intervals: []""]","35c5a20cdfaf4e7e7a788fd82d4c2b997e0fe878efe2392487968b8d61b9029f",""
"entity-burundi@1938/historical-flag","entity-burundi@1938","b17-burundi-belgian-mandate","Urundi — Belgian League mandate administration","1938","historical-flag","MISSING","C","partially-supported","political-polity","false","[]","[]","[]","[]","{""map_identity_id"":""entity-burundi"",""aliases"":[],""historical_names"":[{""value"":""Urundi — Belgian League mandate administration"",""kind"":""primary"",""validFrom"":""1926-01-01"",""validUntil"":""1946-01-01""}],""identifiers"":{}}","[""Snapshot context is not observation date or boundary date."",""Map geometry does not establish sovereignty or succession."",""Existing applicability intervals: []""]","35c5a20cdfaf4e7e7a788fd82d4c2b997e0fe878efe2392487968b8d61b9029f",""
"entity-burundi@1945/historical-flag","entity-burundi@1945","b17-burundi-belgian-mandate","Urundi — Belgian League mandate administration","1945","historical-flag","MISSING","C","partially-supported","political-polity","false","[]","[]","[]","[]","{""map_identity_id"":""entity-burundi"",""aliases"":[],""historical_names"":[{""value"":""Urundi — Belgian League mandate administration"",""kind"":""primary"",""validFrom"":""1926-01-01"",""validUntil"":""1946-01-01""}],""identifiers"":{}}","[""Snapshot context is not observation date or boundary date."",""Map geometry does not establish sovereignty or succession."",""Existing applicability intervals: []""]","35c5a20cdfaf4e7e7a788fd82d4c2b997e0fe878efe2392487968b8d61b9029f",""
"entity-burundi@1960/historical-flag","entity-burundi@1960","b17-burundi-un-trust","Urundi — Belgian UN trust administration","1960","historical-flag","MISSING","C","partially-supported","political-polity","false","[]","[]","[]","[]","{""map_identity_id"":""entity-burundi"",""aliases"":[],""historical_names"":[{""value"":""Urundi — Belgian UN trust administration"",""kind"":""primary"",""validFrom"":""1960-01-01"",""validUntil"":""1961-01-01""}],""identifiers"":{}}","[""Snapshot context is not observation date or boundary date."",""Map geometry does not establish sovereignty or succession."",""Existing applicability intervals: []""]","35c5a20cdfaf4e7e7a788fd82d4c2b997e0fe878efe2392487968b8d61b9029f",""
"entity-swaziland@1878/historical-flag","entity-swaziland@1878","b20-swazi-royal","Swazi royal polity","1878","historical-flag","MISSING","C","partially-supported","political-polity","false","[]","[]","[]","[]","{""map_identity_id"":""entity-swaziland"",""aliases"":[],""historical_names"":[{""value"":""Swazi royal polity"",""kind"":""primary"",""validFrom"":""1878-01-01"",""validUntil"":""1881-01-01""}],""identifiers"":{}}","[""Snapshot context is not observation date or boundary date."",""Map geometry does not establish sovereignty or succession."",""Existing applicability intervals: []""]","35c5a20cdfaf4e7e7a788fd82d4c2b997e0fe878efe2392487968b8d61b9029f",""
"entity-swaziland@1880/historical-flag","entity-swaziland@1880","b20-swazi-royal","Swazi royal polity","1880","historical-flag","MISSING","C","partially-supported","political-polity","false","[]","[]","[]","[]","{""map_identity_id"":""entity-swaziland"",""aliases"":[],""historical_names"":[{""value"":""Swazi royal polity"",""kind"":""primary"",""validFrom"":""1878-01-01"",""validUntil"":""1881-01-01""}],""identifiers"":{}}","[""Snapshot context is not observation date or boundary date."",""Map geometry does not establish sovereignty or succession."",""Existing applicability intervals: []""]","35c5a20cdfaf4e7e7a788fd82d4c2b997e0fe878efe2392487968b8d61b9029f",""
"entity-swaziland@1900/historical-flag","entity-swaziland@1900","","Swaziland","1900","historical-flag","MISSING","C","completely-empty","political-polity","true","[]","[]","[]","[]","{""map_identity_id"":""entity-swaziland"",""aliases"":[],""historical_names"":[],""identifiers"":{}}","[""Snapshot context is not observation date or boundary date."",""Map geometry does not establish sovereignty or succession."",""Resolve historical identity before proposing entity-specific facts."",""Existing applicability intervals: []""]","35c5a20cdfaf4e7e7a788fd82d4c2b997e0fe878efe2392487968b8d61b9029f",""
"entity-swaziland@1914/historical-flag","entity-swaziland@1914","b20-swaziland-british","Swaziland — British colonial administration","1914","historical-flag","MISSING","C","partially-supported","political-polity","false","[]","[]","[]","[]","{""map_identity_id"":""entity-swaziland"",""aliases"":[],""historical_names"":[{""value"":""Swaziland — British colonial administration"",""kind"":""primary"",""validFrom"":""1914-01-01"",""validUntil"":""1961-01-01""}],""identifiers"":{}}","[""Snapshot context is not observation date or boundary date."",""Map geometry does not establish sovereignty or succession."",""Existing applicability intervals: []""]","35c5a20cdfaf4e7e7a788fd82d4c2b997e0fe878efe2392487968b8d61b9029f",""
"entity-swaziland@1920/historical-flag","entity-swaziland@1920","b20-swaziland-british","Swaziland — British colonial administration","1920","historical-flag","MISSING","C","partially-supported","political-polity","false","[]","[]","[]","[]","{""map_identity_id"":""entity-swaziland"",""aliases"":[],""historical_names"":[{""value"":""Swaziland — British colonial administration"",""kind"":""primary"",""validFrom"":""1914-01-01"",""validUntil"":""1961-01-01""}],""identifiers"":{}}","[""Snapshot context is not observation date or boundary date."",""Map geometry does not establish sovereignty or succession."",""Existing applicability intervals: []""]","35c5a20cdfaf4e7e7a788fd82d4c2b997e0fe878efe2392487968b8d61b9029f",""
"entity-swaziland@1930/historical-flag","entity-swaziland@1930","b20-swaziland-british","Swaziland — British colonial administration","1930","historical-flag","MISSING","C","partially-supported","political-polity","false","[]","[]","[]","[]","{""map_identity_id"":""entity-swaziland"",""aliases"":[],""historical_names"":[{""value"":""Swaziland — British colonial administration"",""kind"":""primary"",""validFrom"":""1914-01-01"",""validUntil"":""1961-01-01""}],""identifiers"":{}}","[""Snapshot context is not observation date or boundary date."",""Map geometry does not establish sovereignty or succession."",""Existing applicability intervals: []""]","35c5a20cdfaf4e7e7a788fd82d4c2b997e0fe878efe2392487968b8d61b9029f",""
"entity-swaziland@1938/historical-flag","entity-swaziland@1938","b20-swaziland-british","Swaziland — British colonial administration","1938","historical-flag","MISSING","C","partially-supported","political-polity","false","[]","[]","[]","[]","{""map_identity_id"":""entity-swaziland"",""aliases"":[],""historical_names"":[{""value"":""Swaziland — British colonial administration"",""kind"":""primary"",""validFrom"":""1914-01-01"",""validUntil"":""1961-01-01""}],""identifiers"":{}}","[""Snapshot context is not observation date or boundary date."",""Map geometry does not establish sovereignty or succession."",""Existing applicability intervals: []""]","35c5a20cdfaf4e7e7a788fd82d4c2b997e0fe878efe2392487968b8d61b9029f",""
"entity-swaziland@1945/historical-flag","entity-swaziland@1945","b20-swaziland-british","Swaziland — British colonial administration","1945","historical-flag","MISSING","C","partially-supported","political-polity","false","[]","[]","[]","[]","{""map_identity_id"":""entity-swaziland"",""aliases"":[],""historical_names"":[{""value"":""Swaziland — British colonial administration"",""kind"":""primary"",""validFrom"":""1914-01-01"",""validUntil"":""1961-01-01""}],""identifiers"":{}}","[""Snapshot context is not observation date or boundary date."",""Map geometry does not establish sovereignty or succession."",""Existing applicability intervals: []""]","35c5a20cdfaf4e7e7a788fd82d4c2b997e0fe878efe2392487968b8d61b9029f",""
"entity-swaziland@1960/historical-flag","entity-swaziland@1960","b20-swaziland-british","Swaziland — British colonial administration","1960","historical-flag","MISSING","C","partially-supported","political-polity","false","[]","[]","[]","[]","{""map_identity_id"":""entity-swaziland"",""aliases"":[],""historical_names"":[{""value"":""Swaziland — British colonial administration"",""kind"":""primary"",""validFrom"":""1914-01-01"",""validUntil"":""1961-01-01""}],""identifiers"":{}}","[""Snapshot context is not observation date or boundary date."",""Map geometry does not establish sovereignty or succession."",""Existing applicability intervals: []""]","35c5a20cdfaf4e7e7a788fd82d4c2b997e0fe878efe2392487968b8d61b9029f",""
"entity-antigua-and-barbuda@1815/historical-flag","entity-antigua-and-barbuda@1815","","Antigua and Barbuda","1815","historical-flag","MISSING","C","completely-empty","dependent-administration","true","[]","[]","[]","[]","{""map_identity_id"":""entity-antigua-and-barbuda"",""aliases"":[],""historical_names"":[],""identifiers"":{}}","[""Snapshot context is not observation date or boundary date."",""Map geometry does not establish sovereignty or succession."",""Resolve historical identity before proposing entity-specific facts."",""Existing applicability intervals: []""]","35c5a20cdfaf4e7e7a788fd82d4c2b997e0fe878efe2392487968b8d61b9029f",""
"entity-antigua-and-barbuda@1878/historical-flag","entity-antigua-and-barbuda@1878","b10-antigua-presidency","Antigua — Leeward Islands presidency","1878","historical-flag","MISSING","C","partially-supported","dependent-administration","false","[]","[]","[]","[]","{""map_identity_id"":""entity-antigua-and-barbuda"",""aliases"":[],""historical_names"":[{""value"":""Antigua — Leeward Islands presidency"",""kind"":""primary"",""validFrom"":""1878-01-01"",""validUntil"":""1947-01-01""}],""identifiers"":{}}","[""Snapshot context is not observation date or boundary date."",""Map geometry does not establish sovereignty or succession."",""Existing applicability intervals: []""]","35c5a20cdfaf4e7e7a788fd82d4c2b997e0fe878efe2392487968b8d61b9029f",""
"entity-antigua-and-barbuda@1880/historical-flag","entity-antigua-and-barbuda@1880","b10-antigua-presidency","Antigua — Leeward Islands presidency","1880","historical-flag","MISSING","C","partially-supported","dependent-administration","false","[]","[]","[]","[]","{""map_identity_id"":""entity-antigua-and-barbuda"",""aliases"":[],""historical_names"":[{""value"":""Antigua — Leeward Islands presidency"",""kind"":""primary"",""validFrom"":""1878-01-01"",""validUntil"":""1947-01-01""}],""identifiers"":{}}","[""Snapshot context is not observation date or boundary date."",""Map geometry does not establish sovereignty or succession."",""Existing applicability intervals: []""]","35c5a20cdfaf4e7e7a788fd82d4c2b997e0fe878efe2392487968b8d61b9029f",""
"entity-antigua-and-barbuda@1900/historical-flag","entity-antigua-and-barbuda@1900","b10-antigua-presidency","Antigua — Leeward Islands presidency","1900","historical-flag","MISSING","C","partially-supported","dependent-administration","false","[]","[]","[]","[]","{""map_identity_id"":""entity-antigua-and-barbuda"",""aliases"":[],""historical_names"":[{""value"":""Antigua — Leeward Islands presidency"",""kind"":""primary"",""validFrom"":""1878-01-01"",""validUntil"":""1947-01-01""}],""identifiers"":{}}","[""Snapshot context is not observation date or boundary date."",""Map geometry does not establish sovereignty or succession."",""Existing applicability intervals: []""]","35c5a20cdfaf4e7e7a788fd82d4c2b997e0fe878efe2392487968b8d61b9029f",""
"entity-antigua-and-barbuda@1914/historical-flag","entity-antigua-and-barbuda@1914","b10-antigua-presidency","Antigua — Leeward Islands presidency","1914","historical-flag","MISSING","C","partially-supported","dependent-administration","false","[]","[]","[]","[]","{""map_identity_id"":""entity-antigua-and-barbuda"",""aliases"":[],""historical_names"":[{""value"":""Antigua — Leeward Islands presidency"",""kind"":""primary"",""validFrom"":""1878-01-01"",""validUntil"":""1947-01-01""}],""identifiers"":{}}","[""Snapshot context is not observation date or boundary date."",""Map geometry does not establish sovereignty or succession."",""Existing applicability intervals: []""]","35c5a20cdfaf4e7e7a788fd82d4c2b997e0fe878efe2392487968b8d61b9029f",""
"entity-antigua-and-barbuda@1920/historical-flag","entity-antigua-and-barbuda@1920","b10-antigua-presidency","Antigua — Leeward Islands presidency","1920","historical-flag","MISSING","C","partially-supported","dependent-administration","false","[]","[]","[]","[]","{""map_identity_id"":""entity-antigua-and-barbuda"",""aliases"":[],""historical_names"":[{""value"":""Antigua — Leeward Islands presidency"",""kind"":""primary"",""validFrom"":""1878-01-01"",""validUntil"":""1947-01-01""}],""identifiers"":{}}","[""Snapshot context is not observation date or boundary date."",""Map geometry does not establish sovereignty or succession."",""Existing applicability intervals: []""]","35c5a20cdfaf4e7e7a788fd82d4c2b997e0fe878efe2392487968b8d61b9029f",""
"entity-antigua-and-barbuda@1930/historical-flag","entity-antigua-and-barbuda@1930","b10-antigua-presidency","Antigua — Leeward Islands presidency","1930","historical-flag","MISSING","C","partially-supported","dependent-administration","false","[]","[]","[]","[]","{""map_identity_id"":""entity-antigua-and-barbuda"",""aliases"":[],""historical_names"":[{""value"":""Antigua — Leeward Islands presidency"",""kind"":""primary"",""validFrom"":""1878-01-01"",""validUntil"":""1947-01-01""}],""identifiers"":{}}","[""Snapshot context is not observation date or boundary date."",""Map geometry does not establish sovereignty or succession."",""Existing applicability intervals: []""]","35c5a20cdfaf4e7e7a788fd82d4c2b997e0fe878efe2392487968b8d61b9029f",""
"entity-antigua-and-barbuda@1938/historical-flag","entity-antigua-and-barbuda@1938","b10-antigua-presidency","Antigua — Leeward Islands presidency","1938","historical-flag","MISSING","C","partially-supported","dependent-administration","false","[]","[]","[]","[]","{""map_identity_id"":""entity-antigua-and-barbuda"",""aliases"":[],""historical_names"":[{""value"":""Antigua — Leeward Islands presidency"",""kind"":""primary"",""validFrom"":""1878-01-01"",""validUntil"":""1947-01-01""}],""identifiers"":{}}","[""Snapshot context is not observation date or boundary date."",""Map geometry does not establish sovereignty or succession."",""Existing applicability intervals: []""]","35c5a20cdfaf4e7e7a788fd82d4c2b997e0fe878efe2392487968b8d61b9029f",""
"entity-antigua-and-barbuda@1945/historical-flag","entity-antigua-and-barbuda@1945","b10-antigua-presidency","Antigua — Leeward Islands presidency","1945","historical-flag","MISSING","C","partially-supported","dependent-administration","false","[]","[]","[]","[]","{""map_identity_id"":""entity-antigua-and-barbuda"",""aliases"":[],""historical_names"":[{""value"":""Antigua — Leeward Islands presidency"",""kind"":""primary"",""validFrom"":""1878-01-01"",""validUntil"":""1947-01-01""}],""identifiers"":{}}","[""Snapshot context is not observation date or boundary date."",""Map geometry does not establish sovereignty or succession."",""Existing applicability intervals: []""]","35c5a20cdfaf4e7e7a788fd82d4c2b997e0fe878efe2392487968b8d61b9029f",""
"entity-montserrat@1815/historical-flag","entity-montserrat@1815","","Montserrat","1815","historical-flag","MISSING","C","completely-empty","dependent-administration","true","[]","[]","[]","[]","{""map_identity_id"":""entity-montserrat"",""aliases"":[],""historical_names"":[],""identifiers"":{}}","[""Snapshot context is not observation date or boundary date."",""Map geometry does not establish sovereignty or succession."",""Resolve historical identity before proposing entity-specific facts."",""Existing applicability intervals: []""]","35c5a20cdfaf4e7e7a788fd82d4c2b997e0fe878efe2392487968b8d61b9029f",""
"entity-montserrat@1878/historical-flag","entity-montserrat@1878","b10-montserrat-presidency","Montserrat — Leeward Islands presidency","1878","historical-flag","MISSING","C","partially-supported","dependent-administration","false","[]","[]","[]","[]","{""map_identity_id"":""entity-montserrat"",""aliases"":[],""historical_names"":[{""value"":""Montserrat — Leeward Islands presidency"",""kind"":""primary"",""validFrom"":""1878-01-01"",""validUntil"":""1947-01-01""}],""identifiers"":{}}","[""Snapshot context is not observation date or boundary date."",""Map geometry does not establish sovereignty or succession."",""Existing applicability intervals: []""]","35c5a20cdfaf4e7e7a788fd82d4c2b997e0fe878efe2392487968b8d61b9029f",""
"entity-montserrat@1880/historical-flag","entity-montserrat@1880","b10-montserrat-presidency","Montserrat — Leeward Islands presidency","1880","historical-flag","MISSING","C","partially-supported","dependent-administration","false","[]","[]","[]","[]","{""map_identity_id"":""entity-montserrat"",""aliases"":[],""historical_names"":[{""value"":""Montserrat — Leeward Islands presidency"",""kind"":""primary"",""validFrom"":""1878-01-01"",""validUntil"":""1947-01-01""}],""identifiers"":{}}","[""Snapshot context is not observation date or boundary date."",""Map geometry does not establish sovereignty or succession."",""Existing applicability intervals: []""]","35c5a20cdfaf4e7e7a788fd82d4c2b997e0fe878efe2392487968b8d61b9029f",""
"entity-montserrat@1900/historical-flag","entity-montserrat@1900","b10-montserrat-presidency","Montserrat — Leeward Islands presidency","1900","historical-flag","MISSING","C","partially-supported","dependent-administration","false","[]","[]","[]","[]","{""map_identity_id"":""entity-montserrat"",""aliases"":[],""historical_names"":[{""value"":""Montserrat — Leeward Islands presidency"",""kind"":""primary"",""validFrom"":""1878-01-01"",""validUntil"":""1947-01-01""}],""identifiers"":{}}","[""Snapshot context is not observation date or boundary date."",""Map geometry does not establish sovereignty or succession."",""Existing applicability intervals: []""]","35c5a20cdfaf4e7e7a788fd82d4c2b997e0fe878efe2392487968b8d61b9029f",""
"entity-montserrat@1914/historical-flag","entity-montserrat@1914","b10-montserrat-presidency","Montserrat — Leeward Islands presidency","1914","historical-flag","MISSING","C","partially-supported","dependent-administration","false","[]","[]","[]","[]","{""map_identity_id"":""entity-montserrat"",""aliases"":[],""historical_names"":[{""value"":""Montserrat — Leeward Islands presidency"",""kind"":""primary"",""validFrom"":""1878-01-01"",""validUntil"":""1947-01-01""}],""identifiers"":{}}","[""Snapshot context is not observation date or boundary date."",""Map geometry does not establish sovereignty or succession."",""Existing applicability intervals: []""]","35c5a20cdfaf4e7e7a788fd82d4c2b997e0fe878efe2392487968b8d61b9029f",""
"entity-montserrat@1920/historical-flag","entity-montserrat@1920","b10-montserrat-presidency","Montserrat — Leeward Islands presidency","1920","historical-flag","MISSING","C","partially-supported","dependent-administration","false","[]","[]","[]","[]","{""map_identity_id"":""entity-montserrat"",""aliases"":[],""historical_names"":[{""value"":""Montserrat — Leeward Islands presidency"",""kind"":""primary"",""validFrom"":""1878-01-01"",""validUntil"":""1947-01-01""}],""identifiers"":{}}","[""Snapshot context is not observation date or boundary date."",""Map geometry does not establish sovereignty or succession."",""Existing applicability intervals: []""]","35c5a20cdfaf4e7e7a788fd82d4c2b997e0fe878efe2392487968b8d61b9029f",""
"entity-montserrat@1930/historical-flag","entity-montserrat@1930","b10-montserrat-presidency","Montserrat — Leeward Islands presidency","1930","historical-flag","MISSING","C","partially-supported","dependent-administration","false","[]","[]","[]","[]","{""map_identity_id"":""entity-montserrat"",""aliases"":[],""historical_names"":[{""value"":""Montserrat — Leeward Islands presidency"",""kind"":""primary"",""validFrom"":""1878-01-01"",""validUntil"":""1947-01-01""}],""identifiers"":{}}","[""Snapshot context is not observation date or boundary date."",""Map geometry does not establish sovereignty or succession."",""Existing applicability intervals: []""]","35c5a20cdfaf4e7e7a788fd82d4c2b997e0fe878efe2392487968b8d61b9029f",""
"entity-montserrat@1938/historical-flag","entity-montserrat@1938","b10-montserrat-presidency","Montserrat — Leeward Islands presidency","1938","historical-flag","MISSING","C","partially-supported","dependent-administration","false","[]","[]","[]","[]","{""map_identity_id"":""entity-montserrat"",""aliases"":[],""historical_names"":[{""value"":""Montserrat — Leeward Islands presidency"",""kind"":""primary"",""validFrom"":""1878-01-01"",""validUntil"":""1947-01-01""}],""identifiers"":{}}","[""Snapshot context is not observation date or boundary date."",""Map geometry does not establish sovereignty or succession."",""Existing applicability intervals: []""]","35c5a20cdfaf4e7e7a788fd82d4c2b997e0fe878efe2392487968b8d61b9029f",""
"entity-montserrat@1945/historical-flag","entity-montserrat@1945","b10-montserrat-presidency","Montserrat — Leeward Islands presidency","1945","historical-flag","MISSING","C","partially-supported","dependent-administration","false","[]","[]","[]","[]","{""map_identity_id"":""entity-montserrat"",""aliases"":[],""historical_names"":[{""value"":""Montserrat — Leeward Islands presidency"",""kind"":""primary"",""validFrom"":""1878-01-01"",""validUntil"":""1947-01-01""}],""identifiers"":{}}","[""Snapshot context is not observation date or boundary date."",""Map geometry does not establish sovereignty or succession."",""Existing applicability intervals: []""]","35c5a20cdfaf4e7e7a788fd82d4c2b997e0fe878efe2392487968b8d61b9029f",""
"entity-panama@1914/historical-flag","entity-panama@1914","b10-panama-1904-core","Panama — early constitutional republic","1914","historical-flag","MISSING","C","partially-supported","political-polity","false","[]","[]","[]","[]","{""map_identity_id"":""entity-panama"",""aliases"":[],""historical_names"":[{""value"":""Panama — early constitutional republic"",""kind"":""primary"",""validFrom"":""1914-01-01"",""validUntil"":""1915-01-01""}],""identifiers"":{}}","[""Snapshot context is not observation date or boundary date."",""Map geometry does not establish sovereignty or succession."",""Existing applicability intervals: []""]","35c5a20cdfaf4e7e7a788fd82d4c2b997e0fe878efe2392487968b8d61b9029f",""
"entity-panama@1920/historical-flag","entity-panama@1920","","Panama","1920","historical-flag","MISSING","C","completely-empty","political-polity","true","[]","[]","[]","[]","{""map_identity_id"":""entity-panama"",""aliases"":[],""historical_names"":[],""identifiers"":{}}","[""Snapshot context is not observation date or boundary date."",""Map geometry does not establish sovereignty or succession."",""Resolve historical identity before proposing entity-specific facts."",""Existing applicability intervals: []""]","35c5a20cdfaf4e7e7a788fd82d4c2b997e0fe878efe2392487968b8d61b9029f",""
"entity-panama@1930/historical-flag","entity-panama@1930","","Panama","1930","historical-flag","MISSING","C","completely-empty","political-polity","true","[]","[]","[]","[]","{""map_identity_id"":""entity-panama"",""aliases"":[],""historical_names"":[],""identifiers"":{}}","[""Snapshot context is not observation date or boundary date."",""Map geometry does not establish sovereignty or succession."",""Resolve historical identity before proposing entity-specific facts."",""Existing applicability intervals: []""]","35c5a20cdfaf4e7e7a788fd82d4c2b997e0fe878efe2392487968b8d61b9029f",""
"entity-panama@1938/historical-flag","entity-panama@1938","","Panama","1938","historical-flag","MISSING","C","completely-empty","political-polity","true","[]","[]","[]","[]","{""map_identity_id"":""entity-panama"",""aliases"":[],""historical_names"":[],""identifiers"":{}}","[""Snapshot context is not observation date or boundary date."",""Map geometry does not establish sovereignty or succession."",""Resolve historical identity before proposing entity-specific facts."",""Existing applicability intervals: []""]","35c5a20cdfaf4e7e7a788fd82d4c2b997e0fe878efe2392487968b8d61b9029f",""
"entity-panama@1945/historical-flag","entity-panama@1945","","Panama","1945","historical-flag","MISSING","C","completely-empty","political-polity","true","[]","[]","[]","[]","{""map_identity_id"":""entity-panama"",""aliases"":[],""historical_names"":[],""identifiers"":{}}","[""Snapshot context is not observation date or boundary date."",""Map geometry does not establish sovereignty or succession."",""Resolve historical identity before proposing entity-specific facts."",""Existing applicability intervals: []""]","35c5a20cdfaf4e7e7a788fd82d4c2b997e0fe878efe2392487968b8d61b9029f",""
"entity-panama@1960/historical-flag","entity-panama@1960","","Panama","1960","historical-flag","MISSING","C","completely-empty","political-polity","true","[]","[]","[]","[]","{""map_identity_id"":""entity-panama"",""aliases"":[],""historical_names"":[],""identifiers"":{}}","[""Snapshot context is not observation date or boundary date."",""Map geometry does not establish sovereignty or succession."",""Resolve historical identity before proposing entity-specific facts."",""Existing applicability intervals: []""]","35c5a20cdfaf4e7e7a788fd82d4c2b997e0fe878efe2392487968b8d61b9029f",""
"entity-equatorial-guinea@1914/historical-flag","entity-equatorial-guinea@1914","","Equatorial Guinea","1914","historical-flag","MISSING","C","completely-empty","dependent-administration","true","[]","[]","[]","[]","{""map_identity_id"":""entity-equatorial-guinea"",""aliases"":[],""historical_names"":[],""identifiers"":{}}","[""Snapshot context is not observation date or boundary date."",""Map geometry does not establish sovereignty or succession."",""Resolve historical identity before proposing entity-specific facts."",""Existing applicability intervals: []""]","35c5a20cdfaf4e7e7a788fd82d4c2b997e0fe878efe2392487968b8d61b9029f",""
"entity-equatorial-guinea@1920/historical-flag","entity-equatorial-guinea@1920","","Equatorial Guinea","1920","historical-flag","MISSING","C","completely-empty","dependent-administration","true","[]","[]","[]","[]","{""map_identity_id"":""entity-equatorial-guinea"",""aliases"":[],""historical_names"":[],""identifiers"":{}}","[""Snapshot context is not observation date or boundary date."",""Map geometry does not establish sovereignty or succession."",""Resolve historical identity before proposing entity-specific facts."",""Existing applicability intervals: []""]","35c5a20cdfaf4e7e7a788fd82d4c2b997e0fe878efe2392487968b8d61b9029f",""
"entity-equatorial-guinea@1930/historical-flag","entity-equatorial-guinea@1930","","Equatorial Guinea","1930","historical-flag","MISSING","C","completely-empty","dependent-administration","true","[]","[]","[]","[]","{""map_identity_id"":""entity-equatorial-guinea"",""aliases"":[],""historical_names"":[],""identifiers"":{}}","[""Snapshot context is not observation date or boundary date."",""Map geometry does not establish sovereignty or succession."",""Resolve historical identity before proposing entity-specific facts."",""Existing applicability intervals: []""]","35c5a20cdfaf4e7e7a788fd82d4c2b997e0fe878efe2392487968b8d61b9029f",""
"entity-equatorial-guinea@1938/historical-flag","entity-equatorial-guinea@1938","","Equatorial Guinea","1938","historical-flag","MISSING","C","completely-empty","dependent-administration","true","[]","[]","[]","[]","{""map_identity_id"":""entity-equatorial-guinea"",""aliases"":[],""historical_names"":[],""identifiers"":{}}","[""Snapshot context is not observation date or boundary date."",""Map geometry does not establish sovereignty or succession."",""Resolve historical identity before proposing entity-specific facts."",""Existing applicability intervals: []""]","35c5a20cdfaf4e7e7a788fd82d4c2b997e0fe878efe2392487968b8d61b9029f",""
"entity-equatorial-guinea@1945/historical-flag","entity-equatorial-guinea@1945","","Equatorial Guinea","1945","historical-flag","MISSING","C","completely-empty","dependent-administration","true","[]","[]","[]","[]","{""map_identity_id"":""entity-equatorial-guinea"",""aliases"":[],""historical_names"":[],""identifiers"":{}}","[""Snapshot context is not observation date or boundary date."",""Map geometry does not establish sovereignty or succession."",""Resolve historical identity before proposing entity-specific facts."",""Existing applicability intervals: []""]","35c5a20cdfaf4e7e7a788fd82d4c2b997e0fe878efe2392487968b8d61b9029f",""
"entity-equatorial-guinea@1960/historical-flag","entity-equatorial-guinea@1960","b17-equatorial-guinea-1960","Fernando Poo and Rio Muni — Spanish provincial colonial administration","1960","historical-flag","MISSING","C","partially-supported","dependent-administration","false","[]","[]","[]","[]","{""map_identity_id"":""entity-equatorial-guinea"",""aliases"":[],""historical_names"":[{""value"":""Fernando Poo and Rio Muni — Spanish provincial colonial administration"",""kind"":""primary"",""validFrom"":""1960-01-01"",""validUntil"":""1961-01-01""}],""identifiers"":{}}","[""Snapshot context is not observation date or boundary date."",""Map geometry does not establish sovereignty or succession."",""Existing applicability intervals: []""]","35c5a20cdfaf4e7e7a788fd82d4c2b997e0fe878efe2392487968b8d61b9029f",""
"entity-sierra-leone@1815/historical-flag","entity-sierra-leone@1815","sierra-leone-1815-colonial-core","Sierra Leone — British colony in 1815","1815","historical-flag","MISSING","C","partially-supported","dependent-administration","false","[]","[]","[]","[]","{""map_identity_id"":""entity-sierra-leone"",""aliases"":[],""historical_names"":[{""value"":""Sierra Leone — British colony in 1815"",""kind"":""primary"",""validFrom"":""1815-01-01"",""validUntil"":""1816-01-01""}],""identifiers"":{}}","[""Snapshot context is not observation date or boundary date."",""Map geometry does not establish sovereignty or succession."",""Existing applicability intervals: []""]","35c5a20cdfaf4e7e7a788fd82d4c2b997e0fe878efe2392487968b8d61b9029f",""
"entity-sierra-leone@1878/historical-flag","entity-sierra-leone@1878","sierra-leone-west-african-settlements-core","Sierra Leone — West African Settlements administration","1878","historical-flag","MISSING","C","partially-supported","dependent-administration","false","[]","[]","[]","[]","{""map_identity_id"":""entity-sierra-leone"",""aliases"":[],""historical_names"":[{""value"":""Sierra Leone — West African Settlements administration"",""kind"":""primary"",""validFrom"":""1878-01-01"",""validUntil"":""1881-01-01""}],""identifiers"":{}}","[""Snapshot context is not observation date or boundary date."",""Map geometry does not establish sovereignty or succession."",""Existing applicability intervals: []""]","35c5a20cdfaf4e7e7a788fd82d4c2b997e0fe878efe2392487968b8d61b9029f",""
"entity-sierra-leone@1880/historical-flag","entity-sierra-leone@1880","sierra-leone-west-african-settlements-core","Sierra Leone — West African Settlements administration","1880","historical-flag","MISSING","C","partially-supported","dependent-administration","false","[]","[]","[]","[]","{""map_identity_id"":""entity-sierra-leone"",""aliases"":[],""historical_names"":[{""value"":""Sierra Leone — West African Settlements administration"",""kind"":""primary"",""validFrom"":""1878-01-01"",""validUntil"":""1881-01-01""}],""identifiers"":{}}","[""Snapshot context is not observation date or boundary date."",""Map geometry does not establish sovereignty or succession."",""Existing applicability intervals: []""]","35c5a20cdfaf4e7e7a788fd82d4c2b997e0fe878efe2392487968b8d61b9029f",""
"entity-sierra-leone@1900/historical-flag","entity-sierra-leone@1900","sierra-leone-colony-protectorate-core","Sierra Leone — colony and hinterland protectorate","1900","historical-flag","MISSING","C","partially-supported","dependent-administration","false","[]","[]","[]","[]","{""map_identity_id"":""entity-sierra-leone"",""aliases"":[],""historical_names"":[{""value"":""Sierra Leone — colony and hinterland protectorate"",""kind"":""primary"",""validFrom"":""1900-01-01"",""validUntil"":""1951-01-01""}],""identifiers"":{}}","[""Snapshot context is not observation date or boundary date."",""Map geometry does not establish sovereignty or succession."",""Existing applicability intervals: []""]","35c5a20cdfaf4e7e7a788fd82d4c2b997e0fe878efe2392487968b8d61b9029f",""
"entity-sierra-leone@1914/historical-flag","entity-sierra-leone@1914","sierra-leone-colony-protectorate-core","Sierra Leone — colony and hinterland protectorate","1914","historical-flag","MISSING","C","partially-supported","dependent-administration","false","[]","[]","[]","[]","{""map_identity_id"":""entity-sierra-leone"",""aliases"":[],""historical_names"":[{""value"":""Sierra Leone — colony and hinterland protectorate"",""kind"":""primary"",""validFrom"":""1900-01-01"",""validUntil"":""1951-01-01""}],""identifiers"":{}}","[""Snapshot context is not observation date or boundary date."",""Map geometry does not establish sovereignty or succession."",""Existing applicability intervals: []""]","35c5a20cdfaf4e7e7a788fd82d4c2b997e0fe878efe2392487968b8d61b9029f",""
"entity-sierra-leone@1920/historical-flag","entity-sierra-leone@1920","sierra-leone-colony-protectorate-core","Sierra Leone — colony and hinterland protectorate","1920","historical-flag","MISSING","C","partially-supported","dependent-administration","false","[]","[]","[]","[]","{""map_identity_id"":""entity-sierra-leone"",""aliases"":[],""historical_names"":[{""value"":""Sierra Leone — colony and hinterland protectorate"",""kind"":""primary"",""validFrom"":""1900-01-01"",""validUntil"":""1951-01-01""}],""identifiers"":{}}","[""Snapshot context is not observation date or boundary date."",""Map geometry does not establish sovereignty or succession."",""Existing applicability intervals: []""]","35c5a20cdfaf4e7e7a788fd82d4c2b997e0fe878efe2392487968b8d61b9029f",""
"entity-sierra-leone@1930/historical-flag","entity-sierra-leone@1930","sierra-leone-colony-protectorate-core","Sierra Leone — colony and hinterland protectorate","1930","historical-flag","MISSING","C","partially-supported","dependent-administration","false","[]","[]","[]","[]","{""map_identity_id"":""entity-sierra-leone"",""aliases"":[],""historical_names"":[{""value"":""Sierra Leone — colony and hinterland protectorate"",""kind"":""primary"",""validFrom"":""1900-01-01"",""validUntil"":""1951-01-01""}],""identifiers"":{}}","[""Snapshot context is not observation date or boundary date."",""Map geometry does not establish sovereignty or succession."",""Existing applicability intervals: []""]","35c5a20cdfaf4e7e7a788fd82d4c2b997e0fe878efe2392487968b8d61b9029f",""
"entity-sierra-leone@1938/historical-flag","entity-sierra-leone@1938","sierra-leone-colony-protectorate-core","Sierra Leone — colony and hinterland protectorate","1938","historical-flag","MISSING","C","partially-supported","dependent-administration","false","[]","[]","[]","[]","{""map_identity_id"":""entity-sierra-leone"",""aliases"":[],""historical_names"":[{""value"":""Sierra Leone — colony and hinterland protectorate"",""kind"":""primary"",""validFrom"":""1900-01-01"",""validUntil"":""1951-01-01""}],""identifiers"":{}}","[""Snapshot context is not observation date or boundary date."",""Map geometry does not establish sovereignty or succession."",""Existing applicability intervals: []""]","35c5a20cdfaf4e7e7a788fd82d4c2b997e0fe878efe2392487968b8d61b9029f",""
"entity-sierra-leone@1945/historical-flag","entity-sierra-leone@1945","sierra-leone-colony-protectorate-core","Sierra Leone — colony and hinterland protectorate","1945","historical-flag","MISSING","C","partially-supported","dependent-administration","false","[]","[]","[]","[]","{""map_identity_id"":""entity-sierra-leone"",""aliases"":[],""historical_names"":[{""value"":""Sierra Leone — colony and hinterland protectorate"",""kind"":""primary"",""validFrom"":""1900-01-01"",""validUntil"":""1951-01-01""}],""identifiers"":{}}","[""Snapshot context is not observation date or boundary date."",""Map geometry does not establish sovereignty or succession."",""Existing applicability intervals: []""]","35c5a20cdfaf4e7e7a788fd82d4c2b997e0fe878efe2392487968b8d61b9029f",""
"entity-sierra-leone@1960/historical-flag","entity-sierra-leone@1960","sierra-leone-1960-pre-independence-core","Sierra Leone — colonial administration in 1960","1960","historical-flag","MISSING","C","partially-supported","dependent-administration","false","[]","[]","[]","[]","{""map_identity_id"":""entity-sierra-leone"",""aliases"":[],""historical_names"":[{""value"":""Sierra Leone — colonial administration in 1960"",""kind"":""primary"",""validFrom"":""1960-01-01"",""validUntil"":""1961-01-01""}],""identifiers"":{}}","[""Snapshot context is not observation date or boundary date."",""Map geometry does not establish sovereignty or succession."",""Existing applicability intervals: []""]","35c5a20cdfaf4e7e7a788fd82d4c2b997e0fe878efe2392487968b8d61b9029f",""
"entity-tonga@1878/historical-flag","entity-tonga@1878","tonga-independent-constitutional-core","Tonga — constitutional kingdom before British protection","1878","historical-flag","MISSING","C","partially-supported","political-polity","false","[]","[]","[]","[]","{""map_identity_id"":""entity-tonga"",""aliases"":[],""historical_names"":[{""value"":""Tonga — constitutional kingdom before British protection"",""kind"":""primary"",""validFrom"":""1878-01-01"",""validUntil"":""1881-01-01""}],""identifiers"":{}}","[""Snapshot context is not observation date or boundary date."",""Map geometry does not establish sovereignty or succession."",""Existing applicability intervals: []""]","35c5a20cdfaf4e7e7a788fd82d4c2b997e0fe878efe2392487968b8d61b9029f",""
"entity-tonga@1880/historical-flag","entity-tonga@1880","tonga-independent-constitutional-core","Tonga — constitutional kingdom before British protection","1880","historical-flag","MISSING","C","partially-supported","political-polity","false","[]","[]","[]","[]","{""map_identity_id"":""entity-tonga"",""aliases"":[],""historical_names"":[{""value"":""Tonga — constitutional kingdom before British protection"",""kind"":""primary"",""validFrom"":""1878-01-01"",""validUntil"":""1881-01-01""}],""identifiers"":{}}","[""Snapshot context is not observation date or boundary date."",""Map geometry does not establish sovereignty or succession."",""Existing applicability intervals: []""]","35c5a20cdfaf4e7e7a788fd82d4c2b997e0fe878efe2392487968b8d61b9029f",""
"entity-tonga@1900/historical-flag","entity-tonga@1900","","Tonga","1900","historical-flag","MISSING","C","completely-empty","political-polity","true","[]","[]","[]","[]","{""map_identity_id"":""entity-tonga"",""aliases"":[],""historical_names"":[],""identifiers"":{}}","[""Snapshot context is not observation date or boundary date."",""Map geometry does not establish sovereignty or succession."",""Resolve historical identity before proposing entity-specific facts."",""Existing applicability intervals: []""]","35c5a20cdfaf4e7e7a788fd82d4c2b997e0fe878efe2392487968b8d61b9029f",""
"entity-tonga@1960/historical-flag","entity-tonga@1960","tonga-british-protected-core","Tonga — protected constitutional kingdom","1960","historical-flag","MISSING","C","partially-supported","political-polity","false","[]","[]","[]","[]","{""map_identity_id"":""entity-tonga"",""aliases"":[],""historical_names"":[{""value"":""Tonga — protected constitutional kingdom"",""kind"":""primary"",""validFrom"":""1901-01-01"",""validUntil"":""1961-01-01""}],""identifiers"":{}}","[""Snapshot context is not observation date or boundary date."",""Map geometry does not establish sovereignty or succession."",""Existing applicability intervals: []""]","35c5a20cdfaf4e7e7a788fd82d4c2b997e0fe878efe2392487968b8d61b9029f",""
"entity-fiji@1878/historical-flag","entity-fiji@1878","fiji-british-colonial-core","Fiji — British colonial framework","1878","historical-flag","MISSING","C","partially-supported","dependent-administration","false","[]","[]","[]","[]","{""map_identity_id"":""entity-fiji"",""aliases"":[],""historical_names"":[{""value"":""Fiji — British colonial framework"",""kind"":""primary"",""validFrom"":""1878-01-01"",""validUntil"":""1961-01-01""}],""identifiers"":{}}","[""Snapshot context is not observation date or boundary date."",""Map geometry does not establish sovereignty or succession."",""Existing applicability intervals: []""]","35c5a20cdfaf4e7e7a788fd82d4c2b997e0fe878efe2392487968b8d61b9029f",""
"entity-fiji@1880/historical-flag","entity-fiji@1880","fiji-british-colonial-core","Fiji — British colonial framework","1880","historical-flag","MISSING","C","partially-supported","dependent-administration","false","[]","[]","[]","[]","{""map_identity_id"":""entity-fiji"",""aliases"":[],""historical_names"":[{""value"":""Fiji — British colonial framework"",""kind"":""primary"",""validFrom"":""1878-01-01"",""validUntil"":""1961-01-01""}],""identifiers"":{}}","[""Snapshot context is not observation date or boundary date."",""Map geometry does not establish sovereignty or succession."",""Existing applicability intervals: []""]","35c5a20cdfaf4e7e7a788fd82d4c2b997e0fe878efe2392487968b8d61b9029f",""
"entity-fiji@1900/historical-flag","entity-fiji@1900","fiji-british-colonial-core","Fiji — British colonial framework","1900","historical-flag","MISSING","C","partially-supported","dependent-administration","false","[]","[]","[]","[]","{""map_identity_id"":""entity-fiji"",""aliases"":[],""historical_names"":[{""value"":""Fiji — British colonial framework"",""kind"":""primary"",""validFrom"":""1878-01-01"",""validUntil"":""1961-01-01""}],""identifiers"":{}}","[""Snapshot context is not observation date or boundary date."",""Map geometry does not establish sovereignty or succession."",""Existing applicability intervals: []""]","35c5a20cdfaf4e7e7a788fd82d4c2b997e0fe878efe2392487968b8d61b9029f",""
"entity-fiji@1914/historical-flag","entity-fiji@1914","fiji-british-colonial-core","Fiji — British colonial framework","1914","historical-flag","MISSING","C","partially-supported","dependent-administration","false","[]","[]","[]","[]","{""map_identity_id"":""entity-fiji"",""aliases"":[],""historical_names"":[{""value"":""Fiji — British colonial framework"",""kind"":""primary"",""validFrom"":""1878-01-01"",""validUntil"":""1961-01-01""}],""identifiers"":{}}","[""Snapshot context is not observation date or boundary date."",""Map geometry does not establish sovereignty or succession."",""Existing applicability intervals: []""]","35c5a20cdfaf4e7e7a788fd82d4c2b997e0fe878efe2392487968b8d61b9029f",""
"entity-fiji@1920/historical-flag","entity-fiji@1920","fiji-british-colonial-core","Fiji — British colonial framework","1920","historical-flag","MISSING","C","partially-supported","dependent-administration","false","[]","[]","[]","[]","{""map_identity_id"":""entity-fiji"",""aliases"":[],""historical_names"":[{""value"":""Fiji — British colonial framework"",""kind"":""primary"",""validFrom"":""1878-01-01"",""validUntil"":""1961-01-01""}],""identifiers"":{}}","[""Snapshot context is not observation date or boundary date."",""Map geometry does not establish sovereignty or succession."",""Existing applicability intervals: []""]","35c5a20cdfaf4e7e7a788fd82d4c2b997e0fe878efe2392487968b8d61b9029f",""
"entity-fiji@1930/historical-flag","entity-fiji@1930","fiji-british-colonial-core","Fiji — British colonial framework","1930","historical-flag","MISSING","C","partially-supported","dependent-administration","false","[]","[]","[]","[]","{""map_identity_id"":""entity-fiji"",""aliases"":[],""historical_names"":[{""value"":""Fiji — British colonial framework"",""kind"":""primary"",""validFrom"":""1878-01-01"",""validUntil"":""1961-01-01""}],""identifiers"":{}}","[""Snapshot context is not observation date or boundary date."",""Map geometry does not establish sovereignty or succession."",""Existing applicability intervals: []""]","35c5a20cdfaf4e7e7a788fd82d4c2b997e0fe878efe2392487968b8d61b9029f",""
"entity-fiji@1938/historical-flag","entity-fiji@1938","fiji-british-colonial-core","Fiji — British colonial framework","1938","historical-flag","MISSING","C","partially-supported","dependent-administration","false","[]","[]","[]","[]","{""map_identity_id"":""entity-fiji"",""aliases"":[],""historical_names"":[{""value"":""Fiji — British colonial framework"",""kind"":""primary"",""validFrom"":""1878-01-01"",""validUntil"":""1961-01-01""}],""identifiers"":{}}","[""Snapshot context is not observation date or boundary date."",""Map geometry does not establish sovereignty or succession."",""Existing applicability intervals: []""]","35c5a20cdfaf4e7e7a788fd82d4c2b997e0fe878efe2392487968b8d61b9029f",""
"entity-fiji@1945/historical-flag","entity-fiji@1945","fiji-british-colonial-core","Fiji — British colonial framework","1945","historical-flag","MISSING","C","partially-supported","dependent-administration","false","[]","[]","[]","[]","{""map_identity_id"":""entity-fiji"",""aliases"":[],""historical_names"":[{""value"":""Fiji — British colonial framework"",""kind"":""primary"",""validFrom"":""1878-01-01"",""validUntil"":""1961-01-01""}],""identifiers"":{}}","[""Snapshot context is not observation date or boundary date."",""Map geometry does not establish sovereignty or succession."",""Existing applicability intervals: []""]","35c5a20cdfaf4e7e7a788fd82d4c2b997e0fe878efe2392487968b8d61b9029f",""
"entity-fiji@1960/historical-flag","entity-fiji@1960","fiji-british-colonial-core","Fiji — British colonial framework","1960","historical-flag","MISSING","C","partially-supported","dependent-administration","false","[]","[]","[]","[]","{""map_identity_id"":""entity-fiji"",""aliases"":[],""historical_names"":[{""value"":""Fiji — British colonial framework"",""kind"":""primary"",""validFrom"":""1878-01-01"",""validUntil"":""1961-01-01""}],""identifiers"":{}}","[""Snapshot context is not observation date or boundary date."",""Map geometry does not establish sovereignty or succession."",""Existing applicability intervals: []""]","35c5a20cdfaf4e7e7a788fd82d4c2b997e0fe878efe2392487968b8d61b9029f",""
"entity-guadeloupe@1815/historical-flag","entity-guadeloupe@1815","","Guadeloupe","1815","historical-flag","MISSING","C","completely-empty","dependent-administration","true","[]","[]","[]","[]","{""map_identity_id"":""entity-guadeloupe"",""aliases"":[],""historical_names"":[],""identifiers"":{}}","[""Snapshot context is not observation date or boundary date."",""Map geometry does not establish sovereignty or succession."",""Resolve historical identity before proposing entity-specific facts."",""Existing applicability intervals: []""]","35c5a20cdfaf4e7e7a788fd82d4c2b997e0fe878efe2392487968b8d61b9029f",""
"entity-guadeloupe@1878/historical-flag","entity-guadeloupe@1878","b10-guadeloupe-colonial","Guadeloupe — French colonial administration","1878","historical-flag","MISSING","C","partially-supported","dependent-administration","false","[]","[]","[]","[]","{""map_identity_id"":""entity-guadeloupe"",""aliases"":[],""historical_names"":[{""value"":""Guadeloupe — French colonial administration"",""kind"":""primary"",""validFrom"":""1878-01-01"",""validUntil"":""1946-03-19""}],""identifiers"":{}}","[""Snapshot context is not observation date or boundary date."",""Map geometry does not establish sovereignty or succession."",""Existing applicability intervals: []""]","35c5a20cdfaf4e7e7a788fd82d4c2b997e0fe878efe2392487968b8d61b9029f",""
"entity-guadeloupe@1880/historical-flag","entity-guadeloupe@1880","b10-guadeloupe-colonial","Guadeloupe — French colonial administration","1880","historical-flag","MISSING","C","partially-supported","dependent-administration","false","[]","[]","[]","[]","{""map_identity_id"":""entity-guadeloupe"",""aliases"":[],""historical_names"":[{""value"":""Guadeloupe — French colonial administration"",""kind"":""primary"",""validFrom"":""1878-01-01"",""validUntil"":""1946-03-19""}],""identifiers"":{}}","[""Snapshot context is not observation date or boundary date."",""Map geometry does not establish sovereignty or succession."",""Existing applicability intervals: []""]","35c5a20cdfaf4e7e7a788fd82d4c2b997e0fe878efe2392487968b8d61b9029f",""
"entity-guadeloupe@1900/historical-flag","entity-guadeloupe@1900","b10-guadeloupe-colonial","Guadeloupe — French colonial administration","1900","historical-flag","MISSING","C","partially-supported","dependent-administration","false","[]","[]","[]","[]","{""map_identity_id"":""entity-guadeloupe"",""aliases"":[],""historical_names"":[{""value"":""Guadeloupe — French colonial administration"",""kind"":""primary"",""validFrom"":""1878-01-01"",""validUntil"":""1946-03-19""}],""identifiers"":{}}","[""Snapshot context is not observation date or boundary date."",""Map geometry does not establish sovereignty or succession."",""Existing applicability intervals: []""]","35c5a20cdfaf4e7e7a788fd82d4c2b997e0fe878efe2392487968b8d61b9029f",""
"entity-guadeloupe@1914/historical-flag","entity-guadeloupe@1914","b10-guadeloupe-colonial","Guadeloupe — French colonial administration","1914","historical-flag","MISSING","C","partially-supported","dependent-administration","false","[]","[]","[]","[]","{""map_identity_id"":""entity-guadeloupe"",""aliases"":[],""historical_names"":[{""value"":""Guadeloupe — French colonial administration"",""kind"":""primary"",""validFrom"":""1878-01-01"",""validUntil"":""1946-03-19""}],""identifiers"":{}}","[""Snapshot context is not observation date or boundary date."",""Map geometry does not establish sovereignty or succession."",""Existing applicability intervals: []""]","35c5a20cdfaf4e7e7a788fd82d4c2b997e0fe878efe2392487968b8d61b9029f",""
"entity-guadeloupe@1920/historical-flag","entity-guadeloupe@1920","b10-guadeloupe-colonial","Guadeloupe — French colonial administration","1920","historical-flag","MISSING","C","partially-supported","dependent-administration","false","[]","[]","[]","[]","{""map_identity_id"":""entity-guadeloupe"",""aliases"":[],""historical_names"":[{""value"":""Guadeloupe — French colonial administration"",""kind"":""primary"",""validFrom"":""1878-01-01"",""validUntil"":""1946-03-19""}],""identifiers"":{}}","[""Snapshot context is not observation date or boundary date."",""Map geometry does not establish sovereignty or succession."",""Existing applicability intervals: []""]","35c5a20cdfaf4e7e7a788fd82d4c2b997e0fe878efe2392487968b8d61b9029f",""
"entity-guadeloupe@1930/historical-flag","entity-guadeloupe@1930","b10-guadeloupe-colonial","Guadeloupe — French colonial administration","1930","historical-flag","MISSING","C","partially-supported","dependent-administration","false","[]","[]","[]","[]","{""map_identity_id"":""entity-guadeloupe"",""aliases"":[],""historical_names"":[{""value"":""Guadeloupe — French colonial administration"",""kind"":""primary"",""validFrom"":""1878-01-01"",""validUntil"":""1946-03-19""}],""identifiers"":{}}","[""Snapshot context is not observation date or boundary date."",""Map geometry does not establish sovereignty or succession."",""Existing applicability intervals: []""]","35c5a20cdfaf4e7e7a788fd82d4c2b997e0fe878efe2392487968b8d61b9029f",""
"entity-guadeloupe@1938/historical-flag","entity-guadeloupe@1938","b10-guadeloupe-colonial","Guadeloupe — French colonial administration","1938","historical-flag","MISSING","C","partially-supported","dependent-administration","false","[]","[]","[]","[]","{""map_identity_id"":""entity-guadeloupe"",""aliases"":[],""historical_names"":[{""value"":""Guadeloupe — French colonial administration"",""kind"":""primary"",""validFrom"":""1878-01-01"",""validUntil"":""1946-03-19""}],""identifiers"":{}}","[""Snapshot context is not observation date or boundary date."",""Map geometry does not establish sovereignty or succession."",""Existing applicability intervals: []""]","35c5a20cdfaf4e7e7a788fd82d4c2b997e0fe878efe2392487968b8d61b9029f",""
"entity-guadeloupe@1945/historical-flag","entity-guadeloupe@1945","b10-guadeloupe-colonial","Guadeloupe — French colonial administration","1945","historical-flag","MISSING","C","partially-supported","dependent-administration","false","[]","[]","[]","[]","{""map_identity_id"":""entity-guadeloupe"",""aliases"":[],""historical_names"":[{""value"":""Guadeloupe — French colonial administration"",""kind"":""primary"",""validFrom"":""1878-01-01"",""validUntil"":""1946-03-19""}],""identifiers"":{}}","[""Snapshot context is not observation date or boundary date."",""Map geometry does not establish sovereignty or succession."",""Existing applicability intervals: []""]","35c5a20cdfaf4e7e7a788fd82d4c2b997e0fe878efe2392487968b8d61b9029f",""
"entity-saint-vincent-and-the-grenadines@1815/historical-flag","entity-saint-vincent-and-the-grenadines@1815","","Saint Vincent and the Grenadines","1815","historical-flag","MISSING","C","completely-empty","dependent-administration","true","[]","[]","[]","[]","{""map_identity_id"":""entity-saint-vincent-and-the-grenadines"",""aliases"":[],""historical_names"":[],""identifiers"":{}}","[""Snapshot context is not observation date or boundary date."",""Map geometry does not establish sovereignty or succession."",""Resolve historical identity before proposing entity-specific facts."",""Existing applicability intervals: []""]","35c5a20cdfaf4e7e7a788fd82d4c2b997e0fe878efe2392487968b8d61b9029f",""
"entity-saint-vincent-and-the-grenadines@1914/historical-flag","entity-saint-vincent-and-the-grenadines@1914","","Saint Vincent and the Grenadines","1914","historical-flag","MISSING","C","completely-empty","dependent-administration","true","[]","[]","[]","[]","{""map_identity_id"":""entity-saint-vincent-and-the-grenadines"",""aliases"":[],""historical_names"":[],""identifiers"":{}}","[""Snapshot context is not observation date or boundary date."",""Map geometry does not establish sovereignty or succession."",""Resolve historical identity before proposing entity-specific facts."",""Existing applicability intervals: []""]","35c5a20cdfaf4e7e7a788fd82d4c2b997e0fe878efe2392487968b8d61b9029f",""
"entity-saint-vincent-and-the-grenadines@1920/historical-flag","entity-saint-vincent-and-the-grenadines@1920","","Saint Vincent and the Grenadines","1920","historical-flag","MISSING","C","completely-empty","dependent-administration","true","[]","[]","[]","[]","{""map_identity_id"":""entity-saint-vincent-and-the-grenadines"",""aliases"":[],""historical_names"":[],""identifiers"":{}}","[""Snapshot context is not observation date or boundary date."",""Map geometry does not establish sovereignty or succession."",""Resolve historical identity before proposing entity-specific facts."",""Existing applicability intervals: []""]","35c5a20cdfaf4e7e7a788fd82d4c2b997e0fe878efe2392487968b8d61b9029f",""
"entity-saint-vincent-and-the-grenadines@1930/historical-flag","entity-saint-vincent-and-the-grenadines@1930","","Saint Vincent and the Grenadines","1930","historical-flag","MISSING","C","completely-empty","dependent-administration","true","[]","[]","[]","[]","{""map_identity_id"":""entity-saint-vincent-and-the-grenadines"",""aliases"":[],""historical_names"":[],""identifiers"":{}}","[""Snapshot context is not observation date or boundary date."",""Map geometry does not establish sovereignty or succession."",""Resolve historical identity before proposing entity-specific facts."",""Existing applicability intervals: []""]","35c5a20cdfaf4e7e7a788fd82d4c2b997e0fe878efe2392487968b8d61b9029f",""
"entity-saint-vincent-and-the-grenadines@1938/historical-flag","entity-saint-vincent-and-the-grenadines@1938","b11-saint-vincent-1936","Saint Vincent — 1936 council framework","1938","historical-flag","MISSING","C","partially-supported","dependent-administration","false","[]","[]","[]","[]","{""map_identity_id"":""entity-saint-vincent-and-the-grenadines"",""aliases"":[],""historical_names"":[{""value"":""Saint Vincent — 1936 council framework"",""kind"":""primary"",""validFrom"":""1937-01-01"",""validUntil"":""1951-01-01""}],""identifiers"":{}}","[""Snapshot context is not observation date or boundary date."",""Map geometry does not establish sovereignty or succession."",""Existing applicability intervals: []""]","35c5a20cdfaf4e7e7a788fd82d4c2b997e0fe878efe2392487968b8d61b9029f",""
"entity-saint-vincent-and-the-grenadines@1945/historical-flag","entity-saint-vincent-and-the-grenadines@1945","b11-saint-vincent-1936","Saint Vincent — 1936 council framework","1945","historical-flag","MISSING","C","partially-supported","dependent-administration","false","[]","[]","[]","[]","{""map_identity_id"":""entity-saint-vincent-and-the-grenadines"",""aliases"":[],""historical_names"":[{""value"":""Saint Vincent — 1936 council framework"",""kind"":""primary"",""validFrom"":""1937-01-01"",""validUntil"":""1951-01-01""}],""identifiers"":{}}","[""Snapshot context is not observation date or boundary date."",""Map geometry does not establish sovereignty or succession."",""Existing applicability intervals: []""]","35c5a20cdfaf4e7e7a788fd82d4c2b997e0fe878efe2392487968b8d61b9029f",""
"entity-botswana@1914/historical-flag","entity-botswana@1914","b19-bechuanaland-early","Bechuanaland Protectorate — pre-1931 administration","1914","historical-flag","MISSING","C","partially-supported","dependent-administration","false","[]","[]","[]","[]","{""map_identity_id"":""entity-botswana"",""aliases"":[],""historical_names"":[{""value"":""Bechuanaland Protectorate — pre-1931 administration"",""kind"":""primary"",""validFrom"":""1912-01-01"",""validUntil"":""1931-01-01""}],""identifiers"":{}}","[""Snapshot context is not observation date or boundary date."",""Map geometry does not establish sovereignty or succession."",""Existing applicability intervals: []""]","35c5a20cdfaf4e7e7a788fd82d4c2b997e0fe878efe2392487968b8d61b9029f",""
"entity-botswana@1920/historical-flag","entity-botswana@1920","b19-bechuanaland-early","Bechuanaland Protectorate — pre-1931 administration","1920","historical-flag","MISSING","C","partially-supported","dependent-administration","false","[]","[]","[]","[]","{""map_identity_id"":""entity-botswana"",""aliases"":[],""historical_names"":[{""value"":""Bechuanaland Protectorate — pre-1931 administration"",""kind"":""primary"",""validFrom"":""1912-01-01"",""validUntil"":""1931-01-01""}],""identifiers"":{}}","[""Snapshot context is not observation date or boundary date."",""Map geometry does not establish sovereignty or succession."",""Existing applicability intervals: []""]","35c5a20cdfaf4e7e7a788fd82d4c2b997e0fe878efe2392487968b8d61b9029f",""
"entity-botswana@1930/historical-flag","entity-botswana@1930","b19-bechuanaland-early","Bechuanaland Protectorate — pre-1931 administration","1930","historical-flag","MISSING","C","partially-supported","dependent-administration","false","[]","[]","[]","[]","{""map_identity_id"":""entity-botswana"",""aliases"":[],""historical_names"":[{""value"":""Bechuanaland Protectorate — pre-1931 administration"",""kind"":""primary"",""validFrom"":""1912-01-01"",""validUntil"":""1931-01-01""}],""identifiers"":{}}","[""Snapshot context is not observation date or boundary date."",""Map geometry does not establish sovereignty or succession."",""Existing applicability intervals: []""]","35c5a20cdfaf4e7e7a788fd82d4c2b997e0fe878efe2392487968b8d61b9029f",""
"entity-botswana@1938/historical-flag","entity-botswana@1938","","Botswana","1938","historical-flag","MISSING","C","completely-empty","dependent-administration","true","[]","[]","[]","[]","{""map_identity_id"":""entity-botswana"",""aliases"":[],""historical_names"":[],""identifiers"":{}}","[""Snapshot context is not observation date or boundary date."",""Map geometry does not establish sovereignty or succession."",""Resolve historical identity before proposing entity-specific facts."",""Existing applicability intervals: []""]","35c5a20cdfaf4e7e7a788fd82d4c2b997e0fe878efe2392487968b8d61b9029f",""
"entity-botswana@1945/historical-flag","entity-botswana@1945","","Botswana","1945","historical-flag","MISSING","C","completely-empty","dependent-administration","true","[]","[]","[]","[]","{""map_identity_id"":""entity-botswana"",""aliases"":[],""historical_names"":[],""identifiers"":{}}","[""Snapshot context is not observation date or boundary date."",""Map geometry does not establish sovereignty or succession."",""Resolve historical identity before proposing entity-specific facts."",""Existing applicability intervals: []""]","35c5a20cdfaf4e7e7a788fd82d4c2b997e0fe878efe2392487968b8d61b9029f",""
"entity-botswana@1960/historical-flag","entity-botswana@1960","","Botswana","1960","historical-flag","MISSING","C","completely-empty","dependent-administration","true","[]","[]","[]","[]","{""map_identity_id"":""entity-botswana"",""aliases"":[],""historical_names"":[],""identifiers"":{}}","[""Snapshot context is not observation date or boundary date."",""Map geometry does not establish sovereignty or succession."",""Resolve historical identity before proposing entity-specific facts."",""Existing applicability intervals: []""]","35c5a20cdfaf4e7e7a788fd82d4c2b997e0fe878efe2392487968b8d61b9029f",""
"entity-rwanda@1815/historical-flag","entity-rwanda@1815","","Rwanda","1815","historical-flag","MISSING","C","completely-empty","political-polity","true","[]","[]","[]","[]","{""map_identity_id"":""entity-rwanda"",""aliases"":[],""historical_names"":[],""identifiers"":{}}","[""Snapshot context is not observation date or boundary date."",""Map geometry does not establish sovereignty or succession."",""Resolve historical identity before proposing entity-specific facts."",""Existing applicability intervals: []""]","35c5a20cdfaf4e7e7a788fd82d4c2b997e0fe878efe2392487968b8d61b9029f",""
"entity-rwanda@1878/historical-flag","entity-rwanda@1878","","Rwanda","1878","historical-flag","MISSING","C","completely-empty","political-polity","true","[]","[]","[]","[]","{""map_identity_id"":""entity-rwanda"",""aliases"":[],""historical_names"":[],""identifiers"":{}}","[""Snapshot context is not observation date or boundary date."",""Map geometry does not establish sovereignty or succession."",""Resolve historical identity before proposing entity-specific facts."",""Existing applicability intervals: []""]","35c5a20cdfaf4e7e7a788fd82d4c2b997e0fe878efe2392487968b8d61b9029f",""
"entity-rwanda@1880/historical-flag","entity-rwanda@1880","","Rwanda","1880","historical-flag","MISSING","C","completely-empty","political-polity","true","[]","[]","[]","[]","{""map_identity_id"":""entity-rwanda"",""aliases"":[],""historical_names"":[],""identifiers"":{}}","[""Snapshot context is not observation date or boundary date."",""Map geometry does not establish sovereignty or succession."",""Resolve historical identity before proposing entity-specific facts."",""Existing applicability intervals: []""]","35c5a20cdfaf4e7e7a788fd82d4c2b997e0fe878efe2392487968b8d61b9029f",""
"entity-rwanda@1900/historical-flag","entity-rwanda@1900","b17-rwanda-german-court","Rwanda — German protectorate and royal court","1900","historical-flag","MISSING","C","partially-supported","political-polity","false","[]","[]","[]","[]","{""map_identity_id"":""entity-rwanda"",""aliases"":[],""historical_names"":[{""value"":""Rwanda — German protectorate and royal court"",""kind"":""primary"",""validFrom"":""1900-01-01"",""validUntil"":""1901-01-01""}],""identifiers"":{}}","[""Snapshot context is not observation date or boundary date."",""Map geometry does not establish sovereignty or succession."",""Existing applicability intervals: []""]","35c5a20cdfaf4e7e7a788fd82d4c2b997e0fe878efe2392487968b8d61b9029f",""
"entity-rwanda@1945/historical-flag","entity-rwanda@1945","b17-rwanda-belgian-mandate","Ruanda — Belgian League mandate administration","1945","historical-flag","MISSING","C","partially-supported","political-polity","false","[]","[]","[]","[]","{""map_identity_id"":""entity-rwanda"",""aliases"":[],""historical_names"":[{""value"":""Ruanda — Belgian League mandate administration"",""kind"":""primary"",""validFrom"":""1926-01-01"",""validUntil"":""1946-01-01""}],""identifiers"":{}}","[""Snapshot context is not observation date or boundary date."",""Map geometry does not establish sovereignty or succession."",""Existing applicability intervals: []""]","35c5a20cdfaf4e7e7a788fd82d4c2b997e0fe878efe2392487968b8d61b9029f",""
"entity-rwanda@1960/historical-flag","entity-rwanda@1960","b17-rwanda-un-trust","Ruanda — Belgian UN trust administration","1960","historical-flag","MISSING","C","partially-supported","political-polity","false","[]","[]","[]","[]","{""map_identity_id"":""entity-rwanda"",""aliases"":[],""historical_names"":[{""value"":""Ruanda — Belgian UN trust administration"",""kind"":""primary"",""validFrom"":""1960-01-01"",""validUntil"":""1961-01-01""}],""identifiers"":{}}","[""Snapshot context is not observation date or boundary date."",""Map geometry does not establish sovereignty or succession."",""Existing applicability intervals: []""]","35c5a20cdfaf4e7e7a788fd82d4c2b997e0fe878efe2392487968b8d61b9029f",""
"entity-lesotho@1914/historical-flag","entity-lesotho@1914","b19-basutoland-council","Basutoland — Council administration","1914","historical-flag","MISSING","C","partially-supported","dependent-administration","false","[]","[]","[]","[]","{""map_identity_id"":""entity-lesotho"",""aliases"":[],""historical_names"":[{""value"":""Basutoland — Council administration"",""kind"":""primary"",""validFrom"":""1904-01-01"",""validUntil"":""1931-01-01""}],""identifiers"":{}}","[""Snapshot context is not observation date or boundary date."",""Map geometry does not establish sovereignty or succession."",""Existing applicability intervals: []""]","35c5a20cdfaf4e7e7a788fd82d4c2b997e0fe878efe2392487968b8d61b9029f",""
"entity-lesotho@1920/historical-flag","entity-lesotho@1920","b19-basutoland-council","Basutoland — Council administration","1920","historical-flag","MISSING","C","partially-supported","dependent-administration","false","[]","[]","[]","[]","{""map_identity_id"":""entity-lesotho"",""aliases"":[],""historical_names"":[{""value"":""Basutoland — Council administration"",""kind"":""primary"",""validFrom"":""1904-01-01"",""validUntil"":""1931-01-01""}],""identifiers"":{}}","[""Snapshot context is not observation date or boundary date."",""Map geometry does not establish sovereignty or succession."",""Existing applicability intervals: []""]","35c5a20cdfaf4e7e7a788fd82d4c2b997e0fe878efe2392487968b8d61b9029f",""
"entity-lesotho@1930/historical-flag","entity-lesotho@1930","b19-basutoland-council","Basutoland — Council administration","1930","historical-flag","MISSING","C","partially-supported","dependent-administration","false","[]","[]","[]","[]","{""map_identity_id"":""entity-lesotho"",""aliases"":[],""historical_names"":[{""value"":""Basutoland — Council administration"",""kind"":""primary"",""validFrom"":""1904-01-01"",""validUntil"":""1931-01-01""}],""identifiers"":{}}","[""Snapshot context is not observation date or boundary date."",""Map geometry does not establish sovereignty or succession."",""Existing applicability intervals: []""]","35c5a20cdfaf4e7e7a788fd82d4c2b997e0fe878efe2392487968b8d61b9029f",""
"entity-lesotho@1938/historical-flag","entity-lesotho@1938","","Lesotho","1938","historical-flag","MISSING","C","completely-empty","dependent-administration","true","[]","[]","[]","[]","{""map_identity_id"":""entity-lesotho"",""aliases"":[],""historical_names"":[],""identifiers"":{}}","[""Snapshot context is not observation date or boundary date."",""Map geometry does not establish sovereignty or succession."",""Resolve historical identity before proposing entity-specific facts."",""Existing applicability intervals: []""]","35c5a20cdfaf4e7e7a788fd82d4c2b997e0fe878efe2392487968b8d61b9029f",""
"entity-lesotho@1945/historical-flag","entity-lesotho@1945","","Lesotho","1945","historical-flag","MISSING","C","completely-empty","dependent-administration","true","[]","[]","[]","[]","{""map_identity_id"":""entity-lesotho"",""aliases"":[],""historical_names"":[],""identifiers"":{}}","[""Snapshot context is not observation date or boundary date."",""Map geometry does not establish sovereignty or succession."",""Resolve historical identity before proposing entity-specific facts."",""Existing applicability intervals: []""]","35c5a20cdfaf4e7e7a788fd82d4c2b997e0fe878efe2392487968b8d61b9029f",""
"entity-lesotho@1960/historical-flag","entity-lesotho@1960","","Lesotho","1960","historical-flag","MISSING","C","completely-empty","dependent-administration","true","[]","[]","[]","[]","{""map_identity_id"":""entity-lesotho"",""aliases"":[],""historical_names"":[],""identifiers"":{}}","[""Snapshot context is not observation date or boundary date."",""Map geometry does not establish sovereignty or succession."",""Resolve historical identity before proposing entity-specific facts."",""Existing applicability intervals: []""]","35c5a20cdfaf4e7e7a788fd82d4c2b997e0fe878efe2392487968b8d61b9029f",""
"entity-united-states-virgin-islands@1878/historical-flag","entity-united-states-virgin-islands@1878","b11-virgin-islands-danish","Danish Virgin Islands — colonial possession","1878","historical-flag","MISSING","C","partially-supported","dependent-administration","false","[]","[]","[]","[]","{""map_identity_id"":""entity-united-states-virgin-islands"",""aliases"":[],""historical_names"":[{""value"":""Danish Virgin Islands — colonial possession"",""kind"":""primary"",""validFrom"":""1878-01-01"",""validUntil"":""1917-01-01""}],""identifiers"":{}}","[""Snapshot context is not observation date or boundary date."",""Map geometry does not establish sovereignty or succession."",""Existing applicability intervals: []""]","35c5a20cdfaf4e7e7a788fd82d4c2b997e0fe878efe2392487968b8d61b9029f",""
"entity-united-states-virgin-islands@1880/historical-flag","entity-united-states-virgin-islands@1880","b11-virgin-islands-danish","Danish Virgin Islands — colonial possession","1880","historical-flag","MISSING","C","partially-supported","dependent-administration","false","[]","[]","[]","[]","{""map_identity_id"":""entity-united-states-virgin-islands"",""aliases"":[],""historical_names"":[{""value"":""Danish Virgin Islands — colonial possession"",""kind"":""primary"",""validFrom"":""1878-01-01"",""validUntil"":""1917-01-01""}],""identifiers"":{}}","[""Snapshot context is not observation date or boundary date."",""Map geometry does not establish sovereignty or succession."",""Existing applicability intervals: []""]","35c5a20cdfaf4e7e7a788fd82d4c2b997e0fe878efe2392487968b8d61b9029f",""
"entity-united-states-virgin-islands@1900/historical-flag","entity-united-states-virgin-islands@1900","b11-virgin-islands-danish","Danish Virgin Islands — colonial possession","1900","historical-flag","MISSING","C","partially-supported","dependent-administration","false","[]","[]","[]","[]","{""map_identity_id"":""entity-united-states-virgin-islands"",""aliases"":[],""historical_names"":[{""value"":""Danish Virgin Islands — colonial possession"",""kind"":""primary"",""validFrom"":""1878-01-01"",""validUntil"":""1917-01-01""}],""identifiers"":{}}","[""Snapshot context is not observation date or boundary date."",""Map geometry does not establish sovereignty or succession."",""Existing applicability intervals: []""]","35c5a20cdfaf4e7e7a788fd82d4c2b997e0fe878efe2392487968b8d61b9029f",""
"entity-united-states-virgin-islands@1914/historical-flag","entity-united-states-virgin-islands@1914","b11-virgin-islands-danish","Danish Virgin Islands — colonial possession","1914","historical-flag","MISSING","C","partially-supported","dependent-administration","false","[]","[]","[]","[]","{""map_identity_id"":""entity-united-states-virgin-islands"",""aliases"":[],""historical_names"":[{""value"":""Danish Virgin Islands — colonial possession"",""kind"":""primary"",""validFrom"":""1878-01-01"",""validUntil"":""1917-01-01""}],""identifiers"":{}}","[""Snapshot context is not observation date or boundary date."",""Map geometry does not establish sovereignty or succession."",""Existing applicability intervals: []""]","35c5a20cdfaf4e7e7a788fd82d4c2b997e0fe878efe2392487968b8d61b9029f",""
"entity-united-states-virgin-islands@1920/historical-flag","entity-united-states-virgin-islands@1920","b11-virgin-islands-us-early","US Virgin Islands — early US territory","1920","historical-flag","MISSING","C","partially-supported","dependent-administration","false","[]","[]","[]","[]","{""map_identity_id"":""entity-united-states-virgin-islands"",""aliases"":[],""historical_names"":[{""value"":""US Virgin Islands — early US territory"",""kind"":""primary"",""validFrom"":""1918-01-01"",""validUntil"":""1931-01-01""}],""identifiers"":{}}","[""Snapshot context is not observation date or boundary date."",""Map geometry does not establish sovereignty or succession."",""Existing applicability intervals: []""]","35c5a20cdfaf4e7e7a788fd82d4c2b997e0fe878efe2392487968b8d61b9029f",""
"entity-united-states-virgin-islands@1930/historical-flag","entity-united-states-virgin-islands@1930","b11-virgin-islands-us-early","US Virgin Islands — early US territory","1930","historical-flag","MISSING","C","partially-supported","dependent-administration","false","[]","[]","[]","[]","{""map_identity_id"":""entity-united-states-virgin-islands"",""aliases"":[],""historical_names"":[{""value"":""US Virgin Islands — early US territory"",""kind"":""primary"",""validFrom"":""1918-01-01"",""validUntil"":""1931-01-01""}],""identifiers"":{}}","[""Snapshot context is not observation date or boundary date."",""Map geometry does not establish sovereignty or succession."",""Existing applicability intervals: []""]","35c5a20cdfaf4e7e7a788fd82d4c2b997e0fe878efe2392487968b8d61b9029f",""
"entity-united-states-virgin-islands@1938/historical-flag","entity-united-states-virgin-islands@1938","b11-virgin-islands-organic","US Virgin Islands — 1936 Organic Act framework","1938","historical-flag","MISSING","C","partially-supported","dependent-administration","false","[]","[]","[]","[]","{""map_identity_id"":""entity-united-states-virgin-islands"",""aliases"":[],""historical_names"":[{""value"":""US Virgin Islands — 1936 Organic Act framework"",""kind"":""primary"",""validFrom"":""1937-01-01"",""validUntil"":""1954-01-01""}],""identifiers"":{}}","[""Snapshot context is not observation date or boundary date."",""Map geometry does not establish sovereignty or succession."",""Existing applicability intervals: []""]","35c5a20cdfaf4e7e7a788fd82d4c2b997e0fe878efe2392487968b8d61b9029f",""
"entity-united-states-virgin-islands@1945/historical-flag","entity-united-states-virgin-islands@1945","b11-virgin-islands-organic","US Virgin Islands — 1936 Organic Act framework","1945","historical-flag","MISSING","C","partially-supported","dependent-administration","false","[]","[]","[]","[]","{""map_identity_id"":""entity-united-states-virgin-islands"",""aliases"":[],""historical_names"":[{""value"":""US Virgin Islands — 1936 Organic Act framework"",""kind"":""primary"",""validFrom"":""1937-01-01"",""validUntil"":""1954-01-01""}],""identifiers"":{}}","[""Snapshot context is not observation date or boundary date."",""Map geometry does not establish sovereignty or succession."",""Existing applicability intervals: []""]","35c5a20cdfaf4e7e7a788fd82d4c2b997e0fe878efe2392487968b8d61b9029f",""
"entity-yemen@1800/historical-flag","entity-yemen@1800","","Yemen","1800","historical-flag","MISSING","C","completely-empty","political-polity","true","[]","[]","[]","[]","{""map_identity_id"":""entity-yemen"",""aliases"":[],""historical_names"":[],""identifiers"":{}}","[""Snapshot context is not observation date or boundary date."",""Map geometry does not establish sovereignty or succession."",""Resolve historical identity before proposing entity-specific facts."",""Existing applicability intervals: []""]","35c5a20cdfaf4e7e7a788fd82d4c2b997e0fe878efe2392487968b8d61b9029f",""
"entity-yemen@1815/historical-flag","entity-yemen@1815","","Yemen","1815","historical-flag","MISSING","C","completely-empty","political-polity","true","[]","[]","[]","[]","{""map_identity_id"":""entity-yemen"",""aliases"":[],""historical_names"":[],""identifiers"":{}}","[""Snapshot context is not observation date or boundary date."",""Map geometry does not establish sovereignty or succession."",""Resolve historical identity before proposing entity-specific facts."",""Existing applicability intervals: []""]","35c5a20cdfaf4e7e7a788fd82d4c2b997e0fe878efe2392487968b8d61b9029f",""
"entity-yemen@1920/historical-flag","entity-yemen@1920","yemen-yahya-monarchical-core","Yemen — Imam Yahya’s kingdom","1920","historical-flag","MISSING","C","partially-supported","political-polity","false","[]","[]","[]","[]","{""map_identity_id"":""entity-yemen"",""aliases"":[],""historical_names"":[{""value"":""Yemen — Imam Yahya’s kingdom"",""kind"":""primary"",""validFrom"":""1919-01-01"",""validUntil"":""1948-02-17""}],""identifiers"":{}}","[""Snapshot context is not observation date or boundary date."",""Map geometry does not establish sovereignty or succession."",""Existing applicability intervals: []""]","35c5a20cdfaf4e7e7a788fd82d4c2b997e0fe878efe2392487968b8d61b9029f",""
"entity-yemen@1930/historical-flag","entity-yemen@1930","yemen-yahya-monarchical-core","Yemen — Imam Yahya’s kingdom","1930","historical-flag","MISSING","C","partially-supported","political-polity","false","[]","[]","[]","[]","{""map_identity_id"":""entity-yemen"",""aliases"":[],""historical_names"":[{""value"":""Yemen — Imam Yahya’s kingdom"",""kind"":""primary"",""validFrom"":""1919-01-01"",""validUntil"":""1948-02-17""}],""identifiers"":{}}","[""Snapshot context is not observation date or boundary date."",""Map geometry does not establish sovereignty or succession."",""Existing applicability intervals: []""]","35c5a20cdfaf4e7e7a788fd82d4c2b997e0fe878efe2392487968b8d61b9029f",""
"entity-yemen@1938/historical-flag","entity-yemen@1938","yemen-yahya-monarchical-core","Yemen — Imam Yahya’s kingdom","1938","historical-flag","MISSING","C","partially-supported","political-polity","false","[]","[]","[]","[]","{""map_identity_id"":""entity-yemen"",""aliases"":[],""historical_names"":[{""value"":""Yemen — Imam Yahya’s kingdom"",""kind"":""primary"",""validFrom"":""1919-01-01"",""validUntil"":""1948-02-17""}],""identifiers"":{}}","[""Snapshot context is not observation date or boundary date."",""Map geometry does not establish sovereignty or succession."",""Existing applicability intervals: []""]","35c5a20cdfaf4e7e7a788fd82d4c2b997e0fe878efe2392487968b8d61b9029f",""
"entity-yemen@1945/historical-flag","entity-yemen@1945","yemen-yahya-monarchical-core","Yemen — Imam Yahya’s kingdom","1945","historical-flag","MISSING","C","partially-supported","political-polity","false","[]","[]","[]","[]","{""map_identity_id"":""entity-yemen"",""aliases"":[],""historical_names"":[{""value"":""Yemen — Imam Yahya’s kingdom"",""kind"":""primary"",""validFrom"":""1919-01-01"",""validUntil"":""1948-02-17""}],""identifiers"":{}}","[""Snapshot context is not observation date or boundary date."",""Map geometry does not establish sovereignty or succession."",""Existing applicability intervals: []""]","35c5a20cdfaf4e7e7a788fd82d4c2b997e0fe878efe2392487968b8d61b9029f",""
"entity-yemen@1960/historical-flag","entity-yemen@1960","yemen-united-arab-states-core","Yemen — United Arab States association","1960","historical-flag","MISSING","C","partially-supported","political-polity","false","[]","[]","[]","[]","{""map_identity_id"":""entity-yemen"",""aliases"":[],""historical_names"":[{""value"":""Yemen — United Arab States association"",""kind"":""primary"",""validFrom"":""1959-01-01"",""validUntil"":""1961-01-01""}],""identifiers"":{}}","[""Snapshot context is not observation date or boundary date."",""Map geometry does not establish sovereignty or succession."",""Existing applicability intervals: []""]","35c5a20cdfaf4e7e7a788fd82d4c2b997e0fe878efe2392487968b8d61b9029f",""
"entity-cambodia@1800/historical-flag","entity-cambodia@1800","","Cambodia","1800","historical-flag","MISSING","C","completely-empty","political-polity","true","[]","[]","[]","[]","{""map_identity_id"":""entity-cambodia"",""aliases"":[],""historical_names"":[],""identifiers"":{}}","[""Snapshot context is not observation date or boundary date."",""Map geometry does not establish sovereignty or succession."",""Resolve historical identity before proposing entity-specific facts."",""Existing applicability intervals: []""]","35c5a20cdfaf4e7e7a788fd82d4c2b997e0fe878efe2392487968b8d61b9029f",""
"entity-cambodia@1815/historical-flag","entity-cambodia@1815","","Cambodia","1815","historical-flag","MISSING","C","completely-empty","political-polity","true","[]","[]","[]","[]","{""map_identity_id"":""entity-cambodia"",""aliases"":[],""historical_names"":[],""identifiers"":{}}","[""Snapshot context is not observation date or boundary date."",""Map geometry does not establish sovereignty or succession."",""Resolve historical identity before proposing entity-specific facts."",""Existing applicability intervals: []""]","35c5a20cdfaf4e7e7a788fd82d4c2b997e0fe878efe2392487968b8d61b9029f",""
"entity-cambodia@1945/historical-flag","entity-cambodia@1945","","Cambodia","1945","historical-flag","MISSING","C","completely-empty","political-polity","true","[]","[]","[]","[]","{""map_identity_id"":""entity-cambodia"",""aliases"":[],""historical_names"":[],""identifiers"":{}}","[""Snapshot context is not observation date or boundary date."",""Map geometry does not establish sovereignty or succession."",""Resolve historical identity before proposing entity-specific facts."",""Existing applicability intervals: []""]","35c5a20cdfaf4e7e7a788fd82d4c2b997e0fe878efe2392487968b8d61b9029f",""
"entity-cambodia@1960/historical-flag","entity-cambodia@1960","","Cambodia","1960","historical-flag","MISSING","C","completely-empty","political-polity","true","[]","[]","[]","[]","{""map_identity_id"":""entity-cambodia"",""aliases"":[],""historical_names"":[],""identifiers"":{}}","[""Snapshot context is not observation date or boundary date."",""Map geometry does not establish sovereignty or succession."",""Resolve historical identity before proposing entity-specific facts."",""Existing applicability intervals: []""]","35c5a20cdfaf4e7e7a788fd82d4c2b997e0fe878efe2392487968b8d61b9029f",""
"entity-oman@1800/historical-flag","entity-oman@1800","oman-1800-dynastic-maritime-core","Oman — Al Said maritime dynasty around 1800","1800","historical-flag","MISSING","C","partially-supported","political-polity","false","[]","[]","[]","[]","{""map_identity_id"":""entity-oman"",""aliases"":[],""historical_names"":[{""value"":""Oman — Al Said maritime dynasty around 1800"",""kind"":""primary"",""validFrom"":""1800-01-01"",""validUntil"":""1801-01-01""}],""identifiers"":{}}","[""Snapshot context is not observation date or boundary date."",""Map geometry does not establish sovereignty or succession."",""Existing applicability intervals: []""]","35c5a20cdfaf4e7e7a788fd82d4c2b997e0fe878efe2392487968b8d61b9029f",""
"entity-oman@1815/historical-flag","entity-oman@1815","oman-1815-said-maritime-core","Oman — Said bin Sultan in 1815","1815","historical-flag","MISSING","C","partially-supported","political-polity","false","[]","[]","[]","[]","{""map_identity_id"":""entity-oman"",""aliases"":[],""historical_names"":[{""value"":""Oman — Said bin Sultan in 1815"",""kind"":""primary"",""validFrom"":""1815-01-01"",""validUntil"":""1816-01-01""}],""identifiers"":{}}","[""Snapshot context is not observation date or boundary date."",""Map geometry does not establish sovereignty or succession."",""Existing applicability intervals: []""]","35c5a20cdfaf4e7e7a788fd82d4c2b997e0fe878efe2392487968b8d61b9029f",""
"entity-oman@1878/historical-flag","entity-oman@1878","oman-late-nineteenth-coastal-core","Muscat and Oman — late nineteenth-century rule","1878","historical-flag","MISSING","C","partially-supported","political-polity","false","[]","[]","[]","[]","{""map_identity_id"":""entity-oman"",""aliases"":[],""historical_names"":[{""value"":""Muscat and Oman — late nineteenth-century rule"",""kind"":""primary"",""validFrom"":""1878-01-01"",""validUntil"":""1913-01-01""}],""identifiers"":{}}","[""Snapshot context is not observation date or boundary date."",""Map geometry does not establish sovereignty or succession."",""Existing applicability intervals: []""]","35c5a20cdfaf4e7e7a788fd82d4c2b997e0fe878efe2392487968b8d61b9029f",""
"entity-oman@1880/historical-flag","entity-oman@1880","oman-late-nineteenth-coastal-core","Muscat and Oman — late nineteenth-century rule","1880","historical-flag","MISSING","C","partially-supported","political-polity","false","[]","[]","[]","[]","{""map_identity_id"":""entity-oman"",""aliases"":[],""historical_names"":[{""value"":""Muscat and Oman — late nineteenth-century rule"",""kind"":""primary"",""validFrom"":""1878-01-01"",""validUntil"":""1913-01-01""}],""identifiers"":{}}","[""Snapshot context is not observation date or boundary date."",""Map geometry does not establish sovereignty or succession."",""Existing applicability intervals: []""]","35c5a20cdfaf4e7e7a788fd82d4c2b997e0fe878efe2392487968b8d61b9029f",""
"entity-oman@1900/historical-flag","entity-oman@1900","oman-late-nineteenth-coastal-core","Muscat and Oman — late nineteenth-century rule","1900","historical-flag","MISSING","C","partially-supported","political-polity","false","[]","[]","[]","[]","{""map_identity_id"":""entity-oman"",""aliases"":[],""historical_names"":[{""value"":""Muscat and Oman — late nineteenth-century rule"",""kind"":""primary"",""validFrom"":""1878-01-01"",""validUntil"":""1913-01-01""}],""identifiers"":{}}","[""Snapshot context is not observation date or boundary date."",""Map geometry does not establish sovereignty or succession."",""Existing applicability intervals: []""]","35c5a20cdfaf4e7e7a788fd82d4c2b997e0fe878efe2392487968b8d61b9029f",""
"entity-oman@1945/historical-flag","entity-oman@1945","","Oman","1945","historical-flag","MISSING","C","held-ambiguous","political-polity","true","[]","[]","[]","[]","{""map_identity_id"":""entity-oman"",""aliases"":[],""historical_names"":[],""identifiers"":{}}","[""Snapshot context is not observation date or boundary date."",""Map geometry does not establish sovereignty or succession."",""Resolve historical identity before proposing entity-specific facts."",""Existing applicability intervals: []""]","35c5a20cdfaf4e7e7a788fd82d4c2b997e0fe878efe2392487968b8d61b9029f",""
"entity-oman@1960/historical-flag","entity-oman@1960","oman-1960-post-imamate-core","Muscat and Oman — after 1959 intervention","1960","historical-flag","MISSING","C","partially-supported","political-polity","false","[]","[]","[]","[]","{""map_identity_id"":""entity-oman"",""aliases"":[],""historical_names"":[{""value"":""Muscat and Oman — after 1959 intervention"",""kind"":""primary"",""validFrom"":""1960-01-01"",""validUntil"":""1961-01-01""}],""identifiers"":{}}","[""Snapshot context is not observation date or boundary date."",""Map geometry does not establish sovereignty or succession."",""Existing applicability intervals: []""]","35c5a20cdfaf4e7e7a788fd82d4c2b997e0fe878efe2392487968b8d61b9029f",""
"entity-lunda@1800/historical-flag","entity-lunda@1800","b17-lunda-early","Lunda — early nineteenth-century royal polity","1800","historical-flag","MISSING","C","partially-supported","political-polity","false","[]","[]","[]","[]","{""map_identity_id"":""entity-lunda"",""aliases"":[],""historical_names"":[{""value"":""Lunda — early nineteenth-century royal polity"",""kind"":""primary"",""validFrom"":""1800-01-01"",""validUntil"":""1816-01-01""}],""identifiers"":{}}","[""Snapshot context is not observation date or boundary date."",""Map geometry does not establish sovereignty or succession."",""Existing applicability intervals: []""]","35c5a20cdfaf4e7e7a788fd82d4c2b997e0fe878efe2392487968b8d61b9029f",""
"entity-lunda@1815/historical-flag","entity-lunda@1815","b17-lunda-early","Lunda — early nineteenth-century royal polity","1815","historical-flag","MISSING","C","partially-supported","political-polity","false","[]","[]","[]","[]","{""map_identity_id"":""entity-lunda"",""aliases"":[],""historical_names"":[{""value"":""Lunda — early nineteenth-century royal polity"",""kind"":""primary"",""validFrom"":""1800-01-01"",""validUntil"":""1816-01-01""}],""identifiers"":{}}","[""Snapshot context is not observation date or boundary date."",""Map geometry does not establish sovereignty or succession."",""Existing applicability intervals: []""]","35c5a20cdfaf4e7e7a788fd82d4c2b997e0fe878efe2392487968b8d61b9029f",""
"entity-lunda@1878/historical-flag","entity-lunda@1878","","Lunda","1878","historical-flag","MISSING","C","completely-empty","political-polity","true","[]","[]","[]","[]","{""map_identity_id"":""entity-lunda"",""aliases"":[],""historical_names"":[],""identifiers"":{}}","[""Snapshot context is not observation date or boundary date."",""Map geometry does not establish sovereignty or succession."",""Resolve historical identity before proposing entity-specific facts."",""Existing applicability intervals: []""]","35c5a20cdfaf4e7e7a788fd82d4c2b997e0fe878efe2392487968b8d61b9029f",""
"entity-lunda@1880/historical-flag","entity-lunda@1880","","Lunda","1880","historical-flag","MISSING","C","completely-empty","political-polity","true","[]","[]","[]","[]","{""map_identity_id"":""entity-lunda"",""aliases"":[],""historical_names"":[],""identifiers"":{}}","[""Snapshot context is not observation date or boundary date."",""Map geometry does not establish sovereignty or succession."",""Resolve historical identity before proposing entity-specific facts."",""Existing applicability intervals: []""]","35c5a20cdfaf4e7e7a788fd82d4c2b997e0fe878efe2392487968b8d61b9029f",""
"entity-lunda@1900/historical-flag","entity-lunda@1900","","Lunda","1900","historical-flag","MISSING","C","completely-empty","political-polity","true","[]","[]","[]","[]","{""map_identity_id"":""entity-lunda"",""aliases"":[],""historical_names"":[],""identifiers"":{}}","[""Snapshot context is not observation date or boundary date."",""Map geometry does not establish sovereignty or succession."",""Resolve historical identity before proposing entity-specific facts."",""Existing applicability intervals: []""]","35c5a20cdfaf4e7e7a788fd82d4c2b997e0fe878efe2392487968b8d61b9029f",""
"entity-oyo@1800/historical-flag","entity-oyo@1800","oyo-early-nineteenth-core","Oyo — early nineteenth-century royal state","1800","historical-flag","MISSING","C","partially-supported","political-polity","false","[]","[]","[]","[]","{""map_identity_id"":""entity-oyo"",""aliases"":[],""historical_names"":[{""value"":""Oyo — early nineteenth-century royal state"",""kind"":""primary"",""validFrom"":""1800-01-01"",""validUntil"":""1816-01-01""}],""identifiers"":{}}","[""Snapshot context is not observation date or boundary date."",""Map geometry does not establish sovereignty or succession."",""Existing applicability intervals: []""]","35c5a20cdfaf4e7e7a788fd82d4c2b997e0fe878efe2392487968b8d61b9029f",""
"entity-oyo@1815/historical-flag","entity-oyo@1815","oyo-early-nineteenth-core","Oyo — early nineteenth-century royal state","1815","historical-flag","MISSING","C","partially-supported","political-polity","false","[]","[]","[]","[]","{""map_identity_id"":""entity-oyo"",""aliases"":[],""historical_names"":[{""value"":""Oyo — early nineteenth-century royal state"",""kind"":""primary"",""validFrom"":""1800-01-01"",""validUntil"":""1816-01-01""}],""identifiers"":{}}","[""Snapshot context is not observation date or boundary date."",""Map geometry does not establish sovereignty or succession."",""Existing applicability intervals: []""]","35c5a20cdfaf4e7e7a788fd82d4c2b997e0fe878efe2392487968b8d61b9029f",""
"entity-oyo@1878/historical-flag","entity-oyo@1878","","Oyo","1878","historical-flag","MISSING","C","held-ambiguous","political-polity","true","[]","[]","[]","[]","{""map_identity_id"":""entity-oyo"",""aliases"":[],""historical_names"":[],""identifiers"":{}}","[""Snapshot context is not observation date or boundary date."",""Map geometry does not establish sovereignty or succession."",""Resolve historical identity before proposing entity-specific facts."",""Existing applicability intervals: []""]","35c5a20cdfaf4e7e7a788fd82d4c2b997e0fe878efe2392487968b8d61b9029f",""
"entity-oyo@1880/historical-flag","entity-oyo@1880","","Oyo","1880","historical-flag","MISSING","C","held-ambiguous","political-polity","true","[]","[]","[]","[]","{""map_identity_id"":""entity-oyo"",""aliases"":[],""historical_names"":[],""identifiers"":{}}","[""Snapshot context is not observation date or boundary date."",""Map geometry does not establish sovereignty or succession."",""Resolve historical identity before proposing entity-specific facts."",""Existing applicability intervals: []""]","35c5a20cdfaf4e7e7a788fd82d4c2b997e0fe878efe2392487968b8d61b9029f",""
"entity-oyo@1900/historical-flag","entity-oyo@1900","","Oyo","1900","historical-flag","MISSING","C","held-ambiguous","political-polity","true","[]","[]","[]","[]","{""map_identity_id"":""entity-oyo"",""aliases"":[],""historical_names"":[],""identifiers"":{}}","[""Snapshot context is not observation date or boundary date."",""Map geometry does not establish sovereignty or succession."",""Resolve historical identity before proposing entity-specific facts."",""Existing applicability intervals: []""]","35c5a20cdfaf4e7e7a788fd82d4c2b997e0fe878efe2392487968b8d61b9029f",""
"entity-gabon@1878/historical-flag","entity-gabon@1878","","Gabon","1878","historical-flag","MISSING","C","completely-empty","dependent-administration","true","[]","[]","[]","[]","{""map_identity_id"":""entity-gabon"",""aliases"":[],""historical_names"":[],""identifiers"":{}}","[""Snapshot context is not observation date or boundary date."",""Map geometry does not establish sovereignty or succession."",""Resolve historical identity before proposing entity-specific facts."",""Existing applicability intervals: []""]","35c5a20cdfaf4e7e7a788fd82d4c2b997e0fe878efe2392487968b8d61b9029f",""
"entity-gabon@1880/historical-flag","entity-gabon@1880","","Gabon","1880","historical-flag","MISSING","C","completely-empty","dependent-administration","true","[]","[]","[]","[]","{""map_identity_id"":""entity-gabon"",""aliases"":[],""historical_names"":[],""identifiers"":{}}","[""Snapshot context is not observation date or boundary date."",""Map geometry does not establish sovereignty or succession."",""Resolve historical identity before proposing entity-specific facts."",""Existing applicability intervals: []""]","35c5a20cdfaf4e7e7a788fd82d4c2b997e0fe878efe2392487968b8d61b9029f",""
"entity-gabon@1900/historical-flag","entity-gabon@1900","","Gabon","1900","historical-flag","MISSING","C","completely-empty","dependent-administration","true","[]","[]","[]","[]","{""map_identity_id"":""entity-gabon"",""aliases"":[],""historical_names"":[],""identifiers"":{}}","[""Snapshot context is not observation date or boundary date."",""Map geometry does not establish sovereignty or succession."",""Resolve historical identity before proposing entity-specific facts."",""Existing applicability intervals: []""]","35c5a20cdfaf4e7e7a788fd82d4c2b997e0fe878efe2392487968b8d61b9029f",""
"entity-gabon@1945/historical-flag","entity-gabon@1945","b17-gabon-1945","Gabon — French colonial administration","1945","historical-flag","MISSING","C","partially-supported","dependent-administration","false","[]","[]","[]","[]","{""map_identity_id"":""entity-gabon"",""aliases"":[],""historical_names"":[{""value"":""Gabon — French colonial administration"",""kind"":""primary"",""validFrom"":""1945-01-01"",""validUntil"":""1946-01-01""}],""identifiers"":{}}","[""Snapshot context is not observation date or boundary date."",""Map geometry does not establish sovereignty or succession."",""Existing applicability intervals: []""]","35c5a20cdfaf4e7e7a788fd82d4c2b997e0fe878efe2392487968b8d61b9029f",""
"entity-gabon@1960/historical-flag","entity-gabon@1960","","Gabon","1960","historical-flag","MISSING","C","held-ambiguous","dependent-administration","true","[]","[]","[]","[]","{""map_identity_id"":""entity-gabon"",""aliases"":[],""historical_names"":[],""identifiers"":{}}","[""Snapshot context is not observation date or boundary date."",""Map geometry does not establish sovereignty or succession."",""Resolve historical identity before proposing entity-specific facts."",""Existing applicability intervals: []""]","35c5a20cdfaf4e7e7a788fd82d4c2b997e0fe878efe2392487968b8d61b9029f",""
"entity-suriname@1914/historical-flag","entity-suriname@1914","suriname-koloniale-staten-framework","Suriname — Dutch colonial Staten framework","1914","historical-flag","MISSING","C","partially-supported","dependent-administration","false","[]","[]","[]","[]","{""map_identity_id"":""entity-suriname"",""aliases"":[],""historical_names"":[{""value"":""Suriname — Dutch colonial Staten framework"",""kind"":""primary"",""validFrom"":""1867-01-01"",""validUntil"":""1936-01-01""}],""identifiers"":{}}","[""Snapshot context is not observation date or boundary date."",""Map geometry does not establish sovereignty or succession."",""Existing applicability intervals: []""]","35c5a20cdfaf4e7e7a788fd82d4c2b997e0fe878efe2392487968b8d61b9029f",""
"entity-suriname@1920/historical-flag","entity-suriname@1920","suriname-koloniale-staten-framework","Suriname — Dutch colonial Staten framework","1920","historical-flag","MISSING","C","partially-supported","dependent-administration","false","[]","[]","[]","[]","{""map_identity_id"":""entity-suriname"",""aliases"":[],""historical_names"":[{""value"":""Suriname — Dutch colonial Staten framework"",""kind"":""primary"",""validFrom"":""1867-01-01"",""validUntil"":""1936-01-01""}],""identifiers"":{}}","[""Snapshot context is not observation date or boundary date."",""Map geometry does not establish sovereignty or succession."",""Existing applicability intervals: []""]","35c5a20cdfaf4e7e7a788fd82d4c2b997e0fe878efe2392487968b8d61b9029f",""
"entity-suriname@1930/historical-flag","entity-suriname@1930","suriname-koloniale-staten-framework","Suriname — Dutch colonial Staten framework","1930","historical-flag","MISSING","C","partially-supported","dependent-administration","false","[]","[]","[]","[]","{""map_identity_id"":""entity-suriname"",""aliases"":[],""historical_names"":[{""value"":""Suriname — Dutch colonial Staten framework"",""kind"":""primary"",""validFrom"":""1867-01-01"",""validUntil"":""1936-01-01""}],""identifiers"":{}}","[""Snapshot context is not observation date or boundary date."",""Map geometry does not establish sovereignty or succession."",""Existing applicability intervals: []""]","35c5a20cdfaf4e7e7a788fd82d4c2b997e0fe878efe2392487968b8d61b9029f",""
"entity-suriname@1938/historical-flag","entity-suriname@1938","","Suriname","1938","historical-flag","MISSING","C","completely-empty","dependent-administration","true","[]","[]","[]","[]","{""map_identity_id"":""entity-suriname"",""aliases"":[],""historical_names"":[],""identifiers"":{}}","[""Snapshot context is not observation date or boundary date."",""Map geometry does not establish sovereignty or succession."",""Resolve historical identity before proposing entity-specific facts."",""Existing applicability intervals: []""]","35c5a20cdfaf4e7e7a788fd82d4c2b997e0fe878efe2392487968b8d61b9029f",""
"entity-suriname@1945/historical-flag","entity-suriname@1945","","Suriname","1945","historical-flag","MISSING","C","completely-empty","dependent-administration","true","[]","[]","[]","[]","{""map_identity_id"":""entity-suriname"",""aliases"":[],""historical_names"":[],""identifiers"":{}}","[""Snapshot context is not observation date or boundary date."",""Map geometry does not establish sovereignty or succession."",""Resolve historical identity before proposing entity-specific facts."",""Existing applicability intervals: []""]","35c5a20cdfaf4e7e7a788fd82d4c2b997e0fe878efe2392487968b8d61b9029f",""
"entity-suriname@1960/historical-flag","entity-suriname@1960","suriname-kingdom-autonomy-framework","Suriname — autonomous country within the Kingdom","1960","historical-flag","MISSING","C","partially-supported","dependent-administration","false","[]","[]","[]","[]","{""map_identity_id"":""entity-suriname"",""aliases"":[],""historical_names"":[{""value"":""Suriname — autonomous country within the Kingdom"",""kind"":""primary"",""validFrom"":""1955-01-01"",""validUntil"":""1961-01-01""}],""identifiers"":{}}","[""Snapshot context is not observation date or boundary date."",""Map geometry does not establish sovereignty or succession."",""Existing applicability intervals: []""]","35c5a20cdfaf4e7e7a788fd82d4c2b997e0fe878efe2392487968b8d61b9029f",""
"entity-trinidad@1815/historical-flag","entity-trinidad@1815","b11-trinidad-council-advice","Trinidad — Governor and Council of Advice","1815","historical-flag","MISSING","C","partially-supported","dependent-administration","false","[]","[]","[]","[]","{""map_identity_id"":""entity-trinidad"",""aliases"":[],""historical_names"":[{""value"":""Trinidad — Governor and Council of Advice"",""kind"":""primary"",""validFrom"":""1815-01-01"",""validUntil"":""1831-01-01""}],""identifiers"":{}}","[""Snapshot context is not observation date or boundary date."",""Map geometry does not establish sovereignty or succession."",""Existing applicability intervals: []""]","35c5a20cdfaf4e7e7a788fd82d4c2b997e0fe878efe2392487968b8d61b9029f",""
"entity-trinidad@1920/historical-flag","entity-trinidad@1920","b11-trinidad-tobago-nominated","Trinidad — within the united nominated-council colony","1920","historical-flag","MISSING","C","partially-supported","dependent-administration","false","[]","[]","[]","[]","{""map_identity_id"":""entity-trinidad"",""aliases"":[],""historical_names"":[{""value"":""Trinidad — within the united nominated-council colony"",""kind"":""primary"",""validFrom"":""1900-01-01"",""validUntil"":""1925-01-01""}],""identifiers"":{}}","[""Snapshot context is not observation date or boundary date."",""Map geometry does not establish sovereignty or succession."",""Existing applicability intervals: []""]","35c5a20cdfaf4e7e7a788fd82d4c2b997e0fe878efe2392487968b8d61b9029f",""
"entity-trinidad@1930/historical-flag","entity-trinidad@1930","b11-trinidad-tobago-part-elected","Trinidad — limited-franchise colonial council","1930","historical-flag","MISSING","C","partially-supported","dependent-administration","false","[]","[]","[]","[]","{""map_identity_id"":""entity-trinidad"",""aliases"":[],""historical_names"":[{""value"":""Trinidad — limited-franchise colonial council"",""kind"":""primary"",""validFrom"":""1926-01-01"",""validUntil"":""1945-01-01""}],""identifiers"":{}}","[""Snapshot context is not observation date or boundary date."",""Map geometry does not establish sovereignty or succession."",""Existing applicability intervals: []""]","35c5a20cdfaf4e7e7a788fd82d4c2b997e0fe878efe2392487968b8d61b9029f",""
"entity-trinidad@1938/historical-flag","entity-trinidad@1938","b11-trinidad-tobago-part-elected","Trinidad — limited-franchise colonial council","1938","historical-flag","MISSING","C","partially-supported","dependent-administration","false","[]","[]","[]","[]","{""map_identity_id"":""entity-trinidad"",""aliases"":[],""historical_names"":[{""value"":""Trinidad — limited-franchise colonial council"",""kind"":""primary"",""validFrom"":""1926-01-01"",""validUntil"":""1945-01-01""}],""identifiers"":{}}","[""Snapshot context is not observation date or boundary date."",""Map geometry does not establish sovereignty or succession."",""Existing applicability intervals: []""]","35c5a20cdfaf4e7e7a788fd82d4c2b997e0fe878efe2392487968b8d61b9029f",""
"entity-trinidad@1945/historical-flag","entity-trinidad@1945","","Trinidad","1945","historical-flag","MISSING","C","completely-empty","dependent-administration","true","[]","[]","[]","[]","{""map_identity_id"":""entity-trinidad"",""aliases"":[],""historical_names"":[],""identifiers"":{}}","[""Snapshot context is not observation date or boundary date."",""Map geometry does not establish sovereignty or succession."",""Resolve historical identity before proposing entity-specific facts."",""Existing applicability intervals: []""]","35c5a20cdfaf4e7e7a788fd82d4c2b997e0fe878efe2392487968b8d61b9029f",""
"entity-trinidad@1960/historical-flag","entity-trinidad@1960","","Trinidad","1960","historical-flag","MISSING","C","completely-empty","dependent-administration","true","[]","[]","[]","[]","{""map_identity_id"":""entity-trinidad"",""aliases"":[],""historical_names"":[],""identifiers"":{}}","[""Snapshot context is not observation date or boundary date."",""Map geometry does not establish sovereignty or succession."",""Resolve historical identity before proposing entity-specific facts."",""Existing applicability intervals: []""]","35c5a20cdfaf4e7e7a788fd82d4c2b997e0fe878efe2392487968b8d61b9029f",""
"entity-senegal@1800/historical-flag","entity-senegal@1800","","Senegal","1800","historical-flag","MISSING","C","held-ambiguous","dependent-administration","true","[]","[]","[]","[]","{""map_identity_id"":""entity-senegal"",""aliases"":[],""historical_names"":[],""identifiers"":{}}","[""Snapshot context is not observation date or boundary date."",""Map geometry does not establish sovereignty or succession."",""Resolve historical identity before proposing entity-specific facts."",""Existing applicability intervals: []""]","35c5a20cdfaf4e7e7a788fd82d4c2b997e0fe878efe2392487968b8d61b9029f",""
"entity-senegal@1815/historical-flag","entity-senegal@1815","","Senegal","1815","historical-flag","MISSING","C","held-ambiguous","dependent-administration","true","[]","[]","[]","[]","{""map_identity_id"":""entity-senegal"",""aliases"":[],""historical_names"":[],""identifiers"":{}}","[""Snapshot context is not observation date or boundary date."",""Map geometry does not establish sovereignty or succession."",""Resolve historical identity before proposing entity-specific facts."",""Existing applicability intervals: []""]","35c5a20cdfaf4e7e7a788fd82d4c2b997e0fe878efe2392487968b8d61b9029f",""
"entity-senegal@1900/historical-flag","entity-senegal@1900","senegal-1900-colonial-core","Senegal — French colony around 1900","1900","historical-flag","MISSING","C","partially-supported","dependent-administration","false","[]","[]","[]","[]","{""map_identity_id"":""entity-senegal"",""aliases"":[],""historical_names"":[{""value"":""Senegal — French colony around 1900"",""kind"":""primary"",""validFrom"":""1900-01-01"",""validUntil"":""1901-01-01""},{""value"":""Senegal — French colony around 1900"",""kind"":""primary"",""validFrom"":""1905-01-01"",""validUntil"":""1940-01-01""}],""identifiers"":{}}","[""Snapshot context is not observation date or boundary date."",""Map geometry does not establish sovereignty or succession."",""Existing applicability intervals: []""]","35c5a20cdfaf4e7e7a788fd82d4c2b997e0fe878efe2392487968b8d61b9029f",""
"entity-senegal@1945/historical-flag","entity-senegal@1945","senegal-1945-colonial-core","Senegal — French colonial administration in 1945","1945","historical-flag","MISSING","C","partially-supported","dependent-administration","false","[]","[]","[]","[]","{""map_identity_id"":""entity-senegal"",""aliases"":[],""historical_names"":[{""value"":""Senegal — French colonial administration in 1945"",""kind"":""primary"",""validFrom"":""1945-01-01"",""validUntil"":""1946-01-01""}],""identifiers"":{}}","[""Snapshot context is not observation date or boundary date."",""Map geometry does not establish sovereignty or succession."",""Existing applicability intervals: []""]","35c5a20cdfaf4e7e7a788fd82d4c2b997e0fe878efe2392487968b8d61b9029f",""
"entity-senegal@1960/historical-flag","entity-senegal@1960","senegal-1960-parliamentary-core","Senegal —1960 parliamentary republic","1960","historical-flag","MISSING","C","held-ambiguous","dependent-administration","false","[]","[]","[]","[]","{""map_identity_id"":""entity-senegal"",""aliases"":[],""historical_names"":[{""value"":""Senegal —1960 parliamentary republic"",""kind"":""primary"",""validFrom"":""1960-09-01"",""validUntil"":""1961-01-01""}],""identifiers"":{}}","[""Snapshot context is not observation date or boundary date."",""Map geometry does not establish sovereignty or succession."",""Existing applicability intervals: []""]","35c5a20cdfaf4e7e7a788fd82d4c2b997e0fe878efe2392487968b8d61b9029f",""
"entity-luxembourg@1800/historical-flag","entity-luxembourg@1800","","Luxembourg","1800","historical-flag","MISSING","C","completely-empty","political-polity","true","[]","[]","[]","[]","{""map_identity_id"":""entity-luxembourg"",""aliases"":[],""historical_names"":[],""identifiers"":{}}","[""Snapshot context is not observation date or boundary date."",""Map geometry does not establish sovereignty or succession."",""Resolve historical identity before proposing entity-specific facts."",""Existing applicability intervals: []""]","35c5a20cdfaf4e7e7a788fd82d4c2b997e0fe878efe2392487968b8d61b9029f",""
"entity-luxembourg@1815/historical-flag","entity-luxembourg@1815","luxembourg-grand-duchy","Grand Duchy of Luxembourg","1815","historical-flag","MISSING","C","partially-supported","political-polity","false","[]","[]","[]","[]","{""map_identity_id"":""entity-luxembourg"",""aliases"":[],""historical_names"":[{""value"":""Grand Duchy of Luxembourg"",""kind"":""primary"",""validFrom"":""1815""}],""identifiers"":{}}","[""Snapshot context is not observation date or boundary date."",""Map geometry does not establish sovereignty or succession."",""Existing applicability intervals: []""]","35c5a20cdfaf4e7e7a788fd82d4c2b997e0fe878efe2392487968b8d61b9029f",""
"entity-luxembourg@1878/historical-flag","entity-luxembourg@1878","luxembourg-grand-duchy","Grand Duchy of Luxembourg","1878","historical-flag","MISSING","C","partially-supported","political-polity","false","[]","[]","[]","[]","{""map_identity_id"":""entity-luxembourg"",""aliases"":[],""historical_names"":[{""value"":""Grand Duchy of Luxembourg"",""kind"":""primary"",""validFrom"":""1815""}],""identifiers"":{}}","[""Snapshot context is not observation date or boundary date."",""Map geometry does not establish sovereignty or succession."",""Existing applicability intervals: []""]","35c5a20cdfaf4e7e7a788fd82d4c2b997e0fe878efe2392487968b8d61b9029f",""
"entity-luxembourg@1880/historical-flag","entity-luxembourg@1880","luxembourg-grand-duchy","Grand Duchy of Luxembourg","1880","historical-flag","MISSING","C","partially-supported","political-polity","false","[]","[]","[]","[]","{""map_identity_id"":""entity-luxembourg"",""aliases"":[],""historical_names"":[{""value"":""Grand Duchy of Luxembourg"",""kind"":""primary"",""validFrom"":""1815""}],""identifiers"":{}}","[""Snapshot context is not observation date or boundary date."",""Map geometry does not establish sovereignty or succession."",""Existing applicability intervals: []""]","35c5a20cdfaf4e7e7a788fd82d4c2b997e0fe878efe2392487968b8d61b9029f",""
"entity-luxembourg@1900/historical-flag","entity-luxembourg@1900","luxembourg-grand-duchy","Grand Duchy of Luxembourg","1900","historical-flag","MISSING","C","core-supported","political-polity","false","[]","[]","[]","[]","{""map_identity_id"":""entity-luxembourg"",""aliases"":[],""historical_names"":[{""value"":""Grand Duchy of Luxembourg"",""kind"":""primary"",""validFrom"":""1815""}],""identifiers"":{}}","[""Snapshot context is not observation date or boundary date."",""Map geometry does not establish sovereignty or succession."",""Existing applicability intervals: []""]","35c5a20cdfaf4e7e7a788fd82d4c2b997e0fe878efe2392487968b8d61b9029f",""
"entity-luxembourg@1914/historical-flag","entity-luxembourg@1914","luxembourg-grand-duchy","Grand Duchy of Luxembourg","1914","historical-flag","MISSING","C","core-supported","political-polity","false","[]","[]","[]","[]","{""map_identity_id"":""entity-luxembourg"",""aliases"":[],""historical_names"":[{""value"":""Grand Duchy of Luxembourg"",""kind"":""primary"",""validFrom"":""1815""}],""identifiers"":{}}","[""Snapshot context is not observation date or boundary date."",""Map geometry does not establish sovereignty or succession."",""Existing applicability intervals: []""]","35c5a20cdfaf4e7e7a788fd82d4c2b997e0fe878efe2392487968b8d61b9029f",""
"entity-luxembourg@1920/historical-flag","entity-luxembourg@1920","luxembourg-grand-duchy","Grand Duchy of Luxembourg","1920","historical-flag","MISSING","C","core-supported","political-polity","false","[]","[]","[]","[]","{""map_identity_id"":""entity-luxembourg"",""aliases"":[],""historical_names"":[{""value"":""Grand Duchy of Luxembourg"",""kind"":""primary"",""validFrom"":""1815""}],""identifiers"":{}}","[""Snapshot context is not observation date or boundary date."",""Map geometry does not establish sovereignty or succession."",""Existing applicability intervals: []""]","35c5a20cdfaf4e7e7a788fd82d4c2b997e0fe878efe2392487968b8d61b9029f",""
"entity-luxembourg@1930/historical-flag","entity-luxembourg@1930","luxembourg-grand-duchy","Grand Duchy of Luxembourg","1930","historical-flag","MISSING","C","core-supported","political-polity","false","[]","[]","[]","[]","{""map_identity_id"":""entity-luxembourg"",""aliases"":[],""historical_names"":[{""value"":""Grand Duchy of Luxembourg"",""kind"":""primary"",""validFrom"":""1815""}],""identifiers"":{}}","[""Snapshot context is not observation date or boundary date."",""Map geometry does not establish sovereignty or succession."",""Existing applicability intervals: []""]","35c5a20cdfaf4e7e7a788fd82d4c2b997e0fe878efe2392487968b8d61b9029f",""
"entity-luxembourg@1938/historical-flag","entity-luxembourg@1938","luxembourg-grand-duchy","Grand Duchy of Luxembourg","1938","historical-flag","MISSING","C","core-supported","political-polity","false","[]","[]","[]","[]","{""map_identity_id"":""entity-luxembourg"",""aliases"":[],""historical_names"":[{""value"":""Grand Duchy of Luxembourg"",""kind"":""primary"",""validFrom"":""1815""}],""identifiers"":{}}","[""Snapshot context is not observation date or boundary date."",""Map geometry does not establish sovereignty or succession."",""Existing applicability intervals: []""]","35c5a20cdfaf4e7e7a788fd82d4c2b997e0fe878efe2392487968b8d61b9029f",""
"entity-luxembourg@1945/historical-flag","entity-luxembourg@1945","luxembourg-grand-duchy","Grand Duchy of Luxembourg","1945","historical-flag","MISSING","C","core-supported","political-polity","false","[]","[]","[]","[]","{""map_identity_id"":""entity-luxembourg"",""aliases"":[],""historical_names"":[{""value"":""Grand Duchy of Luxembourg"",""kind"":""primary"",""validFrom"":""1815""}],""identifiers"":{}}","[""Snapshot context is not observation date or boundary date."",""Map geometry does not establish sovereignty or succession."",""Existing applicability intervals: []""]","35c5a20cdfaf4e7e7a788fd82d4c2b997e0fe878efe2392487968b8d61b9029f",""
"entity-luxembourg@1960/historical-flag","entity-luxembourg@1960","luxembourg-grand-duchy","Grand Duchy of Luxembourg","1960","historical-flag","MISSING","C","core-supported","political-polity","false","[]","[]","[]","[]","{""map_identity_id"":""entity-luxembourg"",""aliases"":[],""historical_names"":[{""value"":""Grand Duchy of Luxembourg"",""kind"":""primary"",""validFrom"":""1815""}],""identifiers"":{}}","[""Snapshot context is not observation date or boundary date."",""Map geometry does not establish sovereignty or succession."",""Existing applicability intervals: []""]","35c5a20cdfaf4e7e7a788fd82d4c2b997e0fe878efe2392487968b8d61b9029f",""
"entity-grenada@1815/historical-flag","entity-grenada@1815","","Grenada","1815","historical-flag","MISSING","C","completely-empty","dependent-administration","true","[]","[]","[]","[]","{""map_identity_id"":""entity-grenada"",""aliases"":[],""historical_names"":[],""identifiers"":{}}","[""Snapshot context is not observation date or boundary date."",""Map geometry does not establish sovereignty or succession."",""Resolve historical identity before proposing entity-specific facts."",""Existing applicability intervals: []""]","35c5a20cdfaf4e7e7a788fd82d4c2b997e0fe878efe2392487968b8d61b9029f",""
"entity-ivory-coast@1878/historical-flag","entity-ivory-coast@1878","","Ivory Coast","1878","historical-flag","MISSING","C","held-ambiguous","dependent-administration","true","[]","[]","[]","[]","{""map_identity_id"":""entity-ivory-coast"",""aliases"":[],""historical_names"":[],""identifiers"":{}}","[""Snapshot context is not observation date or boundary date."",""Map geometry does not establish sovereignty or succession."",""Resolve historical identity before proposing entity-specific facts."",""Existing applicability intervals: []""]","35c5a20cdfaf4e7e7a788fd82d4c2b997e0fe878efe2392487968b8d61b9029f",""
"entity-ivory-coast@1880/historical-flag","entity-ivory-coast@1880","","Ivory Coast","1880","historical-flag","MISSING","C","held-ambiguous","dependent-administration","true","[]","[]","[]","[]","{""map_identity_id"":""entity-ivory-coast"",""aliases"":[],""historical_names"":[],""identifiers"":{}}","[""Snapshot context is not observation date or boundary date."",""Map geometry does not establish sovereignty or succession."",""Resolve historical identity before proposing entity-specific facts."",""Existing applicability intervals: []""]","35c5a20cdfaf4e7e7a788fd82d4c2b997e0fe878efe2392487968b8d61b9029f",""
"entity-ivory-coast@1900/historical-flag","entity-ivory-coast@1900","ivory-coast-1900-colonial-core","Ivory Coast — French colony around 1900","1900","historical-flag","MISSING","C","partially-supported","dependent-administration","false","[]","[]","[]","[]","{""map_identity_id"":""entity-ivory-coast"",""aliases"":[],""historical_names"":[{""value"":""Ivory Coast — French colony around 1900"",""kind"":""primary"",""validFrom"":""1900-01-01"",""validUntil"":""1901-01-01""}],""identifiers"":{}}","[""Snapshot context is not observation date or boundary date."",""Map geometry does not establish sovereignty or succession."",""Existing applicability intervals: []""]","35c5a20cdfaf4e7e7a788fd82d4c2b997e0fe878efe2392487968b8d61b9029f",""
"entity-ivory-coast@1945/historical-flag","entity-ivory-coast@1945","ivory-coast-1945-colonial-core","Ivory Coast — late colonial administration in 1945","1945","historical-flag","MISSING","C","partially-supported","dependent-administration","false","[]","[]","[]","[]","{""map_identity_id"":""entity-ivory-coast"",""aliases"":[],""historical_names"":[{""value"":""Ivory Coast — late colonial administration in 1945"",""kind"":""primary"",""validFrom"":""1945-01-01"",""validUntil"":""1946-01-01""}],""identifiers"":{}}","[""Snapshot context is not observation date or boundary date."",""Map geometry does not establish sovereignty or succession."",""Existing applicability intervals: []""]","35c5a20cdfaf4e7e7a788fd82d4c2b997e0fe878efe2392487968b8d61b9029f",""
"entity-ivory-coast@1960/historical-flag","entity-ivory-coast@1960","ivory-coast-1960-independent-core","Ivory Coast — independent republic in 1960","1960","historical-flag","MISSING","C","held-ambiguous","dependent-administration","false","[]","[]","[]","[]","{""map_identity_id"":""entity-ivory-coast"",""aliases"":[],""historical_names"":[{""value"":""Ivory Coast — independent republic in 1960"",""kind"":""primary"",""validFrom"":""1960-08-07"",""validUntil"":""1960-08-08""}],""identifiers"":{}}","[""Snapshot context is not observation date or boundary date."",""Map geometry does not establish sovereignty or succession."",""Existing applicability intervals: []""]","35c5a20cdfaf4e7e7a788fd82d4c2b997e0fe878efe2392487968b8d61b9029f",""
"entity-armenia@1914/historical-flag","entity-armenia@1914","","Armenia","1914","historical-flag","MISSING","C","completely-empty","political-polity","true","[]","[]","[]","[]","{""map_identity_id"":""entity-armenia"",""aliases"":[],""historical_names"":[],""identifiers"":{}}","[""Snapshot context is not observation date or boundary date."",""Map geometry does not establish sovereignty or succession."",""Resolve historical identity before proposing entity-specific facts."",""Existing applicability intervals: []""]","35c5a20cdfaf4e7e7a788fd82d4c2b997e0fe878efe2392487968b8d61b9029f",""
"entity-armenia@1920/historical-flag","entity-armenia@1920","armenian-first-republic-parliamentary-framework","Republic of Armenia — parliamentary framework","1920","historical-flag","MISSING","C","partially-supported","political-polity","false","[]","[]","[]","[]","{""map_identity_id"":""entity-armenia"",""aliases"":[],""historical_names"":[{""value"":""Republic of Armenia — parliamentary framework"",""kind"":""primary"",""validFrom"":""1918-08-01"",""validUntil"":""1920-12-02""}],""identifiers"":{}}","[""Snapshot context is not observation date or boundary date."",""Map geometry does not establish sovereignty or succession."",""Existing applicability intervals: []""]","35c5a20cdfaf4e7e7a788fd82d4c2b997e0fe878efe2392487968b8d61b9029f",""
"entity-armenia@1930/historical-flag","entity-armenia@1930","","Armenia","1930","historical-flag","MISSING","C","completely-empty","political-polity","true","[]","[]","[]","[]","{""map_identity_id"":""entity-armenia"",""aliases"":[],""historical_names"":[],""identifiers"":{}}","[""Snapshot context is not observation date or boundary date."",""Map geometry does not establish sovereignty or succession."",""Resolve historical identity before proposing entity-specific facts."",""Existing applicability intervals: []""]","35c5a20cdfaf4e7e7a788fd82d4c2b997e0fe878efe2392487968b8d61b9029f",""
"entity-armenia@1938/historical-flag","entity-armenia@1938","","Armenia","1938","historical-flag","MISSING","C","completely-empty","political-polity","true","[]","[]","[]","[]","{""map_identity_id"":""entity-armenia"",""aliases"":[],""historical_names"":[],""identifiers"":{}}","[""Snapshot context is not observation date or boundary date."",""Map geometry does not establish sovereignty or succession."",""Resolve historical identity before proposing entity-specific facts."",""Existing applicability intervals: []""]","35c5a20cdfaf4e7e7a788fd82d4c2b997e0fe878efe2392487968b8d61b9029f",""
"entity-benin@1878/historical-flag","entity-benin@1878","benin-oba-1880-core","Benin — kingdom around 1880","1878","historical-flag","MISSING","C","partially-supported","political-polity","false","[]","[]","[]","[]","{""map_identity_id"":""entity-benin"",""aliases"":[],""historical_names"":[{""value"":""Benin — kingdom around 1880"",""kind"":""primary"",""validFrom"":""1878-01-01"",""validUntil"":""1881-01-01""}],""identifiers"":{}}","[""Snapshot context is not observation date or boundary date."",""Map geometry does not establish sovereignty or succession."",""Existing applicability intervals: []""]","35c5a20cdfaf4e7e7a788fd82d4c2b997e0fe878efe2392487968b8d61b9029f",""
"entity-benin@1880/historical-flag","entity-benin@1880","benin-oba-1880-core","Benin — kingdom around 1880","1880","historical-flag","MISSING","C","partially-supported","political-polity","false","[]","[]","[]","[]","{""map_identity_id"":""entity-benin"",""aliases"":[],""historical_names"":[{""value"":""Benin — kingdom around 1880"",""kind"":""primary"",""validFrom"":""1878-01-01"",""validUntil"":""1881-01-01""}],""identifiers"":{}}","[""Snapshot context is not observation date or boundary date."",""Map geometry does not establish sovereignty or succession."",""Existing applicability intervals: []""]","35c5a20cdfaf4e7e7a788fd82d4c2b997e0fe878efe2392487968b8d61b9029f",""
"entity-benin@1900/historical-flag","entity-benin@1900","benin-1900-protectorate-core","Benin — former kingdom under British protectorate administration","1900","historical-flag","MISSING","C","partially-supported","political-polity","false","[]","[]","[]","[]","{""map_identity_id"":""entity-benin"",""aliases"":[],""historical_names"":[{""value"":""Benin — former kingdom under British protectorate administration"",""kind"":""primary"",""validFrom"":""1900-01-01"",""validUntil"":""1901-01-01""}],""identifiers"":{}}","[""Snapshot context is not observation date or boundary date."",""Map geometry does not establish sovereignty or succession."",""Existing applicability intervals: []""]","35c5a20cdfaf4e7e7a788fd82d4c2b997e0fe878efe2392487968b8d61b9029f",""
"entity-benin@1945/historical-flag","entity-benin@1945","","Benin","1945","historical-flag","MISSING","C","held-ambiguous","political-polity","true","[]","[]","[]","[]","{""map_identity_id"":""entity-benin"",""aliases"":[],""historical_names"":[],""identifiers"":{}}","[""Snapshot context is not observation date or boundary date."",""Map geometry does not establish sovereignty or succession."",""Resolve historical identity before proposing entity-specific facts."",""Existing applicability intervals: []""]","35c5a20cdfaf4e7e7a788fd82d4c2b997e0fe878efe2392487968b8d61b9029f",""
"entity-benin@1960/historical-flag","entity-benin@1960","","Benin","1960","historical-flag","MISSING","C","held-ambiguous","political-polity","true","[]","[]","[]","[]","{""map_identity_id"":""entity-benin"",""aliases"":[],""historical_names"":[],""identifiers"":{}}","[""Snapshot context is not observation date or boundary date."",""Map geometry does not establish sovereignty or succession."",""Resolve historical identity before proposing entity-specific facts."",""Existing applicability intervals: []""]","35c5a20cdfaf4e7e7a788fd82d4c2b997e0fe878efe2392487968b8d61b9029f",""
"entity-montenegro@1878/historical-flag","entity-montenegro@1878","montenegrin-berlin-recognition-framework","Montenegro — Berlin recognition framework","1878","historical-flag","MISSING","C","partially-supported","political-polity","false","[]","[]","[]","[]","{""map_identity_id"":""entity-montenegro"",""aliases"":[],""historical_names"":[{""value"":""Montenegro — Berlin recognition framework"",""kind"":""primary"",""validFrom"":""1878-07-13"",""validUntil"":""1879-01-01""}],""identifiers"":{}}","[""Snapshot context is not observation date or boundary date."",""Map geometry does not establish sovereignty or succession."",""Existing applicability intervals: []""]","35c5a20cdfaf4e7e7a788fd82d4c2b997e0fe878efe2392487968b8d61b9029f",""
"entity-montenegro@1880/historical-flag","entity-montenegro@1880","","Montenegro","1880","historical-flag","MISSING","C","completely-empty","political-polity","true","[]","[]","[]","[]","{""map_identity_id"":""entity-montenegro"",""aliases"":[],""historical_names"":[],""identifiers"":{}}","[""Snapshot context is not observation date or boundary date."",""Map geometry does not establish sovereignty or succession."",""Resolve historical identity before proposing entity-specific facts."",""Existing applicability intervals: []""]","35c5a20cdfaf4e7e7a788fd82d4c2b997e0fe878efe2392487968b8d61b9029f",""
"entity-montenegro@1900/historical-flag","entity-montenegro@1900","","Montenegro","1900","historical-flag","MISSING","C","completely-empty","political-polity","true","[]","[]","[]","[]","{""map_identity_id"":""entity-montenegro"",""aliases"":[],""historical_names"":[],""identifiers"":{}}","[""Snapshot context is not observation date or boundary date."",""Map geometry does not establish sovereignty or succession."",""Resolve historical identity before proposing entity-specific facts."",""Existing applicability intervals: []""]","35c5a20cdfaf4e7e7a788fd82d4c2b997e0fe878efe2392487968b8d61b9029f",""
"entity-montenegro@1914/historical-flag","entity-montenegro@1914","","Montenegro","1914","historical-flag","MISSING","C","completely-empty","political-polity","true","[]","[]","[]","[]","{""map_identity_id"":""entity-montenegro"",""aliases"":[],""historical_names"":[],""identifiers"":{}}","[""Snapshot context is not observation date or boundary date."",""Map geometry does not establish sovereignty or succession."",""Resolve historical identity before proposing entity-specific facts."",""Existing applicability intervals: []""]","35c5a20cdfaf4e7e7a788fd82d4c2b997e0fe878efe2392487968b8d61b9029f",""
"entity-luba@1800/historical-flag","entity-luba@1800","b17-luba-1800","Luba — royal and council framework","1800","historical-flag","MISSING","C","partially-supported","political-polity","false","[]","[]","[]","[]","{""map_identity_id"":""entity-luba"",""aliases"":[],""historical_names"":[{""value"":""Luba — royal and council framework"",""kind"":""primary"",""validFrom"":""1800-01-01"",""validUntil"":""1801-01-01""}],""identifiers"":{}}","[""Snapshot context is not observation date or boundary date."",""Map geometry does not establish sovereignty or succession."",""Existing applicability intervals: []""]","35c5a20cdfaf4e7e7a788fd82d4c2b997e0fe878efe2392487968b8d61b9029f",""
"entity-luba@1878/historical-flag","entity-luba@1878","","Luba","1878","historical-flag","MISSING","C","completely-empty","political-polity","true","[]","[]","[]","[]","{""map_identity_id"":""entity-luba"",""aliases"":[],""historical_names"":[],""identifiers"":{}}","[""Snapshot context is not observation date or boundary date."",""Map geometry does not establish sovereignty or succession."",""Resolve historical identity before proposing entity-specific facts."",""Existing applicability intervals: []""]","35c5a20cdfaf4e7e7a788fd82d4c2b997e0fe878efe2392487968b8d61b9029f",""
"entity-luba@1880/historical-flag","entity-luba@1880","","Luba","1880","historical-flag","MISSING","C","completely-empty","political-polity","true","[]","[]","[]","[]","{""map_identity_id"":""entity-luba"",""aliases"":[],""historical_names"":[],""identifiers"":{}}","[""Snapshot context is not observation date or boundary date."",""Map geometry does not establish sovereignty or succession."",""Resolve historical identity before proposing entity-specific facts."",""Existing applicability intervals: []""]","35c5a20cdfaf4e7e7a788fd82d4c2b997e0fe878efe2392487968b8d61b9029f",""
"entity-luba@1900/historical-flag","entity-luba@1900","","Luba","1900","historical-flag","MISSING","C","completely-empty","political-polity","true","[]","[]","[]","[]","{""map_identity_id"":""entity-luba"",""aliases"":[],""historical_names"":[],""identifiers"":{}}","[""Snapshot context is not observation date or boundary date."",""Map geometry does not establish sovereignty or succession."",""Resolve historical identity before proposing entity-specific facts."",""Existing applicability intervals: []""]","35c5a20cdfaf4e7e7a788fd82d4c2b997e0fe878efe2392487968b8d61b9029f",""
"entity-laos@1800/historical-flag","entity-laos@1800","","Laos","1800","historical-flag","MISSING","C","completely-empty","political-polity","true","[]","[]","[]","[]","{""map_identity_id"":""entity-laos"",""aliases"":[],""historical_names"":[],""identifiers"":{}}","[""Snapshot context is not observation date or boundary date."",""Map geometry does not establish sovereignty or succession."",""Resolve historical identity before proposing entity-specific facts."",""Existing applicability intervals: []""]","35c5a20cdfaf4e7e7a788fd82d4c2b997e0fe878efe2392487968b8d61b9029f",""
"entity-laos@1938/historical-flag","entity-laos@1938","b13-laos-protectorate","Laos — French protectorate","1938","historical-flag","MISSING","C","partially-supported","political-polity","false","[]","[]","[]","[]","{""map_identity_id"":""entity-laos"",""aliases"":[],""historical_names"":[{""value"":""Laos — French protectorate"",""kind"":""primary"",""validFrom"":""1900-01-01"",""validUntil"":""1940-01-01""}],""identifiers"":{}}","[""Snapshot context is not observation date or boundary date."",""Map geometry does not establish sovereignty or succession."",""Existing applicability intervals: []""]","35c5a20cdfaf4e7e7a788fd82d4c2b997e0fe878efe2392487968b8d61b9029f",""
"entity-laos@1945/historical-flag","entity-laos@1945","","Laos","1945","historical-flag","MISSING","C","completely-empty","political-polity","true","[]","[]","[]","[]","{""map_identity_id"":""entity-laos"",""aliases"":[],""historical_names"":[],""identifiers"":{}}","[""Snapshot context is not observation date or boundary date."",""Map geometry does not establish sovereignty or succession."",""Resolve historical identity before proposing entity-specific facts."",""Existing applicability intervals: []""]","35c5a20cdfaf4e7e7a788fd82d4c2b997e0fe878efe2392487968b8d61b9029f",""
"entity-laos@1960/historical-flag","entity-laos@1960","","Laos","1960","historical-flag","MISSING","C","completely-empty","political-polity","true","[]","[]","[]","[]","{""map_identity_id"":""entity-laos"",""aliases"":[],""historical_names"":[],""identifiers"":{}}","[""Snapshot context is not observation date or boundary date."",""Map geometry does not establish sovereignty or succession."",""Resolve historical identity before proposing entity-specific facts."",""Existing applicability intervals: []""]","35c5a20cdfaf4e7e7a788fd82d4c2b997e0fe878efe2392487968b8d61b9029f",""
"entity-uganda@1914/historical-flag","entity-uganda@1914","uganda-colonial-pre1952-core","Uganda — colonial protectorate framework","1914","historical-flag","MISSING","C","partially-supported","dependent-administration","false","[]","[]","[]","[]","{""map_identity_id"":""entity-uganda"",""aliases"":[],""historical_names"":[{""value"":""Uganda — colonial protectorate framework"",""kind"":""primary"",""validFrom"":""1914-01-01"",""validUntil"":""1952-01-01""}],""identifiers"":{}}","[""Snapshot context is not observation date or boundary date."",""Map geometry does not establish sovereignty or succession."",""Existing applicability intervals: []""]","35c5a20cdfaf4e7e7a788fd82d4c2b997e0fe878efe2392487968b8d61b9029f",""
"entity-uganda@1920/historical-flag","entity-uganda@1920","uganda-colonial-pre1952-core","Uganda — colonial protectorate framework","1920","historical-flag","MISSING","C","partially-supported","dependent-administration","false","[]","[]","[]","[]","{""map_identity_id"":""entity-uganda"",""aliases"":[],""historical_names"":[{""value"":""Uganda — colonial protectorate framework"",""kind"":""primary"",""validFrom"":""1914-01-01"",""validUntil"":""1952-01-01""}],""identifiers"":{}}","[""Snapshot context is not observation date or boundary date."",""Map geometry does not establish sovereignty or succession."",""Existing applicability intervals: []""]","35c5a20cdfaf4e7e7a788fd82d4c2b997e0fe878efe2392487968b8d61b9029f",""
"entity-uganda@1930/historical-flag","entity-uganda@1930","uganda-colonial-pre1952-core","Uganda — colonial protectorate framework","1930","historical-flag","MISSING","C","partially-supported","dependent-administration","false","[]","[]","[]","[]","{""map_identity_id"":""entity-uganda"",""aliases"":[],""historical_names"":[{""value"":""Uganda — colonial protectorate framework"",""kind"":""primary"",""validFrom"":""1914-01-01"",""validUntil"":""1952-01-01""}],""identifiers"":{}}","[""Snapshot context is not observation date or boundary date."",""Map geometry does not establish sovereignty or succession."",""Existing applicability intervals: []""]","35c5a20cdfaf4e7e7a788fd82d4c2b997e0fe878efe2392487968b8d61b9029f",""
"entity-uganda@1938/historical-flag","entity-uganda@1938","uganda-colonial-pre1952-core","Uganda — colonial protectorate framework","1938","historical-flag","MISSING","C","partially-supported","dependent-administration","false","[]","[]","[]","[]","{""map_identity_id"":""entity-uganda"",""aliases"":[],""historical_names"":[{""value"":""Uganda — colonial protectorate framework"",""kind"":""primary"",""validFrom"":""1914-01-01"",""validUntil"":""1952-01-01""}],""identifiers"":{}}","[""Snapshot context is not observation date or boundary date."",""Map geometry does not establish sovereignty or succession."",""Existing applicability intervals: []""]","35c5a20cdfaf4e7e7a788fd82d4c2b997e0fe878efe2392487968b8d61b9029f",""
"entity-uganda@1945/historical-flag","entity-uganda@1945","uganda-colonial-pre1952-core","Uganda — colonial protectorate framework","1945","historical-flag","MISSING","C","partially-supported","dependent-administration","false","[]","[]","[]","[]","{""map_identity_id"":""entity-uganda"",""aliases"":[],""historical_names"":[{""value"":""Uganda — colonial protectorate framework"",""kind"":""primary"",""validFrom"":""1914-01-01"",""validUntil"":""1952-01-01""}],""identifiers"":{}}","[""Snapshot context is not observation date or boundary date."",""Map geometry does not establish sovereignty or succession."",""Existing applicability intervals: []""]","35c5a20cdfaf4e7e7a788fd82d4c2b997e0fe878efe2392487968b8d61b9029f",""
"entity-uganda@1960/historical-flag","entity-uganda@1960","uganda-1960-reformed-colonial-core","Uganda — late colonial framework in 1960","1960","historical-flag","MISSING","C","partially-supported","dependent-administration","false","[]","[]","[]","[]","{""map_identity_id"":""entity-uganda"",""aliases"":[],""historical_names"":[{""value"":""Uganda — late colonial framework in 1960"",""kind"":""primary"",""validFrom"":""1960-01-01"",""validUntil"":""1961-01-01""}],""identifiers"":{}}","[""Snapshot context is not observation date or boundary date."",""Map geometry does not establish sovereignty or succession."",""Existing applicability intervals: []""]","35c5a20cdfaf4e7e7a788fd82d4c2b997e0fe878efe2392487968b8d61b9029f",""
"entity-trucial-oman@1878/historical-flag","entity-trucial-oman@1878","trucial-coast-maritime-composite-core","Trucial Oman — maritime-truce composite","1878","historical-flag","MISSING","C","partially-supported","dependent-administration","false","[]","[]","[]","[]","{""map_identity_id"":""entity-trucial-oman"",""aliases"":[],""historical_names"":[{""value"":""Trucial Oman — maritime-truce composite"",""kind"":""primary"",""validFrom"":""1878-01-01"",""validUntil"":""1892-01-01""}],""identifiers"":{}}","[""Snapshot context is not observation date or boundary date."",""Map geometry does not establish sovereignty or succession."",""Existing applicability intervals: []""]","35c5a20cdfaf4e7e7a788fd82d4c2b997e0fe878efe2392487968b8d61b9029f",""
"entity-trucial-oman@1880/historical-flag","entity-trucial-oman@1880","trucial-coast-maritime-composite-core","Trucial Oman — maritime-truce composite","1880","historical-flag","MISSING","C","partially-supported","dependent-administration","false","[]","[]","[]","[]","{""map_identity_id"":""entity-trucial-oman"",""aliases"":[],""historical_names"":[{""value"":""Trucial Oman — maritime-truce composite"",""kind"":""primary"",""validFrom"":""1878-01-01"",""validUntil"":""1892-01-01""}],""identifiers"":{}}","[""Snapshot context is not observation date or boundary date."",""Map geometry does not establish sovereignty or succession."",""Existing applicability intervals: []""]","35c5a20cdfaf4e7e7a788fd82d4c2b997e0fe878efe2392487968b8d61b9029f",""
"entity-trucial-oman@1900/historical-flag","entity-trucial-oman@1900","trucial-coast-exclusive-composite-core","Trucial Oman — exclusive-agreement composite","1900","historical-flag","MISSING","C","partially-supported","dependent-administration","false","[]","[]","[]","[]","{""map_identity_id"":""entity-trucial-oman"",""aliases"":[],""historical_names"":[{""value"":""Trucial Oman — exclusive-agreement composite"",""kind"":""primary"",""validFrom"":""1893-01-01"",""validUntil"":""1939-01-01""}],""identifiers"":{}}","[""Snapshot context is not observation date or boundary date."",""Map geometry does not establish sovereignty or succession."",""Existing applicability intervals: []""]","35c5a20cdfaf4e7e7a788fd82d4c2b997e0fe878efe2392487968b8d61b9029f",""
"entity-trucial-oman@1920/historical-flag","entity-trucial-oman@1920","trucial-coast-exclusive-composite-core","Trucial Oman — exclusive-agreement composite","1920","historical-flag","MISSING","C","partially-supported","dependent-administration","false","[]","[]","[]","[]","{""map_identity_id"":""entity-trucial-oman"",""aliases"":[],""historical_names"":[{""value"":""Trucial Oman — exclusive-agreement composite"",""kind"":""primary"",""validFrom"":""1893-01-01"",""validUntil"":""1939-01-01""}],""identifiers"":{}}","[""Snapshot context is not observation date or boundary date."",""Map geometry does not establish sovereignty or succession."",""Existing applicability intervals: []""]","35c5a20cdfaf4e7e7a788fd82d4c2b997e0fe878efe2392487968b8d61b9029f",""
"entity-trucial-oman@1930/historical-flag","entity-trucial-oman@1930","trucial-coast-exclusive-composite-core","Trucial Oman — exclusive-agreement composite","1930","historical-flag","MISSING","C","partially-supported","dependent-administration","false","[]","[]","[]","[]","{""map_identity_id"":""entity-trucial-oman"",""aliases"":[],""historical_names"":[{""value"":""Trucial Oman — exclusive-agreement composite"",""kind"":""primary"",""validFrom"":""1893-01-01"",""validUntil"":""1939-01-01""}],""identifiers"":{}}","[""Snapshot context is not observation date or boundary date."",""Map geometry does not establish sovereignty or succession."",""Existing applicability intervals: []""]","35c5a20cdfaf4e7e7a788fd82d4c2b997e0fe878efe2392487968b8d61b9029f",""
"entity-trucial-oman@1938/historical-flag","entity-trucial-oman@1938","trucial-coast-exclusive-composite-core","Trucial Oman — exclusive-agreement composite","1938","historical-flag","MISSING","C","partially-supported","dependent-administration","false","[]","[]","[]","[]","{""map_identity_id"":""entity-trucial-oman"",""aliases"":[],""historical_names"":[{""value"":""Trucial Oman — exclusive-agreement composite"",""kind"":""primary"",""validFrom"":""1893-01-01"",""validUntil"":""1939-01-01""}],""identifiers"":{}}","[""Snapshot context is not observation date or boundary date."",""Map geometry does not establish sovereignty or succession."",""Existing applicability intervals: []""]","35c5a20cdfaf4e7e7a788fd82d4c2b997e0fe878efe2392487968b8d61b9029f",""
"entity-saint-lucia@1815/historical-flag","entity-saint-lucia@1815","b11-saint-lucia-early-crown","Saint Lucia — early Crown-colony framework","1815","historical-flag","MISSING","C","partially-supported","dependent-administration","false","[]","[]","[]","[]","{""map_identity_id"":""entity-saint-lucia"",""aliases"":[],""historical_names"":[{""value"":""Saint Lucia — early Crown-colony framework"",""kind"":""primary"",""validFrom"":""1809-01-01"",""validUntil"":""1816-12-15""}],""identifiers"":{}}","[""Snapshot context is not observation date or boundary date."",""Map geometry does not establish sovereignty or succession."",""Existing applicability intervals: []""]","35c5a20cdfaf4e7e7a788fd82d4c2b997e0fe878efe2392487968b8d61b9029f",""
"entity-saint-lucia@1914/historical-flag","entity-saint-lucia@1914","b11-saint-lucia-nominated","Saint Lucia — nominated council framework","1914","historical-flag","MISSING","C","partially-supported","dependent-administration","false","[]","[]","[]","[]","{""map_identity_id"":""entity-saint-lucia"",""aliases"":[],""historical_names"":[{""value"":""Saint Lucia — nominated council framework"",""kind"":""primary"",""validFrom"":""1886-01-01"",""validUntil"":""1924-01-01""}],""identifiers"":{}}","[""Snapshot context is not observation date or boundary date."",""Map geometry does not establish sovereignty or succession."",""Existing applicability intervals: []""]","35c5a20cdfaf4e7e7a788fd82d4c2b997e0fe878efe2392487968b8d61b9029f",""
"entity-saint-lucia@1920/historical-flag","entity-saint-lucia@1920","b11-saint-lucia-nominated","Saint Lucia — nominated council framework","1920","historical-flag","MISSING","C","partially-supported","dependent-administration","false","[]","[]","[]","[]","{""map_identity_id"":""entity-saint-lucia"",""aliases"":[],""historical_names"":[{""value"":""Saint Lucia — nominated council framework"",""kind"":""primary"",""validFrom"":""1886-01-01"",""validUntil"":""1924-01-01""}],""identifiers"":{}}","[""Snapshot context is not observation date or boundary date."",""Map geometry does not establish sovereignty or succession."",""Existing applicability intervals: []""]","35c5a20cdfaf4e7e7a788fd82d4c2b997e0fe878efe2392487968b8d61b9029f",""
"entity-saint-lucia@1930/historical-flag","entity-saint-lucia@1930","b11-saint-lucia-part-elected","Saint Lucia — partially elected council","1930","historical-flag","MISSING","C","partially-supported","dependent-administration","false","[]","[]","[]","[]","{""map_identity_id"":""entity-saint-lucia"",""aliases"":[],""historical_names"":[{""value"":""Saint Lucia — partially elected council"",""kind"":""primary"",""validFrom"":""1926-01-01"",""validUntil"":""1936-10-29""}],""identifiers"":{}}","[""Snapshot context is not observation date or boundary date."",""Map geometry does not establish sovereignty or succession."",""Existing applicability intervals: []""]","35c5a20cdfaf4e7e7a788fd82d4c2b997e0fe878efe2392487968b8d61b9029f",""
"entity-saint-lucia@1938/historical-flag","entity-saint-lucia@1938","b11-saint-lucia-reserve-powers","Saint Lucia — council with governor reserve powers","1938","historical-flag","MISSING","C","partially-supported","dependent-administration","false","[]","[]","[]","[]","{""map_identity_id"":""entity-saint-lucia"",""aliases"":[],""historical_names"":[{""value"":""Saint Lucia — council with governor reserve powers"",""kind"":""primary"",""validFrom"":""1936-10-29"",""validUntil"":""1951-01-01""}],""identifiers"":{}}","[""Snapshot context is not observation date or boundary date."",""Map geometry does not establish sovereignty or succession."",""Existing applicability intervals: []""]","35c5a20cdfaf4e7e7a788fd82d4c2b997e0fe878efe2392487968b8d61b9029f",""
"entity-kanem-bornu@1800/historical-flag","entity-kanem-bornu@1800","b17-kanem-bornu-1800","Borno — late Sayfawa royal framework","1800","historical-flag","MISSING","C","partially-supported","political-polity","false","[]","[]","[]","[]","{""map_identity_id"":""entity-kanem-bornu"",""aliases"":[],""historical_names"":[{""value"":""Borno — late Sayfawa royal framework"",""kind"":""primary"",""validFrom"":""1800-01-01"",""validUntil"":""1801-01-01""}],""identifiers"":{}}","[""Snapshot context is not observation date or boundary date."",""Map geometry does not establish sovereignty or succession."",""Existing applicability intervals: []""]","35c5a20cdfaf4e7e7a788fd82d4c2b997e0fe878efe2392487968b8d61b9029f",""
"entity-kanem-bornu@1815/historical-flag","entity-kanem-bornu@1815","b17-bornu-1815","Borno — titular kingship and al-Kanemi authority","1815","historical-flag","MISSING","C","partially-supported","political-polity","false","[]","[]","[]","[]","{""map_identity_id"":""entity-kanem-bornu"",""aliases"":[],""historical_names"":[{""value"":""Borno — titular kingship and al-Kanemi authority"",""kind"":""primary"",""validFrom"":""1815-01-01"",""validUntil"":""1816-01-01""}],""identifiers"":{}}","[""Snapshot context is not observation date or boundary date."",""Map geometry does not establish sovereignty or succession."",""Existing applicability intervals: []""]","35c5a20cdfaf4e7e7a788fd82d4c2b997e0fe878efe2392487968b8d61b9029f",""
"entity-kanem-bornu@1878/historical-flag","entity-kanem-bornu@1878","b17-bornu-shehu","Borno — nineteenth-century shehu framework","1878","historical-flag","MISSING","C","partially-supported","political-polity","false","[]","[]","[]","[]","{""map_identity_id"":""entity-kanem-bornu"",""aliases"":[],""historical_names"":[{""value"":""Borno — nineteenth-century shehu framework"",""kind"":""primary"",""validFrom"":""1878-01-01"",""validUntil"":""1881-01-01""}],""identifiers"":{}}","[""Snapshot context is not observation date or boundary date."",""Map geometry does not establish sovereignty or succession."",""Existing applicability intervals: []""]","35c5a20cdfaf4e7e7a788fd82d4c2b997e0fe878efe2392487968b8d61b9029f",""
"entity-kanem-bornu@1880/historical-flag","entity-kanem-bornu@1880","b17-bornu-shehu","Borno — nineteenth-century shehu framework","1880","historical-flag","MISSING","C","partially-supported","political-polity","false","[]","[]","[]","[]","{""map_identity_id"":""entity-kanem-bornu"",""aliases"":[],""historical_names"":[{""value"":""Borno — nineteenth-century shehu framework"",""kind"":""primary"",""validFrom"":""1878-01-01"",""validUntil"":""1881-01-01""}],""identifiers"":{}}","[""Snapshot context is not observation date or boundary date."",""Map geometry does not establish sovereignty or succession."",""Existing applicability intervals: []""]","35c5a20cdfaf4e7e7a788fd82d4c2b997e0fe878efe2392487968b8d61b9029f",""
"entity-kanem-bornu@1900/historical-flag","entity-kanem-bornu@1900","","Kanem-Bornu","1900","historical-flag","MISSING","C","completely-empty","political-polity","true","[]","[]","[]","[]","{""map_identity_id"":""entity-kanem-bornu"",""aliases"":[],""historical_names"":[],""identifiers"":{}}","[""Snapshot context is not observation date or boundary date."",""Map geometry does not establish sovereignty or succession."",""Resolve historical identity before proposing entity-specific facts."",""Existing applicability intervals: []""]","35c5a20cdfaf4e7e7a788fd82d4c2b997e0fe878efe2392487968b8d61b9029f",""
"entity-guyana@1914/historical-flag","entity-guyana@1914","british-guiana-court-policy-framework","British Guiana — Court of Policy framework","1914","historical-flag","MISSING","C","partially-supported","dependent-administration","false","[]","[]","[]","[]","{""map_identity_id"":""entity-guyana"",""aliases"":[],""historical_names"":[{""value"":""British Guiana — Court of Policy framework"",""kind"":""primary"",""validFrom"":""1914-01-01"",""validUntil"":""1928-01-01""},{""value"":""British Guiana — Court of Policy framework"",""kind"":""primary"",""validFrom"":""1832-01-01"",""validUntil"":""1914-01-01""}],""identifiers"":{}}","[""Snapshot context is not observation date or boundary date."",""Map geometry does not establish sovereignty or succession."",""Existing applicability intervals: []""]","35c5a20cdfaf4e7e7a788fd82d4c2b997e0fe878efe2392487968b8d61b9029f",""
"entity-guyana@1920/historical-flag","entity-guyana@1920","british-guiana-court-policy-framework","British Guiana — Court of Policy framework","1920","historical-flag","MISSING","C","partially-supported","dependent-administration","false","[]","[]","[]","[]","{""map_identity_id"":""entity-guyana"",""aliases"":[],""historical_names"":[{""value"":""British Guiana — Court of Policy framework"",""kind"":""primary"",""validFrom"":""1914-01-01"",""validUntil"":""1928-01-01""},{""value"":""British Guiana — Court of Policy framework"",""kind"":""primary"",""validFrom"":""1832-01-01"",""validUntil"":""1914-01-01""}],""identifiers"":{}}","[""Snapshot context is not observation date or boundary date."",""Map geometry does not establish sovereignty or succession."",""Existing applicability intervals: []""]","35c5a20cdfaf4e7e7a788fd82d4c2b997e0fe878efe2392487968b8d61b9029f",""
"entity-guyana@1930/historical-flag","entity-guyana@1930","british-guiana-crown-colony-framework","British Guiana — Crown Colony legislature","1930","historical-flag","MISSING","C","partially-supported","dependent-administration","false","[]","[]","[]","[]","{""map_identity_id"":""entity-guyana"",""aliases"":[],""historical_names"":[{""value"":""British Guiana — Crown Colony legislature"",""kind"":""primary"",""validFrom"":""1929-01-01"",""validUntil"":""1953-01-01""}],""identifiers"":{}}","[""Snapshot context is not observation date or boundary date."",""Map geometry does not establish sovereignty or succession."",""Existing applicability intervals: []""]","35c5a20cdfaf4e7e7a788fd82d4c2b997e0fe878efe2392487968b8d61b9029f",""
"entity-guyana@1938/historical-flag","entity-guyana@1938","british-guiana-crown-colony-framework","British Guiana — Crown Colony legislature","1938","historical-flag","MISSING","C","partially-supported","dependent-administration","false","[]","[]","[]","[]","{""map_identity_id"":""entity-guyana"",""aliases"":[],""historical_names"":[{""value"":""British Guiana — Crown Colony legislature"",""kind"":""primary"",""validFrom"":""1929-01-01"",""validUntil"":""1953-01-01""}],""identifiers"":{}}","[""Snapshot context is not observation date or boundary date."",""Map geometry does not establish sovereignty or succession."",""Existing applicability intervals: []""]","35c5a20cdfaf4e7e7a788fd82d4c2b997e0fe878efe2392487968b8d61b9029f",""
"entity-guyana@1945/historical-flag","entity-guyana@1945","british-guiana-crown-colony-framework","British Guiana — Crown Colony legislature","1945","historical-flag","MISSING","C","partially-supported","dependent-administration","false","[]","[]","[]","[]","{""map_identity_id"":""entity-guyana"",""aliases"":[],""historical_names"":[{""value"":""British Guiana — Crown Colony legislature"",""kind"":""primary"",""validFrom"":""1929-01-01"",""validUntil"":""1953-01-01""}],""identifiers"":{}}","[""Snapshot context is not observation date or boundary date."",""Map geometry does not establish sovereignty or succession."",""Existing applicability intervals: []""]","35c5a20cdfaf4e7e7a788fd82d4c2b997e0fe878efe2392487968b8d61b9029f",""
"entity-guyana@1960/historical-flag","entity-guyana@1960","british-guiana-1957-council-framework","British Guiana — partly elected colonial legislature","1960","historical-flag","MISSING","C","partially-supported","dependent-administration","false","[]","[]","[]","[]","{""map_identity_id"":""entity-guyana"",""aliases"":[],""historical_names"":[{""value"":""British Guiana — partly elected colonial legislature"",""kind"":""primary"",""validFrom"":""1958-01-01"",""validUntil"":""1961-01-01""}],""identifiers"":{}}","[""Snapshot context is not observation date or boundary date."",""Map geometry does not establish sovereignty or succession."",""Existing applicability intervals: []""]","35c5a20cdfaf4e7e7a788fd82d4c2b997e0fe878efe2392487968b8d61b9029f",""
"entity-eritrea@1914/historical-flag","entity-eritrea@1914","eritrea-italian-pre-fascist-core","Eritrea — early Italian administration","1914","historical-flag","MISSING","C","partially-supported","dependent-administration","false","[]","[]","[]","[]","{""map_identity_id"":""entity-eritrea"",""aliases"":[],""historical_names"":[{""value"":""Eritrea — early Italian administration"",""kind"":""primary"",""validFrom"":""1914-01-01"",""validUntil"":""1922-01-01""}],""identifiers"":{}}","[""Snapshot context is not observation date or boundary date."",""Map geometry does not establish sovereignty or succession."",""Existing applicability intervals: []""]","35c5a20cdfaf4e7e7a788fd82d4c2b997e0fe878efe2392487968b8d61b9029f",""
"entity-eritrea@1920/historical-flag","entity-eritrea@1920","eritrea-italian-pre-fascist-core","Eritrea — early Italian administration","1920","historical-flag","MISSING","C","partially-supported","dependent-administration","false","[]","[]","[]","[]","{""map_identity_id"":""entity-eritrea"",""aliases"":[],""historical_names"":[{""value"":""Eritrea — early Italian administration"",""kind"":""primary"",""validFrom"":""1914-01-01"",""validUntil"":""1922-01-01""}],""identifiers"":{}}","[""Snapshot context is not observation date or boundary date."",""Map geometry does not establish sovereignty or succession."",""Existing applicability intervals: []""]","35c5a20cdfaf4e7e7a788fd82d4c2b997e0fe878efe2392487968b8d61b9029f",""
"entity-eritrea@1930/historical-flag","entity-eritrea@1930","","Eritrea","1930","historical-flag","MISSING","C","completely-empty","dependent-administration","true","[]","[]","[]","[]","{""map_identity_id"":""entity-eritrea"",""aliases"":[],""historical_names"":[],""identifiers"":{}}","[""Snapshot context is not observation date or boundary date."",""Map geometry does not establish sovereignty or succession."",""Resolve historical identity before proposing entity-specific facts."",""Existing applicability intervals: []""]","35c5a20cdfaf4e7e7a788fd82d4c2b997e0fe878efe2392487968b8d61b9029f",""
"entity-eritrea@1945/historical-flag","entity-eritrea@1945","eritrea-british-military-core","Eritrea — British military administration","1945","historical-flag","MISSING","C","partially-supported","dependent-administration","false","[]","[]","[]","[]","{""map_identity_id"":""entity-eritrea"",""aliases"":[],""historical_names"":[{""value"":""Eritrea — British military administration"",""kind"":""primary"",""validFrom"":""1942-01-01"",""validUntil"":""1952-09-11""}],""identifiers"":{}}","[""Snapshot context is not observation date or boundary date."",""Map geometry does not establish sovereignty or succession."",""Existing applicability intervals: []""]","35c5a20cdfaf4e7e7a788fd82d4c2b997e0fe878efe2392487968b8d61b9029f",""
"entity-eritrea@1960/historical-flag","entity-eritrea@1960","eritrea-federal-formal-core","Eritrea — formal federation with Ethiopia","1960","historical-flag","MISSING","C","partially-supported","dependent-administration","false","[]","[]","[]","[]","{""map_identity_id"":""entity-eritrea"",""aliases"":[],""historical_names"":[{""value"":""Eritrea — formal federation with Ethiopia"",""kind"":""primary"",""validFrom"":""1952-09-11"",""validUntil"":""1961-01-01""}],""identifiers"":{}}","[""Snapshot context is not observation date or boundary date."",""Map geometry does not establish sovereignty or succession."",""Existing applicability intervals: []""]","35c5a20cdfaf4e7e7a788fd82d4c2b997e0fe878efe2392487968b8d61b9029f",""
"entity-portuguese-guinea@1800/historical-flag","entity-portuguese-guinea@1800","portuguese-guinea-cape-verde-core","Portuguese Guinea — Cape Verde administrative dependency","1800","historical-flag","MISSING","C","partially-supported","dependent-administration","false","[]","[]","[]","[]","{""map_identity_id"":""entity-portuguese-guinea"",""aliases"":[],""historical_names"":[{""value"":""Portuguese Guinea — Cape Verde administrative dependency"",""kind"":""primary"",""validFrom"":""1800-01-01"",""validUntil"":""1879-01-01""}],""identifiers"":{}}","[""Snapshot context is not observation date or boundary date."",""Map geometry does not establish sovereignty or succession."",""Existing applicability intervals: []""]","35c5a20cdfaf4e7e7a788fd82d4c2b997e0fe878efe2392487968b8d61b9029f",""
"entity-portuguese-guinea@1815/historical-flag","entity-portuguese-guinea@1815","portuguese-guinea-cape-verde-core","Portuguese Guinea — Cape Verde administrative dependency","1815","historical-flag","MISSING","C","partially-supported","dependent-administration","false","[]","[]","[]","[]","{""map_identity_id"":""entity-portuguese-guinea"",""aliases"":[],""historical_names"":[{""value"":""Portuguese Guinea — Cape Verde administrative dependency"",""kind"":""primary"",""validFrom"":""1800-01-01"",""validUntil"":""1879-01-01""}],""identifiers"":{}}","[""Snapshot context is not observation date or boundary date."",""Map geometry does not establish sovereignty or succession."",""Existing applicability intervals: []""]","35c5a20cdfaf4e7e7a788fd82d4c2b997e0fe878efe2392487968b8d61b9029f",""
"entity-portuguese-guinea@1878/historical-flag","entity-portuguese-guinea@1878","portuguese-guinea-cape-verde-core","Portuguese Guinea — Cape Verde administrative dependency","1878","historical-flag","MISSING","C","partially-supported","dependent-administration","false","[]","[]","[]","[]","{""map_identity_id"":""entity-portuguese-guinea"",""aliases"":[],""historical_names"":[{""value"":""Portuguese Guinea — Cape Verde administrative dependency"",""kind"":""primary"",""validFrom"":""1800-01-01"",""validUntil"":""1879-01-01""}],""identifiers"":{}}","[""Snapshot context is not observation date or boundary date."",""Map geometry does not establish sovereignty or succession."",""Existing applicability intervals: []""]","35c5a20cdfaf4e7e7a788fd82d4c2b997e0fe878efe2392487968b8d61b9029f",""
"entity-portuguese-guinea@1880/historical-flag","entity-portuguese-guinea@1880","portuguese-guinea-separate-colonial-core","Portuguese Guinea — separate colonial administration","1880","historical-flag","MISSING","C","partially-supported","dependent-administration","false","[]","[]","[]","[]","{""map_identity_id"":""entity-portuguese-guinea"",""aliases"":[],""historical_names"":[{""value"":""Portuguese Guinea — separate colonial administration"",""kind"":""primary"",""validFrom"":""1880-01-01"",""validUntil"":""1951-01-01""}],""identifiers"":{}}","[""Snapshot context is not observation date or boundary date."",""Map geometry does not establish sovereignty or succession."",""Existing applicability intervals: []""]","35c5a20cdfaf4e7e7a788fd82d4c2b997e0fe878efe2392487968b8d61b9029f",""
"entity-portuguese-guinea@1900/historical-flag","entity-portuguese-guinea@1900","portuguese-guinea-separate-colonial-core","Portuguese Guinea — separate colonial administration","1900","historical-flag","MISSING","C","partially-supported","dependent-administration","false","[]","[]","[]","[]","{""map_identity_id"":""entity-portuguese-guinea"",""aliases"":[],""historical_names"":[{""value"":""Portuguese Guinea — separate colonial administration"",""kind"":""primary"",""validFrom"":""1880-01-01"",""validUntil"":""1951-01-01""}],""identifiers"":{}}","[""Snapshot context is not observation date or boundary date."",""Map geometry does not establish sovereignty or succession."",""Existing applicability intervals: []""]","35c5a20cdfaf4e7e7a788fd82d4c2b997e0fe878efe2392487968b8d61b9029f",""
"entity-portuguese-guinea@1914/historical-flag","entity-portuguese-guinea@1914","portuguese-guinea-separate-colonial-core","Portuguese Guinea — separate colonial administration","1914","historical-flag","MISSING","C","partially-supported","dependent-administration","false","[]","[]","[]","[]","{""map_identity_id"":""entity-portuguese-guinea"",""aliases"":[],""historical_names"":[{""value"":""Portuguese Guinea — separate colonial administration"",""kind"":""primary"",""validFrom"":""1880-01-01"",""validUntil"":""1951-01-01""}],""identifiers"":{}}","[""Snapshot context is not observation date or boundary date."",""Map geometry does not establish sovereignty or succession."",""Existing applicability intervals: []""]","35c5a20cdfaf4e7e7a788fd82d4c2b997e0fe878efe2392487968b8d61b9029f",""
"entity-albania@1914/historical-flag","entity-albania@1914","","Albania","1914","historical-flag","MISSING","C","completely-empty","political-polity","true","[]","[]","[]","[]","{""map_identity_id"":""entity-albania"",""aliases"":[],""historical_names"":[],""identifiers"":{}}","[""Snapshot context is not observation date or boundary date."",""Map geometry does not establish sovereignty or succession."",""Resolve historical identity before proposing entity-specific facts."",""Existing applicability intervals: []""]","35c5a20cdfaf4e7e7a788fd82d4c2b997e0fe878efe2392487968b8d61b9029f",""
"entity-albania@1945/historical-flag","entity-albania@1945","","Albania","1945","historical-flag","MISSING","C","completely-empty","political-polity","true","[]","[]","[]","[]","{""map_identity_id"":""entity-albania"",""aliases"":[],""historical_names"":[],""identifiers"":{}}","[""Snapshot context is not observation date or boundary date."",""Map geometry does not establish sovereignty or succession."",""Resolve historical identity before proposing entity-specific facts."",""Existing applicability intervals: []""]","35c5a20cdfaf4e7e7a788fd82d4c2b997e0fe878efe2392487968b8d61b9029f",""
"entity-turks-and-caicos-islands@1800/historical-flag","entity-turks-and-caicos-islands@1800","","Turks and Caicos Islands","1800","historical-flag","MISSING","C","completely-empty","dependent-administration","true","[]","[]","[]","[]","{""map_identity_id"":""entity-turks-and-caicos-islands"",""aliases"":[],""historical_names"":[],""identifiers"":{}}","[""Snapshot context is not observation date or boundary date."",""Map geometry does not establish sovereignty or succession."",""Resolve historical identity before proposing entity-specific facts."",""Existing applicability intervals: []""]","35c5a20cdfaf4e7e7a788fd82d4c2b997e0fe878efe2392487968b8d61b9029f",""
"entity-turks-and-caicos-islands@1938/historical-flag","entity-turks-and-caicos-islands@1938","b11-turks-caicos-jamaica","Turks and Caicos — Jamaica dependency","1938","historical-flag","MISSING","C","partially-supported","dependent-administration","false","[]","[]","[]","[]","{""map_identity_id"":""entity-turks-and-caicos-islands"",""aliases"":[],""historical_names"":[{""value"":""Turks and Caicos — Jamaica dependency"",""kind"":""primary"",""validFrom"":""1938-01-01"",""validUntil"":""1959-01-01""}],""identifiers"":{}}","[""Snapshot context is not observation date or boundary date."",""Map geometry does not establish sovereignty or succession."",""Existing applicability intervals: []""]","35c5a20cdfaf4e7e7a788fd82d4c2b997e0fe878efe2392487968b8d61b9029f",""
"entity-turks-and-caicos-islands@1945/historical-flag","entity-turks-and-caicos-islands@1945","b11-turks-caicos-jamaica","Turks and Caicos — Jamaica dependency","1945","historical-flag","MISSING","C","partially-supported","dependent-administration","false","[]","[]","[]","[]","{""map_identity_id"":""entity-turks-and-caicos-islands"",""aliases"":[],""historical_names"":[{""value"":""Turks and Caicos — Jamaica dependency"",""kind"":""primary"",""validFrom"":""1938-01-01"",""validUntil"":""1959-01-01""}],""identifiers"":{}}","[""Snapshot context is not observation date or boundary date."",""Map geometry does not establish sovereignty or succession."",""Existing applicability intervals: []""]","35c5a20cdfaf4e7e7a788fd82d4c2b997e0fe878efe2392487968b8d61b9029f",""
"entity-turks-and-caicos-islands@1960/historical-flag","entity-turks-and-caicos-islands@1960","","Turks and Caicos Islands","1960","historical-flag","MISSING","C","completely-empty","dependent-administration","true","[]","[]","[]","[]","{""map_identity_id"":""entity-turks-and-caicos-islands"",""aliases"":[],""historical_names"":[],""identifiers"":{}}","[""Snapshot context is not observation date or boundary date."",""Map geometry does not establish sovereignty or succession."",""Resolve historical identity before proposing entity-specific facts."",""Existing applicability intervals: []""]","35c5a20cdfaf4e7e7a788fd82d4c2b997e0fe878efe2392487968b8d61b9029f",""
"entity-kenya@1920/historical-flag","entity-kenya@1920","","Kenya","1920","historical-flag","MISSING","C","completely-empty","dependent-administration","true","[]","[]","[]","[]","{""map_identity_id"":""entity-kenya"",""aliases"":[],""historical_names"":[],""identifiers"":{}}","[""Snapshot context is not observation date or boundary date."",""Map geometry does not establish sovereignty or succession."",""Resolve historical identity before proposing entity-specific facts."",""Existing applicability intervals: []""]","35c5a20cdfaf4e7e7a788fd82d4c2b997e0fe878efe2392487968b8d61b9029f",""
"entity-kenya@1930/historical-flag","entity-kenya@1930","kenya-colony-protectorate-prewar-core","Kenya — colony and coastal protectorate","1930","historical-flag","MISSING","C","partially-supported","dependent-administration","false","[]","[]","[]","[]","{""map_identity_id"":""entity-kenya"",""aliases"":[],""historical_names"":[{""value"":""Kenya — colony and coastal protectorate"",""kind"":""primary"",""validFrom"":""1921-01-01"",""validUntil"":""1939-01-01""}],""identifiers"":{}}","[""Snapshot context is not observation date or boundary date."",""Map geometry does not establish sovereignty or succession."",""Existing applicability intervals: []""]","35c5a20cdfaf4e7e7a788fd82d4c2b997e0fe878efe2392487968b8d61b9029f",""
"entity-kenya@1938/historical-flag","entity-kenya@1938","kenya-colony-protectorate-prewar-core","Kenya — colony and coastal protectorate","1938","historical-flag","MISSING","C","partially-supported","dependent-administration","false","[]","[]","[]","[]","{""map_identity_id"":""entity-kenya"",""aliases"":[],""historical_names"":[{""value"":""Kenya — colony and coastal protectorate"",""kind"":""primary"",""validFrom"":""1921-01-01"",""validUntil"":""1939-01-01""}],""identifiers"":{}}","[""Snapshot context is not observation date or boundary date."",""Map geometry does not establish sovereignty or succession."",""Existing applicability intervals: []""]","35c5a20cdfaf4e7e7a788fd82d4c2b997e0fe878efe2392487968b8d61b9029f",""
"entity-kenya@1945/historical-flag","entity-kenya@1945","kenya-1945-colonial-core","Kenya — colonial administration in 1945","1945","historical-flag","MISSING","C","partially-supported","dependent-administration","false","[]","[]","[]","[]","{""map_identity_id"":""entity-kenya"",""aliases"":[],""historical_names"":[{""value"":""Kenya — colonial administration in 1945"",""kind"":""primary"",""validFrom"":""1945-01-01"",""validUntil"":""1946-01-01""}],""identifiers"":{}}","[""Snapshot context is not observation date or boundary date."",""Map geometry does not establish sovereignty or succession."",""Existing applicability intervals: []""]","35c5a20cdfaf4e7e7a788fd82d4c2b997e0fe878efe2392487968b8d61b9029f",""
"entity-kenya@1960/historical-flag","entity-kenya@1960","kenya-1960-colonial-core","Kenya — colonial administration in 1960","1960","historical-flag","MISSING","C","partially-supported","dependent-administration","false","[]","[]","[]","[]","{""map_identity_id"":""entity-kenya"",""aliases"":[],""historical_names"":[{""value"":""Kenya — colonial administration in 1960"",""kind"":""primary"",""validFrom"":""1960-01-01"",""validUntil"":""1961-01-01""}],""identifiers"":{}}","[""Snapshot context is not observation date or boundary date."",""Map geometry does not establish sovereignty or succession."",""Existing applicability intervals: []""]","35c5a20cdfaf4e7e7a788fd82d4c2b997e0fe878efe2392487968b8d61b9029f",""
"entity-barbados@1815/historical-flag","entity-barbados@1815","b10-barbados-colonial-parliament","Barbados — colonial parliamentary framework","1815","historical-flag","MISSING","C","partially-supported","dependent-administration","false","[]","[]","[]","[]","{""map_identity_id"":""entity-barbados"",""aliases"":[],""historical_names"":[{""value"":""Barbados — colonial parliamentary framework"",""kind"":""primary"",""validFrom"":""1815-01-01"",""validUntil"":""1950-01-01""}],""identifiers"":{}}","[""Snapshot context is not observation date or boundary date."",""Map geometry does not establish sovereignty or succession."",""Existing applicability intervals: []""]","35c5a20cdfaf4e7e7a788fd82d4c2b997e0fe878efe2392487968b8d61b9029f",""
"entity-barbados@1914/historical-flag","entity-barbados@1914","b10-barbados-colonial-parliament","Barbados — colonial parliamentary framework","1914","historical-flag","MISSING","C","partially-supported","dependent-administration","false","[]","[]","[]","[]","{""map_identity_id"":""entity-barbados"",""aliases"":[],""historical_names"":[{""value"":""Barbados — colonial parliamentary framework"",""kind"":""primary"",""validFrom"":""1815-01-01"",""validUntil"":""1950-01-01""}],""identifiers"":{}}","[""Snapshot context is not observation date or boundary date."",""Map geometry does not establish sovereignty or succession."",""Existing applicability intervals: []""]","35c5a20cdfaf4e7e7a788fd82d4c2b997e0fe878efe2392487968b8d61b9029f",""
"entity-barbados@1920/historical-flag","entity-barbados@1920","b10-barbados-colonial-parliament","Barbados — colonial parliamentary framework","1920","historical-flag","MISSING","C","partially-supported","dependent-administration","false","[]","[]","[]","[]","{""map_identity_id"":""entity-barbados"",""aliases"":[],""historical_names"":[{""value"":""Barbados — colonial parliamentary framework"",""kind"":""primary"",""validFrom"":""1815-01-01"",""validUntil"":""1950-01-01""}],""identifiers"":{}}","[""Snapshot context is not observation date or boundary date."",""Map geometry does not establish sovereignty or succession."",""Existing applicability intervals: []""]","35c5a20cdfaf4e7e7a788fd82d4c2b997e0fe878efe2392487968b8d61b9029f",""
"entity-barbados@1930/historical-flag","entity-barbados@1930","b10-barbados-colonial-parliament","Barbados — colonial parliamentary framework","1930","historical-flag","MISSING","C","partially-supported","dependent-administration","false","[]","[]","[]","[]","{""map_identity_id"":""entity-barbados"",""aliases"":[],""historical_names"":[{""value"":""Barbados — colonial parliamentary framework"",""kind"":""primary"",""validFrom"":""1815-01-01"",""validUntil"":""1950-01-01""}],""identifiers"":{}}","[""Snapshot context is not observation date or boundary date."",""Map geometry does not establish sovereignty or succession."",""Existing applicability intervals: []""]","35c5a20cdfaf4e7e7a788fd82d4c2b997e0fe878efe2392487968b8d61b9029f",""
"entity-barbados@1938/historical-flag","entity-barbados@1938","b10-barbados-colonial-parliament","Barbados — colonial parliamentary framework","1938","historical-flag","MISSING","C","partially-supported","dependent-administration","false","[]","[]","[]","[]","{""map_identity_id"":""entity-barbados"",""aliases"":[],""historical_names"":[{""value"":""Barbados — colonial parliamentary framework"",""kind"":""primary"",""validFrom"":""1815-01-01"",""validUntil"":""1950-01-01""}],""identifiers"":{}}","[""Snapshot context is not observation date or boundary date."",""Map geometry does not establish sovereignty or succession."",""Existing applicability intervals: []""]","35c5a20cdfaf4e7e7a788fd82d4c2b997e0fe878efe2392487968b8d61b9029f",""
"entity-barbados@1945/historical-flag","entity-barbados@1945","b10-barbados-colonial-parliament","Barbados — colonial parliamentary framework","1945","historical-flag","MISSING","C","partially-supported","dependent-administration","false","[]","[]","[]","[]","{""map_identity_id"":""entity-barbados"",""aliases"":[],""historical_names"":[{""value"":""Barbados — colonial parliamentary framework"",""kind"":""primary"",""validFrom"":""1815-01-01"",""validUntil"":""1950-01-01""}],""identifiers"":{}}","[""Snapshot context is not observation date or boundary date."",""Map geometry does not establish sovereignty or succession."",""Existing applicability intervals: []""]","35c5a20cdfaf4e7e7a788fd82d4c2b997e0fe878efe2392487968b8d61b9029f",""
"entity-tukular-caliphate@1878/historical-flag","entity-tukular-caliphate@1878","","Tukular Caliphate","1878","historical-flag","MISSING","C","held-ambiguous","political-polity","true","[]","[]","[]","[]","{""map_identity_id"":""entity-tukular-caliphate"",""aliases"":[],""historical_names"":[],""identifiers"":{}}","[""Snapshot context is not observation date or boundary date."",""Map geometry does not establish sovereignty or succession."",""Resolve historical identity before proposing entity-specific facts."",""Existing applicability intervals: []""]","35c5a20cdfaf4e7e7a788fd82d4c2b997e0fe878efe2392487968b8d61b9029f",""
"entity-tukular-caliphate@1880/historical-flag","entity-tukular-caliphate@1880","","Tukular Caliphate","1880","historical-flag","MISSING","C","held-ambiguous","political-polity","true","[]","[]","[]","[]","{""map_identity_id"":""entity-tukular-caliphate"",""aliases"":[],""historical_names"":[],""identifiers"":{}}","[""Snapshot context is not observation date or boundary date."",""Map geometry does not establish sovereignty or succession."",""Resolve historical identity before proposing entity-specific facts."",""Existing applicability intervals: []""]","35c5a20cdfaf4e7e7a788fd82d4c2b997e0fe878efe2392487968b8d61b9029f",""
"entity-tukular-caliphate@1900/historical-flag","entity-tukular-caliphate@1900","","Tukular Caliphate","1900","historical-flag","MISSING","C","held-ambiguous","political-polity","true","[]","[]","[]","[]","{""map_identity_id"":""entity-tukular-caliphate"",""aliases"":[],""historical_names"":[],""identifiers"":{}}","[""Snapshot context is not observation date or boundary date."",""Map geometry does not establish sovereignty or succession."",""Resolve historical identity before proposing entity-specific facts."",""Existing applicability intervals: []""]","35c5a20cdfaf4e7e7a788fd82d4c2b997e0fe878efe2392487968b8d61b9029f",""
"entity-sultanate-of-utetera@1878/historical-flag","entity-sultanate-of-utetera@1878","","Sultanate of Utetera","1878","historical-flag","MISSING","C","held-ambiguous","political-polity","true","[]","[]","[]","[]","{""map_identity_id"":""entity-sultanate-of-utetera"",""aliases"":[],""historical_names"":[],""identifiers"":{}}","[""Snapshot context is not observation date or boundary date."",""Map geometry does not establish sovereignty or succession."",""Resolve historical identity before proposing entity-specific facts."",""Existing applicability intervals: []""]","35c5a20cdfaf4e7e7a788fd82d4c2b997e0fe878efe2392487968b8d61b9029f",""
"entity-sultanate-of-utetera@1880/historical-flag","entity-sultanate-of-utetera@1880","","Sultanate of Utetera","1880","historical-flag","MISSING","C","held-ambiguous","political-polity","true","[]","[]","[]","[]","{""map_identity_id"":""entity-sultanate-of-utetera"",""aliases"":[],""historical_names"":[],""identifiers"":{}}","[""Snapshot context is not observation date or boundary date."",""Map geometry does not establish sovereignty or succession."",""Resolve historical identity before proposing entity-specific facts."",""Existing applicability intervals: []""]","35c5a20cdfaf4e7e7a788fd82d4c2b997e0fe878efe2392487968b8d61b9029f",""
"entity-sultanate-of-utetera@1900/historical-flag","entity-sultanate-of-utetera@1900","","Sultanate of Utetera","1900","historical-flag","MISSING","C","held-ambiguous","political-polity","true","[]","[]","[]","[]","{""map_identity_id"":""entity-sultanate-of-utetera"",""aliases"":[],""historical_names"":[],""identifiers"":{}}","[""Snapshot context is not observation date or boundary date."",""Map geometry does not establish sovereignty or succession."",""Resolve historical identity before proposing entity-specific facts."",""Existing applicability intervals: []""]","35c5a20cdfaf4e7e7a788fd82d4c2b997e0fe878efe2392487968b8d61b9029f",""
"entity-british-somaliland@1914/historical-flag","entity-british-somaliland@1914","british-somaliland-prewar-core","British Somaliland — prewar protectorate","1914","historical-flag","MISSING","C","partially-supported","dependent-administration","false","[]","[]","[]","[]","{""map_identity_id"":""entity-british-somaliland"",""aliases"":[],""historical_names"":[{""value"":""British Somaliland — prewar protectorate"",""kind"":""primary"",""validFrom"":""1914-01-01"",""validUntil"":""1939-01-01""}],""identifiers"":{}}","[""Snapshot context is not observation date or boundary date."",""Map geometry does not establish sovereignty or succession."",""Existing applicability intervals: []""]","35c5a20cdfaf4e7e7a788fd82d4c2b997e0fe878efe2392487968b8d61b9029f",""
"entity-british-somaliland@1920/historical-flag","entity-british-somaliland@1920","british-somaliland-prewar-core","British Somaliland — prewar protectorate","1920","historical-flag","MISSING","C","partially-supported","dependent-administration","false","[]","[]","[]","[]","{""map_identity_id"":""entity-british-somaliland"",""aliases"":[],""historical_names"":[{""value"":""British Somaliland — prewar protectorate"",""kind"":""primary"",""validFrom"":""1914-01-01"",""validUntil"":""1939-01-01""}],""identifiers"":{}}","[""Snapshot context is not observation date or boundary date."",""Map geometry does not establish sovereignty or succession."",""Existing applicability intervals: []""]","35c5a20cdfaf4e7e7a788fd82d4c2b997e0fe878efe2392487968b8d61b9029f",""
"entity-british-somaliland@1930/historical-flag","entity-british-somaliland@1930","british-somaliland-prewar-core","British Somaliland — prewar protectorate","1930","historical-flag","MISSING","C","partially-supported","dependent-administration","false","[]","[]","[]","[]","{""map_identity_id"":""entity-british-somaliland"",""aliases"":[],""historical_names"":[{""value"":""British Somaliland — prewar protectorate"",""kind"":""primary"",""validFrom"":""1914-01-01"",""validUntil"":""1939-01-01""}],""identifiers"":{}}","[""Snapshot context is not observation date or boundary date."",""Map geometry does not establish sovereignty or succession."",""Existing applicability intervals: []""]","35c5a20cdfaf4e7e7a788fd82d4c2b997e0fe878efe2392487968b8d61b9029f",""
"entity-british-somaliland@1938/historical-flag","entity-british-somaliland@1938","british-somaliland-prewar-core","British Somaliland — prewar protectorate","1938","historical-flag","MISSING","C","partially-supported","dependent-administration","false","[]","[]","[]","[]","{""map_identity_id"":""entity-british-somaliland"",""aliases"":[],""historical_names"":[{""value"":""British Somaliland — prewar protectorate"",""kind"":""primary"",""validFrom"":""1914-01-01"",""validUntil"":""1939-01-01""}],""identifiers"":{}}","[""Snapshot context is not observation date or boundary date."",""Map geometry does not establish sovereignty or succession."",""Existing applicability intervals: []""]","35c5a20cdfaf4e7e7a788fd82d4c2b997e0fe878efe2392487968b8d61b9029f",""
"entity-british-somaliland@1945/historical-flag","entity-british-somaliland@1945","british-somaliland-1945-military-core","British Somaliland — military administration in 1945","1945","historical-flag","MISSING","C","partially-supported","dependent-administration","false","[]","[]","[]","[]","{""map_identity_id"":""entity-british-somaliland"",""aliases"":[],""historical_names"":[{""value"":""British Somaliland — military administration in 1945"",""kind"":""primary"",""validFrom"":""1945-01-01"",""validUntil"":""1946-01-01""}],""identifiers"":{}}","[""Snapshot context is not observation date or boundary date."",""Map geometry does not establish sovereignty or succession."",""Existing applicability intervals: []""]","35c5a20cdfaf4e7e7a788fd82d4c2b997e0fe878efe2392487968b8d61b9029f",""
"entity-togo@1920/historical-flag","entity-togo@1920","togo-1920-occupation-core","Togo — French occupation administration in 1920","1920","historical-flag","MISSING","C","partially-supported","dependent-administration","false","[]","[]","[]","[]","{""map_identity_id"":""entity-togo"",""aliases"":[],""historical_names"":[{""value"":""Togo — French occupation administration in 1920"",""kind"":""primary"",""validFrom"":""1920-10-01"",""validUntil"":""1921-01-01""}],""identifiers"":{}}","[""Snapshot context is not observation date or boundary date."",""Map geometry does not establish sovereignty or succession."",""Existing applicability intervals: []""]","35c5a20cdfaf4e7e7a788fd82d4c2b997e0fe878efe2392487968b8d61b9029f",""
"entity-togo@1930/historical-flag","entity-togo@1930","togo-1922-mandate-core","Togoland — French League mandate","1930","historical-flag","MISSING","C","partially-supported","dependent-administration","false","[]","[]","[]","[]","{""map_identity_id"":""entity-togo"",""aliases"":[],""historical_names"":[{""value"":""Togoland — French League mandate"",""kind"":""primary"",""validFrom"":""1923-01-01"",""validUntil"":""1946-01-01""}],""identifiers"":{}}","[""Snapshot context is not observation date or boundary date."",""Map geometry does not establish sovereignty or succession."",""Existing applicability intervals: []""]","35c5a20cdfaf4e7e7a788fd82d4c2b997e0fe878efe2392487968b8d61b9029f",""
"entity-togo@1938/historical-flag","entity-togo@1938","togo-1922-mandate-core","Togoland — French League mandate","1938","historical-flag","MISSING","C","partially-supported","dependent-administration","false","[]","[]","[]","[]","{""map_identity_id"":""entity-togo"",""aliases"":[],""historical_names"":[{""value"":""Togoland — French League mandate"",""kind"":""primary"",""validFrom"":""1923-01-01"",""validUntil"":""1946-01-01""}],""identifiers"":{}}","[""Snapshot context is not observation date or boundary date."",""Map geometry does not establish sovereignty or succession."",""Existing applicability intervals: []""]","35c5a20cdfaf4e7e7a788fd82d4c2b997e0fe878efe2392487968b8d61b9029f",""
"entity-togo@1945/historical-flag","entity-togo@1945","togo-1922-mandate-core","Togoland — French League mandate","1945","historical-flag","MISSING","C","partially-supported","dependent-administration","false","[]","[]","[]","[]","{""map_identity_id"":""entity-togo"",""aliases"":[],""historical_names"":[{""value"":""Togoland — French League mandate"",""kind"":""primary"",""validFrom"":""1923-01-01"",""validUntil"":""1946-01-01""}],""identifiers"":{}}","[""Snapshot context is not observation date or boundary date."",""Map geometry does not establish sovereignty or succession."",""Existing applicability intervals: []""]","35c5a20cdfaf4e7e7a788fd82d4c2b997e0fe878efe2392487968b8d61b9029f",""
"entity-futa-toro@1878/historical-flag","entity-futa-toro@1878","","Futa Toro","1878","historical-flag","MISSING","C","held-ambiguous","political-polity","true","[]","[]","[]","[]","{""map_identity_id"":""entity-futa-toro"",""aliases"":[],""historical_names"":[],""identifiers"":{}}","[""Snapshot context is not observation date or boundary date."",""Map geometry does not establish sovereignty or succession."",""Resolve historical identity before proposing entity-specific facts."",""Existing applicability intervals: []""]","35c5a20cdfaf4e7e7a788fd82d4c2b997e0fe878efe2392487968b8d61b9029f",""
"entity-futa-toro@1880/historical-flag","entity-futa-toro@1880","","Futa Toro","1880","historical-flag","MISSING","C","held-ambiguous","political-polity","true","[]","[]","[]","[]","{""map_identity_id"":""entity-futa-toro"",""aliases"":[],""historical_names"":[],""identifiers"":{}}","[""Snapshot context is not observation date or boundary date."",""Map geometry does not establish sovereignty or succession."",""Resolve historical identity before proposing entity-specific facts."",""Existing applicability intervals: []""]","35c5a20cdfaf4e7e7a788fd82d4c2b997e0fe878efe2392487968b8d61b9029f",""
"entity-futa-toro@1900/historical-flag","entity-futa-toro@1900","","Futa Toro","1900","historical-flag","MISSING","C","held-ambiguous","political-polity","true","[]","[]","[]","[]","{""map_identity_id"":""entity-futa-toro"",""aliases"":[],""historical_names"":[],""identifiers"":{}}","[""Snapshot context is not observation date or boundary date."",""Map geometry does not establish sovereignty or succession."",""Resolve historical identity before proposing entity-specific facts."",""Existing applicability intervals: []""]","35c5a20cdfaf4e7e7a788fd82d4c2b997e0fe878efe2392487968b8d61b9029f",""
"entity-puerto-rico@1914/historical-flag","entity-puerto-rico@1914","b11-puerto-rico-foraker","Puerto Rico — Foraker civil government","1914","historical-flag","MISSING","C","partially-supported","dependent-administration","false","[]","[]","[]","[]","{""map_identity_id"":""entity-puerto-rico"",""aliases"":[],""historical_names"":[{""value"":""Puerto Rico — Foraker civil government"",""kind"":""primary"",""validFrom"":""1901-01-01"",""validUntil"":""1917-03-02""}],""identifiers"":{}}","[""Snapshot context is not observation date or boundary date."",""Map geometry does not establish sovereignty or succession."",""Existing applicability intervals: []""]","35c5a20cdfaf4e7e7a788fd82d4c2b997e0fe878efe2392487968b8d61b9029f",""
"entity-puerto-rico@1920/historical-flag","entity-puerto-rico@1920","b11-puerto-rico-jones","Puerto Rico — Jones Act framework","1920","historical-flag","MISSING","C","partially-supported","dependent-administration","false","[]","[]","[]","[]","{""map_identity_id"":""entity-puerto-rico"",""aliases"":[],""historical_names"":[{""value"":""Puerto Rico — Jones Act framework"",""kind"":""primary"",""validFrom"":""1917-03-02"",""validUntil"":""1947-01-01""}],""identifiers"":{}}","[""Snapshot context is not observation date or boundary date."",""Map geometry does not establish sovereignty or succession."",""Existing applicability intervals: []""]","35c5a20cdfaf4e7e7a788fd82d4c2b997e0fe878efe2392487968b8d61b9029f",""
"entity-puerto-rico@1930/historical-flag","entity-puerto-rico@1930","b11-puerto-rico-jones","Puerto Rico — Jones Act framework","1930","historical-flag","MISSING","C","partially-supported","dependent-administration","false","[]","[]","[]","[]","{""map_identity_id"":""entity-puerto-rico"",""aliases"":[],""historical_names"":[{""value"":""Puerto Rico — Jones Act framework"",""kind"":""primary"",""validFrom"":""1917-03-02"",""validUntil"":""1947-01-01""}],""identifiers"":{}}","[""Snapshot context is not observation date or boundary date."",""Map geometry does not establish sovereignty or succession."",""Existing applicability intervals: []""]","35c5a20cdfaf4e7e7a788fd82d4c2b997e0fe878efe2392487968b8d61b9029f",""
"entity-puerto-rico@1938/historical-flag","entity-puerto-rico@1938","b11-puerto-rico-jones","Puerto Rico — Jones Act framework","1938","historical-flag","MISSING","C","partially-supported","dependent-administration","false","[]","[]","[]","[]","{""map_identity_id"":""entity-puerto-rico"",""aliases"":[],""historical_names"":[{""value"":""Puerto Rico — Jones Act framework"",""kind"":""primary"",""validFrom"":""1917-03-02"",""validUntil"":""1947-01-01""}],""identifiers"":{}}","[""Snapshot context is not observation date or boundary date."",""Map geometry does not establish sovereignty or succession."",""Existing applicability intervals: []""]","35c5a20cdfaf4e7e7a788fd82d4c2b997e0fe878efe2392487968b8d61b9029f",""
"entity-puerto-rico@1945/historical-flag","entity-puerto-rico@1945","b11-puerto-rico-jones","Puerto Rico — Jones Act framework","1945","historical-flag","MISSING","C","partially-supported","dependent-administration","false","[]","[]","[]","[]","{""map_identity_id"":""entity-puerto-rico"",""aliases"":[],""historical_names"":[{""value"":""Puerto Rico — Jones Act framework"",""kind"":""primary"",""validFrom"":""1917-03-02"",""validUntil"":""1947-01-01""}],""identifiers"":{}}","[""Snapshot context is not observation date or boundary date."",""Map geometry does not establish sovereignty or succession."",""Existing applicability intervals: []""]","35c5a20cdfaf4e7e7a788fd82d4c2b997e0fe878efe2392487968b8d61b9029f",""
"entity-puerto-rico@1960/historical-flag","entity-puerto-rico@1960","b11-puerto-rico-commonwealth","Puerto Rico — Commonwealth constitutional framework","1960","historical-flag","MISSING","C","partially-supported","dependent-administration","false","[]","[]","[]","[]","{""map_identity_id"":""entity-puerto-rico"",""aliases"":[],""historical_names"":[{""value"":""Puerto Rico — Commonwealth constitutional framework"",""kind"":""primary"",""validFrom"":""1952-07-25"",""validUntil"":""1961-01-01""}],""identifiers"":{}}","[""Snapshot context is not observation date or boundary date."",""Map geometry does not establish sovereignty or succession."",""Existing applicability intervals: []""]","35c5a20cdfaf4e7e7a788fd82d4c2b997e0fe878efe2392487968b8d61b9029f",""
"entity-martinique@1815/historical-flag","entity-martinique@1815","","Martinique","1815","historical-flag","MISSING","C","completely-empty","dependent-administration","true","[]","[]","[]","[]","{""map_identity_id"":""entity-martinique"",""aliases"":[],""historical_names"":[],""identifiers"":{}}","[""Snapshot context is not observation date or boundary date."",""Map geometry does not establish sovereignty or succession."",""Resolve historical identity before proposing entity-specific facts."",""Existing applicability intervals: []""]","35c5a20cdfaf4e7e7a788fd82d4c2b997e0fe878efe2392487968b8d61b9029f",""
"entity-martinique@1914/historical-flag","entity-martinique@1914","b11-martinique-colony","Martinique — French colony","1914","historical-flag","MISSING","C","partially-supported","dependent-administration","false","[]","[]","[]","[]","{""map_identity_id"":""entity-martinique"",""aliases"":[],""historical_names"":[{""value"":""Martinique — French colony"",""kind"":""primary"",""validFrom"":""1878-01-01"",""validUntil"":""1946-03-19""}],""identifiers"":{}}","[""Snapshot context is not observation date or boundary date."",""Map geometry does not establish sovereignty or succession."",""Existing applicability intervals: []""]","35c5a20cdfaf4e7e7a788fd82d4c2b997e0fe878efe2392487968b8d61b9029f",""
"entity-martinique@1920/historical-flag","entity-martinique@1920","b11-martinique-colony","Martinique — French colony","1920","historical-flag","MISSING","C","partially-supported","dependent-administration","false","[]","[]","[]","[]","{""map_identity_id"":""entity-martinique"",""aliases"":[],""historical_names"":[{""value"":""Martinique — French colony"",""kind"":""primary"",""validFrom"":""1878-01-01"",""validUntil"":""1946-03-19""}],""identifiers"":{}}","[""Snapshot context is not observation date or boundary date."",""Map geometry does not establish sovereignty or succession."",""Existing applicability intervals: []""]","35c5a20cdfaf4e7e7a788fd82d4c2b997e0fe878efe2392487968b8d61b9029f",""
"entity-martinique@1930/historical-flag","entity-martinique@1930","b11-martinique-colony","Martinique — French colony","1930","historical-flag","MISSING","C","partially-supported","dependent-administration","false","[]","[]","[]","[]","{""map_identity_id"":""entity-martinique"",""aliases"":[],""historical_names"":[{""value"":""Martinique — French colony"",""kind"":""primary"",""validFrom"":""1878-01-01"",""validUntil"":""1946-03-19""}],""identifiers"":{}}","[""Snapshot context is not observation date or boundary date."",""Map geometry does not establish sovereignty or succession."",""Existing applicability intervals: []""]","35c5a20cdfaf4e7e7a788fd82d4c2b997e0fe878efe2392487968b8d61b9029f",""
"entity-martinique@1938/historical-flag","entity-martinique@1938","b11-martinique-colony","Martinique — French colony","1938","historical-flag","MISSING","C","partially-supported","dependent-administration","false","[]","[]","[]","[]","{""map_identity_id"":""entity-martinique"",""aliases"":[],""historical_names"":[{""value"":""Martinique — French colony"",""kind"":""primary"",""validFrom"":""1878-01-01"",""validUntil"":""1946-03-19""}],""identifiers"":{}}","[""Snapshot context is not observation date or boundary date."",""Map geometry does not establish sovereignty or succession."",""Existing applicability intervals: []""]","35c5a20cdfaf4e7e7a788fd82d4c2b997e0fe878efe2392487968b8d61b9029f",""
"entity-malawi@1914/historical-flag","entity-malawi@1914","b19-nyasaland-governor","Nyasaland Protectorate — governor administration","1914","historical-flag","MISSING","C","partially-supported","dependent-administration","false","[]","[]","[]","[]","{""map_identity_id"":""entity-malawi"",""aliases"":[],""historical_names"":[{""value"":""Nyasaland Protectorate — governor administration"",""kind"":""primary"",""validFrom"":""1908-01-01"",""validUntil"":""1953-01-01""}],""identifiers"":{}}","[""Snapshot context is not observation date or boundary date."",""Map geometry does not establish sovereignty or succession."",""Existing applicability intervals: []""]","35c5a20cdfaf4e7e7a788fd82d4c2b997e0fe878efe2392487968b8d61b9029f",""
"entity-malawi@1920/historical-flag","entity-malawi@1920","b19-nyasaland-governor","Nyasaland Protectorate — governor administration","1920","historical-flag","MISSING","C","partially-supported","dependent-administration","false","[]","[]","[]","[]","{""map_identity_id"":""entity-malawi"",""aliases"":[],""historical_names"":[{""value"":""Nyasaland Protectorate — governor administration"",""kind"":""primary"",""validFrom"":""1908-01-01"",""validUntil"":""1953-01-01""}],""identifiers"":{}}","[""Snapshot context is not observation date or boundary date."",""Map geometry does not establish sovereignty or succession."",""Existing applicability intervals: []""]","35c5a20cdfaf4e7e7a788fd82d4c2b997e0fe878efe2392487968b8d61b9029f",""
"entity-malawi@1930/historical-flag","entity-malawi@1930","b19-nyasaland-governor","Nyasaland Protectorate — governor administration","1930","historical-flag","MISSING","C","partially-supported","dependent-administration","false","[]","[]","[]","[]","{""map_identity_id"":""entity-malawi"",""aliases"":[],""historical_names"":[{""value"":""Nyasaland Protectorate — governor administration"",""kind"":""primary"",""validFrom"":""1908-01-01"",""validUntil"":""1953-01-01""}],""identifiers"":{}}","[""Snapshot context is not observation date or boundary date."",""Map geometry does not establish sovereignty or succession."",""Existing applicability intervals: []""]","35c5a20cdfaf4e7e7a788fd82d4c2b997e0fe878efe2392487968b8d61b9029f",""
"entity-malawi@1938/historical-flag","entity-malawi@1938","b19-nyasaland-governor","Nyasaland Protectorate — governor administration","1938","historical-flag","MISSING","C","partially-supported","dependent-administration","false","[]","[]","[]","[]","{""map_identity_id"":""entity-malawi"",""aliases"":[],""historical_names"":[{""value"":""Nyasaland Protectorate — governor administration"",""kind"":""primary"",""validFrom"":""1908-01-01"",""validUntil"":""1953-01-01""}],""identifiers"":{}}","[""Snapshot context is not observation date or boundary date."",""Map geometry does not establish sovereignty or succession."",""Existing applicability intervals: []""]","35c5a20cdfaf4e7e7a788fd82d4c2b997e0fe878efe2392487968b8d61b9029f",""
"entity-malawi@1960/historical-flag","entity-malawi@1960","b19-nyasaland-federal","Nyasaland Protectorate — territorial government within federation","1960","historical-flag","MISSING","C","partially-supported","dependent-administration","false","[]","[]","[]","[]","{""map_identity_id"":""entity-malawi"",""aliases"":[],""historical_names"":[{""value"":""Nyasaland Protectorate — territorial government within federation"",""kind"":""primary"",""validFrom"":""1954-01-01"",""validUntil"":""1961-01-01""}],""identifiers"":{}}","[""Snapshot context is not observation date or boundary date."",""Map geometry does not establish sovereignty or succession."",""Existing applicability intervals: []""]","35c5a20cdfaf4e7e7a788fd82d4c2b997e0fe878efe2392487968b8d61b9029f",""
"entity-azerbaijan@1914/historical-flag","entity-azerbaijan@1914","","Azerbaijan","1914","historical-flag","MISSING","C","completely-empty","political-polity","true","[]","[]","[]","[]","{""map_identity_id"":""entity-azerbaijan"",""aliases"":[],""historical_names"":[],""identifiers"":{}}","[""Snapshot context is not observation date or boundary date."",""Map geometry does not establish sovereignty or succession."",""Resolve historical identity before proposing entity-specific facts."",""Existing applicability intervals: []""]","35c5a20cdfaf4e7e7a788fd82d4c2b997e0fe878efe2392487968b8d61b9029f",""
"entity-azerbaijan@1920/historical-flag","entity-azerbaijan@1920","azerbaijan-first-republic-parliamentary-framework","Azerbaijan Democratic Republic — parliamentary framework","1920","historical-flag","MISSING","C","partially-supported","political-polity","false","[]","[]","[]","[]","{""map_identity_id"":""entity-azerbaijan"",""aliases"":[],""historical_names"":[{""value"":""Azerbaijan Democratic Republic — parliamentary framework"",""kind"":""primary"",""validFrom"":""1918-12-07"",""validUntil"":""1920-04-28""}],""identifiers"":{}}","[""Snapshot context is not observation date or boundary date."",""Map geometry does not establish sovereignty or succession."",""Existing applicability intervals: []""]","35c5a20cdfaf4e7e7a788fd82d4c2b997e0fe878efe2392487968b8d61b9029f",""
"entity-azerbaijan@1930/historical-flag","entity-azerbaijan@1930","","Azerbaijan","1930","historical-flag","MISSING","C","completely-empty","political-polity","true","[]","[]","[]","[]","{""map_identity_id"":""entity-azerbaijan"",""aliases"":[],""historical_names"":[],""identifiers"":{}}","[""Snapshot context is not observation date or boundary date."",""Map geometry does not establish sovereignty or succession."",""Resolve historical identity before proposing entity-specific facts."",""Existing applicability intervals: []""]","35c5a20cdfaf4e7e7a788fd82d4c2b997e0fe878efe2392487968b8d61b9029f",""
"entity-buganda@1815/historical-flag","entity-buganda@1815","buganda-precolonial-kingship-core","Buganda — royal polity in 1815","1815","historical-flag","MISSING","C","partially-supported","political-polity","false","[]","[]","[]","[]","{""map_identity_id"":""entity-buganda"",""aliases"":[],""historical_names"":[{""value"":""Buganda — royal polity in 1815"",""kind"":""primary"",""validFrom"":""1815-01-01"",""validUntil"":""1816-01-01""},{""value"":""Buganda — kingdom around 1880"",""kind"":""primary"",""validFrom"":""1878-01-01"",""validUntil"":""1881-01-01""}],""identifiers"":{}}","[""Snapshot context is not observation date or boundary date."",""Map geometry does not establish sovereignty or succession."",""Existing applicability intervals: []""]","35c5a20cdfaf4e7e7a788fd82d4c2b997e0fe878efe2392487968b8d61b9029f",""
"entity-buganda@1878/historical-flag","entity-buganda@1878","buganda-precolonial-kingship-core","Buganda — kingdom around 1880","1878","historical-flag","MISSING","C","partially-supported","political-polity","false","[]","[]","[]","[]","{""map_identity_id"":""entity-buganda"",""aliases"":[],""historical_names"":[{""value"":""Buganda — royal polity in 1815"",""kind"":""primary"",""validFrom"":""1815-01-01"",""validUntil"":""1816-01-01""},{""value"":""Buganda — kingdom around 1880"",""kind"":""primary"",""validFrom"":""1878-01-01"",""validUntil"":""1881-01-01""}],""identifiers"":{}}","[""Snapshot context is not observation date or boundary date."",""Map geometry does not establish sovereignty or succession."",""Existing applicability intervals: []""]","35c5a20cdfaf4e7e7a788fd82d4c2b997e0fe878efe2392487968b8d61b9029f",""
"entity-buganda@1880/historical-flag","entity-buganda@1880","buganda-precolonial-kingship-core","Buganda — kingdom around 1880","1880","historical-flag","MISSING","C","partially-supported","political-polity","false","[]","[]","[]","[]","{""map_identity_id"":""entity-buganda"",""aliases"":[],""historical_names"":[{""value"":""Buganda — royal polity in 1815"",""kind"":""primary"",""validFrom"":""1815-01-01"",""validUntil"":""1816-01-01""},{""value"":""Buganda — kingdom around 1880"",""kind"":""primary"",""validFrom"":""1878-01-01"",""validUntil"":""1881-01-01""}],""identifiers"":{}}","[""Snapshot context is not observation date or boundary date."",""Map geometry does not establish sovereignty or succession."",""Existing applicability intervals: []""]","35c5a20cdfaf4e7e7a788fd82d4c2b997e0fe878efe2392487968b8d61b9029f",""
"entity-buganda@1900/historical-flag","entity-buganda@1900","","Buganda","1900","historical-flag","MISSING","C","completely-empty","political-polity","true","[]","[]","[]","[]","{""map_identity_id"":""entity-buganda"",""aliases"":[],""historical_names"":[],""identifiers"":{}}","[""Snapshot context is not observation date or boundary date."",""Map geometry does not establish sovereignty or succession."",""Resolve historical identity before proposing entity-specific facts."",""Existing applicability intervals: []""]","35c5a20cdfaf4e7e7a788fd82d4c2b997e0fe878efe2392487968b8d61b9029f",""
"entity-kuwait@1914/historical-flag","entity-kuwait@1914","kuwait-1899-protection-core","Kuwait — 1899 British treaty","1914","historical-flag","MISSING","C","partially-supported","political-polity","false","[]","[]","[]","[]","{""map_identity_id"":""entity-kuwait"",""aliases"":[],""historical_names"":[{""value"":""Kuwait — 1899 British treaty"",""kind"":""primary"",""validFrom"":""1900-01-01"",""validUntil"":""1938-01-01""}],""identifiers"":{}}","[""Snapshot context is not observation date or boundary date."",""Map geometry does not establish sovereignty or succession."",""Existing applicability intervals: []""]","35c5a20cdfaf4e7e7a788fd82d4c2b997e0fe878efe2392487968b8d61b9029f",""
"entity-kuwait@1938/historical-flag","entity-kuwait@1938","","Kuwait","1938","historical-flag","MISSING","C","completely-empty","political-polity","true","[]","[]","[]","[]","{""map_identity_id"":""entity-kuwait"",""aliases"":[],""historical_names"":[],""identifiers"":{}}","[""Snapshot context is not observation date or boundary date."",""Map geometry does not establish sovereignty or succession."",""Resolve historical identity before proposing entity-specific facts."",""Existing applicability intervals: []""]","35c5a20cdfaf4e7e7a788fd82d4c2b997e0fe878efe2392487968b8d61b9029f",""
"entity-kuwait@1945/historical-flag","entity-kuwait@1945","kuwait-post-1938-ruler-core","Kuwait — after 1938 assembly","1945","historical-flag","MISSING","C","partially-supported","political-polity","false","[]","[]","[]","[]","{""map_identity_id"":""entity-kuwait"",""aliases"":[],""historical_names"":[{""value"":""Kuwait — after 1938 assembly"",""kind"":""primary"",""validFrom"":""1939-01-01"",""validUntil"":""1961-01-01""}],""identifiers"":{}}","[""Snapshot context is not observation date or boundary date."",""Map geometry does not establish sovereignty or succession."",""Existing applicability intervals: []""]","35c5a20cdfaf4e7e7a788fd82d4c2b997e0fe878efe2392487968b8d61b9029f",""
"entity-spanish-guinea@1878/historical-flag","entity-spanish-guinea@1878","b17-spanish-guinea-1878","Fernando Poo dependencies — Spanish colonial decree attestation","1878","historical-flag","MISSING","C","partially-supported","dependent-administration","false","[]","[]","[]","[]","{""map_identity_id"":""entity-spanish-guinea"",""aliases"":[],""historical_names"":[{""value"":""Fernando Poo dependencies — Spanish colonial decree attestation"",""kind"":""primary"",""validFrom"":""1878-12-26"",""validUntil"":""1878-12-27""}],""identifiers"":{}}","[""Snapshot context is not observation date or boundary date."",""Map geometry does not establish sovereignty or succession."",""Existing applicability intervals: []""]","35c5a20cdfaf4e7e7a788fd82d4c2b997e0fe878efe2392487968b8d61b9029f",""
"entity-spanish-guinea@1880/historical-flag","entity-spanish-guinea@1880","","Spanish Guinea","1880","historical-flag","MISSING","C","completely-empty","dependent-administration","true","[]","[]","[]","[]","{""map_identity_id"":""entity-spanish-guinea"",""aliases"":[],""historical_names"":[],""identifiers"":{}}","[""Snapshot context is not observation date or boundary date."",""Map geometry does not establish sovereignty or succession."",""Resolve historical identity before proposing entity-specific facts."",""Existing applicability intervals: []""]","35c5a20cdfaf4e7e7a788fd82d4c2b997e0fe878efe2392487968b8d61b9029f",""
"entity-spanish-guinea@1900/historical-flag","entity-spanish-guinea@1900","","Spanish Guinea","1900","historical-flag","MISSING","C","completely-empty","dependent-administration","true","[]","[]","[]","[]","{""map_identity_id"":""entity-spanish-guinea"",""aliases"":[],""historical_names"":[],""identifiers"":{}}","[""Snapshot context is not observation date or boundary date."",""Map geometry does not establish sovereignty or succession."",""Resolve historical identity before proposing entity-specific facts."",""Existing applicability intervals: []""]","35c5a20cdfaf4e7e7a788fd82d4c2b997e0fe878efe2392487968b8d61b9029f",""
"entity-british-guiana@1800/historical-flag","entity-british-guiana@1800","","British Guiana","1800","historical-flag","MISSING","C","held-ambiguous","dependent-administration","true","[]","[]","[]","[]","{""map_identity_id"":""entity-british-guiana"",""aliases"":[],""historical_names"":[],""identifiers"":{}}","[""Snapshot context is not observation date or boundary date."",""Map geometry does not establish sovereignty or succession."",""Resolve historical identity before proposing entity-specific facts."",""Existing applicability intervals: []""]","35c5a20cdfaf4e7e7a788fd82d4c2b997e0fe878efe2392487968b8d61b9029f",""
"entity-british-guiana@1878/historical-flag","entity-british-guiana@1878","british-guiana-court-policy-framework","British Guiana — Court of Policy framework","1878","historical-flag","MISSING","C","partially-supported","dependent-administration","false","[]","[]","[]","[]","{""map_identity_id"":""entity-british-guiana"",""aliases"":[],""historical_names"":[{""value"":""British Guiana — Court of Policy framework"",""kind"":""primary"",""validFrom"":""1914-01-01"",""validUntil"":""1928-01-01""},{""value"":""British Guiana — Court of Policy framework"",""kind"":""primary"",""validFrom"":""1832-01-01"",""validUntil"":""1914-01-01""}],""identifiers"":{}}","[""Snapshot context is not observation date or boundary date."",""Map geometry does not establish sovereignty or succession."",""Existing applicability intervals: []""]","35c5a20cdfaf4e7e7a788fd82d4c2b997e0fe878efe2392487968b8d61b9029f",""
"entity-british-guiana@1880/historical-flag","entity-british-guiana@1880","british-guiana-court-policy-framework","British Guiana — Court of Policy framework","1880","historical-flag","MISSING","C","partially-supported","dependent-administration","false","[]","[]","[]","[]","{""map_identity_id"":""entity-british-guiana"",""aliases"":[],""historical_names"":[{""value"":""British Guiana — Court of Policy framework"",""kind"":""primary"",""validFrom"":""1914-01-01"",""validUntil"":""1928-01-01""},{""value"":""British Guiana — Court of Policy framework"",""kind"":""primary"",""validFrom"":""1832-01-01"",""validUntil"":""1914-01-01""}],""identifiers"":{}}","[""Snapshot context is not observation date or boundary date."",""Map geometry does not establish sovereignty or succession."",""Existing applicability intervals: []""]","35c5a20cdfaf4e7e7a788fd82d4c2b997e0fe878efe2392487968b8d61b9029f",""
"entity-british-guiana@1900/historical-flag","entity-british-guiana@1900","british-guiana-court-policy-framework","British Guiana — Court of Policy framework","1900","historical-flag","MISSING","C","partially-supported","dependent-administration","false","[]","[]","[]","[]","{""map_identity_id"":""entity-british-guiana"",""aliases"":[],""historical_names"":[{""value"":""British Guiana — Court of Policy framework"",""kind"":""primary"",""validFrom"":""1914-01-01"",""validUntil"":""1928-01-01""},{""value"":""British Guiana — Court of Policy framework"",""kind"":""primary"",""validFrom"":""1832-01-01"",""validUntil"":""1914-01-01""}],""identifiers"":{}}","[""Snapshot context is not observation date or boundary date."",""Map geometry does not establish sovereignty or succession."",""Existing applicability intervals: []""]","35c5a20cdfaf4e7e7a788fd82d4c2b997e0fe878efe2392487968b8d61b9029f",""
"entity-kingdom-of-hawaii@1815/historical-flag","entity-kingdom-of-hawaii@1815","hawaii-1815-royal-core","Hawaiian Kingdom — Kamehameha’s royal government in 1815","1815","historical-flag","MISSING","C","partially-supported","political-polity","false","[]","[]","[]","[]","{""map_identity_id"":""entity-kingdom-of-hawaii"",""aliases"":[],""historical_names"":[{""value"":""Hawaiian Kingdom — Kamehameha’s royal government in 1815"",""kind"":""primary"",""validFrom"":""1815-01-01"",""validUntil"":""1816-01-01""}],""identifiers"":{}}","[""Snapshot context is not observation date or boundary date."",""Map geometry does not establish sovereignty or succession."",""Existing applicability intervals: []""]","35c5a20cdfaf4e7e7a788fd82d4c2b997e0fe878efe2392487968b8d61b9029f",""
"entity-kingdom-of-hawaii@1878/historical-flag","entity-kingdom-of-hawaii@1878","hawaii-kalakaua-royal-core","Hawaiian Kingdom — royal government around 1880","1878","historical-flag","MISSING","C","partially-supported","political-polity","false","[]","[]","[]","[]","{""map_identity_id"":""entity-kingdom-of-hawaii"",""aliases"":[],""historical_names"":[{""value"":""Hawaiian Kingdom — royal government around 1880"",""kind"":""primary"",""validFrom"":""1878-01-01"",""validUntil"":""1881-01-01""}],""identifiers"":{}}","[""Snapshot context is not observation date or boundary date."",""Map geometry does not establish sovereignty or succession."",""Existing applicability intervals: []""]","35c5a20cdfaf4e7e7a788fd82d4c2b997e0fe878efe2392487968b8d61b9029f",""
"entity-kingdom-of-hawaii@1880/historical-flag","entity-kingdom-of-hawaii@1880","hawaii-kalakaua-royal-core","Hawaiian Kingdom — royal government around 1880","1880","historical-flag","MISSING","C","partially-supported","political-polity","false","[]","[]","[]","[]","{""map_identity_id"":""entity-kingdom-of-hawaii"",""aliases"":[],""historical_names"":[{""value"":""Hawaiian Kingdom — royal government around 1880"",""kind"":""primary"",""validFrom"":""1878-01-01"",""validUntil"":""1881-01-01""}],""identifiers"":{}}","[""Snapshot context is not observation date or boundary date."",""Map geometry does not establish sovereignty or succession."",""Existing applicability intervals: []""]","35c5a20cdfaf4e7e7a788fd82d4c2b997e0fe878efe2392487968b8d61b9029f",""
"entity-kingdom-of-hawaii@1900/historical-flag","entity-kingdom-of-hawaii@1900","","Kingdom of Hawaii","1900","historical-flag","MISSING","C","held-ambiguous","political-polity","true","[]","[]","[]","[]","{""map_identity_id"":""entity-kingdom-of-hawaii"",""aliases"":[],""historical_names"":[],""identifiers"":{}}","[""Snapshot context is not observation date or boundary date."",""Map geometry does not establish sovereignty or succession."",""Resolve historical identity before proposing entity-specific facts."",""Existing applicability intervals: []""]","35c5a20cdfaf4e7e7a788fd82d4c2b997e0fe878efe2392487968b8d61b9029f",""
"entity-hail@1920/historical-flag","entity-hail@1920","hail-rashidi-1920-core","Hail — Rashidi authority in 1920","1920","historical-flag","MISSING","C","partially-supported","political-polity","false","[]","[]","[]","[]","{""map_identity_id"":""entity-hail"",""aliases"":[],""historical_names"":[{""value"":""Hail — Rashidi authority in 1920"",""kind"":""primary"",""validFrom"":""1920-01-01"",""validUntil"":""1921-01-01""}],""identifiers"":{}}","[""Snapshot context is not observation date or boundary date."",""Map geometry does not establish sovereignty or succession."",""Existing applicability intervals: []""]","35c5a20cdfaf4e7e7a788fd82d4c2b997e0fe878efe2392487968b8d61b9029f",""
"entity-hail@1930/historical-flag","entity-hail@1930","","Hail","1930","historical-flag","MISSING","C","held-ambiguous","political-polity","true","[]","[]","[]","[]","{""map_identity_id"":""entity-hail"",""aliases"":[],""historical_names"":[],""identifiers"":{}}","[""Snapshot context is not observation date or boundary date."",""Map geometry does not establish sovereignty or succession."",""Resolve historical identity before proposing entity-specific facts."",""Existing applicability intervals: []""]","35c5a20cdfaf4e7e7a788fd82d4c2b997e0fe878efe2392487968b8d61b9029f",""
"entity-hail@1938/historical-flag","entity-hail@1938","","Hail","1938","historical-flag","MISSING","C","held-ambiguous","political-polity","true","[]","[]","[]","[]","{""map_identity_id"":""entity-hail"",""aliases"":[],""historical_names"":[],""identifiers"":{}}","[""Snapshot context is not observation date or boundary date."",""Map geometry does not establish sovereignty or succession."",""Resolve historical identity before proposing entity-specific facts."",""Existing applicability intervals: []""]","35c5a20cdfaf4e7e7a788fd82d4c2b997e0fe878efe2392487968b8d61b9029f",""
"entity-georgia@1914/historical-flag","entity-georgia@1914","","Georgia","1914","historical-flag","MISSING","C","completely-empty","political-polity","true","[]","[]","[]","[]","{""map_identity_id"":""entity-georgia"",""aliases"":[],""historical_names"":[],""identifiers"":{}}","[""Snapshot context is not observation date or boundary date."",""Map geometry does not establish sovereignty or succession."",""Resolve historical identity before proposing entity-specific facts."",""Existing applicability intervals: []""]","35c5a20cdfaf4e7e7a788fd82d4c2b997e0fe878efe2392487968b8d61b9029f",""
"entity-georgia@1920/historical-flag","entity-georgia@1920","georgian-constituent-republic-framework","Democratic Republic of Georgia — constituent framework","1920","historical-flag","MISSING","C","partially-supported","political-polity","false","[]","[]","[]","[]","{""map_identity_id"":""entity-georgia"",""aliases"":[],""historical_names"":[{""value"":""Democratic Republic of Georgia — constituent framework"",""kind"":""primary"",""validFrom"":""1919-04-01"",""validUntil"":""1921-02-21""}],""identifiers"":{}}","[""Snapshot context is not observation date or boundary date."",""Map geometry does not establish sovereignty or succession."",""Existing applicability intervals: []""]","35c5a20cdfaf4e7e7a788fd82d4c2b997e0fe878efe2392487968b8d61b9029f",""
"entity-georgia@1930/historical-flag","entity-georgia@1930","","Georgia","1930","historical-flag","MISSING","C","completely-empty","political-polity","true","[]","[]","[]","[]","{""map_identity_id"":""entity-georgia"",""aliases"":[],""historical_names"":[],""identifiers"":{}}","[""Snapshot context is not observation date or boundary date."",""Map geometry does not establish sovereignty or succession."",""Resolve historical identity before proposing entity-specific facts."",""Existing applicability intervals: []""]","35c5a20cdfaf4e7e7a788fd82d4c2b997e0fe878efe2392487968b8d61b9029f",""
"entity-israel@1938/historical-flag","entity-israel@1938","","Israel","1938","historical-flag","MISSING","C","held-ambiguous","political-polity","true","[]","[]","[]","[]","{""map_identity_id"":""entity-israel"",""aliases"":[],""historical_names"":[],""identifiers"":{}}","[""Snapshot context is not observation date or boundary date."",""Map geometry does not establish sovereignty or succession."",""Resolve historical identity before proposing entity-specific facts."",""Existing applicability intervals: []""]","35c5a20cdfaf4e7e7a788fd82d4c2b997e0fe878efe2392487968b8d61b9029f",""
"entity-israel@1945/historical-flag","entity-israel@1945","","Israel","1945","historical-flag","MISSING","C","held-ambiguous","political-polity","true","[]","[]","[]","[]","{""map_identity_id"":""entity-israel"",""aliases"":[],""historical_names"":[],""identifiers"":{}}","[""Snapshot context is not observation date or boundary date."",""Map geometry does not establish sovereignty or succession."",""Resolve historical identity before proposing entity-specific facts."",""Existing applicability intervals: []""]","35c5a20cdfaf4e7e7a788fd82d4c2b997e0fe878efe2392487968b8d61b9029f",""
"entity-israel@1960/historical-flag","entity-israel@1960","israel-1958-knesset-core","Israel — elected Knesset framework","1960","historical-flag","MISSING","C","partially-supported","political-polity","false","[]","[]","[]","[]","{""map_identity_id"":""entity-israel"",""aliases"":[],""historical_names"":[{""value"":""Israel — elected Knesset framework"",""kind"":""primary"",""validFrom"":""1959-01-01"",""validUntil"":""1961-01-01""}],""identifiers"":{}}","[""Snapshot context is not observation date or boundary date."",""Map geometry does not establish sovereignty or succession."",""Existing applicability intervals: []""]","35c5a20cdfaf4e7e7a788fd82d4c2b997e0fe878efe2392487968b8d61b9029f",""
"entity-liberia@1878/historical-flag","entity-liberia@1878","liberia-presidential-constitutional-core","Liberia — amended 1847 constitutional tradition","1878","historical-flag","MISSING","C","partially-supported","political-polity","false","[]","[]","[]","[]","{""map_identity_id"":""entity-liberia"",""aliases"":[],""historical_names"":[{""value"":""Liberia — amended 1847 constitutional tradition"",""kind"":""primary"",""validFrom"":""1878-01-01"",""validUntil"":""1961-01-01""}],""identifiers"":{}}","[""Snapshot context is not observation date or boundary date."",""Map geometry does not establish sovereignty or succession."",""Existing applicability intervals: []""]","35c5a20cdfaf4e7e7a788fd82d4c2b997e0fe878efe2392487968b8d61b9029f",""
"entity-liberia@1880/historical-flag","entity-liberia@1880","liberia-presidential-constitutional-core","Liberia — amended 1847 constitutional tradition","1880","historical-flag","MISSING","C","partially-supported","political-polity","false","[]","[]","[]","[]","{""map_identity_id"":""entity-liberia"",""aliases"":[],""historical_names"":[{""value"":""Liberia — amended 1847 constitutional tradition"",""kind"":""primary"",""validFrom"":""1878-01-01"",""validUntil"":""1961-01-01""}],""identifiers"":{}}","[""Snapshot context is not observation date or boundary date."",""Map geometry does not establish sovereignty or succession."",""Existing applicability intervals: []""]","35c5a20cdfaf4e7e7a788fd82d4c2b997e0fe878efe2392487968b8d61b9029f",""
"entity-liberia@1900/historical-flag","entity-liberia@1900","liberia-presidential-constitutional-core","Liberia — amended 1847 constitutional tradition","1900","historical-flag","MISSING","C","core-supported","political-polity","false","[]","[]","[]","[]","{""map_identity_id"":""entity-liberia"",""aliases"":[],""historical_names"":[{""value"":""Liberia — amended 1847 constitutional tradition"",""kind"":""primary"",""validFrom"":""1878-01-01"",""validUntil"":""1961-01-01""}],""identifiers"":{}}","[""Snapshot context is not observation date or boundary date."",""Map geometry does not establish sovereignty or succession."",""Existing applicability intervals: []""]","35c5a20cdfaf4e7e7a788fd82d4c2b997e0fe878efe2392487968b8d61b9029f",""
"entity-liberia@1914/historical-flag","entity-liberia@1914","liberia-presidential-constitutional-core","Liberia — amended 1847 constitutional tradition","1914","historical-flag","MISSING","C","core-supported","political-polity","false","[]","[]","[]","[]","{""map_identity_id"":""entity-liberia"",""aliases"":[],""historical_names"":[{""value"":""Liberia — amended 1847 constitutional tradition"",""kind"":""primary"",""validFrom"":""1878-01-01"",""validUntil"":""1961-01-01""}],""identifiers"":{}}","[""Snapshot context is not observation date or boundary date."",""Map geometry does not establish sovereignty or succession."",""Existing applicability intervals: []""]","35c5a20cdfaf4e7e7a788fd82d4c2b997e0fe878efe2392487968b8d61b9029f",""
"entity-liberia@1920/historical-flag","entity-liberia@1920","liberia-presidential-constitutional-core","Liberia — amended 1847 constitutional tradition","1920","historical-flag","MISSING","C","core-supported","political-polity","false","[]","[]","[]","[]","{""map_identity_id"":""entity-liberia"",""aliases"":[],""historical_names"":[{""value"":""Liberia — amended 1847 constitutional tradition"",""kind"":""primary"",""validFrom"":""1878-01-01"",""validUntil"":""1961-01-01""}],""identifiers"":{}}","[""Snapshot context is not observation date or boundary date."",""Map geometry does not establish sovereignty or succession."",""Existing applicability intervals: []""]","35c5a20cdfaf4e7e7a788fd82d4c2b997e0fe878efe2392487968b8d61b9029f",""
"entity-liberia@1930/historical-flag","entity-liberia@1930","liberia-presidential-constitutional-core","Liberia — amended 1847 constitutional tradition","1930","historical-flag","MISSING","C","partially-supported","political-polity","false","[]","[]","[]","[]","{""map_identity_id"":""entity-liberia"",""aliases"":[],""historical_names"":[{""value"":""Liberia — amended 1847 constitutional tradition"",""kind"":""primary"",""validFrom"":""1878-01-01"",""validUntil"":""1961-01-01""}],""identifiers"":{}}","[""Snapshot context is not observation date or boundary date."",""Map geometry does not establish sovereignty or succession."",""Existing applicability intervals: []""]","35c5a20cdfaf4e7e7a788fd82d4c2b997e0fe878efe2392487968b8d61b9029f",""
"entity-liberia@1938/historical-flag","entity-liberia@1938","liberia-presidential-constitutional-core","Liberia — amended 1847 constitutional tradition","1938","historical-flag","MISSING","C","core-supported","political-polity","false","[]","[]","[]","[]","{""map_identity_id"":""entity-liberia"",""aliases"":[],""historical_names"":[{""value"":""Liberia — amended 1847 constitutional tradition"",""kind"":""primary"",""validFrom"":""1878-01-01"",""validUntil"":""1961-01-01""}],""identifiers"":{}}","[""Snapshot context is not observation date or boundary date."",""Map geometry does not establish sovereignty or succession."",""Existing applicability intervals: []""]","35c5a20cdfaf4e7e7a788fd82d4c2b997e0fe878efe2392487968b8d61b9029f",""
"entity-liberia@1945/historical-flag","entity-liberia@1945","liberia-presidential-constitutional-core","Liberia — amended 1847 constitutional tradition","1945","historical-flag","MISSING","C","core-supported","political-polity","false","[]","[]","[]","[]","{""map_identity_id"":""entity-liberia"",""aliases"":[],""historical_names"":[{""value"":""Liberia — amended 1847 constitutional tradition"",""kind"":""primary"",""validFrom"":""1878-01-01"",""validUntil"":""1961-01-01""}],""identifiers"":{}}","[""Snapshot context is not observation date or boundary date."",""Map geometry does not establish sovereignty or succession."",""Existing applicability intervals: []""]","35c5a20cdfaf4e7e7a788fd82d4c2b997e0fe878efe2392487968b8d61b9029f",""
"entity-liberia@1960/historical-flag","entity-liberia@1960","liberia-presidential-constitutional-core","Liberia — amended 1847 constitutional tradition","1960","historical-flag","MISSING","C","core-supported","political-polity","false","[]","[]","[]","[]","{""map_identity_id"":""entity-liberia"",""aliases"":[],""historical_names"":[{""value"":""Liberia — amended 1847 constitutional tradition"",""kind"":""primary"",""validFrom"":""1878-01-01"",""validUntil"":""1961-01-01""}],""identifiers"":{}}","[""Snapshot context is not observation date or boundary date."",""Map geometry does not establish sovereignty or succession."",""Existing applicability intervals: []""]","35c5a20cdfaf4e7e7a788fd82d4c2b997e0fe878efe2392487968b8d61b9029f",""
"entity-bahamas@1800/historical-flag","entity-bahamas@1800","","Bahamas","1800","historical-flag","MISSING","C","completely-empty","dependent-administration","true","[]","[]","[]","[]","{""map_identity_id"":""entity-bahamas"",""aliases"":[],""historical_names"":[],""identifiers"":{}}","[""Snapshot context is not observation date or boundary date."",""Map geometry does not establish sovereignty or succession."",""Resolve historical identity before proposing entity-specific facts."",""Existing applicability intervals: []""]","35c5a20cdfaf4e7e7a788fd82d4c2b997e0fe878efe2392487968b8d61b9029f",""
"entity-bahamas@1938/historical-flag","entity-bahamas@1938","b11-bahamas-1909-councils","Bahamas — Governor and separate councils","1938","historical-flag","MISSING","C","partially-supported","dependent-administration","false","[]","[]","[]","[]","{""map_identity_id"":""entity-bahamas"",""aliases"":[],""historical_names"":[{""value"":""Bahamas — Governor and separate councils"",""kind"":""primary"",""validFrom"":""1910-01-01"",""validUntil"":""1961-01-01""}],""identifiers"":{}}","[""Snapshot context is not observation date or boundary date."",""Map geometry does not establish sovereignty or succession."",""Existing applicability intervals: []""]","35c5a20cdfaf4e7e7a788fd82d4c2b997e0fe878efe2392487968b8d61b9029f",""
"entity-bahamas@1945/historical-flag","entity-bahamas@1945","b11-bahamas-1909-councils","Bahamas — Governor and separate councils","1945","historical-flag","MISSING","C","partially-supported","dependent-administration","false","[]","[]","[]","[]","{""map_identity_id"":""entity-bahamas"",""aliases"":[],""historical_names"":[{""value"":""Bahamas — Governor and separate councils"",""kind"":""primary"",""validFrom"":""1910-01-01"",""validUntil"":""1961-01-01""}],""identifiers"":{}}","[""Snapshot context is not observation date or boundary date."",""Map geometry does not establish sovereignty or succession."",""Existing applicability intervals: []""]","35c5a20cdfaf4e7e7a788fd82d4c2b997e0fe878efe2392487968b8d61b9029f",""
"entity-bahamas@1960/historical-flag","entity-bahamas@1960","b11-bahamas-1909-councils","Bahamas — Governor and separate councils","1960","historical-flag","MISSING","C","partially-supported","dependent-administration","false","[]","[]","[]","[]","{""map_identity_id"":""entity-bahamas"",""aliases"":[],""historical_names"":[{""value"":""Bahamas — Governor and separate councils"",""kind"":""primary"",""validFrom"":""1910-01-01"",""validUntil"":""1961-01-01""}],""identifiers"":{}}","[""Snapshot context is not observation date or boundary date."",""Map geometry does not establish sovereignty or succession."",""Existing applicability intervals: []""]","35c5a20cdfaf4e7e7a788fd82d4c2b997e0fe878efe2392487968b8d61b9029f",""
"entity-jamaica@1920/historical-flag","entity-jamaica@1920","b11-jamaica-part-elected-crown","Jamaica — Crown-colony council","1920","historical-flag","MISSING","C","partially-supported","dependent-administration","false","[]","[]","[]","[]","{""map_identity_id"":""entity-jamaica"",""aliases"":[],""historical_names"":[{""value"":""Jamaica — Crown-colony council"",""kind"":""primary"",""validFrom"":""1884-01-01"",""validUntil"":""1939-01-01""}],""identifiers"":{}}","[""Snapshot context is not observation date or boundary date."",""Map geometry does not establish sovereignty or succession."",""Existing applicability intervals: []""]","35c5a20cdfaf4e7e7a788fd82d4c2b997e0fe878efe2392487968b8d61b9029f",""
"entity-jamaica@1930/historical-flag","entity-jamaica@1930","b11-jamaica-part-elected-crown","Jamaica — Crown-colony council","1930","historical-flag","MISSING","C","partially-supported","dependent-administration","false","[]","[]","[]","[]","{""map_identity_id"":""entity-jamaica"",""aliases"":[],""historical_names"":[{""value"":""Jamaica — Crown-colony council"",""kind"":""primary"",""validFrom"":""1884-01-01"",""validUntil"":""1939-01-01""}],""identifiers"":{}}","[""Snapshot context is not observation date or boundary date."",""Map geometry does not establish sovereignty or succession."",""Existing applicability intervals: []""]","35c5a20cdfaf4e7e7a788fd82d4c2b997e0fe878efe2392487968b8d61b9029f",""
"entity-jamaica@1938/historical-flag","entity-jamaica@1938","b11-jamaica-part-elected-crown","Jamaica — Crown-colony council","1938","historical-flag","MISSING","C","partially-supported","dependent-administration","false","[]","[]","[]","[]","{""map_identity_id"":""entity-jamaica"",""aliases"":[],""historical_names"":[{""value"":""Jamaica — Crown-colony council"",""kind"":""primary"",""validFrom"":""1884-01-01"",""validUntil"":""1939-01-01""}],""identifiers"":{}}","[""Snapshot context is not observation date or boundary date."",""Map geometry does not establish sovereignty or succession."",""Existing applicability intervals: []""]","35c5a20cdfaf4e7e7a788fd82d4c2b997e0fe878efe2392487968b8d61b9029f",""
"entity-jamaica@1960/historical-flag","entity-jamaica@1960","","Jamaica","1960","historical-flag","MISSING","C","completely-empty","dependent-administration","true","[]","[]","[]","[]","{""map_identity_id"":""entity-jamaica"",""aliases"":[],""historical_names"":[],""identifiers"":{}}","[""Snapshot context is not observation date or boundary date."",""Map geometry does not establish sovereignty or succession."",""Resolve historical identity before proposing entity-specific facts."",""Existing applicability intervals: []""]","35c5a20cdfaf4e7e7a788fd82d4c2b997e0fe878efe2392487968b8d61b9029f",""
"entity-bunyoro@1815/historical-flag","entity-bunyoro@1815","bunyoro-precolonial-kingship-core","Bunyoro — royal polity in 1815","1815","historical-flag","MISSING","C","partially-supported","political-polity","false","[]","[]","[]","[]","{""map_identity_id"":""entity-bunyoro"",""aliases"":[],""historical_names"":[{""value"":""Bunyoro — royal polity in 1815"",""kind"":""primary"",""validFrom"":""1815-01-01"",""validUntil"":""1816-01-01""},{""value"":""Bunyoro — kingdom around 1880"",""kind"":""primary"",""validFrom"":""1878-01-01"",""validUntil"":""1881-01-01""}],""identifiers"":{}}","[""Snapshot context is not observation date or boundary date."",""Map geometry does not establish sovereignty or succession."",""Existing applicability intervals: []""]","35c5a20cdfaf4e7e7a788fd82d4c2b997e0fe878efe2392487968b8d61b9029f",""
"entity-bunyoro@1878/historical-flag","entity-bunyoro@1878","bunyoro-precolonial-kingship-core","Bunyoro — kingdom around 1880","1878","historical-flag","MISSING","C","partially-supported","political-polity","false","[]","[]","[]","[]","{""map_identity_id"":""entity-bunyoro"",""aliases"":[],""historical_names"":[{""value"":""Bunyoro — royal polity in 1815"",""kind"":""primary"",""validFrom"":""1815-01-01"",""validUntil"":""1816-01-01""},{""value"":""Bunyoro — kingdom around 1880"",""kind"":""primary"",""validFrom"":""1878-01-01"",""validUntil"":""1881-01-01""}],""identifiers"":{}}","[""Snapshot context is not observation date or boundary date."",""Map geometry does not establish sovereignty or succession."",""Existing applicability intervals: []""]","35c5a20cdfaf4e7e7a788fd82d4c2b997e0fe878efe2392487968b8d61b9029f",""
"entity-bunyoro@1880/historical-flag","entity-bunyoro@1880","bunyoro-precolonial-kingship-core","Bunyoro — kingdom around 1880","1880","historical-flag","MISSING","C","partially-supported","political-polity","false","[]","[]","[]","[]","{""map_identity_id"":""entity-bunyoro"",""aliases"":[],""historical_names"":[{""value"":""Bunyoro — royal polity in 1815"",""kind"":""primary"",""validFrom"":""1815-01-01"",""validUntil"":""1816-01-01""},{""value"":""Bunyoro — kingdom around 1880"",""kind"":""primary"",""validFrom"":""1878-01-01"",""validUntil"":""1881-01-01""}],""identifiers"":{}}","[""Snapshot context is not observation date or boundary date."",""Map geometry does not establish sovereignty or succession."",""Existing applicability intervals: []""]","35c5a20cdfaf4e7e7a788fd82d4c2b997e0fe878efe2392487968b8d61b9029f",""
"entity-bunyoro@1900/historical-flag","entity-bunyoro@1900","bunyoro-1900-dependent-core","Bunyoro — conquered polity under colonial administration","1900","historical-flag","MISSING","C","partially-supported","political-polity","false","[]","[]","[]","[]","{""map_identity_id"":""entity-bunyoro"",""aliases"":[],""historical_names"":[{""value"":""Bunyoro — conquered polity under colonial administration"",""kind"":""primary"",""validFrom"":""1900-01-01"",""validUntil"":""1901-01-01""}],""identifiers"":{}}","[""Snapshot context is not observation date or boundary date."",""Map geometry does not establish sovereignty or succession."",""Existing applicability intervals: []""]","35c5a20cdfaf4e7e7a788fd82d4c2b997e0fe878efe2392487968b8d61b9029f",""
"entity-rio-de-oro@1914/historical-flag","entity-rio-de-oro@1914","rio-de-oro-spanish-colonial-framework","Rio de Oro — Spanish colonial framework","1914","historical-flag","MISSING","C","partially-supported","dependent-administration","false","[]","[]","[]","[]","{""map_identity_id"":""entity-rio-de-oro"",""aliases"":[],""historical_names"":[{""value"":""Rio de Oro — Spanish colonial framework"",""kind"":""primary"",""validFrom"":""1913-01-01"",""validUntil"":""1939-01-01""}],""identifiers"":{}}","[""Snapshot context is not observation date or boundary date."",""Map geometry does not establish sovereignty or succession."",""Existing applicability intervals: []""]","35c5a20cdfaf4e7e7a788fd82d4c2b997e0fe878efe2392487968b8d61b9029f",""
"entity-rio-de-oro@1920/historical-flag","entity-rio-de-oro@1920","rio-de-oro-spanish-colonial-framework","Rio de Oro — Spanish colonial framework","1920","historical-flag","MISSING","C","partially-supported","dependent-administration","false","[]","[]","[]","[]","{""map_identity_id"":""entity-rio-de-oro"",""aliases"":[],""historical_names"":[{""value"":""Rio de Oro — Spanish colonial framework"",""kind"":""primary"",""validFrom"":""1913-01-01"",""validUntil"":""1939-01-01""}],""identifiers"":{}}","[""Snapshot context is not observation date or boundary date."",""Map geometry does not establish sovereignty or succession."",""Existing applicability intervals: []""]","35c5a20cdfaf4e7e7a788fd82d4c2b997e0fe878efe2392487968b8d61b9029f",""
"entity-rio-de-oro@1930/historical-flag","entity-rio-de-oro@1930","rio-de-oro-spanish-colonial-framework","Rio de Oro — Spanish colonial framework","1930","historical-flag","MISSING","C","partially-supported","dependent-administration","false","[]","[]","[]","[]","{""map_identity_id"":""entity-rio-de-oro"",""aliases"":[],""historical_names"":[{""value"":""Rio de Oro — Spanish colonial framework"",""kind"":""primary"",""validFrom"":""1913-01-01"",""validUntil"":""1939-01-01""}],""identifiers"":{}}","[""Snapshot context is not observation date or boundary date."",""Map geometry does not establish sovereignty or succession."",""Existing applicability intervals: []""]","35c5a20cdfaf4e7e7a788fd82d4c2b997e0fe878efe2392487968b8d61b9029f",""
"entity-rio-de-oro@1938/historical-flag","entity-rio-de-oro@1938","rio-de-oro-spanish-colonial-framework","Rio de Oro — Spanish colonial framework","1938","historical-flag","MISSING","C","partially-supported","dependent-administration","false","[]","[]","[]","[]","{""map_identity_id"":""entity-rio-de-oro"",""aliases"":[],""historical_names"":[{""value"":""Rio de Oro — Spanish colonial framework"",""kind"":""primary"",""validFrom"":""1913-01-01"",""validUntil"":""1939-01-01""}],""identifiers"":{}}","[""Snapshot context is not observation date or boundary date."",""Map geometry does not establish sovereignty or succession."",""Existing applicability intervals: []""]","35c5a20cdfaf4e7e7a788fd82d4c2b997e0fe878efe2392487968b8d61b9029f",""
"entity-spanish-sahara@1914/historical-flag","entity-spanish-sahara@1914","spanish-sahara-colonial-framework","Western Sahara — Spanish colonial framework","1914","historical-flag","MISSING","C","partially-supported","dependent-administration","false","[]","[]","[]","[]","{""map_identity_id"":""entity-spanish-sahara"",""aliases"":[],""historical_names"":[{""value"":""Western Sahara — Spanish colonial framework"",""kind"":""primary"",""validFrom"":""1913-01-01"",""validUntil"":""1958-01-01""}],""identifiers"":{}}","[""Snapshot context is not observation date or boundary date."",""Map geometry does not establish sovereignty or succession."",""Existing applicability intervals: []""]","35c5a20cdfaf4e7e7a788fd82d4c2b997e0fe878efe2392487968b8d61b9029f",""
"entity-spanish-sahara@1920/historical-flag","entity-spanish-sahara@1920","spanish-sahara-colonial-framework","Western Sahara — Spanish colonial framework","1920","historical-flag","MISSING","C","partially-supported","dependent-administration","false","[]","[]","[]","[]","{""map_identity_id"":""entity-spanish-sahara"",""aliases"":[],""historical_names"":[{""value"":""Western Sahara — Spanish colonial framework"",""kind"":""primary"",""validFrom"":""1913-01-01"",""validUntil"":""1958-01-01""}],""identifiers"":{}}","[""Snapshot context is not observation date or boundary date."",""Map geometry does not establish sovereignty or succession."",""Existing applicability intervals: []""]","35c5a20cdfaf4e7e7a788fd82d4c2b997e0fe878efe2392487968b8d61b9029f",""
"entity-spanish-sahara@1930/historical-flag","entity-spanish-sahara@1930","spanish-sahara-colonial-framework","Western Sahara — Spanish colonial framework","1930","historical-flag","MISSING","C","partially-supported","dependent-administration","false","[]","[]","[]","[]","{""map_identity_id"":""entity-spanish-sahara"",""aliases"":[],""historical_names"":[{""value"":""Western Sahara — Spanish colonial framework"",""kind"":""primary"",""validFrom"":""1913-01-01"",""validUntil"":""1958-01-01""}],""identifiers"":{}}","[""Snapshot context is not observation date or boundary date."",""Map geometry does not establish sovereignty or succession."",""Existing applicability intervals: []""]","35c5a20cdfaf4e7e7a788fd82d4c2b997e0fe878efe2392487968b8d61b9029f",""
"entity-spanish-sahara@1938/historical-flag","entity-spanish-sahara@1938","spanish-sahara-colonial-framework","Western Sahara — Spanish colonial framework","1938","historical-flag","MISSING","C","partially-supported","dependent-administration","false","[]","[]","[]","[]","{""map_identity_id"":""entity-spanish-sahara"",""aliases"":[],""historical_names"":[{""value"":""Western Sahara — Spanish colonial framework"",""kind"":""primary"",""validFrom"":""1913-01-01"",""validUntil"":""1958-01-01""}],""identifiers"":{}}","[""Snapshot context is not observation date or boundary date."",""Map geometry does not establish sovereignty or succession."",""Existing applicability intervals: []""]","35c5a20cdfaf4e7e7a788fd82d4c2b997e0fe878efe2392487968b8d61b9029f",""
"entity-italian-somaliland@1914/historical-flag","entity-italian-somaliland@1914","italian-somaliland-early-core","Italian Somaliland — early colonial governor framework","1914","historical-flag","MISSING","C","partially-supported","dependent-administration","false","[]","[]","[]","[]","{""map_identity_id"":""entity-italian-somaliland"",""aliases"":[],""historical_names"":[{""value"":""Italian Somaliland — early colonial governor framework"",""kind"":""primary"",""validFrom"":""1914-01-01"",""validUntil"":""1921-01-01""}],""identifiers"":{}}","[""Snapshot context is not observation date or boundary date."",""Map geometry does not establish sovereignty or succession."",""Existing applicability intervals: []""]","35c5a20cdfaf4e7e7a788fd82d4c2b997e0fe878efe2392487968b8d61b9029f",""
"entity-italian-somaliland@1920/historical-flag","entity-italian-somaliland@1920","italian-somaliland-early-core","Italian Somaliland — early colonial governor framework","1920","historical-flag","MISSING","C","partially-supported","dependent-administration","false","[]","[]","[]","[]","{""map_identity_id"":""entity-italian-somaliland"",""aliases"":[],""historical_names"":[{""value"":""Italian Somaliland — early colonial governor framework"",""kind"":""primary"",""validFrom"":""1914-01-01"",""validUntil"":""1921-01-01""}],""identifiers"":{}}","[""Snapshot context is not observation date or boundary date."",""Map geometry does not establish sovereignty or succession."",""Existing applicability intervals: []""]","35c5a20cdfaf4e7e7a788fd82d4c2b997e0fe878efe2392487968b8d61b9029f",""
"entity-italian-somaliland@1930/historical-flag","entity-italian-somaliland@1930","italian-somaliland-1930-core","Italian Somaliland — fascist colonial administration in 1930","1930","historical-flag","MISSING","C","partially-supported","dependent-administration","false","[]","[]","[]","[]","{""map_identity_id"":""entity-italian-somaliland"",""aliases"":[],""historical_names"":[{""value"":""Italian Somaliland — fascist colonial administration in 1930"",""kind"":""primary"",""validFrom"":""1930-01-01"",""validUntil"":""1931-01-01""}],""identifiers"":{}}","[""Snapshot context is not observation date or boundary date."",""Map geometry does not establish sovereignty or succession."",""Existing applicability intervals: []""]","35c5a20cdfaf4e7e7a788fd82d4c2b997e0fe878efe2392487968b8d61b9029f",""
"entity-italian-somaliland@1938/historical-flag","entity-italian-somaliland@1938","somaliland-aio-1938-core","Somaliland — component government within Italian East Africa","1938","historical-flag","MISSING","C","partially-supported","dependent-administration","false","[]","[]","[]","[]","{""map_identity_id"":""entity-italian-somaliland"",""aliases"":[],""historical_names"":[{""value"":""Somaliland — component government within Italian East Africa"",""kind"":""primary"",""validFrom"":""1938-01-01"",""validUntil"":""1939-01-01""}],""identifiers"":{}}","[""Snapshot context is not observation date or boundary date."",""Map geometry does not establish sovereignty or succession."",""Existing applicability intervals: []""]","35c5a20cdfaf4e7e7a788fd82d4c2b997e0fe878efe2392487968b8d61b9029f",""
"entity-zululand@1878/historical-flag","entity-zululand@1878","b20-zulu-royal","Zulu kingdom","1878","historical-flag","MISSING","C","partially-supported","dependent-administration","false","[]","[]","[]","[]","{""map_identity_id"":""entity-zululand"",""aliases"":[],""historical_names"":[{""value"":""Zulu kingdom"",""kind"":""primary"",""validFrom"":""1878-01-01"",""validUntil"":""1879-01-01""}],""identifiers"":{}}","[""Snapshot context is not observation date or boundary date."",""Map geometry does not establish sovereignty or succession."",""Existing applicability intervals: []""]","35c5a20cdfaf4e7e7a788fd82d4c2b997e0fe878efe2392487968b8d61b9029f",""
"entity-zululand@1880/historical-flag","entity-zululand@1880","b20-zululand-postwar","Zululand — postwar chiefdom settlement","1880","historical-flag","MISSING","C","partially-supported","dependent-administration","false","[]","[]","[]","[]","{""map_identity_id"":""entity-zululand"",""aliases"":[],""historical_names"":[{""value"":""Zululand — postwar chiefdom settlement"",""kind"":""primary"",""validFrom"":""1880-03-12"",""validUntil"":""1880-03-13""}],""identifiers"":{}}","[""Snapshot context is not observation date or boundary date."",""Map geometry does not establish sovereignty or succession."",""Existing applicability intervals: []""]","35c5a20cdfaf4e7e7a788fd82d4c2b997e0fe878efe2392487968b8d61b9029f",""
"entity-zululand@1900/historical-flag","entity-zululand@1900","","Zululand","1900","historical-flag","MISSING","C","completely-empty","dependent-administration","true","[]","[]","[]","[]","{""map_identity_id"":""entity-zululand"",""aliases"":[],""historical_names"":[],""identifiers"":{}}","[""Snapshot context is not observation date or boundary date."",""Map geometry does not establish sovereignty or succession."",""Resolve historical identity before proposing entity-specific facts."",""Existing applicability intervals: []""]","35c5a20cdfaf4e7e7a788fd82d4c2b997e0fe878efe2392487968b8d61b9029f",""
"entity-somalia@1815/historical-flag","entity-somalia@1815","","Somalia","1815","historical-flag","MISSING","C","held-ambiguous","dependent-administration","true","[]","[]","[]","[]","{""map_identity_id"":""entity-somalia"",""aliases"":[],""historical_names"":[],""identifiers"":{}}","[""Snapshot context is not observation date or boundary date."",""Map geometry does not establish sovereignty or succession."",""Resolve historical identity before proposing entity-specific facts."",""Existing applicability intervals: []""]","35c5a20cdfaf4e7e7a788fd82d4c2b997e0fe878efe2392487968b8d61b9029f",""
"entity-somalia@1945/historical-flag","entity-somalia@1945","somalia-south-1945-military-core","Former Italian Somaliland — British military administration in 1945","1945","historical-flag","MISSING","C","partially-supported","dependent-administration","false","[]","[]","[]","[]","{""map_identity_id"":""entity-somalia"",""aliases"":[],""historical_names"":[{""value"":""Former Italian Somaliland — British military administration in 1945"",""kind"":""primary"",""validFrom"":""1945-01-01"",""validUntil"":""1946-01-01""}],""identifiers"":{}}","[""Snapshot context is not observation date or boundary date."",""Map geometry does not establish sovereignty or succession."",""Existing applicability intervals: []""]","35c5a20cdfaf4e7e7a788fd82d4c2b997e0fe878efe2392487968b8d61b9029f",""
"entity-somalia@1960/historical-flag","entity-somalia@1960","","Somalia","1960","historical-flag","MISSING","C","held-ambiguous","dependent-administration","true","[]","[]","[]","[]","{""map_identity_id"":""entity-somalia"",""aliases"":[],""historical_names"":[],""identifiers"":{}}","[""Snapshot context is not observation date or boundary date."",""Map geometry does not establish sovereignty or succession."",""Resolve historical identity before proposing entity-specific facts."",""Existing applicability intervals: []""]","35c5a20cdfaf4e7e7a788fd82d4c2b997e0fe878efe2392487968b8d61b9029f",""
"entity-natal@1878/historical-flag","entity-natal@1878","b20-natal-colony","Natal — British colonial administration","1878","historical-flag","MISSING","C","partially-supported","dependent-administration","false","[]","[]","[]","[]","{""map_identity_id"":""entity-natal"",""aliases"":[],""historical_names"":[{""value"":""Natal — British colonial administration"",""kind"":""primary"",""validFrom"":""1878-07-26"",""validUntil"":""1878-07-27""},{""value"":""Natal — British colony"",""kind"":""primary"",""validFrom"":""1880-08-31"",""validUntil"":""1880-09-01""},{""value"":""Natal — British colony during South African War"",""kind"":""primary"",""validFrom"":""1900-12-12"",""validUntil"":""1900-12-13""}],""identifiers"":{}}","[""Snapshot context is not observation date or boundary date."",""Map geometry does not establish sovereignty or succession."",""Existing applicability intervals: []""]","35c5a20cdfaf4e7e7a788fd82d4c2b997e0fe878efe2392487968b8d61b9029f",""
"entity-natal@1880/historical-flag","entity-natal@1880","b20-natal-colony","Natal — British colony","1880","historical-flag","MISSING","C","partially-supported","dependent-administration","false","[]","[]","[]","[]","{""map_identity_id"":""entity-natal"",""aliases"":[],""historical_names"":[{""value"":""Natal — British colonial administration"",""kind"":""primary"",""validFrom"":""1878-07-26"",""validUntil"":""1878-07-27""},{""value"":""Natal — British colony"",""kind"":""primary"",""validFrom"":""1880-08-31"",""validUntil"":""1880-09-01""},{""value"":""Natal — British colony during South African War"",""kind"":""primary"",""validFrom"":""1900-12-12"",""validUntil"":""1900-12-13""}],""identifiers"":{}}","[""Snapshot context is not observation date or boundary date."",""Map geometry does not establish sovereignty or succession."",""Existing applicability intervals: []""]","35c5a20cdfaf4e7e7a788fd82d4c2b997e0fe878efe2392487968b8d61b9029f",""
"entity-natal@1900/historical-flag","entity-natal@1900","b20-natal-colony","Natal — British colony during South African War","1900","historical-flag","MISSING","C","partially-supported","dependent-administration","false","[]","[]","[]","[]","{""map_identity_id"":""entity-natal"",""aliases"":[],""historical_names"":[{""value"":""Natal — British colonial administration"",""kind"":""primary"",""validFrom"":""1878-07-26"",""validUntil"":""1878-07-27""},{""value"":""Natal — British colony"",""kind"":""primary"",""validFrom"":""1880-08-31"",""validUntil"":""1880-09-01""},{""value"":""Natal — British colony during South African War"",""kind"":""primary"",""validFrom"":""1900-12-12"",""validUntil"":""1900-12-13""}],""identifiers"":{}}","[""Snapshot context is not observation date or boundary date."",""Map geometry does not establish sovereignty or succession."",""Existing applicability intervals: []""]","35c5a20cdfaf4e7e7a788fd82d4c2b997e0fe878efe2392487968b8d61b9029f",""
"entity-hejaz@1920/historical-flag","entity-hejaz@1920","hejaz-hussein-1920-core","Hejaz — Hussein’s kingdom in 1920","1920","historical-flag","MISSING","C","partially-supported","political-polity","false","[]","[]","[]","[]","{""map_identity_id"":""entity-hejaz"",""aliases"":[],""historical_names"":[{""value"":""Hejaz — Hussein’s kingdom in 1920"",""kind"":""primary"",""validFrom"":""1920-01-01"",""validUntil"":""1921-01-01""}],""identifiers"":{}}","[""Snapshot context is not observation date or boundary date."",""Map geometry does not establish sovereignty or succession."",""Existing applicability intervals: []""]","35c5a20cdfaf4e7e7a788fd82d4c2b997e0fe878efe2392487968b8d61b9029f",""
"entity-hejaz@1930/historical-flag","entity-hejaz@1930","hejaz-najd-1927-composite-core","Hejaz and Najd — Abdulaziz’s paired crowns","1930","historical-flag","MISSING","C","partially-supported","political-polity","false","[]","[]","[]","[]","{""map_identity_id"":""entity-hejaz"",""aliases"":[],""historical_names"":[{""value"":""Hejaz and Najd — Abdulaziz’s paired crowns"",""kind"":""primary"",""validFrom"":""1928-01-01"",""validUntil"":""1932-09-23""}],""identifiers"":{}}","[""Snapshot context is not observation date or boundary date."",""Map geometry does not establish sovereignty or succession."",""Existing applicability intervals: []""]","35c5a20cdfaf4e7e7a788fd82d4c2b997e0fe878efe2392487968b8d61b9029f",""
"entity-hejaz@1938/historical-flag","entity-hejaz@1938","","Hejaz","1938","historical-flag","MISSING","C","held-ambiguous","political-polity","true","[]","[]","[]","[]","{""map_identity_id"":""entity-hejaz"",""aliases"":[],""historical_names"":[],""identifiers"":{}}","[""Snapshot context is not observation date or boundary date."",""Map geometry does not establish sovereignty or succession."",""Resolve historical identity before proposing entity-specific facts."",""Existing applicability intervals: []""]","35c5a20cdfaf4e7e7a788fd82d4c2b997e0fe878efe2392487968b8d61b9029f",""
"entity-zimbabwe@1920/historical-flag","entity-zimbabwe@1920","","Zimbabwe","1920","historical-flag","MISSING","C","completely-empty","dependent-administration","true","[]","[]","[]","[]","{""map_identity_id"":""entity-zimbabwe"",""aliases"":[],""historical_names"":[],""identifiers"":{}}","[""Snapshot context is not observation date or boundary date."",""Map geometry does not establish sovereignty or succession."",""Resolve historical identity before proposing entity-specific facts."",""Existing applicability intervals: []""]","35c5a20cdfaf4e7e7a788fd82d4c2b997e0fe878efe2392487968b8d61b9029f",""
"entity-zimbabwe@1930/historical-flag","entity-zimbabwe@1930","b19-southern-rhodesia-self-government","Southern Rhodesia — responsible-government colony","1930","historical-flag","MISSING","C","partially-supported","dependent-administration","false","[]","[]","[]","[]","{""map_identity_id"":""entity-zimbabwe"",""aliases"":[],""historical_names"":[{""value"":""Southern Rhodesia — responsible-government colony"",""kind"":""primary"",""validFrom"":""1924-01-01"",""validUntil"":""1953-01-01""}],""identifiers"":{}}","[""Snapshot context is not observation date or boundary date."",""Map geometry does not establish sovereignty or succession."",""Existing applicability intervals: []""]","35c5a20cdfaf4e7e7a788fd82d4c2b997e0fe878efe2392487968b8d61b9029f",""
"entity-zimbabwe@1960/historical-flag","entity-zimbabwe@1960","b19-southern-rhodesia-federal","Southern Rhodesia — territorial government within federation","1960","historical-flag","MISSING","C","partially-supported","dependent-administration","false","[]","[]","[]","[]","{""map_identity_id"":""entity-zimbabwe"",""aliases"":[],""historical_names"":[{""value"":""Southern Rhodesia — territorial government within federation"",""kind"":""primary"",""validFrom"":""1954-01-01"",""validUntil"":""1961-01-01""}],""identifiers"":{}}","[""Snapshot context is not observation date or boundary date."",""Map geometry does not establish sovereignty or succession."",""Existing applicability intervals: []""]","35c5a20cdfaf4e7e7a788fd82d4c2b997e0fe878efe2392487968b8d61b9029f",""
"entity-muscat-and-oman@1920/historical-flag","entity-muscat-and-oman@1920","","Muscat and Oman","1920","historical-flag","MISSING","C","completely-empty","political-polity","true","[]","[]","[]","[]","{""map_identity_id"":""entity-muscat-and-oman"",""aliases"":[],""historical_names"":[],""identifiers"":{}}","[""Snapshot context is not observation date or boundary date."",""Map geometry does not establish sovereignty or succession."",""Resolve historical identity before proposing entity-specific facts."",""Existing applicability intervals: []""]","35c5a20cdfaf4e7e7a788fd82d4c2b997e0fe878efe2392487968b8d61b9029f",""
"entity-muscat-and-oman@1930/historical-flag","entity-muscat-and-oman@1930","muscat-post-sib-coastal-framework","Muscat and Oman — coastal government after As Sib","1930","historical-flag","MISSING","C","partially-supported","political-polity","false","[]","[]","[]","[]","{""map_identity_id"":""entity-muscat-and-oman"",""aliases"":[],""historical_names"":[{""value"":""Muscat and Oman — coastal government after As Sib"",""kind"":""primary"",""validFrom"":""1921-01-01"",""validUntil"":""1954-01-01""}],""identifiers"":{}}","[""Snapshot context is not observation date or boundary date."",""Map geometry does not establish sovereignty or succession."",""Existing applicability intervals: []""]","35c5a20cdfaf4e7e7a788fd82d4c2b997e0fe878efe2392487968b8d61b9029f",""
"entity-muscat-and-oman@1938/historical-flag","entity-muscat-and-oman@1938","muscat-post-sib-coastal-framework","Muscat and Oman — coastal government after As Sib","1938","historical-flag","MISSING","C","partially-supported","political-polity","false","[]","[]","[]","[]","{""map_identity_id"":""entity-muscat-and-oman"",""aliases"":[],""historical_names"":[{""value"":""Muscat and Oman — coastal government after As Sib"",""kind"":""primary"",""validFrom"":""1921-01-01"",""validUntil"":""1954-01-01""}],""identifiers"":{}}","[""Snapshot context is not observation date or boundary date."",""Map geometry does not establish sovereignty or succession."",""Existing applicability intervals: []""]","35c5a20cdfaf4e7e7a788fd82d4c2b997e0fe878efe2392487968b8d61b9029f",""
"entity-imerina@1878/historical-flag","entity-imerina@1878","b20-merina-royal","Madagascar — Merina royal government","1878","historical-flag","MISSING","C","partially-supported","political-polity","false","[]","[]","[]","[]","{""map_identity_id"":""entity-imerina"",""aliases"":[],""historical_names"":[{""value"":""Merina kingdom"",""kind"":""primary"",""validFrom"":""1800-01-01"",""validUntil"":""1816-01-01""},{""value"":""Madagascar — Merina royal government"",""kind"":""primary"",""validFrom"":""1878-01-01"",""validUntil"":""1881-01-01""}],""identifiers"":{}}","[""Snapshot context is not observation date or boundary date."",""Map geometry does not establish sovereignty or succession."",""Existing applicability intervals: []""]","35c5a20cdfaf4e7e7a788fd82d4c2b997e0fe878efe2392487968b8d61b9029f",""
"entity-imerina@1880/historical-flag","entity-imerina@1880","b20-merina-royal","Madagascar — Merina royal government","1880","historical-flag","MISSING","C","partially-supported","political-polity","false","[]","[]","[]","[]","{""map_identity_id"":""entity-imerina"",""aliases"":[],""historical_names"":[{""value"":""Merina kingdom"",""kind"":""primary"",""validFrom"":""1800-01-01"",""validUntil"":""1816-01-01""},{""value"":""Madagascar — Merina royal government"",""kind"":""primary"",""validFrom"":""1878-01-01"",""validUntil"":""1881-01-01""}],""identifiers"":{}}","[""Snapshot context is not observation date or boundary date."",""Map geometry does not establish sovereignty or succession."",""Existing applicability intervals: []""]","35c5a20cdfaf4e7e7a788fd82d4c2b997e0fe878efe2392487968b8d61b9029f",""
"entity-imerina@1900/historical-flag","entity-imerina@1900","","Imerina","1900","historical-flag","MISSING","C","completely-empty","political-polity","true","[]","[]","[]","[]","{""map_identity_id"":""entity-imerina"",""aliases"":[],""historical_names"":[],""identifiers"":{}}","[""Snapshot context is not observation date or boundary date."",""Map geometry does not establish sovereignty or succession."",""Resolve historical identity before proposing entity-specific facts."",""Existing applicability intervals: []""]","35c5a20cdfaf4e7e7a788fd82d4c2b997e0fe878efe2392487968b8d61b9029f",""
"entity-harer-egypt@1878/historical-flag","entity-harer-egypt@1878","harer-egyptian-1880-core","Harer — Egyptian occupation around 1880","1878","historical-flag","MISSING","C","partially-supported","dependent-administration","false","[]","[]","[]","[]","{""map_identity_id"":""entity-harer-egypt"",""aliases"":[],""historical_names"":[{""value"":""Harer — Egyptian occupation around 1880"",""kind"":""primary"",""validFrom"":""1878-01-01"",""validUntil"":""1881-01-01""}],""identifiers"":{}}","[""Snapshot context is not observation date or boundary date."",""Map geometry does not establish sovereignty or succession."",""Existing applicability intervals: []""]","35c5a20cdfaf4e7e7a788fd82d4c2b997e0fe878efe2392487968b8d61b9029f",""
"entity-harer-egypt@1880/historical-flag","entity-harer-egypt@1880","harer-egyptian-1880-core","Harer — Egyptian occupation around 1880","1880","historical-flag","MISSING","C","partially-supported","dependent-administration","false","[]","[]","[]","[]","{""map_identity_id"":""entity-harer-egypt"",""aliases"":[],""historical_names"":[{""value"":""Harer — Egyptian occupation around 1880"",""kind"":""primary"",""validFrom"":""1878-01-01"",""validUntil"":""1881-01-01""}],""identifiers"":{}}","[""Snapshot context is not observation date or boundary date."",""Map geometry does not establish sovereignty or succession."",""Existing applicability intervals: []""]","35c5a20cdfaf4e7e7a788fd82d4c2b997e0fe878efe2392487968b8d61b9029f",""
"entity-harer-egypt@1900/historical-flag","entity-harer-egypt@1900","","Harer (Egypt)","1900","historical-flag","MISSING","C","held-ambiguous","dependent-administration","true","[]","[]","[]","[]","{""map_identity_id"":""entity-harer-egypt"",""aliases"":[],""historical_names"":[],""identifiers"":{}}","[""Snapshot context is not observation date or boundary date."",""Map geometry does not establish sovereignty or succession."",""Resolve historical identity before proposing entity-specific facts."",""Existing applicability intervals: []""]","35c5a20cdfaf4e7e7a788fd82d4c2b997e0fe878efe2392487968b8d61b9029f",""
"entity-kuba@1878/historical-flag","entity-kuba@1878","b17-kuba-19c","Kuba — late nineteenth-century kingdom","1878","historical-flag","MISSING","C","partially-supported","political-polity","false","[]","[]","[]","[]","{""map_identity_id"":""entity-kuba"",""aliases"":[],""historical_names"":[{""value"":""Kuba — late nineteenth-century kingdom"",""kind"":""primary"",""validFrom"":""1878-01-01"",""validUntil"":""1881-01-01""}],""identifiers"":{}}","[""Snapshot context is not observation date or boundary date."",""Map geometry does not establish sovereignty or succession."",""Existing applicability intervals: []""]","35c5a20cdfaf4e7e7a788fd82d4c2b997e0fe878efe2392487968b8d61b9029f",""
"entity-kuba@1880/historical-flag","entity-kuba@1880","b17-kuba-19c","Kuba — late nineteenth-century kingdom","1880","historical-flag","MISSING","C","partially-supported","political-polity","false","[]","[]","[]","[]","{""map_identity_id"":""entity-kuba"",""aliases"":[],""historical_names"":[{""value"":""Kuba — late nineteenth-century kingdom"",""kind"":""primary"",""validFrom"":""1878-01-01"",""validUntil"":""1881-01-01""}],""identifiers"":{}}","[""Snapshot context is not observation date or boundary date."",""Map geometry does not establish sovereignty or succession."",""Existing applicability intervals: []""]","35c5a20cdfaf4e7e7a788fd82d4c2b997e0fe878efe2392487968b8d61b9029f",""
"entity-kuba@1900/historical-flag","entity-kuba@1900","","Kuba","1900","historical-flag","MISSING","C","completely-empty","political-polity","true","[]","[]","[]","[]","{""map_identity_id"":""entity-kuba"",""aliases"":[],""historical_names"":[],""identifiers"":{}}","[""Snapshot context is not observation date or boundary date."",""Map geometry does not establish sovereignty or succession."",""Resolve historical identity before proposing entity-specific facts."",""Existing applicability intervals: []""]","35c5a20cdfaf4e7e7a788fd82d4c2b997e0fe878efe2392487968b8d61b9029f",""
"entity-mandatory-palestine-gb@1920/historical-flag","entity-mandatory-palestine-gb@1920","","Mandatory Palestine (GB)","1920","historical-flag","MISSING","C","completely-empty","dependent-administration","true","[]","[]","[]","[]","{""map_identity_id"":""entity-mandatory-palestine-gb"",""aliases"":[],""historical_names"":[],""identifiers"":{}}","[""Snapshot context is not observation date or boundary date."",""Map geometry does not establish sovereignty or succession."",""Resolve historical identity before proposing entity-specific facts."",""Existing applicability intervals: []""]","35c5a20cdfaf4e7e7a788fd82d4c2b997e0fe878efe2392487968b8d61b9029f",""
"entity-mandatory-palestine-gb@1930/historical-flag","entity-mandatory-palestine-gb@1930","palestine-british-mandate-core","Palestine — British mandatory administration","1930","historical-flag","MISSING","C","partially-supported","dependent-administration","false","[]","[]","[]","[]","{""map_identity_id"":""entity-mandatory-palestine-gb"",""aliases"":[],""historical_names"":[{""value"":""Palestine — British mandatory administration"",""kind"":""primary"",""validFrom"":""1923-09-29"",""validUntil"":""1948-05-15""}],""identifiers"":{}}","[""Snapshot context is not observation date or boundary date."",""Map geometry does not establish sovereignty or succession."",""Existing applicability intervals: []""]","35c5a20cdfaf4e7e7a788fd82d4c2b997e0fe878efe2392487968b8d61b9029f",""
"entity-mandatory-palestine-gb@1938/historical-flag","entity-mandatory-palestine-gb@1938","palestine-british-mandate-core","Palestine — British mandatory administration","1938","historical-flag","MISSING","C","partially-supported","dependent-administration","false","[]","[]","[]","[]","{""map_identity_id"":""entity-mandatory-palestine-gb"",""aliases"":[],""historical_names"":[{""value"":""Palestine — British mandatory administration"",""kind"":""primary"",""validFrom"":""1923-09-29"",""validUntil"":""1948-05-15""}],""identifiers"":{}}","[""Snapshot context is not observation date or boundary date."",""Map geometry does not establish sovereignty or succession."",""Existing applicability intervals: []""]","35c5a20cdfaf4e7e7a788fd82d4c2b997e0fe878efe2392487968b8d61b9029f",""
"entity-rwanda-belgium@1920/historical-flag","entity-rwanda-belgium@1920","","Rwanda (Belgium)","1920","historical-flag","MISSING","C","completely-empty","dependent-administration","true","[]","[]","[]","[]","{""map_identity_id"":""entity-rwanda-belgium"",""aliases"":[],""historical_names"":[],""identifiers"":{}}","[""Snapshot context is not observation date or boundary date."",""Map geometry does not establish sovereignty or succession."",""Resolve historical identity before proposing entity-specific facts."",""Existing applicability intervals: []""]","35c5a20cdfaf4e7e7a788fd82d4c2b997e0fe878efe2392487968b8d61b9029f",""
"entity-rwanda-belgium@1930/historical-flag","entity-rwanda-belgium@1930","b17-rwanda-belgian-mandate","Ruanda — Belgian League mandate administration","1930","historical-flag","MISSING","C","partially-supported","dependent-administration","false","[]","[]","[]","[]","{""map_identity_id"":""entity-rwanda-belgium"",""aliases"":[],""historical_names"":[{""value"":""Ruanda — Belgian League mandate administration"",""kind"":""primary"",""validFrom"":""1926-01-01"",""validUntil"":""1946-01-01""}],""identifiers"":{}}","[""Snapshot context is not observation date or boundary date."",""Map geometry does not establish sovereignty or succession."",""Existing applicability intervals: []""]","35c5a20cdfaf4e7e7a788fd82d4c2b997e0fe878efe2392487968b8d61b9029f",""
"entity-rwanda-belgium@1938/historical-flag","entity-rwanda-belgium@1938","b17-rwanda-belgian-mandate","Ruanda — Belgian League mandate administration","1938","historical-flag","MISSING","C","partially-supported","dependent-administration","false","[]","[]","[]","[]","{""map_identity_id"":""entity-rwanda-belgium"",""aliases"":[],""historical_names"":[{""value"":""Ruanda — Belgian League mandate administration"",""kind"":""primary"",""validFrom"":""1926-01-01"",""validUntil"":""1946-01-01""}],""identifiers"":{}}","[""Snapshot context is not observation date or boundary date."",""Map geometry does not establish sovereignty or succession."",""Existing applicability intervals: []""]","35c5a20cdfaf4e7e7a788fd82d4c2b997e0fe878efe2392487968b8d61b9029f",""
"entity-dendi-kingdom@1878/historical-flag","entity-dendi-kingdom@1878","","Dendi Kingdom","1878","historical-flag","MISSING","C","held-ambiguous","political-polity","true","[]","[]","[]","[]","{""map_identity_id"":""entity-dendi-kingdom"",""aliases"":[],""historical_names"":[],""identifiers"":{}}","[""Snapshot context is not observation date or boundary date."",""Map geometry does not establish sovereignty or succession."",""Resolve historical identity before proposing entity-specific facts."",""Existing applicability intervals: []""]","35c5a20cdfaf4e7e7a788fd82d4c2b997e0fe878efe2392487968b8d61b9029f",""
"entity-dendi-kingdom@1880/historical-flag","entity-dendi-kingdom@1880","","Dendi Kingdom","1880","historical-flag","MISSING","C","held-ambiguous","political-polity","true","[]","[]","[]","[]","{""map_identity_id"":""entity-dendi-kingdom"",""aliases"":[],""historical_names"":[],""identifiers"":{}}","[""Snapshot context is not observation date or boundary date."",""Map geometry does not establish sovereignty or succession."",""Resolve historical identity before proposing entity-specific facts."",""Existing applicability intervals: []""]","35c5a20cdfaf4e7e7a788fd82d4c2b997e0fe878efe2392487968b8d61b9029f",""
"entity-wassoulou-empire@1878/historical-flag","entity-wassoulou-empire@1878","","Wassoulou Empire","1878","historical-flag","MISSING","C","completely-empty","political-polity","true","[]","[]","[]","[]","{""map_identity_id"":""entity-wassoulou-empire"",""aliases"":[],""historical_names"":[],""identifiers"":{}}","[""Snapshot context is not observation date or boundary date."",""Map geometry does not establish sovereignty or succession."",""Resolve historical identity before proposing entity-specific facts."",""Existing applicability intervals: []""]","35c5a20cdfaf4e7e7a788fd82d4c2b997e0fe878efe2392487968b8d61b9029f",""
"entity-wassoulou-empire@1880/historical-flag","entity-wassoulou-empire@1880","","Wassoulou Empire","1880","historical-flag","MISSING","C","completely-empty","political-polity","true","[]","[]","[]","[]","{""map_identity_id"":""entity-wassoulou-empire"",""aliases"":[],""historical_names"":[],""identifiers"":{}}","[""Snapshot context is not observation date or boundary date."",""Map geometry does not establish sovereignty or succession."",""Resolve historical identity before proposing entity-specific facts."",""Existing applicability intervals: []""]","35c5a20cdfaf4e7e7a788fd82d4c2b997e0fe878efe2392487968b8d61b9029f",""
"entity-futa-jalon@1878/historical-flag","entity-futa-jalon@1878","futa-jalon-1880-imamate-core","Futa Jalon — Islamic state around 1880","1878","historical-flag","MISSING","C","partially-supported","political-polity","false","[]","[]","[]","[]","{""map_identity_id"":""entity-futa-jalon"",""aliases"":[],""historical_names"":[{""value"":""Futa Jalon — Islamic state around 1880"",""kind"":""primary"",""validFrom"":""1878-01-01"",""validUntil"":""1881-01-01""}],""identifiers"":{}}","[""Snapshot context is not observation date or boundary date."",""Map geometry does not establish sovereignty or succession."",""Existing applicability intervals: []""]","35c5a20cdfaf4e7e7a788fd82d4c2b997e0fe878efe2392487968b8d61b9029f",""
"entity-futa-jalon@1880/historical-flag","entity-futa-jalon@1880","futa-jalon-1880-imamate-core","Futa Jalon — Islamic state around 1880","1880","historical-flag","MISSING","C","partially-supported","political-polity","false","[]","[]","[]","[]","{""map_identity_id"":""entity-futa-jalon"",""aliases"":[],""historical_names"":[{""value"":""Futa Jalon — Islamic state around 1880"",""kind"":""primary"",""validFrom"":""1878-01-01"",""validUntil"":""1881-01-01""}],""identifiers"":{}}","[""Snapshot context is not observation date or boundary date."",""Map geometry does not establish sovereignty or succession."",""Existing applicability intervals: []""]","35c5a20cdfaf4e7e7a788fd82d4c2b997e0fe878efe2392487968b8d61b9029f",""
"entity-futa-jalon@1900/historical-flag","entity-futa-jalon@1900","","Futa Jalon","1900","historical-flag","MISSING","C","held-ambiguous","political-polity","true","[]","[]","[]","[]","{""map_identity_id"":""entity-futa-jalon"",""aliases"":[],""historical_names"":[],""identifiers"":{}}","[""Snapshot context is not observation date or boundary date."",""Map geometry does not establish sovereignty or succession."",""Resolve historical identity before proposing entity-specific facts."",""Existing applicability intervals: []""]","35c5a20cdfaf4e7e7a788fd82d4c2b997e0fe878efe2392487968b8d61b9029f",""
"entity-guinea-bissau@1920/historical-flag","entity-guinea-bissau@1920","portuguese-guinea-separate-colonial-core","Portuguese Guinea — separate colonial administration","1920","historical-flag","MISSING","C","partially-supported","dependent-administration","false","[]","[]","[]","[]","{""map_identity_id"":""entity-guinea-bissau"",""aliases"":[],""historical_names"":[{""value"":""Portuguese Guinea — separate colonial administration"",""kind"":""primary"",""validFrom"":""1880-01-01"",""validUntil"":""1951-01-01""}],""identifiers"":{}}","[""Snapshot context is not observation date or boundary date."",""Map geometry does not establish sovereignty or succession."",""Existing applicability intervals: []""]","35c5a20cdfaf4e7e7a788fd82d4c2b997e0fe878efe2392487968b8d61b9029f",""
"entity-guinea-bissau@1930/historical-flag","entity-guinea-bissau@1930","portuguese-guinea-separate-colonial-core","Portuguese Guinea — separate colonial administration","1930","historical-flag","MISSING","C","partially-supported","dependent-administration","false","[]","[]","[]","[]","{""map_identity_id"":""entity-guinea-bissau"",""aliases"":[],""historical_names"":[{""value"":""Portuguese Guinea — separate colonial administration"",""kind"":""primary"",""validFrom"":""1880-01-01"",""validUntil"":""1951-01-01""}],""identifiers"":{}}","[""Snapshot context is not observation date or boundary date."",""Map geometry does not establish sovereignty or succession."",""Existing applicability intervals: []""]","35c5a20cdfaf4e7e7a788fd82d4c2b997e0fe878efe2392487968b8d61b9029f",""
"entity-guinea-bissau@1938/historical-flag","entity-guinea-bissau@1938","portuguese-guinea-separate-colonial-core","Portuguese Guinea — separate colonial administration","1938","historical-flag","MISSING","C","partially-supported","dependent-administration","false","[]","[]","[]","[]","{""map_identity_id"":""entity-guinea-bissau"",""aliases"":[],""historical_names"":[{""value"":""Portuguese Guinea — separate colonial administration"",""kind"":""primary"",""validFrom"":""1880-01-01"",""validUntil"":""1951-01-01""}],""identifiers"":{}}","[""Snapshot context is not observation date or boundary date."",""Map geometry does not establish sovereignty or succession."",""Existing applicability intervals: []""]","35c5a20cdfaf4e7e7a788fd82d4c2b997e0fe878efe2392487968b8d61b9029f",""
"entity-guinea-bissau@1960/historical-flag","entity-guinea-bissau@1960","portuguese-guinea-1960-overseas-core","Portuguese Guinea — overseas territory in 1960","1960","historical-flag","MISSING","C","partially-supported","dependent-administration","false","[]","[]","[]","[]","{""map_identity_id"":""entity-guinea-bissau"",""aliases"":[],""historical_names"":[{""value"":""Portuguese Guinea — overseas territory in 1960"",""kind"":""primary"",""validFrom"":""1960-01-01"",""validUntil"":""1961-01-01""}],""identifiers"":{}}","[""Snapshot context is not observation date or boundary date."",""Map geometry does not establish sovereignty or succession."",""Existing applicability intervals: []""]","35c5a20cdfaf4e7e7a788fd82d4c2b997e0fe878efe2392487968b8d61b9029f",""
"entity-tu-i-tonga-empire@1800/historical-flag","entity-tu-i-tonga-empire@1800","","Tuʻi Tonga Empire","1800","historical-flag","MISSING","C","held-ambiguous","political-polity","true","[]","[]","[]","[]","{""map_identity_id"":""entity-tu-i-tonga-empire"",""aliases"":[],""historical_names"":[],""identifiers"":{}}","[""Snapshot context is not observation date or boundary date."",""Map geometry does not establish sovereignty or succession."",""Resolve historical identity before proposing entity-specific facts."",""Existing applicability intervals: []""]","35c5a20cdfaf4e7e7a788fd82d4c2b997e0fe878efe2392487968b8d61b9029f",""
"entity-tu-i-tonga-empire@1815/historical-flag","entity-tu-i-tonga-empire@1815","","Tuʻi Tonga Empire","1815","historical-flag","MISSING","C","held-ambiguous","political-polity","true","[]","[]","[]","[]","{""map_identity_id"":""entity-tu-i-tonga-empire"",""aliases"":[],""historical_names"":[],""identifiers"":{}}","[""Snapshot context is not observation date or boundary date."",""Map geometry does not establish sovereignty or succession."",""Resolve historical identity before proposing entity-specific facts."",""Existing applicability intervals: []""]","35c5a20cdfaf4e7e7a788fd82d4c2b997e0fe878efe2392487968b8d61b9029f",""
"entity-delagoa-bay@1800/historical-flag","entity-delagoa-bay@1800","","Delagoa Bay","1800","historical-flag","MISSING","C","held-ambiguous","dependent-administration","true","[]","[]","[]","[]","{""map_identity_id"":""entity-delagoa-bay"",""aliases"":[],""historical_names"":[],""identifiers"":{}}","[""Snapshot context is not observation date or boundary date."",""Map geometry does not establish sovereignty or succession."",""Resolve historical identity before proposing entity-specific facts."",""Existing applicability intervals: []""]","35c5a20cdfaf4e7e7a788fd82d4c2b997e0fe878efe2392487968b8d61b9029f",""
"entity-delagoa-bay@1815/historical-flag","entity-delagoa-bay@1815","","Delagoa Bay","1815","historical-flag","MISSING","C","held-ambiguous","dependent-administration","true","[]","[]","[]","[]","{""map_identity_id"":""entity-delagoa-bay"",""aliases"":[],""historical_names"":[],""identifiers"":{}}","[""Snapshot context is not observation date or boundary date."",""Map geometry does not establish sovereignty or succession."",""Resolve historical identity before proposing entity-specific facts."",""Existing applicability intervals: []""]","35c5a20cdfaf4e7e7a788fd82d4c2b997e0fe878efe2392487968b8d61b9029f",""
"entity-opobo@1878/historical-flag","entity-opobo@1878","opobo-jaja-pre1884-core","Opobo — Jaja’s treaty-recognised kingship","1878","historical-flag","MISSING","C","partially-supported","political-polity","false","[]","[]","[]","[]","{""map_identity_id"":""entity-opobo"",""aliases"":[],""historical_names"":[{""value"":""Opobo — Jaja’s treaty-recognised kingship"",""kind"":""primary"",""validFrom"":""1878-01-01"",""validUntil"":""1881-01-01""}],""identifiers"":{}}","[""Snapshot context is not observation date or boundary date."",""Map geometry does not establish sovereignty or succession."",""Existing applicability intervals: []""]","35c5a20cdfaf4e7e7a788fd82d4c2b997e0fe878efe2392487968b8d61b9029f",""
"entity-opobo@1880/historical-flag","entity-opobo@1880","opobo-jaja-pre1884-core","Opobo — Jaja’s treaty-recognised kingship","1880","historical-flag","MISSING","C","partially-supported","political-polity","false","[]","[]","[]","[]","{""map_identity_id"":""entity-opobo"",""aliases"":[],""historical_names"":[{""value"":""Opobo — Jaja’s treaty-recognised kingship"",""kind"":""primary"",""validFrom"":""1878-01-01"",""validUntil"":""1881-01-01""}],""identifiers"":{}}","[""Snapshot context is not observation date or boundary date."",""Map geometry does not establish sovereignty or succession."",""Existing applicability intervals: []""]","35c5a20cdfaf4e7e7a788fd82d4c2b997e0fe878efe2392487968b8d61b9029f",""
"entity-opobo@1900/historical-flag","entity-opobo@1900","","Opobo","1900","historical-flag","MISSING","C","held-ambiguous","political-polity","true","[]","[]","[]","[]","{""map_identity_id"":""entity-opobo"",""aliases"":[],""historical_names"":[],""identifiers"":{}}","[""Snapshot context is not observation date or boundary date."",""Map geometry does not establish sovereignty or succession."",""Resolve historical identity before proposing entity-specific facts."",""Existing applicability intervals: []""]","35c5a20cdfaf4e7e7a788fd82d4c2b997e0fe878efe2392487968b8d61b9029f",""
"entity-anhalt@1800/historical-flag","entity-anhalt@1800","","Anhalt","1800","historical-flag","MISSING","C","held-ambiguous","political-polity","true","[]","[]","[]","[]","{""map_identity_id"":""entity-anhalt"",""aliases"":[],""historical_names"":[],""identifiers"":{}}","[""Snapshot context is not observation date or boundary date."",""Map geometry does not establish sovereignty or succession."",""Resolve historical identity before proposing entity-specific facts."",""Existing applicability intervals: []""]","35c5a20cdfaf4e7e7a788fd82d4c2b997e0fe878efe2392487968b8d61b9029f",""
"entity-anhalt@1815/historical-flag","entity-anhalt@1815","","Anhalt","1815","historical-flag","MISSING","C","held-ambiguous","political-polity","true","[]","[]","[]","[]","{""map_identity_id"":""entity-anhalt"",""aliases"":[],""historical_names"":[],""identifiers"":{}}","[""Snapshot context is not observation date or boundary date."",""Map geometry does not establish sovereignty or succession."",""Resolve historical identity before proposing entity-specific facts."",""Existing applicability intervals: []""]","35c5a20cdfaf4e7e7a788fd82d4c2b997e0fe878efe2392487968b8d61b9029f",""
"entity-hohenzollern@1800/historical-flag","entity-hohenzollern@1800","","Hohenzollern","1800","historical-flag","MISSING","C","held-ambiguous","political-polity","true","[]","[]","[]","[]","{""map_identity_id"":""entity-hohenzollern"",""aliases"":[],""historical_names"":[],""identifiers"":{}}","[""Snapshot context is not observation date or boundary date."",""Map geometry does not establish sovereignty or succession."",""Resolve historical identity before proposing entity-specific facts."",""Existing applicability intervals: []""]","35c5a20cdfaf4e7e7a788fd82d4c2b997e0fe878efe2392487968b8d61b9029f",""
"entity-hohenzollern@1815/historical-flag","entity-hohenzollern@1815","","Hohenzollern","1815","historical-flag","MISSING","C","held-ambiguous","political-polity","true","[]","[]","[]","[]","{""map_identity_id"":""entity-hohenzollern"",""aliases"":[],""historical_names"":[],""identifiers"":{}}","[""Snapshot context is not observation date or boundary date."",""Map geometry does not establish sovereignty or succession."",""Resolve historical identity before proposing entity-specific facts."",""Existing applicability intervals: []""]","35c5a20cdfaf4e7e7a788fd82d4c2b997e0fe878efe2392487968b8d61b9029f",""
"entity-lithuania@1938/historical-flag","entity-lithuania@1938","","Lithuania","1938","historical-flag","MISSING","C","completely-empty","political-polity","true","[]","[]","[]","[]","{""map_identity_id"":""entity-lithuania"",""aliases"":[],""historical_names"":[],""identifiers"":{}}","[""Snapshot context is not observation date or boundary date."",""Map geometry does not establish sovereignty or succession."",""Resolve historical identity before proposing entity-specific facts."",""Existing applicability intervals: []""]","35c5a20cdfaf4e7e7a788fd82d4c2b997e0fe878efe2392487968b8d61b9029f",""
"entity-bosnia-herzegovina@1878/historical-flag","entity-bosnia-herzegovina@1878","bosnia-habsburg-administration","Bosnia and Herzegovina — Habsburg administration","1878","historical-flag","MISSING","C","partially-supported","dependent-administration","false","[]","[]","[]","[]","{""map_identity_id"":""entity-bosnia-herzegovina"",""aliases"":[],""historical_names"":[{""value"":""Bosnia and Herzegovina — Habsburg administration"",""kind"":""primary"",""validFrom"":""1878"",""validUntil"":""1918-01-01""}],""identifiers"":{}}","[""Snapshot context is not observation date or boundary date."",""Map geometry does not establish sovereignty or succession."",""Existing applicability intervals: []""]","35c5a20cdfaf4e7e7a788fd82d4c2b997e0fe878efe2392487968b8d61b9029f",""
"entity-bosnia-herzegovina@1880/historical-flag","entity-bosnia-herzegovina@1880","bosnia-habsburg-administration","Bosnia and Herzegovina — Habsburg administration","1880","historical-flag","MISSING","C","partially-supported","dependent-administration","false","[]","[]","[]","[]","{""map_identity_id"":""entity-bosnia-herzegovina"",""aliases"":[],""historical_names"":[{""value"":""Bosnia and Herzegovina — Habsburg administration"",""kind"":""primary"",""validFrom"":""1878"",""validUntil"":""1918-01-01""}],""identifiers"":{}}","[""Snapshot context is not observation date or boundary date."",""Map geometry does not establish sovereignty or succession."",""Existing applicability intervals: []""]","35c5a20cdfaf4e7e7a788fd82d4c2b997e0fe878efe2392487968b8d61b9029f",""
"entity-bosnia-herzegovina@1900/historical-flag","entity-bosnia-herzegovina@1900","bosnia-habsburg-administration","Bosnia and Herzegovina — Habsburg administration","1900","historical-flag","MISSING","C","partially-supported","dependent-administration","false","[]","[]","[]","[]","{""map_identity_id"":""entity-bosnia-herzegovina"",""aliases"":[],""historical_names"":[{""value"":""Bosnia and Herzegovina — Habsburg administration"",""kind"":""primary"",""validFrom"":""1878"",""validUntil"":""1918-01-01""}],""identifiers"":{}}","[""Snapshot context is not observation date or boundary date."",""Map geometry does not establish sovereignty or succession."",""Existing applicability intervals: []""]","35c5a20cdfaf4e7e7a788fd82d4c2b997e0fe878efe2392487968b8d61b9029f",""
"entity-zambia@1920/historical-flag","entity-zambia@1920","b19-northern-rhodesia-company","Northern Rhodesia — Company administration","1920","historical-flag","MISSING","C","partially-supported","dependent-administration","false","[]","[]","[]","[]","{""map_identity_id"":""entity-zambia"",""aliases"":[],""historical_names"":[{""value"":""Northern Rhodesia — Company administration"",""kind"":""primary"",""validFrom"":""1912-01-01"",""validUntil"":""1924-04-01""}],""identifiers"":{}}","[""Snapshot context is not observation date or boundary date."",""Map geometry does not establish sovereignty or succession."",""Existing applicability intervals: []""]","35c5a20cdfaf4e7e7a788fd82d4c2b997e0fe878efe2392487968b8d61b9029f",""
"entity-zambia@1930/historical-flag","entity-zambia@1930","b19-northern-rhodesia-crown","Northern Rhodesia — Crown administration","1930","historical-flag","MISSING","C","partially-supported","dependent-administration","false","[]","[]","[]","[]","{""map_identity_id"":""entity-zambia"",""aliases"":[],""historical_names"":[{""value"":""Northern Rhodesia — Crown administration"",""kind"":""primary"",""validFrom"":""1924-04-01"",""validUntil"":""1953-01-01""}],""identifiers"":{}}","[""Snapshot context is not observation date or boundary date."",""Map geometry does not establish sovereignty or succession."",""Existing applicability intervals: []""]","35c5a20cdfaf4e7e7a788fd82d4c2b997e0fe878efe2392487968b8d61b9029f",""
"entity-zambia@1960/historical-flag","entity-zambia@1960","b19-northern-rhodesia-federal","Northern Rhodesia — territorial government within federation","1960","historical-flag","MISSING","C","partially-supported","dependent-administration","false","[]","[]","[]","[]","{""map_identity_id"":""entity-zambia"",""aliases"":[],""historical_names"":[{""value"":""Northern Rhodesia — territorial government within federation"",""kind"":""primary"",""validFrom"":""1954-01-01"",""validUntil"":""1961-01-01""}],""identifiers"":{}}","[""Snapshot context is not observation date or boundary date."",""Map geometry does not establish sovereignty or succession."",""Existing applicability intervals: []""]","35c5a20cdfaf4e7e7a788fd82d4c2b997e0fe878efe2392487968b8d61b9029f",""
"entity-burkina-faso@1945/historical-flag","entity-burkina-faso@1945","","Burkina Faso","1945","historical-flag","MISSING","C","held-ambiguous","dependent-administration","true","[]","[]","[]","[]","{""map_identity_id"":""entity-burkina-faso"",""aliases"":[],""historical_names"":[],""identifiers"":{}}","[""Snapshot context is not observation date or boundary date."",""Map geometry does not establish sovereignty or succession."",""Resolve historical identity before proposing entity-specific facts."",""Existing applicability intervals: []""]","35c5a20cdfaf4e7e7a788fd82d4c2b997e0fe878efe2392487968b8d61b9029f",""
"entity-burkina-faso@1960/historical-flag","entity-burkina-faso@1960","upper-volta-1960-independent-core","Upper Volta — independence in 1960","1960","historical-flag","MISSING","C","held-ambiguous","dependent-administration","false","[]","[]","[]","[]","{""map_identity_id"":""entity-burkina-faso"",""aliases"":[],""historical_names"":[{""value"":""Upper Volta — independence in 1960"",""kind"":""primary"",""validFrom"":""1960-08-05"",""validUntil"":""1960-08-06""}],""identifiers"":{}}","[""Snapshot context is not observation date or boundary date."",""Map geometry does not establish sovereignty or succession."",""Existing applicability intervals: []""]","35c5a20cdfaf4e7e7a788fd82d4c2b997e0fe878efe2392487968b8d61b9029f",""
"entity-kong-empire@1800/historical-flag","entity-kong-empire@1800","kong-early-nineteenth-state-core","Kong — early nineteenth-century empire","1800","historical-flag","MISSING","C","partially-supported","political-polity","false","[]","[]","[]","[]","{""map_identity_id"":""entity-kong-empire"",""aliases"":[],""historical_names"":[{""value"":""Kong — early nineteenth-century empire"",""kind"":""primary"",""validFrom"":""1800-01-01"",""validUntil"":""1801-01-01""}],""identifiers"":{}}","[""Snapshot context is not observation date or boundary date."",""Map geometry does not establish sovereignty or succession."",""Existing applicability intervals: []""]","35c5a20cdfaf4e7e7a788fd82d4c2b997e0fe878efe2392487968b8d61b9029f",""
"entity-kong-empire@1878/historical-flag","entity-kong-empire@1878","kong-late-nineteenth-state-core","Kong — empire around 1880","1878","historical-flag","MISSING","C","partially-supported","political-polity","false","[]","[]","[]","[]","{""map_identity_id"":""entity-kong-empire"",""aliases"":[],""historical_names"":[{""value"":""Kong — empire around 1880"",""kind"":""primary"",""validFrom"":""1878-01-01"",""validUntil"":""1881-01-01""}],""identifiers"":{}}","[""Snapshot context is not observation date or boundary date."",""Map geometry does not establish sovereignty or succession."",""Existing applicability intervals: []""]","35c5a20cdfaf4e7e7a788fd82d4c2b997e0fe878efe2392487968b8d61b9029f",""
"entity-kong-empire@1880/historical-flag","entity-kong-empire@1880","kong-late-nineteenth-state-core","Kong — empire around 1880","1880","historical-flag","MISSING","C","partially-supported","political-polity","false","[]","[]","[]","[]","{""map_identity_id"":""entity-kong-empire"",""aliases"":[],""historical_names"":[{""value"":""Kong — empire around 1880"",""kind"":""primary"",""validFrom"":""1878-01-01"",""validUntil"":""1881-01-01""}],""identifiers"":{}}","[""Snapshot context is not observation date or boundary date."",""Map geometry does not establish sovereignty or succession."",""Existing applicability intervals: []""]","35c5a20cdfaf4e7e7a788fd82d4c2b997e0fe878efe2392487968b8d61b9029f",""
"entity-latvia@1920/historical-flag","entity-latvia@1920","latvian-constituent-framework","Republic of Latvia — constituent framework","1920","historical-flag","MISSING","C","partially-supported","political-polity","false","[]","[]","[]","[]","{""map_identity_id"":""entity-latvia"",""aliases"":[],""historical_names"":[{""value"":""Republic of Latvia — constituent framework"",""kind"":""primary"",""validFrom"":""1920-06-01"",""validUntil"":""1922-11-07""}],""identifiers"":{}}","[""Snapshot context is not observation date or boundary date."",""Map geometry does not establish sovereignty or succession."",""Existing applicability intervals: []""]","35c5a20cdfaf4e7e7a788fd82d4c2b997e0fe878efe2392487968b8d61b9029f",""
"entity-latvia@1930/historical-flag","entity-latvia@1930","latvian-saeima-framework","Republic of Latvia — Saeima framework","1930","historical-flag","MISSING","C","partially-supported","political-polity","false","[]","[]","[]","[]","{""map_identity_id"":""entity-latvia"",""aliases"":[],""historical_names"":[{""value"":""Republic of Latvia — Saeima framework"",""kind"":""primary"",""validFrom"":""1922-11-07"",""validUntil"":""1934-05-15""}],""identifiers"":{}}","[""Snapshot context is not observation date or boundary date."",""Map geometry does not establish sovereignty or succession."",""Existing applicability intervals: []""]","35c5a20cdfaf4e7e7a788fd82d4c2b997e0fe878efe2392487968b8d61b9029f",""
"entity-latvia@1938/historical-flag","entity-latvia@1938","latvian-cabinet-legislative-framework","Republic of Latvia — Cabinet legislative framework","1938","historical-flag","MISSING","C","partially-supported","political-polity","false","[]","[]","[]","[]","{""map_identity_id"":""entity-latvia"",""aliases"":[],""historical_names"":[{""value"":""Republic of Latvia — Cabinet legislative framework"",""kind"":""primary"",""validFrom"":""1934-05-15"",""validUntil"":""1939-01-01""}],""identifiers"":{}}","[""Snapshot context is not observation date or boundary date."",""Map geometry does not establish sovereignty or succession."",""Existing applicability intervals: []""]","35c5a20cdfaf4e7e7a788fd82d4c2b997e0fe878efe2392487968b8d61b9029f",""
"entity-saxony@1800/historical-flag","entity-saxony@1800","","Saxony","1800","historical-flag","MISSING","C","completely-empty","political-polity","true","[]","[]","[]","[]","{""map_identity_id"":""entity-saxony"",""aliases"":[],""historical_names"":[],""identifiers"":{}}","[""Snapshot context is not observation date or boundary date."",""Map geometry does not establish sovereignty or succession."",""Resolve historical identity before proposing entity-specific facts."",""Existing applicability intervals: []""]","35c5a20cdfaf4e7e7a788fd82d4c2b997e0fe878efe2392487968b8d61b9029f",""
"entity-saxony@1815/historical-flag","entity-saxony@1815","saxony-restored-royal-framework","Kingdom of Saxony — restored royal framework","1815","historical-flag","MISSING","C","partially-supported","political-polity","false","[]","[]","[]","[]","{""map_identity_id"":""entity-saxony"",""aliases"":[],""historical_names"":[{""value"":""Kingdom of Saxony — restored royal framework"",""kind"":""primary"",""validFrom"":""1815-06-07"",""validUntil"":""1818-01-01""}],""identifiers"":{}}","[""Snapshot context is not observation date or boundary date."",""Map geometry does not establish sovereignty or succession."",""Existing applicability intervals: []""]","35c5a20cdfaf4e7e7a788fd82d4c2b997e0fe878efe2392487968b8d61b9029f",""
"entity-basutoland@1878/historical-flag","entity-basutoland@1878","b19-basutoland-cape","Basutoland — Cape colonial administration","1878","historical-flag","MISSING","C","partially-supported","dependent-administration","false","[]","[]","[]","[]","{""map_identity_id"":""entity-basutoland"",""aliases"":[],""historical_names"":[{""value"":""Basutoland — Cape colonial administration"",""kind"":""primary"",""validFrom"":""1873-01-01"",""validUntil"":""1884-03-18""}],""identifiers"":{}}","[""Snapshot context is not observation date or boundary date."",""Map geometry does not establish sovereignty or succession."",""Existing applicability intervals: []""]","35c5a20cdfaf4e7e7a788fd82d4c2b997e0fe878efe2392487968b8d61b9029f",""
"entity-basutoland@1880/historical-flag","entity-basutoland@1880","b19-basutoland-cape","Basutoland — Cape colonial administration","1880","historical-flag","MISSING","C","partially-supported","dependent-administration","false","[]","[]","[]","[]","{""map_identity_id"":""entity-basutoland"",""aliases"":[],""historical_names"":[{""value"":""Basutoland — Cape colonial administration"",""kind"":""primary"",""validFrom"":""1873-01-01"",""validUntil"":""1884-03-18""}],""identifiers"":{}}","[""Snapshot context is not observation date or boundary date."",""Map geometry does not establish sovereignty or succession."",""Existing applicability intervals: []""]","35c5a20cdfaf4e7e7a788fd82d4c2b997e0fe878efe2392487968b8d61b9029f",""
"entity-basutoland@1900/historical-flag","entity-basutoland@1900","b19-basutoland-imperial","Basutoland — direct imperial administration","1900","historical-flag","MISSING","C","partially-supported","dependent-administration","false","[]","[]","[]","[]","{""map_identity_id"":""entity-basutoland"",""aliases"":[],""historical_names"":[{""value"":""Basutoland — direct imperial administration"",""kind"":""primary"",""validFrom"":""1885-01-01"",""validUntil"":""1903-01-01""}],""identifiers"":{}}","[""Snapshot context is not observation date or boundary date."",""Map geometry does not establish sovereignty or succession."",""Existing applicability intervals: []""]","35c5a20cdfaf4e7e7a788fd82d4c2b997e0fe878efe2392487968b8d61b9029f",""
"entity-venetia@1800/historical-flag","entity-venetia@1800","","Venetia","1800","historical-flag","MISSING","C","completely-empty","dependent-administration","true","[]","[]","[]","[]","{""map_identity_id"":""entity-venetia"",""aliases"":[],""historical_names"":[],""identifiers"":{}}","[""Snapshot context is not observation date or boundary date."",""Map geometry does not establish sovereignty or succession."",""Resolve historical identity before proposing entity-specific facts."",""Existing applicability intervals: []""]","35c5a20cdfaf4e7e7a788fd82d4c2b997e0fe878efe2392487968b8d61b9029f",""
"entity-venetia@1815/historical-flag","entity-venetia@1815","venetia-1815-administration","Venetia — Venetian government","1815","historical-flag","MISSING","C","partially-supported","dependent-administration","false","[]","[]","[]","[]","{""map_identity_id"":""entity-venetia"",""aliases"":[],""historical_names"":[{""value"":""Venetia — Venetian government"",""kind"":""primary"",""validFrom"":""1815-04-07"",""validUntil"":""1818-01-01""}],""identifiers"":{}}","[""Snapshot context is not observation date or boundary date."",""Map geometry does not establish sovereignty or succession."",""Existing applicability intervals: []""]","35c5a20cdfaf4e7e7a788fd82d4c2b997e0fe878efe2392487968b8d61b9029f",""
"entity-lombardy@1800/historical-flag","entity-lombardy@1800","","Lombardy","1800","historical-flag","MISSING","C","completely-empty","dependent-administration","true","[]","[]","[]","[]","{""map_identity_id"":""entity-lombardy"",""aliases"":[],""historical_names"":[],""identifiers"":{}}","[""Snapshot context is not observation date or boundary date."",""Map geometry does not establish sovereignty or succession."",""Resolve historical identity before proposing entity-specific facts."",""Existing applicability intervals: []""]","35c5a20cdfaf4e7e7a788fd82d4c2b997e0fe878efe2392487968b8d61b9029f",""
"entity-lombardy@1815/historical-flag","entity-lombardy@1815","lombardy-1815-administration","Lombardy — Milanese government","1815","historical-flag","MISSING","C","partially-supported","dependent-administration","false","[]","[]","[]","[]","{""map_identity_id"":""entity-lombardy"",""aliases"":[],""historical_names"":[{""value"":""Lombardy — Milanese government"",""kind"":""primary"",""validFrom"":""1815-04-07"",""validUntil"":""1818-01-01""}],""identifiers"":{}}","[""Snapshot context is not observation date or boundary date."",""Map geometry does not establish sovereignty or succession."",""Existing applicability intervals: []""]","35c5a20cdfaf4e7e7a788fd82d4c2b997e0fe878efe2392487968b8d61b9029f",""
"entity-djibouti@1914/historical-flag","entity-djibouti@1914","french-somaliland-colonial-core","French Somaliland — prewar colonial administration","1914","historical-flag","MISSING","C","partially-supported","dependent-administration","false","[]","[]","[]","[]","{""map_identity_id"":""entity-djibouti"",""aliases"":[],""historical_names"":[{""value"":""French Somaliland — prewar colonial administration"",""kind"":""primary"",""validFrom"":""1914-01-01"",""validUntil"":""1939-01-01""},{""value"":""French Somaliland — colonial dependency in 1945"",""kind"":""primary"",""validFrom"":""1945-01-01"",""validUntil"":""1946-01-01""}],""identifiers"":{}}","[""Snapshot context is not observation date or boundary date."",""Map geometry does not establish sovereignty or succession."",""Existing applicability intervals: []""]","35c5a20cdfaf4e7e7a788fd82d4c2b997e0fe878efe2392487968b8d61b9029f",""
"entity-djibouti@1945/historical-flag","entity-djibouti@1945","french-somaliland-colonial-core","French Somaliland — colonial dependency in 1945","1945","historical-flag","MISSING","C","partially-supported","dependent-administration","false","[]","[]","[]","[]","{""map_identity_id"":""entity-djibouti"",""aliases"":[],""historical_names"":[{""value"":""French Somaliland — prewar colonial administration"",""kind"":""primary"",""validFrom"":""1914-01-01"",""validUntil"":""1939-01-01""},{""value"":""French Somaliland — colonial dependency in 1945"",""kind"":""primary"",""validFrom"":""1945-01-01"",""validUntil"":""1946-01-01""}],""identifiers"":{}}","[""Snapshot context is not observation date or boundary date."",""Map geometry does not establish sovereignty or succession."",""Existing applicability intervals: []""]","35c5a20cdfaf4e7e7a788fd82d4c2b997e0fe878efe2392487968b8d61b9029f",""
"entity-djibouti@1960/historical-flag","entity-djibouti@1960","french-somaliland-1960-overseas-core","French Somaliland — overseas territory in 1960","1960","historical-flag","MISSING","C","partially-supported","dependent-administration","false","[]","[]","[]","[]","{""map_identity_id"":""entity-djibouti"",""aliases"":[],""historical_names"":[{""value"":""French Somaliland — overseas territory in 1960"",""kind"":""primary"",""validFrom"":""1960-01-01"",""validUntil"":""1961-01-01""}],""identifiers"":{}}","[""Snapshot context is not observation date or boundary date."",""Map geometry does not establish sovereignty or succession."",""Existing applicability intervals: []""]","35c5a20cdfaf4e7e7a788fd82d4c2b997e0fe878efe2392487968b8d61b9029f",""
"entity-french-somaliland@1920/historical-flag","entity-french-somaliland@1920","french-somaliland-colonial-core","French Somaliland — prewar colonial administration","1920","historical-flag","MISSING","C","partially-supported","dependent-administration","false","[]","[]","[]","[]","{""map_identity_id"":""entity-french-somaliland"",""aliases"":[],""historical_names"":[{""value"":""French Somaliland — prewar colonial administration"",""kind"":""primary"",""validFrom"":""1914-01-01"",""validUntil"":""1939-01-01""},{""value"":""French Somaliland — colonial dependency in 1945"",""kind"":""primary"",""validFrom"":""1945-01-01"",""validUntil"":""1946-01-01""}],""identifiers"":{}}","[""Snapshot context is not observation date or boundary date."",""Map geometry does not establish sovereignty or succession."",""Existing applicability intervals: []""]","35c5a20cdfaf4e7e7a788fd82d4c2b997e0fe878efe2392487968b8d61b9029f",""
"entity-french-somaliland@1930/historical-flag","entity-french-somaliland@1930","french-somaliland-colonial-core","French Somaliland — prewar colonial administration","1930","historical-flag","MISSING","C","partially-supported","dependent-administration","false","[]","[]","[]","[]","{""map_identity_id"":""entity-french-somaliland"",""aliases"":[],""historical_names"":[{""value"":""French Somaliland — prewar colonial administration"",""kind"":""primary"",""validFrom"":""1914-01-01"",""validUntil"":""1939-01-01""},{""value"":""French Somaliland — colonial dependency in 1945"",""kind"":""primary"",""validFrom"":""1945-01-01"",""validUntil"":""1946-01-01""}],""identifiers"":{}}","[""Snapshot context is not observation date or boundary date."",""Map geometry does not establish sovereignty or succession."",""Existing applicability intervals: []""]","35c5a20cdfaf4e7e7a788fd82d4c2b997e0fe878efe2392487968b8d61b9029f",""
"entity-french-somaliland@1938/historical-flag","entity-french-somaliland@1938","french-somaliland-colonial-core","French Somaliland — prewar colonial administration","1938","historical-flag","MISSING","C","partially-supported","dependent-administration","false","[]","[]","[]","[]","{""map_identity_id"":""entity-french-somaliland"",""aliases"":[],""historical_names"":[{""value"":""French Somaliland — prewar colonial administration"",""kind"":""primary"",""validFrom"":""1914-01-01"",""validUntil"":""1939-01-01""},{""value"":""French Somaliland — colonial dependency in 1945"",""kind"":""primary"",""validFrom"":""1945-01-01"",""validUntil"":""1946-01-01""}],""identifiers"":{}}","[""Snapshot context is not observation date or boundary date."",""Map geometry does not establish sovereignty or succession."",""Existing applicability intervals: []""]","35c5a20cdfaf4e7e7a788fd82d4c2b997e0fe878efe2392487968b8d61b9029f",""
"entity-gambia@1878/historical-flag","entity-gambia@1878","gambia-1878-british-settlement-core","Gambia — British colonial settlement around 1880","1878","historical-flag","MISSING","C","partially-supported","dependent-administration","false","[]","[]","[]","[]","{""map_identity_id"":""entity-gambia"",""aliases"":[],""historical_names"":[{""value"":""Gambia — British colonial settlement around 1880"",""kind"":""primary"",""validFrom"":""1878-01-01"",""validUntil"":""1881-01-01""}],""identifiers"":{}}","[""Snapshot context is not observation date or boundary date."",""Map geometry does not establish sovereignty or succession."",""Existing applicability intervals: []""]","35c5a20cdfaf4e7e7a788fd82d4c2b997e0fe878efe2392487968b8d61b9029f",""
"entity-gambia@1880/historical-flag","entity-gambia@1880","gambia-1878-british-settlement-core","Gambia — British colonial settlement around 1880","1880","historical-flag","MISSING","C","partially-supported","dependent-administration","false","[]","[]","[]","[]","{""map_identity_id"":""entity-gambia"",""aliases"":[],""historical_names"":[{""value"":""Gambia — British colonial settlement around 1880"",""kind"":""primary"",""validFrom"":""1878-01-01"",""validUntil"":""1881-01-01""}],""identifiers"":{}}","[""Snapshot context is not observation date or boundary date."",""Map geometry does not establish sovereignty or succession."",""Existing applicability intervals: []""]","35c5a20cdfaf4e7e7a788fd82d4c2b997e0fe878efe2392487968b8d61b9029f",""
"entity-gambia@1900/historical-flag","entity-gambia@1900","gambia-colony-protectorate-core","Gambia — colony and protectorate","1900","historical-flag","MISSING","C","partially-supported","dependent-administration","false","[]","[]","[]","[]","{""map_identity_id"":""entity-gambia"",""aliases"":[],""historical_names"":[{""value"":""Gambia — colony and protectorate"",""kind"":""primary"",""validFrom"":""1900-01-01"",""validUntil"":""1945-01-01""}],""identifiers"":{}}","[""Snapshot context is not observation date or boundary date."",""Map geometry does not establish sovereignty or succession."",""Existing applicability intervals: []""]","35c5a20cdfaf4e7e7a788fd82d4c2b997e0fe878efe2392487968b8d61b9029f",""
"entity-lagos@1878/historical-flag","entity-lagos@1878","lagos-1880-colonial-core","Lagos — colonial administration around 1880","1878","historical-flag","MISSING","C","partially-supported","dependent-administration","false","[]","[]","[]","[]","{""map_identity_id"":""entity-lagos"",""aliases"":[],""historical_names"":[{""value"":""Lagos — colonial administration around 1880"",""kind"":""primary"",""validFrom"":""1878-01-01"",""validUntil"":""1881-01-01""}],""identifiers"":{}}","[""Snapshot context is not observation date or boundary date."",""Map geometry does not establish sovereignty or succession."",""Existing applicability intervals: []""]","35c5a20cdfaf4e7e7a788fd82d4c2b997e0fe878efe2392487968b8d61b9029f",""
"entity-lagos@1880/historical-flag","entity-lagos@1880","lagos-1880-colonial-core","Lagos — colonial administration around 1880","1880","historical-flag","MISSING","C","partially-supported","dependent-administration","false","[]","[]","[]","[]","{""map_identity_id"":""entity-lagos"",""aliases"":[],""historical_names"":[{""value"":""Lagos — colonial administration around 1880"",""kind"":""primary"",""validFrom"":""1878-01-01"",""validUntil"":""1881-01-01""}],""identifiers"":{}}","[""Snapshot context is not observation date or boundary date."",""Map geometry does not establish sovereignty or succession."",""Existing applicability intervals: []""]","35c5a20cdfaf4e7e7a788fd82d4c2b997e0fe878efe2392487968b8d61b9029f",""
"entity-lagos@1900/historical-flag","entity-lagos@1900","lagos-1900-colonial-core","Lagos — colony around 1900","1900","historical-flag","MISSING","C","partially-supported","dependent-administration","false","[]","[]","[]","[]","{""map_identity_id"":""entity-lagos"",""aliases"":[],""historical_names"":[{""value"":""Lagos — colony around 1900"",""kind"":""primary"",""validFrom"":""1900-01-01"",""validUntil"":""1901-01-01""}],""identifiers"":{}}","[""Snapshot context is not observation date or boundary date."",""Map geometry does not establish sovereignty or succession."",""Existing applicability intervals: []""]","35c5a20cdfaf4e7e7a788fd82d4c2b997e0fe878efe2392487968b8d61b9029f",""
"entity-hamburg@1800/historical-flag","entity-hamburg@1800","","Hamburg","1800","historical-flag","MISSING","C","completely-empty","political-polity","true","[]","[]","[]","[]","{""map_identity_id"":""entity-hamburg"",""aliases"":[],""historical_names"":[],""identifiers"":{}}","[""Snapshot context is not observation date or boundary date."",""Map geometry does not establish sovereignty or succession."",""Resolve historical identity before proposing entity-specific facts."",""Existing applicability intervals: []""]","35c5a20cdfaf4e7e7a788fd82d4c2b997e0fe878efe2392487968b8d61b9029f",""
"entity-hamburg@1815/historical-flag","entity-hamburg@1815","hamburg-restored-republic-framework","Hamburg — restored city republic","1815","historical-flag","MISSING","C","partially-supported","political-polity","false","[]","[]","[]","[]","{""map_identity_id"":""entity-hamburg"",""aliases"":[],""historical_names"":[{""value"":""Hamburg — restored city republic"",""kind"":""primary"",""validFrom"":""1815-06-08"",""validUntil"":""1819-01-01""}],""identifiers"":{}}","[""Snapshot context is not observation date or boundary date."",""Map geometry does not establish sovereignty or succession."",""Existing applicability intervals: []""]","35c5a20cdfaf4e7e7a788fd82d4c2b997e0fe878efe2392487968b8d61b9029f",""
"entity-lubeck@1800/historical-flag","entity-lubeck@1800","","Lübeck","1800","historical-flag","MISSING","C","completely-empty","political-polity","true","[]","[]","[]","[]","{""map_identity_id"":""entity-lubeck"",""aliases"":[],""historical_names"":[],""identifiers"":{}}","[""Snapshot context is not observation date or boundary date."",""Map geometry does not establish sovereignty or succession."",""Resolve historical identity before proposing entity-specific facts."",""Existing applicability intervals: []""]","35c5a20cdfaf4e7e7a788fd82d4c2b997e0fe878efe2392487968b8d61b9029f",""
"entity-lubeck@1815/historical-flag","entity-lubeck@1815","lubeck-restored-civic-framework","Lübeck — restored civic republic","1815","historical-flag","MISSING","C","partially-supported","political-polity","false","[]","[]","[]","[]","{""map_identity_id"":""entity-lubeck"",""aliases"":[],""historical_names"":[{""value"":""Lübeck — restored civic republic"",""kind"":""primary"",""validFrom"":""1815-06-08"",""validUntil"":""1818-01-01""}],""identifiers"":{}}","[""Snapshot context is not observation date or boundary date."",""Map geometry does not establish sovereignty or succession."",""Existing applicability intervals: []""]","35c5a20cdfaf4e7e7a788fd82d4c2b997e0fe878efe2392487968b8d61b9029f",""
"entity-namibia@1945/historical-flag","entity-namibia@1945","b19-south-west-africa-league","South West Africa — League mandate","1945","historical-flag","MISSING","C","partially-supported","dependent-administration","false","[]","[]","[]","[]","{""map_identity_id"":""entity-namibia"",""aliases"":[],""historical_names"":[{""value"":""South West Africa — League mandate"",""kind"":""primary"",""validFrom"":""1921-01-01"",""validUntil"":""1946-01-01""}],""identifiers"":{}}","[""Snapshot context is not observation date or boundary date."",""Map geometry does not establish sovereignty or succession."",""Existing applicability intervals: []""]","35c5a20cdfaf4e7e7a788fd82d4c2b997e0fe878efe2392487968b8d61b9029f",""
"entity-namibia@1960/historical-flag","entity-namibia@1960","","Namibia","1960","historical-flag","MISSING","C","completely-empty","dependent-administration","true","[]","[]","[]","[]","{""map_identity_id"":""entity-namibia"",""aliases"":[],""historical_names"":[],""identifiers"":{}}","[""Snapshot context is not observation date or boundary date."",""Map geometry does not establish sovereignty or succession."",""Resolve historical identity before proposing entity-specific facts."",""Existing applicability intervals: []""]","35c5a20cdfaf4e7e7a788fd82d4c2b997e0fe878efe2392487968b8d61b9029f",""
"entity-dutch-guiana@1878/historical-flag","entity-dutch-guiana@1878","suriname-koloniale-staten-framework","Suriname — Dutch colonial Staten framework","1878","historical-flag","MISSING","C","partially-supported","dependent-administration","false","[]","[]","[]","[]","{""map_identity_id"":""entity-dutch-guiana"",""aliases"":[],""historical_names"":[{""value"":""Suriname — Dutch colonial Staten framework"",""kind"":""primary"",""validFrom"":""1867-01-01"",""validUntil"":""1936-01-01""}],""identifiers"":{}}","[""Snapshot context is not observation date or boundary date."",""Map geometry does not establish sovereignty or succession."",""Existing applicability intervals: []""]","35c5a20cdfaf4e7e7a788fd82d4c2b997e0fe878efe2392487968b8d61b9029f",""
"entity-dutch-guiana@1880/historical-flag","entity-dutch-guiana@1880","suriname-koloniale-staten-framework","Suriname — Dutch colonial Staten framework","1880","historical-flag","MISSING","C","partially-supported","dependent-administration","false","[]","[]","[]","[]","{""map_identity_id"":""entity-dutch-guiana"",""aliases"":[],""historical_names"":[{""value"":""Suriname — Dutch colonial Staten framework"",""kind"":""primary"",""validFrom"":""1867-01-01"",""validUntil"":""1936-01-01""}],""identifiers"":{}}","[""Snapshot context is not observation date or boundary date."",""Map geometry does not establish sovereignty or succession."",""Existing applicability intervals: []""]","35c5a20cdfaf4e7e7a788fd82d4c2b997e0fe878efe2392487968b8d61b9029f",""
"entity-dutch-guiana@1900/historical-flag","entity-dutch-guiana@1900","suriname-koloniale-staten-framework","Suriname — Dutch colonial Staten framework","1900","historical-flag","MISSING","C","partially-supported","dependent-administration","false","[]","[]","[]","[]","{""map_identity_id"":""entity-dutch-guiana"",""aliases"":[],""historical_names"":[{""value"":""Suriname — Dutch colonial Staten framework"",""kind"":""primary"",""validFrom"":""1867-01-01"",""validUntil"":""1936-01-01""}],""identifiers"":{}}","[""Snapshot context is not observation date or boundary date."",""Map geometry does not establish sovereignty or succession."",""Existing applicability intervals: []""]","35c5a20cdfaf4e7e7a788fd82d4c2b997e0fe878efe2392487968b8d61b9029f",""
"entity-jordan@1938/historical-flag","entity-jordan@1938","transjordan-1928-basic-law-core","Transjordan — 1928 Basic Law","1938","historical-flag","MISSING","C","partially-supported","political-polity","false","[]","[]","[]","[]","{""map_identity_id"":""entity-jordan"",""aliases"":[],""historical_names"":[{""value"":""Transjordan — 1928 Basic Law"",""kind"":""primary"",""validFrom"":""1929-01-01"",""validUntil"":""1946-05-25""}],""identifiers"":{}}","[""Snapshot context is not observation date or boundary date."",""Map geometry does not establish sovereignty or succession."",""Existing applicability intervals: []""]","35c5a20cdfaf4e7e7a788fd82d4c2b997e0fe878efe2392487968b8d61b9029f",""
"entity-jordan@1945/historical-flag","entity-jordan@1945","transjordan-1928-basic-law-core","Transjordan — 1928 Basic Law","1945","historical-flag","MISSING","C","partially-supported","political-polity","false","[]","[]","[]","[]","{""map_identity_id"":""entity-jordan"",""aliases"":[],""historical_names"":[{""value"":""Transjordan — 1928 Basic Law"",""kind"":""primary"",""validFrom"":""1929-01-01"",""validUntil"":""1946-05-25""}],""identifiers"":{}}","[""Snapshot context is not observation date or boundary date."",""Map geometry does not establish sovereignty or succession."",""Existing applicability intervals: []""]","35c5a20cdfaf4e7e7a788fd82d4c2b997e0fe878efe2392487968b8d61b9029f",""
"entity-jordan@1960/historical-flag","entity-jordan@1960","jordan-1952-constitutional-core","Jordan — 1952 constitutional framework","1960","historical-flag","MISSING","C","partially-supported","political-polity","false","[]","[]","[]","[]","{""map_identity_id"":""entity-jordan"",""aliases"":[],""historical_names"":[{""value"":""Jordan — 1952 constitutional framework"",""kind"":""primary"",""validFrom"":""1959-01-01"",""validUntil"":""1961-01-01""}],""identifiers"":{}}","[""Snapshot context is not observation date or boundary date."",""Map geometry does not establish sovereignty or succession."",""Existing applicability intervals: []""]","35c5a20cdfaf4e7e7a788fd82d4c2b997e0fe878efe2392487968b8d61b9029f",""
"entity-french-cameroons@1920/historical-flag","entity-french-cameroons@1920","b17-cameroon-pre-mandate","French Cameroons — provisional French administration","1920","historical-flag","MISSING","C","partially-supported","dependent-administration","false","[]","[]","[]","[]","{""map_identity_id"":""entity-french-cameroons"",""aliases"":[],""historical_names"":[{""value"":""French Cameroons — provisional French administration"",""kind"":""primary"",""validFrom"":""1920-01-01"",""validUntil"":""1921-01-01""}],""identifiers"":{}}","[""Snapshot context is not observation date or boundary date."",""Map geometry does not establish sovereignty or succession."",""Existing applicability intervals: []""]","35c5a20cdfaf4e7e7a788fd82d4c2b997e0fe878efe2392487968b8d61b9029f",""
"entity-french-cameroons@1930/historical-flag","entity-french-cameroons@1930","b17-cameroon-league-mandate","French Cameroons — League mandate","1930","historical-flag","MISSING","C","partially-supported","dependent-administration","false","[]","[]","[]","[]","{""map_identity_id"":""entity-french-cameroons"",""aliases"":[],""historical_names"":[{""value"":""French Cameroons — League mandate"",""kind"":""primary"",""validFrom"":""1930-01-01"",""validUntil"":""1946-01-01""}],""identifiers"":{}}","[""Snapshot context is not observation date or boundary date."",""Map geometry does not establish sovereignty or succession."",""Existing applicability intervals: []""]","35c5a20cdfaf4e7e7a788fd82d4c2b997e0fe878efe2392487968b8d61b9029f",""
"entity-french-cameroons@1938/historical-flag","entity-french-cameroons@1938","b17-cameroon-league-mandate","French Cameroons — League mandate","1938","historical-flag","MISSING","C","partially-supported","dependent-administration","false","[]","[]","[]","[]","{""map_identity_id"":""entity-french-cameroons"",""aliases"":[],""historical_names"":[{""value"":""French Cameroons — League mandate"",""kind"":""primary"",""validFrom"":""1930-01-01"",""validUntil"":""1946-01-01""}],""identifiers"":{}}","[""Snapshot context is not observation date or boundary date."",""Map geometry does not establish sovereignty or succession."",""Existing applicability intervals: []""]","35c5a20cdfaf4e7e7a788fd82d4c2b997e0fe878efe2392487968b8d61b9029f",""
"entity-estonia@1920/historical-flag","entity-estonia@1920","estonian-constituent-framework","Republic of Estonia — constituent framework","1920","historical-flag","MISSING","C","partially-supported","political-polity","false","[]","[]","[]","[]","{""map_identity_id"":""entity-estonia"",""aliases"":[],""historical_names"":[{""value"":""Republic of Estonia — constituent framework"",""kind"":""primary"",""validFrom"":""1919-07-04"",""validUntil"":""1920-12-20""}],""identifiers"":{}}","[""Snapshot context is not observation date or boundary date."",""Map geometry does not establish sovereignty or succession."",""Existing applicability intervals: []""]","35c5a20cdfaf4e7e7a788fd82d4c2b997e0fe878efe2392487968b8d61b9029f",""
"entity-estonia@1930/historical-flag","entity-estonia@1930","estonian-fourth-parliament-framework","Republic of Estonia — Fourth Riigikogu framework","1930","historical-flag","MISSING","C","core-supported","political-polity","false","[]","[]","[]","[]","{""map_identity_id"":""entity-estonia"",""aliases"":[],""historical_names"":[{""value"":""Republic of Estonia — Fourth Riigikogu framework"",""kind"":""primary"",""validFrom"":""1929-06-15"",""validUntil"":""1932-06-15""}],""identifiers"":{}}","[""Snapshot context is not observation date or boundary date."",""Map geometry does not establish sovereignty or succession."",""Existing applicability intervals: []""]","35c5a20cdfaf4e7e7a788fd82d4c2b997e0fe878efe2392487968b8d61b9029f",""
"entity-estonia@1938/historical-flag","entity-estonia@1938","estonian-1938-presidential-framework","Republic of Estonia — 1938 presidential framework","1938","historical-flag","MISSING","C","partially-supported","political-polity","false","[]","[]","[]","[]","{""map_identity_id"":""entity-estonia"",""aliases"":[],""historical_names"":[{""value"":""Republic of Estonia — 1938 presidential framework"",""kind"":""primary"",""validFrom"":""1938-04-07"",""validUntil"":""1939-01-01""}],""identifiers"":{}}","[""Snapshot context is not observation date or boundary date."",""Map geometry does not establish sovereignty or succession."",""Existing applicability intervals: []""]","35c5a20cdfaf4e7e7a788fd82d4c2b997e0fe878efe2392487968b8d61b9029f",""
"entity-guinea@1945/historical-flag","entity-guinea@1945","","Guinea","1945","historical-flag","MISSING","C","completely-empty","dependent-administration","true","[]","[]","[]","[]","{""map_identity_id"":""entity-guinea"",""aliases"":[],""historical_names"":[],""identifiers"":{}}","[""Snapshot context is not observation date or boundary date."",""Map geometry does not establish sovereignty or succession."",""Resolve historical identity before proposing entity-specific facts."",""Existing applicability intervals: []""]","35c5a20cdfaf4e7e7a788fd82d4c2b997e0fe878efe2392487968b8d61b9029f",""
"entity-guinea@1960/historical-flag","entity-guinea@1960","b16-guinea-republic","Republic of Guinea — early independent period","1960","historical-flag","MISSING","C","partially-supported","dependent-administration","false","[]","[]","[]","[]","{""map_identity_id"":""entity-guinea"",""aliases"":[],""historical_names"":[{""value"":""Republic of Guinea — early independent period"",""kind"":""primary"",""validFrom"":""1959-01-01"",""validUntil"":""1961-01-01""}],""identifiers"":{}}","[""Snapshot context is not observation date or boundary date."",""Map geometry does not establish sovereignty or succession."",""Existing applicability intervals: []""]","35c5a20cdfaf4e7e7a788fd82d4c2b997e0fe878efe2392487968b8d61b9029f",""
"entity-ghana@1920/historical-flag","entity-ghana@1920","gold-coast-pre1925-councils-core","Gold Coast — appointed colonial council order","1920","historical-flag","MISSING","C","partially-supported","dependent-administration","false","[]","[]","[]","[]","{""map_identity_id"":""entity-ghana"",""aliases"":[],""historical_names"":[{""value"":""Gold Coast — appointed colonial council order"",""kind"":""primary"",""validFrom"":""1903-01-01"",""validUntil"":""1925-01-01""}],""identifiers"":{}}","[""Snapshot context is not observation date or boundary date."",""Map geometry does not establish sovereignty or succession."",""Existing applicability intervals: []""]","35c5a20cdfaf4e7e7a788fd82d4c2b997e0fe878efe2392487968b8d61b9029f",""
"entity-ghana@1930/historical-flag","entity-ghana@1930","gold-coast-1930-chiefly-framework-core","Gold Coast — colonial framework around 1930","1930","historical-flag","MISSING","C","partially-supported","dependent-administration","false","[]","[]","[]","[]","{""map_identity_id"":""entity-ghana"",""aliases"":[],""historical_names"":[{""value"":""Gold Coast — colonial framework around 1930"",""kind"":""primary"",""validFrom"":""1928-01-01"",""validUntil"":""1935-01-01""}],""identifiers"":{}}","[""Snapshot context is not observation date or boundary date."",""Map geometry does not establish sovereignty or succession."",""Existing applicability intervals: []""]","35c5a20cdfaf4e7e7a788fd82d4c2b997e0fe878efe2392487968b8d61b9029f",""
"entity-ghana@1960/historical-flag","entity-ghana@1960","","Ghana","1960","historical-flag","MISSING","C","held-ambiguous","dependent-administration","true","[]","[]","[]","[]","{""map_identity_id"":""entity-ghana"",""aliases"":[],""historical_names"":[],""identifiers"":{}}","[""Snapshot context is not observation date or boundary date."",""Map geometry does not establish sovereignty or succession."",""Resolve historical identity before proposing entity-specific facts."",""Existing applicability intervals: []""]","35c5a20cdfaf4e7e7a788fd82d4c2b997e0fe878efe2392487968b8d61b9029f",""
"entity-hanover@1800/historical-flag","entity-hanover@1800","","Hanover","1800","historical-flag","MISSING","C","completely-empty","political-polity","true","[]","[]","[]","[]","{""map_identity_id"":""entity-hanover"",""aliases"":[],""historical_names"":[],""identifiers"":{}}","[""Snapshot context is not observation date or boundary date."",""Map geometry does not establish sovereignty or succession."",""Resolve historical identity before proposing entity-specific facts."",""Existing applicability intervals: []""]","35c5a20cdfaf4e7e7a788fd82d4c2b997e0fe878efe2392487968b8d61b9029f",""
"entity-hanover@1815/historical-flag","entity-hanover@1815","hanover-early-kingdom-framework","Kingdom of Hanover — early royal framework","1815","historical-flag","MISSING","C","partially-supported","political-polity","false","[]","[]","[]","[]","{""map_identity_id"":""entity-hanover"",""aliases"":[],""historical_names"":[{""value"":""Kingdom of Hanover — early royal framework"",""kind"":""primary"",""validFrom"":""1815-01-01"",""validUntil"":""1816-01-01""}],""identifiers"":{}}","[""Snapshot context is not observation date or boundary date."",""Map geometry does not establish sovereignty or succession."",""Existing applicability intervals: []""]","35c5a20cdfaf4e7e7a788fd82d4c2b997e0fe878efe2392487968b8d61b9029f",""
"entity-mecklenburg-schwerin@1800/historical-flag","entity-mecklenburg-schwerin@1800","","Mecklenburg-Schwerin","1800","historical-flag","MISSING","C","completely-empty","political-polity","true","[]","[]","[]","[]","{""map_identity_id"":""entity-mecklenburg-schwerin"",""aliases"":[],""historical_names"":[],""identifiers"":{}}","[""Snapshot context is not observation date or boundary date."",""Map geometry does not establish sovereignty or succession."",""Resolve historical identity before proposing entity-specific facts."",""Existing applicability intervals: []""]","35c5a20cdfaf4e7e7a788fd82d4c2b997e0fe878efe2392487968b8d61b9029f",""
"entity-mecklenburg-schwerin@1815/historical-flag","entity-mecklenburg-schwerin@1815","mecklenburg-schwerin-1815-framework","Mecklenburg-Schwerin — 1815 monarchical framework","1815","historical-flag","MISSING","C","partially-supported","political-polity","false","[]","[]","[]","[]","{""map_identity_id"":""entity-mecklenburg-schwerin"",""aliases"":[],""historical_names"":[{""value"":""Mecklenburg-Schwerin — 1815 monarchical framework"",""kind"":""primary"",""validFrom"":""1815-01-01"",""validUntil"":""1816-01-01""}],""identifiers"":{}}","[""Snapshot context is not observation date or boundary date."",""Map geometry does not establish sovereignty or succession."",""Existing applicability intervals: []""]","35c5a20cdfaf4e7e7a788fd82d4c2b997e0fe878efe2392487968b8d61b9029f",""
"entity-baden@1800/historical-flag","entity-baden@1800","","Baden","1800","historical-flag","MISSING","C","completely-empty","political-polity","true","[]","[]","[]","[]","{""map_identity_id"":""entity-baden"",""aliases"":[],""historical_names"":[],""identifiers"":{}}","[""Snapshot context is not observation date or boundary date."",""Map geometry does not establish sovereignty or succession."",""Resolve historical identity before proposing entity-specific facts."",""Existing applicability intervals: []""]","35c5a20cdfaf4e7e7a788fd82d4c2b997e0fe878efe2392487968b8d61b9029f",""
"entity-baden@1815/historical-flag","entity-baden@1815","baden-grand-ducal-1815-framework","Grand Duchy of Baden — early administrative framework","1815","historical-flag","MISSING","C","partially-supported","political-polity","false","[]","[]","[]","[]","{""map_identity_id"":""entity-baden"",""aliases"":[],""historical_names"":[{""value"":""Grand Duchy of Baden — early administrative framework"",""kind"":""primary"",""validFrom"":""1815-01-01"",""validUntil"":""1816-01-01""}],""identifiers"":{}}","[""Snapshot context is not observation date or boundary date."",""Map geometry does not establish sovereignty or succession."",""Existing applicability intervals: []""]","35c5a20cdfaf4e7e7a788fd82d4c2b997e0fe878efe2392487968b8d61b9029f",""
"entity-lucca@1800/historical-flag","entity-lucca@1800","","Lucca","1800","historical-flag","MISSING","C","completely-empty","political-polity","true","[]","[]","[]","[]","{""map_identity_id"":""entity-lucca"",""aliases"":[],""historical_names"":[],""identifiers"":{}}","[""Snapshot context is not observation date or boundary date."",""Map geometry does not establish sovereignty or succession."",""Resolve historical identity before proposing entity-specific facts."",""Existing applicability intervals: []""]","35c5a20cdfaf4e7e7a788fd82d4c2b997e0fe878efe2392487968b8d61b9029f",""
"entity-lucca@1815/historical-flag","entity-lucca@1815","lucca-austrian-provisional-administration","Lucca — provisional Austrian administration","1815","historical-flag","MISSING","C","partially-supported","political-polity","false","[]","[]","[]","[]","{""map_identity_id"":""entity-lucca"",""aliases"":[],""historical_names"":[{""value"":""Lucca — provisional Austrian administration"",""kind"":""primary"",""validFrom"":""1814-05-04"",""validUntil"":""1817""}],""identifiers"":{}}","[""Snapshot context is not observation date or boundary date."",""Map geometry does not establish sovereignty or succession."",""Existing applicability intervals: []""]","35c5a20cdfaf4e7e7a788fd82d4c2b997e0fe878efe2392487968b8d61b9029f",""
"entity-goa@1800/historical-flag","entity-goa@1800","goa-portuguese-british-garrison-framework","Goa — Portuguese administration with British garrison","1800","historical-flag","MISSING","C","partially-supported","dependent-administration","false","[]","[]","[]","[]","{""map_identity_id"":""entity-goa"",""aliases"":[],""historical_names"":[{""value"":""Goa — Portuguese administration with British garrison"",""kind"":""primary"",""validFrom"":""1800-01-01"",""validUntil"":""1815-01-01""}],""identifiers"":{}}","[""Snapshot context is not observation date or boundary date."",""Map geometry does not establish sovereignty or succession."",""Existing applicability intervals: []""]","35c5a20cdfaf4e7e7a788fd82d4c2b997e0fe878efe2392487968b8d61b9029f",""
"entity-goa@1815/historical-flag","entity-goa@1815","","Goa","1815","historical-flag","MISSING","C","completely-empty","dependent-administration","true","[]","[]","[]","[]","{""map_identity_id"":""entity-goa"",""aliases"":[],""historical_names"":[],""identifiers"":{}}","[""Snapshot context is not observation date or boundary date."",""Map geometry does not establish sovereignty or succession."",""Resolve historical identity before proposing entity-specific facts."",""Existing applicability intervals: []""]","35c5a20cdfaf4e7e7a788fd82d4c2b997e0fe878efe2392487968b8d61b9029f",""
"entity-mecklenburg-strelitz@1800/historical-flag","entity-mecklenburg-strelitz@1800","","Mecklenburg-Strelitz","1800","historical-flag","MISSING","C","completely-empty","political-polity","true","[]","[]","[]","[]","{""map_identity_id"":""entity-mecklenburg-strelitz"",""aliases"":[],""historical_names"":[],""identifiers"":{}}","[""Snapshot context is not observation date or boundary date."",""Map geometry does not establish sovereignty or succession."",""Resolve historical identity before proposing entity-specific facts."",""Existing applicability intervals: []""]","35c5a20cdfaf4e7e7a788fd82d4c2b997e0fe878efe2392487968b8d61b9029f",""
"entity-mecklenburg-strelitz@1815/historical-flag","entity-mecklenburg-strelitz@1815","mecklenburg-strelitz-1815-framework","Mecklenburg-Strelitz — 1815 monarchical framework","1815","historical-flag","MISSING","C","partially-supported","political-polity","false","[]","[]","[]","[]","{""map_identity_id"":""entity-mecklenburg-strelitz"",""aliases"":[],""historical_names"":[{""value"":""Mecklenburg-Strelitz — 1815 monarchical framework"",""kind"":""primary"",""validFrom"":""1815-01-01"",""validUntil"":""1816-01-01""}],""identifiers"":{}}","[""Snapshot context is not observation date or boundary date."",""Map geometry does not establish sovereignty or succession."",""Existing applicability intervals: []""]","35c5a20cdfaf4e7e7a788fd82d4c2b997e0fe878efe2392487968b8d61b9029f",""
"entity-modena@1800/historical-flag","entity-modena@1800","","Modena","1800","historical-flag","MISSING","C","completely-empty","political-polity","true","[]","[]","[]","[]","{""map_identity_id"":""entity-modena"",""aliases"":[],""historical_names"":[],""identifiers"":{}}","[""Snapshot context is not observation date or boundary date."",""Map geometry does not establish sovereignty or succession."",""Resolve historical identity before proposing entity-specific facts."",""Existing applicability intervals: []""]","35c5a20cdfaf4e7e7a788fd82d4c2b997e0fe878efe2392487968b8d61b9029f",""
"entity-modena@1815/historical-flag","entity-modena@1815","modena-restored-austro-este-framework","Duchy of Modena — restored Austro-Este framework","1815","historical-flag","MISSING","C","partially-supported","political-polity","false","[]","[]","[]","[]","{""map_identity_id"":""entity-modena"",""aliases"":[],""historical_names"":[{""value"":""Duchy of Modena — restored Austro-Este framework"",""kind"":""primary"",""validFrom"":""1815-01-01"",""validUntil"":""1820-01-01""}],""identifiers"":{}}","[""Snapshot context is not observation date or boundary date."",""Map geometry does not establish sovereignty or succession."",""Existing applicability intervals: []""]","35c5a20cdfaf4e7e7a788fd82d4c2b997e0fe878efe2392487968b8d61b9029f",""
"entity-brunswick@1800/historical-flag","entity-brunswick@1800","","Brunswick","1800","historical-flag","MISSING","C","completely-empty","political-polity","true","[]","[]","[]","[]","{""map_identity_id"":""entity-brunswick"",""aliases"":[],""historical_names"":[],""identifiers"":{}}","[""Snapshot context is not observation date or boundary date."",""Map geometry does not establish sovereignty or succession."",""Resolve historical identity before proposing entity-specific facts."",""Existing applicability intervals: []""]","35c5a20cdfaf4e7e7a788fd82d4c2b997e0fe878efe2392487968b8d61b9029f",""
"entity-brunswick@1815/historical-flag","entity-brunswick@1815","brunswick-restored-ducal-framework","Duchy of Brunswick — restored government","1815","historical-flag","MISSING","C","partially-supported","political-polity","false","[]","[]","[]","[]","{""map_identity_id"":""entity-brunswick"",""aliases"":[],""historical_names"":[{""value"":""Duchy of Brunswick — restored government"",""kind"":""primary"",""validFrom"":""1814-01-14"",""validUntil"":""1816-01-01""}],""identifiers"":{}}","[""Snapshot context is not observation date or boundary date."",""Map geometry does not establish sovereignty or succession."",""Existing applicability intervals: []""]","35c5a20cdfaf4e7e7a788fd82d4c2b997e0fe878efe2392487968b8d61b9029f",""
"entity-andorra@1938/historical-flag","entity-andorra@1938","andorra-historic-coprincipality","Andorra","1938","historical-flag","MISSING","C","partially-supported","political-polity","false","[]","[]","[]","[]","{""map_identity_id"":""entity-andorra"",""aliases"":[],""historical_names"":[{""value"":""Andorra"",""kind"":""primary"",""validFrom"":""1806""}],""identifiers"":{}}","[""Snapshot context is not observation date or boundary date."",""Map geometry does not establish sovereignty or succession."",""Existing applicability intervals: []""]","35c5a20cdfaf4e7e7a788fd82d4c2b997e0fe878efe2392487968b8d61b9029f",""
"entity-andorra@1945/historical-flag","entity-andorra@1945","andorra-historic-coprincipality","Andorra","1945","historical-flag","MISSING","C","partially-supported","political-polity","false","[]","[]","[]","[]","{""map_identity_id"":""entity-andorra"",""aliases"":[],""historical_names"":[{""value"":""Andorra"",""kind"":""primary"",""validFrom"":""1806""}],""identifiers"":{}}","[""Snapshot context is not observation date or boundary date."",""Map geometry does not establish sovereignty or succession."",""Existing applicability intervals: []""]","35c5a20cdfaf4e7e7a788fd82d4c2b997e0fe878efe2392487968b8d61b9029f",""
"entity-andorra@1960/historical-flag","entity-andorra@1960","andorra-historic-coprincipality","Andorra","1960","historical-flag","MISSING","C","partially-supported","political-polity","false","[]","[]","[]","[]","{""map_identity_id"":""entity-andorra"",""aliases"":[],""historical_names"":[{""value"":""Andorra"",""kind"":""primary"",""validFrom"":""1806""}],""identifiers"":{}}","[""Snapshot context is not observation date or boundary date."",""Map geometry does not establish sovereignty or succession."",""Existing applicability intervals: []""]","35c5a20cdfaf4e7e7a788fd82d4c2b997e0fe878efe2392487968b8d61b9029f",""
"entity-griqualand-west@1878/historical-flag","entity-griqualand-west@1878","b19-griqualand-attestation","Griqualand West — colonial administration attested 1878","1878","historical-flag","MISSING","C","partially-supported","dependent-administration","false","[]","[]","[]","[]","{""map_identity_id"":""entity-griqualand-west"",""aliases"":[],""historical_names"":[{""value"":""Griqualand West — colonial administration attested 1878"",""kind"":""primary"",""validFrom"":""1878-06-06"",""validUntil"":""1878-06-07""}],""identifiers"":{}}","[""Snapshot context is not observation date or boundary date."",""Map geometry does not establish sovereignty or succession."",""Existing applicability intervals: []""]","35c5a20cdfaf4e7e7a788fd82d4c2b997e0fe878efe2392487968b8d61b9029f",""
"entity-griqualand-west@1880/historical-flag","entity-griqualand-west@1880","b19-cape-responsible","Cape Colony — responsible government","1880","historical-flag","MISSING","C","core-supported","dependent-administration","false","[]","[]","[]","[]","{""map_identity_id"":""entity-griqualand-west"",""aliases"":[],""historical_names"":[{""value"":""Cape Colony — responsible government"",""kind"":""primary"",""validFrom"":""1873-01-01"",""validUntil"":""1910-05-31""}],""identifiers"":{}}","[""Snapshot context is not observation date or boundary date."",""Map geometry does not establish sovereignty or succession."",""Existing applicability intervals: []""]","35c5a20cdfaf4e7e7a788fd82d4c2b997e0fe878efe2392487968b8d61b9029f",""
"entity-griqualand-west@1900/historical-flag","entity-griqualand-west@1900","b19-cape-responsible","Cape Colony — responsible government","1900","historical-flag","MISSING","C","partially-supported","dependent-administration","false","[]","[]","[]","[]","{""map_identity_id"":""entity-griqualand-west"",""aliases"":[],""historical_names"":[{""value"":""Cape Colony — responsible government"",""kind"":""primary"",""validFrom"":""1873-01-01"",""validUntil"":""1910-05-31""}],""identifiers"":{}}","[""Snapshot context is not observation date or boundary date."",""Map geometry does not establish sovereignty or succession."",""Existing applicability intervals: []""]","35c5a20cdfaf4e7e7a788fd82d4c2b997e0fe878efe2392487968b8d61b9029f",""
"entity-iceland@1878/historical-flag","entity-iceland@1878","iceland-danish-administration","Iceland under the Danish Crown","1878","historical-flag","MISSING","C","core-supported","political-polity","false","[]","[]","[]","[]","{""map_identity_id"":""entity-iceland"",""aliases"":[],""historical_names"":[{""value"":""Iceland under the Danish Crown"",""kind"":""primary"",""validFrom"":""1845"",""validUntil"":""1918-12-01""},{""value"":""Iceland"",""kind"":""alternate"",""validFrom"":""1845"",""validUntil"":""1918-12-01""}],""identifiers"":{}}","[""Snapshot context is not observation date or boundary date."",""Map geometry does not establish sovereignty or succession."",""Existing applicability intervals: []""]","35c5a20cdfaf4e7e7a788fd82d4c2b997e0fe878efe2392487968b8d61b9029f",""
"entity-iceland@1880/historical-flag","entity-iceland@1880","iceland-danish-administration","Iceland under the Danish Crown","1880","historical-flag","MISSING","C","core-supported","political-polity","false","[]","[]","[]","[]","{""map_identity_id"":""entity-iceland"",""aliases"":[],""historical_names"":[{""value"":""Iceland under the Danish Crown"",""kind"":""primary"",""validFrom"":""1845"",""validUntil"":""1918-12-01""},{""value"":""Iceland"",""kind"":""alternate"",""validFrom"":""1845"",""validUntil"":""1918-12-01""}],""identifiers"":{}}","[""Snapshot context is not observation date or boundary date."",""Map geometry does not establish sovereignty or succession."",""Existing applicability intervals: []""]","35c5a20cdfaf4e7e7a788fd82d4c2b997e0fe878efe2392487968b8d61b9029f",""
"entity-iceland@1900/historical-flag","entity-iceland@1900","iceland-danish-administration","Iceland under the Danish Crown","1900","historical-flag","MISSING","C","core-supported","political-polity","false","[]","[]","[]","[]","{""map_identity_id"":""entity-iceland"",""aliases"":[],""historical_names"":[{""value"":""Iceland under the Danish Crown"",""kind"":""primary"",""validFrom"":""1845"",""validUntil"":""1918-12-01""},{""value"":""Iceland"",""kind"":""alternate"",""validFrom"":""1845"",""validUntil"":""1918-12-01""}],""identifiers"":{}}","[""Snapshot context is not observation date or boundary date."",""Map geometry does not establish sovereignty or succession."",""Existing applicability intervals: []""]","35c5a20cdfaf4e7e7a788fd82d4c2b997e0fe878efe2392487968b8d61b9029f",""
"entity-iceland@1914/historical-flag","entity-iceland@1914","iceland-danish-administration","Iceland under the Danish Crown","1914","historical-flag","MISSING","C","core-supported","political-polity","false","[]","[]","[]","[]","{""map_identity_id"":""entity-iceland"",""aliases"":[],""historical_names"":[{""value"":""Iceland under the Danish Crown"",""kind"":""primary"",""validFrom"":""1845"",""validUntil"":""1918-12-01""},{""value"":""Iceland"",""kind"":""alternate"",""validFrom"":""1845"",""validUntil"":""1918-12-01""}],""identifiers"":{}}","[""Snapshot context is not observation date or boundary date."",""Map geometry does not establish sovereignty or succession."",""Existing applicability intervals: []""]","35c5a20cdfaf4e7e7a788fd82d4c2b997e0fe878efe2392487968b8d61b9029f",""
"entity-bremen@1800/historical-flag","entity-bremen@1800","bremen-imperial-city-framework","Bremen — imperial city","1800","historical-flag","MISSING","C","partially-supported","political-polity","false","[]","[]","[]","[]","{""map_identity_id"":""entity-bremen"",""aliases"":[],""historical_names"":[{""value"":""Bremen — imperial city"",""kind"":""primary"",""validFrom"":""1800-01-01"",""validUntil"":""1806""}],""identifiers"":{}}","[""Snapshot context is not observation date or boundary date."",""Map geometry does not establish sovereignty or succession."",""Existing applicability intervals: []""]","35c5a20cdfaf4e7e7a788fd82d4c2b997e0fe878efe2392487968b8d61b9029f",""
"entity-bremen@1815/historical-flag","entity-bremen@1815","bremen-restored-republic-framework","Bremen — restored civic republic","1815","historical-flag","MISSING","C","partially-supported","political-polity","false","[]","[]","[]","[]","{""map_identity_id"":""entity-bremen"",""aliases"":[],""historical_names"":[{""value"":""Bremen — restored civic republic"",""kind"":""primary"",""validFrom"":""1815-06-08"",""validUntil"":""1818-01-01""}],""identifiers"":{}}","[""Snapshot context is not observation date or boundary date."",""Map geometry does not establish sovereignty or succession."",""Existing applicability intervals: []""]","35c5a20cdfaf4e7e7a788fd82d4c2b997e0fe878efe2392487968b8d61b9029f",""
"entity-northern-rhodesia@1938/historical-flag","entity-northern-rhodesia@1938","b19-northern-rhodesia-crown","Northern Rhodesia — Crown administration","1938","historical-flag","MISSING","C","partially-supported","dependent-administration","false","[]","[]","[]","[]","{""map_identity_id"":""entity-northern-rhodesia"",""aliases"":[],""historical_names"":[{""value"":""Northern Rhodesia — Crown administration"",""kind"":""primary"",""validFrom"":""1924-04-01"",""validUntil"":""1953-01-01""}],""identifiers"":{}}","[""Snapshot context is not observation date or boundary date."",""Map geometry does not establish sovereignty or succession."",""Existing applicability intervals: []""]","35c5a20cdfaf4e7e7a788fd82d4c2b997e0fe878efe2392487968b8d61b9029f",""
"entity-northern-rhodesia@1945/historical-flag","entity-northern-rhodesia@1945","b19-northern-rhodesia-crown","Northern Rhodesia — Crown administration","1945","historical-flag","MISSING","C","partially-supported","dependent-administration","false","[]","[]","[]","[]","{""map_identity_id"":""entity-northern-rhodesia"",""aliases"":[],""historical_names"":[{""value"":""Northern Rhodesia — Crown administration"",""kind"":""primary"",""validFrom"":""1924-04-01"",""validUntil"":""1953-01-01""}],""identifiers"":{}}","[""Snapshot context is not observation date or boundary date."",""Map geometry does not establish sovereignty or succession."",""Existing applicability intervals: []""]","35c5a20cdfaf4e7e7a788fd82d4c2b997e0fe878efe2392487968b8d61b9029f",""
"entity-central-african-republic@1945/historical-flag","entity-central-african-republic@1945","b17-oubangui-1945","Oubangui-Chari — French colonial administration","1945","historical-flag","MISSING","C","partially-supported","dependent-administration","false","[]","[]","[]","[]","{""map_identity_id"":""entity-central-african-republic"",""aliases"":[],""historical_names"":[{""value"":""Oubangui-Chari — French colonial administration"",""kind"":""primary"",""validFrom"":""1945-01-01"",""validUntil"":""1946-01-01""}],""identifiers"":{}}","[""Snapshot context is not observation date or boundary date."",""Map geometry does not establish sovereignty or succession."",""Existing applicability intervals: []""]","35c5a20cdfaf4e7e7a788fd82d4c2b997e0fe878efe2392487968b8d61b9029f",""
"entity-central-african-republic@1960/historical-flag","entity-central-african-republic@1960","","Central African Republic","1960","historical-flag","MISSING","C","held-ambiguous","dependent-administration","true","[]","[]","[]","[]","{""map_identity_id"":""entity-central-african-republic"",""aliases"":[],""historical_names"":[],""identifiers"":{}}","[""Snapshot context is not observation date or boundary date."",""Map geometry does not establish sovereignty or succession."",""Resolve historical identity before proposing entity-specific facts."",""Existing applicability intervals: []""]","35c5a20cdfaf4e7e7a788fd82d4c2b997e0fe878efe2392487968b8d61b9029f",""
"entity-kaarta@1800/historical-flag","entity-kaarta@1800","b16-kaarta-early-1800","Kingdom of Kaarta — early nineteenth century","1800","historical-flag","MISSING","C","partially-supported","political-polity","false","[]","[]","[]","[]","{""map_identity_id"":""entity-kaarta"",""aliases"":[],""historical_names"":[{""value"":""Kingdom of Kaarta — early nineteenth century"",""kind"":""primary"",""validFrom"":""1800-01-01"",""validUntil"":""1816-01-01""}],""identifiers"":{}}","[""Snapshot context is not observation date or boundary date."",""Map geometry does not establish sovereignty or succession."",""Existing applicability intervals: []""]","35c5a20cdfaf4e7e7a788fd82d4c2b997e0fe878efe2392487968b8d61b9029f",""
"entity-kaarta@1815/historical-flag","entity-kaarta@1815","b16-kaarta-early-1800","Kingdom of Kaarta — early nineteenth century","1815","historical-flag","MISSING","C","partially-supported","political-polity","false","[]","[]","[]","[]","{""map_identity_id"":""entity-kaarta"",""aliases"":[],""historical_names"":[{""value"":""Kingdom of Kaarta — early nineteenth century"",""kind"":""primary"",""validFrom"":""1800-01-01"",""validUntil"":""1816-01-01""}],""identifiers"":{}}","[""Snapshot context is not observation date or boundary date."",""Map geometry does not establish sovereignty or succession."",""Existing applicability intervals: []""]","35c5a20cdfaf4e7e7a788fd82d4c2b997e0fe878efe2392487968b8d61b9029f",""
"entity-western-sahara@1945/historical-flag","entity-western-sahara@1945","spanish-sahara-colonial-framework","Western Sahara — Spanish colonial framework","1945","historical-flag","MISSING","C","partially-supported","dependent-administration","false","[]","[]","[]","[]","{""map_identity_id"":""entity-western-sahara"",""aliases"":[],""historical_names"":[{""value"":""Western Sahara — Spanish colonial framework"",""kind"":""primary"",""validFrom"":""1913-01-01"",""validUntil"":""1958-01-01""}],""identifiers"":{}}","[""Snapshot context is not observation date or boundary date."",""Map geometry does not establish sovereignty or succession."",""Existing applicability intervals: []""]","35c5a20cdfaf4e7e7a788fd82d4c2b997e0fe878efe2392487968b8d61b9029f",""
"entity-western-sahara@1960/historical-flag","entity-western-sahara@1960","spanish-sahara-provincial-1960-framework","Western Sahara — Spanish provincial colonial administration","1960","historical-flag","MISSING","C","partially-supported","dependent-administration","false","[]","[]","[]","[]","{""map_identity_id"":""entity-western-sahara"",""aliases"":[],""historical_names"":[{""value"":""Western Sahara — Spanish provincial colonial administration"",""kind"":""primary"",""validFrom"":""1959-01-01"",""validUntil"":""1961-01-01""}],""identifiers"":{}}","[""Snapshot context is not observation date or boundary date."",""Map geometry does not establish sovereignty or succession."",""Existing applicability intervals: []""]","35c5a20cdfaf4e7e7a788fd82d4c2b997e0fe878efe2392487968b8d61b9029f",""
"entity-wadai-empire@1878/historical-flag","entity-wadai-empire@1878","b17-wadai-sultanate-partial","Wadai — later nineteenth-century sultanate","1878","historical-flag","MISSING","C","partially-supported","political-polity","false","[]","[]","[]","[]","{""map_identity_id"":""entity-wadai-empire"",""aliases"":[],""historical_names"":[{""value"":""Wadai — early nineteenth-century sultanate"",""kind"":""primary"",""validFrom"":""1800-01-01"",""validUntil"":""1801-01-01""},{""value"":""Wadai — later nineteenth-century sultanate"",""kind"":""primary"",""validFrom"":""1878-01-01"",""validUntil"":""1881-01-01""}],""identifiers"":{}}","[""Snapshot context is not observation date or boundary date."",""Map geometry does not establish sovereignty or succession."",""Existing applicability intervals: []""]","35c5a20cdfaf4e7e7a788fd82d4c2b997e0fe878efe2392487968b8d61b9029f",""
"entity-wadai-empire@1880/historical-flag","entity-wadai-empire@1880","b17-wadai-sultanate-partial","Wadai — later nineteenth-century sultanate","1880","historical-flag","MISSING","C","partially-supported","political-polity","false","[]","[]","[]","[]","{""map_identity_id"":""entity-wadai-empire"",""aliases"":[],""historical_names"":[{""value"":""Wadai — early nineteenth-century sultanate"",""kind"":""primary"",""validFrom"":""1800-01-01"",""validUntil"":""1801-01-01""},{""value"":""Wadai — later nineteenth-century sultanate"",""kind"":""primary"",""validFrom"":""1878-01-01"",""validUntil"":""1881-01-01""}],""identifiers"":{}}","[""Snapshot context is not observation date or boundary date."",""Map geometry does not establish sovereignty or succession."",""Existing applicability intervals: []""]","35c5a20cdfaf4e7e7a788fd82d4c2b997e0fe878efe2392487968b8d61b9029f",""
"entity-zanzibar@1800/historical-flag","entity-zanzibar@1800","zanzibar-early-omani-dependency-core","Zanzibar — early nineteenth-century Omani dependency","1800","historical-flag","MISSING","C","partially-supported","political-polity","false","[]","[]","[]","[]","{""map_identity_id"":""entity-zanzibar"",""aliases"":[],""historical_names"":[{""value"":""Zanzibar — early nineteenth-century Omani dependency"",""kind"":""primary"",""validFrom"":""1800-01-01"",""validUntil"":""1816-01-01""}],""identifiers"":{}}","[""Snapshot context is not observation date or boundary date."",""Map geometry does not establish sovereignty or succession."",""Existing applicability intervals: []""]","35c5a20cdfaf4e7e7a788fd82d4c2b997e0fe878efe2392487968b8d61b9029f",""
"entity-zanzibar@1815/historical-flag","entity-zanzibar@1815","zanzibar-early-omani-dependency-core","Zanzibar — early nineteenth-century Omani dependency","1815","historical-flag","MISSING","C","partially-supported","political-polity","false","[]","[]","[]","[]","{""map_identity_id"":""entity-zanzibar"",""aliases"":[],""historical_names"":[{""value"":""Zanzibar — early nineteenth-century Omani dependency"",""kind"":""primary"",""validFrom"":""1800-01-01"",""validUntil"":""1816-01-01""}],""identifiers"":{}}","[""Snapshot context is not observation date or boundary date."",""Map geometry does not establish sovereignty or succession."",""Existing applicability intervals: []""]","35c5a20cdfaf4e7e7a788fd82d4c2b997e0fe878efe2392487968b8d61b9029f",""
"entity-bokhara-khanate@1878/historical-flag","entity-bokhara-khanate@1878","bukhara-post-1873-framework","Bukhara — amirate under Russian pressure","1878","historical-flag","MISSING","C","partially-supported","political-polity","false","[]","[]","[]","[]","{""map_identity_id"":""entity-bokhara-khanate"",""aliases"":[],""historical_names"":[{""value"":""Bukhara — amirate under Russian pressure"",""kind"":""primary"",""validFrom"":""1874-01-01"",""validUntil"":""1888-01-01""}],""identifiers"":{}}","[""Snapshot context is not observation date or boundary date."",""Map geometry does not establish sovereignty or succession."",""Existing applicability intervals: []""]","35c5a20cdfaf4e7e7a788fd82d4c2b997e0fe878efe2392487968b8d61b9029f",""
"entity-bokhara-khanate@1880/historical-flag","entity-bokhara-khanate@1880","bukhara-post-1873-framework","Bukhara — amirate under Russian pressure","1880","historical-flag","MISSING","C","partially-supported","political-polity","false","[]","[]","[]","[]","{""map_identity_id"":""entity-bokhara-khanate"",""aliases"":[],""historical_names"":[{""value"":""Bukhara — amirate under Russian pressure"",""kind"":""primary"",""validFrom"":""1874-01-01"",""validUntil"":""1888-01-01""}],""identifiers"":{}}","[""Snapshot context is not observation date or boundary date."",""Map geometry does not establish sovereignty or succession."",""Existing applicability intervals: []""]","35c5a20cdfaf4e7e7a788fd82d4c2b997e0fe878efe2392487968b8d61b9029f",""
"entity-senegal-fr@1878/historical-flag","entity-senegal-fr@1878","b16-senegal-1878","Senegal — French colonial enclaves and expansion","1878","historical-flag","MISSING","C","partially-supported","dependent-administration","false","[]","[]","[]","[]","{""map_identity_id"":""entity-senegal-fr"",""aliases"":[],""historical_names"":[{""value"":""Senegal — French colonial enclaves and expansion"",""kind"":""primary"",""validFrom"":""1878-01-01"",""validUntil"":""1881-01-01""}],""identifiers"":{}}","[""Snapshot context is not observation date or boundary date."",""Map geometry does not establish sovereignty or succession."",""Existing applicability intervals: []""]","35c5a20cdfaf4e7e7a788fd82d4c2b997e0fe878efe2392487968b8d61b9029f",""
"entity-senegal-fr@1880/historical-flag","entity-senegal-fr@1880","b16-senegal-1878","Senegal — French colonial enclaves and expansion","1880","historical-flag","MISSING","C","partially-supported","dependent-administration","false","[]","[]","[]","[]","{""map_identity_id"":""entity-senegal-fr"",""aliases"":[],""historical_names"":[{""value"":""Senegal — French colonial enclaves and expansion"",""kind"":""primary"",""validFrom"":""1878-01-01"",""validUntil"":""1881-01-01""}],""identifiers"":{}}","[""Snapshot context is not observation date or boundary date."",""Map geometry does not establish sovereignty or succession."",""Existing applicability intervals: []""]","35c5a20cdfaf4e7e7a788fd82d4c2b997e0fe878efe2392487968b8d61b9029f",""
"entity-cameroon@1945/historical-flag","entity-cameroon@1945","b17-cameroon-league-mandate","French Cameroons — League mandate","1945","historical-flag","MISSING","C","partially-supported","dependent-administration","false","[]","[]","[]","[]","{""map_identity_id"":""entity-cameroon"",""aliases"":[],""historical_names"":[{""value"":""French Cameroons — League mandate"",""kind"":""primary"",""validFrom"":""1930-01-01"",""validUntil"":""1946-01-01""}],""identifiers"":{}}","[""Snapshot context is not observation date or boundary date."",""Map geometry does not establish sovereignty or succession."",""Existing applicability intervals: []""]","35c5a20cdfaf4e7e7a788fd82d4c2b997e0fe878efe2392487968b8d61b9029f",""
"entity-cameroon@1960/historical-flag","entity-cameroon@1960","b17-cameroon-independence","Republic of Cameroon — independence in 1960","1960","historical-flag","MISSING","C","partially-supported","dependent-administration","false","[]","[]","[]","[]","{""map_identity_id"":""entity-cameroon"",""aliases"":[],""historical_names"":[{""value"":""Republic of Cameroon — independence in 1960"",""kind"":""primary"",""validFrom"":""1960-01-01"",""validUntil"":""1961-01-01""}],""identifiers"":{}}","[""Snapshot context is not observation date or boundary date."",""Map geometry does not establish sovereignty or succession."",""Existing applicability intervals: []""]","35c5a20cdfaf4e7e7a788fd82d4c2b997e0fe878efe2392487968b8d61b9029f",""
"entity-sultanate-of-damagaram@1878/historical-flag","entity-sultanate-of-damagaram@1878","b17-damagaram-19c","Damagaram — Zinder sultanate framework","1878","historical-flag","MISSING","C","partially-supported","political-polity","false","[]","[]","[]","[]","{""map_identity_id"":""entity-sultanate-of-damagaram"",""aliases"":[],""historical_names"":[{""value"":""Damagaram — Zinder sultanate framework"",""kind"":""primary"",""validFrom"":""1878-01-01"",""validUntil"":""1881-01-01""}],""identifiers"":{}}","[""Snapshot context is not observation date or boundary date."",""Map geometry does not establish sovereignty or succession."",""Existing applicability intervals: []""]","35c5a20cdfaf4e7e7a788fd82d4c2b997e0fe878efe2392487968b8d61b9029f",""
"entity-sultanate-of-damagaram@1880/historical-flag","entity-sultanate-of-damagaram@1880","b17-damagaram-19c","Damagaram — Zinder sultanate framework","1880","historical-flag","MISSING","C","partially-supported","political-polity","false","[]","[]","[]","[]","{""map_identity_id"":""entity-sultanate-of-damagaram"",""aliases"":[],""historical_names"":[{""value"":""Damagaram — Zinder sultanate framework"",""kind"":""primary"",""validFrom"":""1878-01-01"",""validUntil"":""1881-01-01""}],""identifiers"":{}}","[""Snapshot context is not observation date or boundary date."",""Map geometry does not establish sovereignty or succession."",""Existing applicability intervals: []""]","35c5a20cdfaf4e7e7a788fd82d4c2b997e0fe878efe2392487968b8d61b9029f",""
"entity-tuscany@1800/historical-flag","entity-tuscany@1800","","Tuscany","1800","historical-flag","MISSING","C","completely-empty","political-polity","true","[]","[]","[]","[]","{""map_identity_id"":""entity-tuscany"",""aliases"":[],""historical_names"":[],""identifiers"":{}}","[""Snapshot context is not observation date or boundary date."",""Map geometry does not establish sovereignty or succession."",""Resolve historical identity before proposing entity-specific facts."",""Existing applicability intervals: []""]","35c5a20cdfaf4e7e7a788fd82d4c2b997e0fe878efe2392487968b8d61b9029f",""
"entity-tuscany@1815/historical-flag","entity-tuscany@1815","tuscany-restored-grand-ducal-framework","Grand Duchy of Tuscany — restored Lorraine framework","1815","historical-flag","MISSING","C","core-supported","political-polity","false","[]","[]","[]","[]","{""map_identity_id"":""entity-tuscany"",""aliases"":[],""historical_names"":[{""value"":""Grand Duchy of Tuscany — restored Lorraine framework"",""kind"":""primary"",""validFrom"":""1814-04-20"",""validUntil"":""1818-01-01""}],""identifiers"":{}}","[""Snapshot context is not observation date or boundary date."",""Map geometry does not establish sovereignty or succession."",""Existing applicability intervals: []""]","35c5a20cdfaf4e7e7a788fd82d4c2b997e0fe878efe2392487968b8d61b9029f",""
"entity-travancore@1800/historical-flag","entity-travancore@1800","travancore-1795-treaty-framework","Travancore — 1795 treaty framework","1800","historical-flag","MISSING","C","partially-supported","political-polity","false","[]","[]","[]","[]","{""map_identity_id"":""entity-travancore"",""aliases"":[],""historical_names"":[{""value"":""Travancore — 1795 treaty framework"",""kind"":""primary"",""validFrom"":""1798-01-01"",""validUntil"":""1805-01-01""}],""identifiers"":{}}","[""Snapshot context is not observation date or boundary date."",""Map geometry does not establish sovereignty or succession."",""Existing applicability intervals: []""]","35c5a20cdfaf4e7e7a788fd82d4c2b997e0fe878efe2392487968b8d61b9029f",""
"entity-travancore@1815/historical-flag","entity-travancore@1815","travancore-1805-treaty-framework","Travancore — 1805 treaty framework","1815","historical-flag","MISSING","C","partially-supported","political-polity","false","[]","[]","[]","[]","{""map_identity_id"":""entity-travancore"",""aliases"":[],""historical_names"":[{""value"":""Travancore — 1805 treaty framework"",""kind"":""primary"",""validFrom"":""1806-01-01"",""validUntil"":""1816-01-01""}],""identifiers"":{}}","[""Snapshot context is not observation date or boundary date."",""Map geometry does not establish sovereignty or succession."",""Existing applicability intervals: []""]","35c5a20cdfaf4e7e7a788fd82d4c2b997e0fe878efe2392487968b8d61b9029f",""
"entity-holstein@1800/historical-flag","entity-holstein@1800","holstein-danish-ducal-framework","Duchy of Holstein — Danish dynastic framework","1800","historical-flag","MISSING","C","partially-supported","political-polity","false","[]","[]","[]","[]","{""map_identity_id"":""entity-holstein"",""aliases"":[],""historical_names"":[{""value"":""Duchy of Holstein — Danish dynastic framework"",""kind"":""primary"",""validFrom"":""1800-01-01"",""validUntil"":""1816-01-01""}],""identifiers"":{}}","[""Snapshot context is not observation date or boundary date."",""Map geometry does not establish sovereignty or succession."",""Existing applicability intervals: []""]","35c5a20cdfaf4e7e7a788fd82d4c2b997e0fe878efe2392487968b8d61b9029f",""
"entity-holstein@1815/historical-flag","entity-holstein@1815","holstein-danish-ducal-framework","Duchy of Holstein — Danish dynastic framework","1815","historical-flag","MISSING","C","partially-supported","political-polity","false","[]","[]","[]","[]","{""map_identity_id"":""entity-holstein"",""aliases"":[],""historical_names"":[{""value"":""Duchy of Holstein — Danish dynastic framework"",""kind"":""primary"",""validFrom"":""1800-01-01"",""validUntil"":""1816-01-01""}],""identifiers"":{}}","[""Snapshot context is not observation date or boundary date."",""Map geometry does not establish sovereignty or succession."",""Existing applicability intervals: []""]","35c5a20cdfaf4e7e7a788fd82d4c2b997e0fe878efe2392487968b8d61b9029f",""
"entity-oldenburg@1800/historical-flag","entity-oldenburg@1800","","Oldenburg","1800","historical-flag","MISSING","C","completely-empty","political-polity","true","[]","[]","[]","[]","{""map_identity_id"":""entity-oldenburg"",""aliases"":[],""historical_names"":[],""identifiers"":{}}","[""Snapshot context is not observation date or boundary date."",""Map geometry does not establish sovereignty or succession."",""Resolve historical identity before proposing entity-specific facts."",""Existing applicability intervals: []""]","35c5a20cdfaf4e7e7a788fd82d4c2b997e0fe878efe2392487968b8d61b9029f",""
"entity-oldenburg@1815/historical-flag","entity-oldenburg@1815","oldenburg-1815-dynastic-framework","Oldenburg — 1815 dynastic framework","1815","historical-flag","MISSING","C","core-supported","political-polity","false","[]","[]","[]","[]","{""map_identity_id"":""entity-oldenburg"",""aliases"":[],""historical_names"":[{""value"":""Oldenburg — 1815 dynastic framework"",""kind"":""primary"",""validFrom"":""1815-01-01"",""validUntil"":""1816-01-01""}],""identifiers"":{}}","[""Snapshot context is not observation date or boundary date."",""Map geometry does not establish sovereignty or succession."",""Existing applicability intervals: []""]","35c5a20cdfaf4e7e7a788fd82d4c2b997e0fe878efe2392487968b8d61b9029f",""
"entity-lippe-detmold@1800/historical-flag","entity-lippe-detmold@1800","","Lippe-Detmold","1800","historical-flag","MISSING","C","completely-empty","political-polity","true","[]","[]","[]","[]","{""map_identity_id"":""entity-lippe-detmold"",""aliases"":[],""historical_names"":[],""identifiers"":{}}","[""Snapshot context is not observation date or boundary date."",""Map geometry does not establish sovereignty or succession."",""Resolve historical identity before proposing entity-specific facts."",""Existing applicability intervals: []""]","35c5a20cdfaf4e7e7a788fd82d4c2b997e0fe878efe2392487968b8d61b9029f",""
"entity-lippe-detmold@1815/historical-flag","entity-lippe-detmold@1815","lippe-pauline-regency","Principality of Lippe — Pauline’s regency","1815","historical-flag","MISSING","C","core-supported","political-polity","false","[]","[]","[]","[]","{""map_identity_id"":""entity-lippe-detmold"",""aliases"":[],""historical_names"":[{""value"":""Principality of Lippe — Pauline’s regency"",""kind"":""primary"",""validFrom"":""1815-01-01"",""validUntil"":""1819-01-01""}],""identifiers"":{}}","[""Snapshot context is not observation date or boundary date."",""Map geometry does not establish sovereignty or succession."",""Existing applicability intervals: []""]","35c5a20cdfaf4e7e7a788fd82d4c2b997e0fe878efe2392487968b8d61b9029f",""
"entity-waldeck@1800/historical-flag","entity-waldeck@1800","","Waldeck","1800","historical-flag","MISSING","C","completely-empty","political-polity","true","[]","[]","[]","[]","{""map_identity_id"":""entity-waldeck"",""aliases"":[],""historical_names"":[],""identifiers"":{}}","[""Snapshot context is not observation date or boundary date."",""Map geometry does not establish sovereignty or succession."",""Resolve historical identity before proposing entity-specific facts."",""Existing applicability intervals: []""]","35c5a20cdfaf4e7e7a788fd82d4c2b997e0fe878efe2392487968b8d61b9029f",""
"entity-waldeck@1815/historical-flag","entity-waldeck@1815","waldeck-early-constitutional-framework","Principality of Waldeck","1815","historical-flag","MISSING","C","core-supported","political-polity","false","[]","[]","[]","[]","{""map_identity_id"":""entity-waldeck"",""aliases"":[],""historical_names"":[{""value"":""Principality of Waldeck"",""kind"":""primary"",""validFrom"":""1815-01-01"",""validUntil"":""1818-01-01""}],""identifiers"":{}}","[""Snapshot context is not observation date or boundary date."",""Map geometry does not establish sovereignty or succession."",""Existing applicability intervals: []""]","35c5a20cdfaf4e7e7a788fd82d4c2b997e0fe878efe2392487968b8d61b9029f",""
"entity-schaumburg-lippe@1800/historical-flag","entity-schaumburg-lippe@1800","","Schaumburg-Lippe","1800","historical-flag","MISSING","C","completely-empty","political-polity","true","[]","[]","[]","[]","{""map_identity_id"":""entity-schaumburg-lippe"",""aliases"":[],""historical_names"":[],""identifiers"":{}}","[""Snapshot context is not observation date or boundary date."",""Map geometry does not establish sovereignty or succession."",""Resolve historical identity before proposing entity-specific facts."",""Existing applicability intervals: []""]","35c5a20cdfaf4e7e7a788fd82d4c2b997e0fe878efe2392487968b8d61b9029f",""
"entity-schaumburg-lippe@1815/historical-flag","entity-schaumburg-lippe@1815","schaumburg-lippe-early-princely-framework","Principality of Schaumburg-Lippe","1815","historical-flag","MISSING","C","core-supported","political-polity","false","[]","[]","[]","[]","{""map_identity_id"":""entity-schaumburg-lippe"",""aliases"":[],""historical_names"":[{""value"":""Principality of Schaumburg-Lippe"",""kind"":""primary"",""validFrom"":""1815-01-01"",""validUntil"":""1818-01-01""}],""identifiers"":{}}","[""Snapshot context is not observation date or boundary date."",""Map geometry does not establish sovereignty or succession."",""Existing applicability intervals: []""]","35c5a20cdfaf4e7e7a788fd82d4c2b997e0fe878efe2392487968b8d61b9029f",""
"entity-sultanate-of-zanzibar@1880/historical-flag","entity-sultanate-of-zanzibar@1880","zanzibar-1880-sultanate-core","Zanzibar — late nineteenth-century sultanate","1880","historical-flag","MISSING","C","partially-supported","political-polity","false","[]","[]","[]","[]","{""map_identity_id"":""entity-sultanate-of-zanzibar"",""aliases"":[],""historical_names"":[{""value"":""Zanzibar — late nineteenth-century sultanate"",""kind"":""primary"",""validFrom"":""1878-01-01"",""validUntil"":""1881-01-01""}],""identifiers"":{}}","[""Snapshot context is not observation date or boundary date."",""Map geometry does not establish sovereignty or succession."",""Existing applicability intervals: []""]","35c5a20cdfaf4e7e7a788fd82d4c2b997e0fe878efe2392487968b8d61b9029f",""
"entity-sultanate-of-zanzibar@1900/historical-flag","entity-sultanate-of-zanzibar@1900","zanzibar-1900-protected-sultanate-core","Zanzibar — protected sultanate around 1900","1900","historical-flag","MISSING","C","partially-supported","political-polity","false","[]","[]","[]","[]","{""map_identity_id"":""entity-sultanate-of-zanzibar"",""aliases"":[],""historical_names"":[{""value"":""Zanzibar — protected sultanate around 1900"",""kind"":""primary"",""validFrom"":""1900-01-01"",""validUntil"":""1901-01-01""}],""identifiers"":{}}","[""Snapshot context is not observation date or boundary date."",""Map geometry does not establish sovereignty or succession."",""Existing applicability intervals: []""]","35c5a20cdfaf4e7e7a788fd82d4c2b997e0fe878efe2392487968b8d61b9029f",""
"entity-ukraine@1920/historical-flag","entity-ukraine@1920","","Ukraine","1920","historical-flag","MISSING","C","held-ambiguous","political-polity","true","[]","[]","[]","[]","{""map_identity_id"":""entity-ukraine"",""aliases"":[],""historical_names"":[],""identifiers"":{}}","[""Snapshot context is not observation date or boundary date."",""Map geometry does not establish sovereignty or succession."",""Resolve historical identity before proposing entity-specific facts."",""Existing applicability intervals: []""]","35c5a20cdfaf4e7e7a788fd82d4c2b997e0fe878efe2392487968b8d61b9029f",""
"entity-wurttemberg@1800/historical-flag","entity-wurttemberg@1800","wurttemberg-ducal-framework","Duchy of Württemberg","1800","historical-flag","MISSING","C","partially-supported","political-polity","false","[]","[]","[]","[]","{""map_identity_id"":""entity-wurttemberg"",""aliases"":[],""historical_names"":[{""value"":""Duchy of Württemberg"",""kind"":""primary"",""validFrom"":""1800-01-01"",""validUntil"":""1803-02-25""}],""identifiers"":{}}","[""Snapshot context is not observation date or boundary date."",""Map geometry does not establish sovereignty or succession."",""Existing applicability intervals: []""]","35c5a20cdfaf4e7e7a788fd82d4c2b997e0fe878efe2392487968b8d61b9029f",""
"entity-wurttemberg@1815/historical-flag","entity-wurttemberg@1815","wurttemberg-early-royal-framework","Kingdom of Württemberg — early royal framework","1815","historical-flag","MISSING","C","partially-supported","political-polity","false","[]","[]","[]","[]","{""map_identity_id"":""entity-wurttemberg"",""aliases"":[],""historical_names"":[{""value"":""Kingdom of Württemberg — early royal framework"",""kind"":""primary"",""validFrom"":""1806-01-01"",""validUntil"":""1816-01-01""}],""identifiers"":{}}","[""Snapshot context is not observation date or boundary date."",""Map geometry does not establish sovereignty or succession."",""Existing applicability intervals: []""]","35c5a20cdfaf4e7e7a788fd82d4c2b997e0fe878efe2392487968b8d61b9029f",""
"entity-dutch-guinea@1945/historical-flag","entity-dutch-guinea@1945","","Dutch Guinea","1945","historical-flag","MISSING","C","held-ambiguous","dependent-administration","true","[]","[]","[]","[]","{""map_identity_id"":""entity-dutch-guinea"",""aliases"":[],""historical_names"":[],""identifiers"":{}}","[""Snapshot context is not observation date or boundary date."",""Map geometry does not establish sovereignty or succession."",""Resolve historical identity before proposing entity-specific facts."",""Existing applicability intervals: []""]","35c5a20cdfaf4e7e7a788fd82d4c2b997e0fe878efe2392487968b8d61b9029f",""
"entity-oman-british-raj@1938/historical-flag","entity-oman-british-raj@1938","","Oman (British Raj)","1938","historical-flag","MISSING","C","held-ambiguous","dependent-administration","true","[]","[]","[]","[]","{""map_identity_id"":""entity-oman-british-raj"",""aliases"":[],""historical_names"":[],""identifiers"":{}}","[""Snapshot context is not observation date or boundary date."",""Map geometry does not establish sovereignty or succession."",""Resolve historical identity before proposing entity-specific facts."",""Existing applicability intervals: []""]","35c5a20cdfaf4e7e7a788fd82d4c2b997e0fe878efe2392487968b8d61b9029f",""
"entity-yemen-uk@1938/historical-flag","entity-yemen-uk@1938","","Yemen (UK)","1938","historical-flag","MISSING","C","held-ambiguous","dependent-administration","true","[]","[]","[]","[]","{""map_identity_id"":""entity-yemen-uk"",""aliases"":[],""historical_names"":[],""identifiers"":{}}","[""Snapshot context is not observation date or boundary date."",""Map geometry does not establish sovereignty or succession."",""Resolve historical identity before proposing entity-specific facts."",""Existing applicability intervals: []""]","35c5a20cdfaf4e7e7a788fd82d4c2b997e0fe878efe2392487968b8d61b9029f",""
"entity-first-samori-empire@1900/historical-flag","entity-first-samori-empire@1900","","First Samori Empire","1900","historical-flag","MISSING","C","completely-empty","political-polity","true","[]","[]","[]","[]","{""map_identity_id"":""entity-first-samori-empire"",""aliases"":[],""historical_names"":[],""identifiers"":{}}","[""Snapshot context is not observation date or boundary date."",""Map geometry does not establish sovereignty or succession."",""Resolve historical identity before proposing entity-specific facts."",""Existing applicability intervals: []""]","35c5a20cdfaf4e7e7a788fd82d4c2b997e0fe878efe2392487968b8d61b9029f",""
"entity-awsa@1800/historical-flag","entity-awsa@1800","","Awsa","1800","historical-flag","MISSING","C","held-ambiguous","political-polity","true","[]","[]","[]","[]","{""map_identity_id"":""entity-awsa"",""aliases"":[],""historical_names"":[],""identifiers"":{}}","[""Snapshot context is not observation date or boundary date."",""Map geometry does not establish sovereignty or succession."",""Resolve historical identity before proposing entity-specific facts."",""Existing applicability intervals: []""]","35c5a20cdfaf4e7e7a788fd82d4c2b997e0fe878efe2392487968b8d61b9029f",""
"entity-nkore@1815/historical-flag","entity-nkore@1815","","Nkore","1815","historical-flag","MISSING","C","held-ambiguous","political-polity","true","[]","[]","[]","[]","{""map_identity_id"":""entity-nkore"",""aliases"":[],""historical_names"":[],""identifiers"":{}}","[""Snapshot context is not observation date or boundary date."",""Map geometry does not establish sovereignty or succession."",""Resolve historical identity before proposing entity-specific facts."",""Existing applicability intervals: []""]","35c5a20cdfaf4e7e7a788fd82d4c2b997e0fe878efe2392487968b8d61b9029f",""
"entity-second-samori-empire@1900/historical-flag","entity-second-samori-empire@1900","","Second Samori Empire","1900","historical-flag","MISSING","C","completely-empty","political-polity","true","[]","[]","[]","[]","{""map_identity_id"":""entity-second-samori-empire"",""aliases"":[],""historical_names"":[],""identifiers"":{}}","[""Snapshot context is not observation date or boundary date."",""Map geometry does not establish sovereignty or succession."",""Resolve historical identity before proposing entity-specific facts."",""Existing applicability intervals: []""]","35c5a20cdfaf4e7e7a788fd82d4c2b997e0fe878efe2392487968b8d61b9029f",""
"entity-songhai@1800/historical-flag","entity-songhai@1800","","Songhai","1800","historical-flag","MISSING","C","held-ambiguous","political-polity","true","[]","[]","[]","[]","{""map_identity_id"":""entity-songhai"",""aliases"":[],""historical_names"":[],""identifiers"":{}}","[""Snapshot context is not observation date or boundary date."",""Map geometry does not establish sovereignty or succession."",""Resolve historical identity before proposing entity-specific facts."",""Existing applicability intervals: []""]","35c5a20cdfaf4e7e7a788fd82d4c2b997e0fe878efe2392487968b8d61b9029f",""
"entity-bahawalpur@1800/historical-flag","entity-bahawalpur@1800","","Bahawalpur","1800","historical-flag","MISSING","C","held-ambiguous","political-polity","true","[]","[]","[]","[]","{""map_identity_id"":""entity-bahawalpur"",""aliases"":[],""historical_names"":[],""identifiers"":{}}","[""Snapshot context is not observation date or boundary date."",""Map geometry does not establish sovereignty or succession."",""Resolve historical identity before proposing entity-specific facts."",""Existing applicability intervals: []""]","35c5a20cdfaf4e7e7a788fd82d4c2b997e0fe878efe2392487968b8d61b9029f",""
"entity-southern-cameroon@1945/historical-flag","entity-southern-cameroon@1945","","Southern Cameroon","1945","historical-flag","MISSING","C","completely-empty","dependent-administration","true","[]","[]","[]","[]","{""map_identity_id"":""entity-southern-cameroon"",""aliases"":[],""historical_names"":[],""identifiers"":{}}","[""Snapshot context is not observation date or boundary date."",""Map geometry does not establish sovereignty or succession."",""Resolve historical identity before proposing entity-specific facts."",""Existing applicability intervals: []""]","35c5a20cdfaf4e7e7a788fd82d4c2b997e0fe878efe2392487968b8d61b9029f",""
"entity-ceylon-dutch@1800/historical-flag","entity-ceylon-dutch@1800","","Ceylon (Dutch)","1800","historical-flag","MISSING","C","held-ambiguous","dependent-administration","true","[]","[]","[]","[]","{""map_identity_id"":""entity-ceylon-dutch"",""aliases"":[],""historical_names"":[],""identifiers"":{}}","[""Snapshot context is not observation date or boundary date."",""Map geometry does not establish sovereignty or succession."",""Resolve historical identity before proposing entity-specific facts."",""Existing applicability intervals: []""]","35c5a20cdfaf4e7e7a788fd82d4c2b997e0fe878efe2392487968b8d61b9029f",""
"entity-lebanon@1945/historical-flag","entity-lebanon@1945","lebanon-1943-national-pact-framework","Lebanon — post-1943 National Pact order","1945","historical-flag","MISSING","C","partially-supported","political-polity","false","[]","[]","[]","[]","{""map_identity_id"":""entity-lebanon"",""aliases"":[],""historical_names"":[{""value"":""Lebanon — post-1943 National Pact order"",""kind"":""primary"",""validFrom"":""1944-01-01"",""validUntil"":""1961-01-01""}],""identifiers"":{}}","[""Snapshot context is not observation date or boundary date."",""Map geometry does not establish sovereignty or succession."",""Existing applicability intervals: []""]","35c5a20cdfaf4e7e7a788fd82d4c2b997e0fe878efe2392487968b8d61b9029f",""
"entity-lebanon@1960/historical-flag","entity-lebanon@1960","lebanon-1943-national-pact-framework","Lebanon — post-1943 National Pact order","1960","historical-flag","MISSING","C","partially-supported","political-polity","false","[]","[]","[]","[]","{""map_identity_id"":""entity-lebanon"",""aliases"":[],""historical_names"":[{""value"":""Lebanon — post-1943 National Pact order"",""kind"":""primary"",""validFrom"":""1944-01-01"",""validUntil"":""1961-01-01""}],""identifiers"":{}}","[""Snapshot context is not observation date or boundary date."",""Map geometry does not establish sovereignty or succession."",""Existing applicability intervals: []""]","35c5a20cdfaf4e7e7a788fd82d4c2b997e0fe878efe2392487968b8d61b9029f",""
"entity-sikkim-indian-princely-state@1815/historical-flag","entity-sikkim-indian-princely-state@1815","","Sikkim (Indian princely state)","1815","historical-flag","MISSING","C","held-ambiguous","dependent-administration","true","[]","[]","[]","[]","{""map_identity_id"":""entity-sikkim-indian-princely-state"",""aliases"":[],""historical_names"":[],""identifiers"":{}}","[""Snapshot context is not observation date or boundary date."",""Map geometry does not establish sovereignty or succession."",""Resolve historical identity before proposing entity-specific facts."",""Existing applicability intervals: []""]","35c5a20cdfaf4e7e7a788fd82d4c2b997e0fe878efe2392487968b8d61b9029f",""
"entity-guinea-bissau-portugal@1945/historical-flag","entity-guinea-bissau-portugal@1945","b16-portuguese-guinea-1945","Portuguese Guinea — Sarmento Rodrigues administration","1945","historical-flag","MISSING","C","partially-supported","dependent-administration","false","[]","[]","[]","[]","{""map_identity_id"":""entity-guinea-bissau-portugal"",""aliases"":[],""historical_names"":[{""value"":""Portuguese Guinea — Sarmento Rodrigues administration"",""kind"":""primary"",""validFrom"":""1945-06-01"",""validUntil"":""1949-01-01""}],""identifiers"":{}}","[""Snapshot context is not observation date or boundary date."",""Map geometry does not establish sovereignty or succession."",""Existing applicability intervals: []""]","35c5a20cdfaf4e7e7a788fd82d4c2b997e0fe878efe2392487968b8d61b9029f",""
"entity-parma@1800/historical-flag","entity-parma@1800","parma-bourbon-early-framework","Duchy of Parma — Bourbon framework","1800","historical-flag","MISSING","C","partially-supported","political-polity","false","[]","[]","[]","[]","{""map_identity_id"":""entity-parma"",""aliases"":[],""historical_names"":[{""value"":""Duchy of Parma — Bourbon framework"",""kind"":""primary"",""validFrom"":""1800-01-01"",""validUntil"":""1802""}],""identifiers"":{}}","[""Snapshot context is not observation date or boundary date."",""Map geometry does not establish sovereignty or succession."",""Existing applicability intervals: []""]","35c5a20cdfaf4e7e7a788fd82d4c2b997e0fe878efe2392487968b8d61b9029f",""
"entity-parma@1815/historical-flag","entity-parma@1815","parma-maria-luigia-framework","Duchy of Parma, Piacenza and Guastalla — Maria Luigia","1815","historical-flag","MISSING","C","core-supported","political-polity","false","[]","[]","[]","[]","{""map_identity_id"":""entity-parma"",""aliases"":[],""historical_names"":[{""value"":""Duchy of Parma, Piacenza and Guastalla — Maria Luigia"",""kind"":""primary"",""validFrom"":""1815-01-01"",""validUntil"":""1818-01-01""}],""identifiers"":{}}","[""Snapshot context is not observation date or boundary date."",""Map geometry does not establish sovereignty or succession."",""Existing applicability intervals: []""]","35c5a20cdfaf4e7e7a788fd82d4c2b997e0fe878efe2392487968b8d61b9029f",""
"entity-republic-of-krakow@1815/historical-flag","entity-republic-of-krakow@1815","krakow-free-city-framework","Free City of Krakow","1815","historical-flag","MISSING","C","partially-supported","political-polity","false","[]","[]","[]","[]","{""map_identity_id"":""entity-republic-of-krakow"",""aliases"":[],""historical_names"":[{""value"":""Free City of Krakow"",""kind"":""primary"",""validFrom"":""1815"",""validUntil"":""1818-01-01""}],""identifiers"":{}}","[""Snapshot context is not observation date or boundary date."",""Map geometry does not establish sovereignty or succession."",""Existing applicability intervals: []""]","35c5a20cdfaf4e7e7a788fd82d4c2b997e0fe878efe2392487968b8d61b9029f",""
"entity-german-south-west-africa@1914/historical-flag","entity-german-south-west-africa@1914","b19-german-south-west-africa","German South-West Africa — late colonial period","1914","historical-flag","MISSING","C","partially-supported","dependent-administration","false","[]","[]","[]","[]","{""map_identity_id"":""entity-german-south-west-africa"",""aliases"":[],""historical_names"":[{""value"":""German South-West Africa — late colonial period"",""kind"":""primary"",""validFrom"":""1900-01-01"",""validUntil"":""1915-01-01""}],""identifiers"":{}}","[""Snapshot context is not observation date or boundary date."",""Map geometry does not establish sovereignty or succession."",""Existing applicability intervals: []""]","35c5a20cdfaf4e7e7a788fd82d4c2b997e0fe878efe2392487968b8d61b9029f",""
"entity-british-east-africa@1914/historical-flag","entity-british-east-africa@1914","east-africa-protectorate-1914-core","East Africa Protectorate — administration in 1914","1914","historical-flag","MISSING","C","partially-supported","dependent-administration","false","[]","[]","[]","[]","{""map_identity_id"":""entity-british-east-africa"",""aliases"":[],""historical_names"":[{""value"":""East Africa Protectorate — administration in 1914"",""kind"":""primary"",""validFrom"":""1914-01-01"",""validUntil"":""1915-01-01""}],""identifiers"":{}}","[""Snapshot context is not observation date or boundary date."",""Map geometry does not establish sovereignty or succession."",""Existing applicability intervals: []""]","35c5a20cdfaf4e7e7a788fd82d4c2b997e0fe878efe2392487968b8d61b9029f",""
"entity-fezzan-frech-lybia@1945/historical-flag","entity-fezzan-frech-lybia@1945","fezzan-french-military-1945-framework","Fezzan — French military administration","1945","historical-flag","MISSING","C","partially-supported","dependent-administration","false","[]","[]","[]","[]","{""map_identity_id"":""entity-fezzan-frech-lybia"",""aliases"":[],""historical_names"":[{""value"":""Fezzan — French military administration"",""kind"":""primary"",""validFrom"":""1945-01-01"",""validUntil"":""1946-01-01""}],""identifiers"":{}}","[""Snapshot context is not observation date or boundary date."",""Map geometry does not establish sovereignty or succession."",""Existing applicability intervals: []""]","35c5a20cdfaf4e7e7a788fd82d4c2b997e0fe878efe2392487968b8d61b9029f",""
"entity-bavaria@1800/historical-flag","entity-bavaria@1800","bavaria-electoral-framework","Bavaria — electoral framework","1800","historical-flag","MISSING","C","partially-supported","political-polity","false","[]","[]","[]","[]","{""map_identity_id"":""entity-bavaria"",""aliases"":[],""historical_names"":[{""value"":""Bavaria — electoral framework"",""kind"":""primary"",""validFrom"":""1800-01-01"",""validUntil"":""1806-01-01""}],""identifiers"":{}}","[""Snapshot context is not observation date or boundary date."",""Map geometry does not establish sovereignty or succession."",""Existing applicability intervals: []""]","35c5a20cdfaf4e7e7a788fd82d4c2b997e0fe878efe2392487968b8d61b9029f",""
"entity-bavaria@1815/historical-flag","entity-bavaria@1815","bavaria-early-kingdom-framework","Kingdom of Bavaria — early royal framework","1815","historical-flag","MISSING","C","core-supported","political-polity","false","[]","[]","[]","[]","{""map_identity_id"":""entity-bavaria"",""aliases"":[],""historical_names"":[{""value"":""Kingdom of Bavaria — early royal framework"",""kind"":""primary"",""validFrom"":""1806-01-01"",""validUntil"":""1818-01-01""}],""identifiers"":{}}","[""Snapshot context is not observation date or boundary date."",""Map geometry does not establish sovereignty or succession."",""Existing applicability intervals: []""]","35c5a20cdfaf4e7e7a788fd82d4c2b997e0fe878efe2392487968b8d61b9029f",""
"entity-segu@1800/historical-flag","entity-segu@1800","b16-segu-1800","Kingdom of Segu — early nineteenth century","1800","historical-flag","MISSING","C","partially-supported","political-polity","false","[]","[]","[]","[]","{""map_identity_id"":""entity-segu"",""aliases"":[],""historical_names"":[{""value"":""Kingdom of Segu — early nineteenth century"",""kind"":""primary"",""validFrom"":""1800-01-01"",""validUntil"":""1801-01-01""}],""identifiers"":{}}","[""Snapshot context is not observation date or boundary date."",""Map geometry does not establish sovereignty or succession."",""Existing applicability intervals: []""]","35c5a20cdfaf4e7e7a788fd82d4c2b997e0fe878efe2392487968b8d61b9029f",""
"entity-malta@1878/historical-flag","entity-malta@1878","malta-british-administration","Malta under British administration","1878","historical-flag","MISSING","C","core-supported","dependent-administration","false","[]","[]","[]","[]","{""map_identity_id"":""entity-malta"",""aliases"":[],""historical_names"":[{""value"":""Malta under British administration"",""kind"":""primary"",""validFrom"":""1800-09""},{""value"":""Malta"",""kind"":""alternate"",""validFrom"":""1800-09"",""validUntil"":""1961-01-01""}],""identifiers"":{}}","[""Snapshot context is not observation date or boundary date."",""Map geometry does not establish sovereignty or succession."",""Existing applicability intervals: []""]","35c5a20cdfaf4e7e7a788fd82d4c2b997e0fe878efe2392487968b8d61b9029f",""
"entity-malta@1880/historical-flag","entity-malta@1880","malta-british-administration","Malta under British administration","1880","historical-flag","MISSING","C","core-supported","dependent-administration","false","[]","[]","[]","[]","{""map_identity_id"":""entity-malta"",""aliases"":[],""historical_names"":[{""value"":""Malta under British administration"",""kind"":""primary"",""validFrom"":""1800-09""},{""value"":""Malta"",""kind"":""alternate"",""validFrom"":""1800-09"",""validUntil"":""1961-01-01""}],""identifiers"":{}}","[""Snapshot context is not observation date or boundary date."",""Map geometry does not establish sovereignty or succession."",""Existing applicability intervals: []""]","35c5a20cdfaf4e7e7a788fd82d4c2b997e0fe878efe2392487968b8d61b9029f",""
"entity-malta@1900/historical-flag","entity-malta@1900","malta-british-administration","Malta under British administration","1900","historical-flag","MISSING","C","core-supported","dependent-administration","false","[]","[]","[]","[]","{""map_identity_id"":""entity-malta"",""aliases"":[],""historical_names"":[{""value"":""Malta under British administration"",""kind"":""primary"",""validFrom"":""1800-09""},{""value"":""Malta"",""kind"":""alternate"",""validFrom"":""1800-09"",""validUntil"":""1961-01-01""}],""identifiers"":{}}","[""Snapshot context is not observation date or boundary date."",""Map geometry does not establish sovereignty or succession."",""Existing applicability intervals: []""]","35c5a20cdfaf4e7e7a788fd82d4c2b997e0fe878efe2392487968b8d61b9029f",""
"entity-malta@1914/historical-flag","entity-malta@1914","malta-british-administration","Malta under British administration","1914","historical-flag","MISSING","C","core-supported","dependent-administration","false","[]","[]","[]","[]","{""map_identity_id"":""entity-malta"",""aliases"":[],""historical_names"":[{""value"":""Malta under British administration"",""kind"":""primary"",""validFrom"":""1800-09""},{""value"":""Malta"",""kind"":""alternate"",""validFrom"":""1800-09"",""validUntil"":""1961-01-01""}],""identifiers"":{}}","[""Snapshot context is not observation date or boundary date."",""Map geometry does not establish sovereignty or succession."",""Existing applicability intervals: []""]","35c5a20cdfaf4e7e7a788fd82d4c2b997e0fe878efe2392487968b8d61b9029f",""
"entity-southern-rhodesia@1938/historical-flag","entity-southern-rhodesia@1938","b19-southern-rhodesia-self-government","Southern Rhodesia — responsible-government colony","1938","historical-flag","MISSING","C","partially-supported","dependent-administration","false","[]","[]","[]","[]","{""map_identity_id"":""entity-southern-rhodesia"",""aliases"":[],""historical_names"":[{""value"":""Southern Rhodesia — responsible-government colony"",""kind"":""primary"",""validFrom"":""1924-01-01"",""validUntil"":""1953-01-01""}],""identifiers"":{}}","[""Snapshot context is not observation date or boundary date."",""Map geometry does not establish sovereignty or succession."",""Existing applicability intervals: []""]","35c5a20cdfaf4e7e7a788fd82d4c2b997e0fe878efe2392487968b8d61b9029f",""
"entity-darfur@1800/historical-flag","entity-darfur@1800","b17-darfur-1800","Darfur — Keira sultanate framework","1800","historical-flag","MISSING","C","partially-supported","political-polity","false","[]","[]","[]","[]","{""map_identity_id"":""entity-darfur"",""aliases"":[],""historical_names"":[{""value"":""Darfur — Keira sultanate framework"",""kind"":""primary"",""validFrom"":""1800-01-01"",""validUntil"":""1801-01-01""}],""identifiers"":{}}","[""Snapshot context is not observation date or boundary date."",""Map geometry does not establish sovereignty or succession."",""Existing applicability intervals: []""]","35c5a20cdfaf4e7e7a788fd82d4c2b997e0fe878efe2392487968b8d61b9029f",""
"entity-funj@1800/historical-flag","entity-funj@1800","funj-1800-vizier-core","Funj/Sennar — political order around 1800","1800","historical-flag","MISSING","C","partially-supported","political-polity","false","[]","[]","[]","[]","{""map_identity_id"":""entity-funj"",""aliases"":[],""historical_names"":[{""value"":""Funj/Sennar — political order around 1800"",""kind"":""primary"",""validFrom"":""1800-01-01"",""validUntil"":""1801-01-01""}],""identifiers"":{}}","[""Snapshot context is not observation date or boundary date."",""Map geometry does not establish sovereignty or succession."",""Existing applicability intervals: []""]","35c5a20cdfaf4e7e7a788fd82d4c2b997e0fe878efe2392487968b8d61b9029f",""
"entity-tripolitana-uk-lybia@1945/historical-flag","entity-tripolitana-uk-lybia@1945","tripolitania-british-military-1945-framework","Tripolitania — British military administration","1945","historical-flag","MISSING","C","partially-supported","dependent-administration","false","[]","[]","[]","[]","{""map_identity_id"":""entity-tripolitana-uk-lybia"",""aliases"":[],""historical_names"":[{""value"":""Tripolitania — British military administration"",""kind"":""primary"",""validFrom"":""1945-01-01"",""validUntil"":""1946-01-01""}],""identifiers"":{}}","[""Snapshot context is not observation date or boundary date."",""Map geometry does not establish sovereignty or succession."",""Existing applicability intervals: []""]","35c5a20cdfaf4e7e7a788fd82d4c2b997e0fe878efe2392487968b8d61b9029f",""
"entity-bagirmi@1800/historical-flag","entity-bagirmi@1800","b17-bagirmi-1800","Bagirmi — regional sultanate","1800","historical-flag","MISSING","C","partially-supported","political-polity","false","[]","[]","[]","[]","{""map_identity_id"":""entity-bagirmi"",""aliases"":[],""historical_names"":[{""value"":""Bagirmi — regional sultanate"",""kind"":""primary"",""validFrom"":""1800-01-01"",""validUntil"":""1801-01-01""}],""identifiers"":{}}","[""Snapshot context is not observation date or boundary date."",""Map geometry does not establish sovereignty or succession."",""Existing applicability intervals: []""]","35c5a20cdfaf4e7e7a788fd82d4c2b997e0fe878efe2392487968b8d61b9029f",""
"entity-rozwi@1800/historical-flag","entity-rozwi@1800","b20-rozvi-royal","Rozvi state","1800","historical-flag","MISSING","C","partially-supported","political-polity","false","[]","[]","[]","[]","{""map_identity_id"":""entity-rozwi"",""aliases"":[],""historical_names"":[{""value"":""Rozvi state"",""kind"":""primary"",""validFrom"":""1800-01-01"",""validUntil"":""1801-01-01""}],""identifiers"":{}}","[""Snapshot context is not observation date or boundary date."",""Map geometry does not establish sovereignty or succession."",""Existing applicability intervals: []""]","35c5a20cdfaf4e7e7a788fd82d4c2b997e0fe878efe2392487968b8d61b9029f",""
"entity-kazembe@1815/historical-flag","entity-kazembe@1815","kazembe-1815-monarchy-core","Kazembe — eastern Lunda monarchy in 1815","1815","historical-flag","MISSING","C","partially-supported","political-polity","false","[]","[]","[]","[]","{""map_identity_id"":""entity-kazembe"",""aliases"":[],""historical_names"":[{""value"":""Kazembe — eastern Lunda monarchy in 1815"",""kind"":""primary"",""validFrom"":""1815-01-01"",""validUntil"":""1816-01-01""}],""identifiers"":{}}","[""Snapshot context is not observation date or boundary date."",""Map geometry does not establish sovereignty or succession."",""Existing applicability intervals: []""]","35c5a20cdfaf4e7e7a788fd82d4c2b997e0fe878efe2392487968b8d61b9029f",""
"entity-wadai@1800/historical-flag","entity-wadai@1800","b17-wadai-sultanate-partial","Wadai — early nineteenth-century sultanate","1800","historical-flag","MISSING","C","partially-supported","political-polity","false","[]","[]","[]","[]","{""map_identity_id"":""entity-wadai"",""aliases"":[],""historical_names"":[{""value"":""Wadai — early nineteenth-century sultanate"",""kind"":""primary"",""validFrom"":""1800-01-01"",""validUntil"":""1801-01-01""},{""value"":""Wadai — later nineteenth-century sultanate"",""kind"":""primary"",""validFrom"":""1878-01-01"",""validUntil"":""1881-01-01""}],""identifiers"":{}}","[""Snapshot context is not observation date or boundary date."",""Map geometry does not establish sovereignty or succession."",""Existing applicability intervals: []""]","35c5a20cdfaf4e7e7a788fd82d4c2b997e0fe878efe2392487968b8d61b9029f",""
"entity-nyasaland@1945/historical-flag","entity-nyasaland@1945","b19-nyasaland-governor","Nyasaland Protectorate — governor administration","1945","historical-flag","MISSING","C","partially-supported","dependent-administration","false","[]","[]","[]","[]","{""map_identity_id"":""entity-nyasaland"",""aliases"":[],""historical_names"":[{""value"":""Nyasaland Protectorate — governor administration"",""kind"":""primary"",""validFrom"":""1908-01-01"",""validUntil"":""1953-01-01""}],""identifiers"":{}}","[""Snapshot context is not observation date or boundary date."",""Map geometry does not establish sovereignty or succession."",""Existing applicability intervals: []""]","35c5a20cdfaf4e7e7a788fd82d4c2b997e0fe878efe2392487968b8d61b9029f",""
"entity-togoland@1914/historical-flag","entity-togoland@1914","","Togoland","1914","historical-flag","MISSING","C","held-ambiguous","dependent-administration","true","[]","[]","[]","[]","{""map_identity_id"":""entity-togoland"",""aliases"":[],""historical_names"":[],""identifiers"":{}}","[""Snapshot context is not observation date or boundary date."",""Map geometry does not establish sovereignty or succession."",""Resolve historical identity before proposing entity-specific facts."",""Existing applicability intervals: []""]","35c5a20cdfaf4e7e7a788fd82d4c2b997e0fe878efe2392487968b8d61b9029f",""
"entity-spanish-morocco@1914/historical-flag","entity-spanish-morocco@1914","morocco-spanish-protectorate-1914-framework","Morocco — Spanish protectorate zone","1914","historical-flag","MISSING","C","partially-supported","dependent-administration","false","[]","[]","[]","[]","{""map_identity_id"":""entity-spanish-morocco"",""aliases"":[],""historical_names"":[{""value"":""Morocco — Spanish protectorate zone"",""kind"":""primary"",""validFrom"":""1913-01-01"",""validUntil"":""1915-01-01""}],""identifiers"":{}}","[""Snapshot context is not observation date or boundary date."",""Map geometry does not establish sovereignty or succession."",""Existing applicability intervals: []""]","35c5a20cdfaf4e7e7a788fd82d4c2b997e0fe878efe2392487968b8d61b9029f",""
"entity-sakhalin-ru@1914/historical-flag","entity-sakhalin-ru@1914","sakhalin-northern-russian-possession","Northern Sakhalin — Russian imperial possession","1914","historical-flag","MISSING","C","partially-supported","dependent-administration","false","[]","[]","[]","[]","{""map_identity_id"":""entity-sakhalin-ru"",""aliases"":[],""historical_names"":[{""value"":""Northern Sakhalin — Russian imperial possession"",""kind"":""primary"",""validFrom"":""1906-01-01"",""validUntil"":""1915-01-01""}],""identifiers"":{}}","[""Snapshot context is not observation date or boundary date."",""Map geometry does not establish sovereignty or succession."",""Existing applicability intervals: []""]","35c5a20cdfaf4e7e7a788fd82d4c2b997e0fe878efe2392487968b8d61b9029f",""
"entity-kandy@1800/historical-flag","entity-kandy@1800","kandy-1800-royal-framework","Kingdom of Kandy","1800","historical-flag","MISSING","C","partially-supported","political-polity","false","[]","[]","[]","[]","{""map_identity_id"":""entity-kandy"",""aliases"":[],""historical_names"":[{""value"":""Kingdom of Kandy"",""kind"":""primary"",""validFrom"":""1800-01-01"",""validUntil"":""1801-01-01""}],""identifiers"":{}}","[""Snapshot context is not observation date or boundary date."",""Map geometry does not establish sovereignty or succession."",""Existing applicability intervals: []""]","35c5a20cdfaf4e7e7a788fd82d4c2b997e0fe878efe2392487968b8d61b9029f",""
"entity-new-caledonia@1938/historical-flag","entity-new-caledonia@1938","new-caledonia-1938-colonial-core","New Caledonia — French colonial framework in 1938","1938","historical-flag","MISSING","C","partially-supported","dependent-administration","false","[]","[]","[]","[]","{""map_identity_id"":""entity-new-caledonia"",""aliases"":[],""historical_names"":[{""value"":""New Caledonia — French colonial framework in 1938"",""kind"":""primary"",""validFrom"":""1938-01-01"",""validUntil"":""1939-01-01""}],""identifiers"":{}}","[""Snapshot context is not observation date or boundary date."",""Map geometry does not establish sovereignty or succession."",""Existing applicability intervals: []""]","35c5a20cdfaf4e7e7a788fd82d4c2b997e0fe878efe2392487968b8d61b9029f",""
"entity-new-hebrides@1938/historical-flag","entity-new-hebrides@1938","new-hebrides-1938-condominium-core","New Hebrides — Anglo-French condominium in 1938","1938","historical-flag","MISSING","C","partially-supported","dependent-administration","false","[]","[]","[]","[]","{""map_identity_id"":""entity-new-hebrides"",""aliases"":[],""historical_names"":[{""value"":""New Hebrides — Anglo-French condominium in 1938"",""kind"":""primary"",""validFrom"":""1938-01-01"",""validUntil"":""1939-01-01""}],""identifiers"":{}}","[""Snapshot context is not observation date or boundary date."",""Map geometry does not establish sovereignty or succession."",""Existing applicability intervals: []""]","35c5a20cdfaf4e7e7a788fd82d4c2b997e0fe878efe2392487968b8d61b9029f",""
"entity-cochin@1800/historical-flag","entity-cochin@1800","cochin-1791-tributary-framework","Cochin — 1791 tributary treaty framework","1800","historical-flag","MISSING","C","partially-supported","political-polity","false","[]","[]","[]","[]","{""map_identity_id"":""entity-cochin"",""aliases"":[],""historical_names"":[{""value"":""Cochin — 1791 tributary treaty framework"",""kind"":""primary"",""validFrom"":""1792-01-01"",""validUntil"":""1809-01-01""}],""identifiers"":{}}","[""Snapshot context is not observation date or boundary date."",""Map geometry does not establish sovereignty or succession."",""Existing applicability intervals: []""]","35c5a20cdfaf4e7e7a788fd82d4c2b997e0fe878efe2392487968b8d61b9029f",""
"entity-morocco-france@1938/historical-flag","entity-morocco-france@1938","morocco-french-protectorate-framework","Morocco — French protectorate framework","1938","historical-flag","MISSING","C","partially-supported","dependent-administration","false","[]","[]","[]","[]","{""map_identity_id"":""entity-morocco-france"",""aliases"":[],""historical_names"":[{""value"":""Morocco — French protectorate framework"",""kind"":""primary"",""validFrom"":""1913-01-01"",""validUntil"":""1939-01-01""}],""identifiers"":{}}","[""Snapshot context is not observation date or boundary date."",""Map geometry does not establish sovereignty or succession."",""Existing applicability intervals: []""]","35c5a20cdfaf4e7e7a788fd82d4c2b997e0fe878efe2392487968b8d61b9029f",""
"entity-dodecanese-islands@1930/historical-flag","entity-dodecanese-islands@1930","italian-dodecanese-lausanne-framework","Dodecanese — Italian treaty framework","1930","historical-flag","MISSING","C","partially-supported","dependent-administration","false","[]","[]","[]","[]","{""map_identity_id"":""entity-dodecanese-islands"",""aliases"":[],""historical_names"":[{""value"":""Dodecanese — Italian treaty framework"",""kind"":""primary"",""validFrom"":""1925-01-01"",""validUntil"":""1931-01-01""}],""identifiers"":{}}","[""Snapshot context is not observation date or boundary date."",""Map geometry does not establish sovereignty or succession."",""Existing applicability intervals: []""]","35c5a20cdfaf4e7e7a788fd82d4c2b997e0fe878efe2392487968b8d61b9029f",""
"entity-guam@1938/historical-flag","entity-guam@1938","guam-1938-naval-core","Guam — US naval administration in 1938","1938","historical-flag","MISSING","C","partially-supported","dependent-administration","false","[]","[]","[]","[]","{""map_identity_id"":""entity-guam"",""aliases"":[],""historical_names"":[{""value"":""Guam — US naval administration in 1938"",""kind"":""primary"",""validFrom"":""1938-01-01"",""validUntil"":""1939-01-01""}],""identifiers"":{}}","[""Snapshot context is not observation date or boundary date."",""Map geometry does not establish sovereignty or succession."",""Existing applicability intervals: []""]","35c5a20cdfaf4e7e7a788fd82d4c2b997e0fe878efe2392487968b8d61b9029f",""
"entity-saipan@1938/historical-flag","entity-saipan@1938","saipan-1938-japanese-core","Saipan — Japanese South Seas administration in 1938","1938","historical-flag","MISSING","C","partially-supported","dependent-administration","false","[]","[]","[]","[]","{""map_identity_id"":""entity-saipan"",""aliases"":[],""historical_names"":[{""value"":""Saipan — Japanese South Seas administration in 1938"",""kind"":""primary"",""validFrom"":""1938-01-01"",""validUntil"":""1939-01-01""}],""identifiers"":{}}","[""Snapshot context is not observation date or boundary date."",""Map geometry does not establish sovereignty or succession."",""Existing applicability intervals: []""]","35c5a20cdfaf4e7e7a788fd82d4c2b997e0fe878efe2392487968b8d61b9029f",""
"entity-gilbert-and-ellice-islands@1938/historical-flag","entity-gilbert-and-ellice-islands@1938","gilbert-ellice-1938-colonial-core","Gilbert and Ellice Islands — colonial framework in 1938","1938","historical-flag","MISSING","C","partially-supported","dependent-administration","false","[]","[]","[]","[]","{""map_identity_id"":""entity-gilbert-and-ellice-islands"",""aliases"":[],""historical_names"":[{""value"":""Gilbert and Ellice Islands — colonial framework in 1938"",""kind"":""primary"",""validFrom"":""1938-01-01"",""validUntil"":""1939-01-01""}],""identifiers"":{}}","[""Snapshot context is not observation date or boundary date."",""Map geometry does not establish sovereignty or succession."",""Existing applicability intervals: []""]","35c5a20cdfaf4e7e7a788fd82d4c2b997e0fe878efe2392487968b8d61b9029f",""
"entity-san-marino@1815/historical-flag","entity-san-marino@1815","san-marino-republic","San Marino","1815","historical-flag","MISSING","C","partially-supported","political-polity","false","[]","[]","[]","[]","{""map_identity_id"":""entity-san-marino"",""aliases"":[],""historical_names"":[{""value"":""San Marino"",""kind"":""primary"",""validFrom"":""1800-01-01""}],""identifiers"":{}}","[""Snapshot context is not observation date or boundary date."",""Map geometry does not establish sovereignty or succession."",""Existing applicability intervals: []""]","35c5a20cdfaf4e7e7a788fd82d4c2b997e0fe878efe2392487968b8d61b9029f",""
"entity-congo-france@1938/historical-flag","entity-congo-france@1938","b17-moyen-congo-prewar","Moyen-Congo — French colonial administration","1938","historical-flag","MISSING","C","partially-supported","dependent-administration","false","[]","[]","[]","[]","{""map_identity_id"":""entity-congo-france"",""aliases"":[],""historical_names"":[{""value"":""Moyen-Congo — French colonial administration"",""kind"":""primary"",""validFrom"":""1938-01-01"",""validUntil"":""1939-01-01""}],""identifiers"":{}}","[""Snapshot context is not observation date or boundary date."",""Map geometry does not establish sovereignty or succession."",""Existing applicability intervals: []""]","35c5a20cdfaf4e7e7a788fd82d4c2b997e0fe878efe2392487968b8d61b9029f",""
"entity-eritrea-italy@1938/historical-flag","entity-eritrea-italy@1938","eritrea-italian-east-africa-core","Eritrea — government within Italian East Africa","1938","historical-flag","MISSING","C","partially-supported","dependent-administration","false","[]","[]","[]","[]","{""map_identity_id"":""entity-eritrea-italy"",""aliases"":[],""historical_names"":[{""value"":""Eritrea — government within Italian East Africa"",""kind"":""primary"",""validFrom"":""1936-06-01"",""validUntil"":""1941-01-01""}],""identifiers"":{}}","[""Snapshot context is not observation date or boundary date."",""Map geometry does not establish sovereignty or succession."",""Existing applicability intervals: []""]","35c5a20cdfaf4e7e7a788fd82d4c2b997e0fe878efe2392487968b8d61b9029f",""
"entity-jamaica-uk@1945/historical-flag","entity-jamaica-uk@1945","b11-jamaica-adult-suffrage","Jamaica — post-1944 representative framework","1945","historical-flag","MISSING","C","partially-supported","dependent-administration","false","[]","[]","[]","[]","{""map_identity_id"":""entity-jamaica-uk"",""aliases"":[],""historical_names"":[{""value"":""Jamaica — post-1944 representative framework"",""kind"":""primary"",""validFrom"":""1945-01-01"",""validUntil"":""1953-01-01""}],""identifiers"":{}}","[""Snapshot context is not observation date or boundary date."",""Map geometry does not establish sovereignty or succession."",""Existing applicability intervals: []""]","35c5a20cdfaf4e7e7a788fd82d4c2b997e0fe878efe2392487968b8d61b9029f",""
"entity-electoral-hesse@1815/historical-flag","entity-electoral-hesse@1815","hesse-kassel-restored-electoral-framework","Electoral Hesse — restored framework","1815","historical-flag","MISSING","C","partially-supported","political-polity","false","[]","[]","[]","[]","{""map_identity_id"":""entity-electoral-hesse"",""aliases"":[],""historical_names"":[{""value"":""Electoral Hesse — restored framework"",""kind"":""primary"",""validFrom"":""1815-01-01"",""validUntil"":""1816-01-01""}],""identifiers"":{}}","[""Snapshot context is not observation date or boundary date."",""Map geometry does not establish sovereignty or succession."",""Existing applicability intervals: []""]","35c5a20cdfaf4e7e7a788fd82d4c2b997e0fe878efe2392487968b8d61b9029f",""
"entity-schleswig@1815/historical-flag","entity-schleswig@1815","schleswig-danish-ducal-framework","Duchy of Schleswig — Danish dynastic framework","1815","historical-flag","MISSING","C","partially-supported","political-polity","false","[]","[]","[]","[]","{""map_identity_id"":""entity-schleswig"",""aliases"":[],""historical_names"":[{""value"":""Duchy of Schleswig — Danish dynastic framework"",""kind"":""primary"",""validFrom"":""1815-01-01"",""validUntil"":""1816-01-01""}],""identifiers"":{}}","[""Snapshot context is not observation date or boundary date."",""Map geometry does not establish sovereignty or succession."",""Existing applicability intervals: []""]","35c5a20cdfaf4e7e7a788fd82d4c2b997e0fe878efe2392487968b8d61b9029f",""
"entity-nassau@1815/historical-flag","entity-nassau@1815","nassau-1815-constitutional-framework","Duchy of Nassau","1815","historical-flag","MISSING","C","partially-supported","political-polity","false","[]","[]","[]","[]","{""map_identity_id"":""entity-nassau"",""aliases"":[],""historical_names"":[{""value"":""Duchy of Nassau"",""kind"":""primary"",""validFrom"":""1815-01-01"",""validUntil"":""1816-01-01""}],""identifiers"":{}}","[""Snapshot context is not observation date or boundary date."",""Map geometry does not establish sovereignty or succession."",""Existing applicability intervals: []""]","35c5a20cdfaf4e7e7a788fd82d4c2b997e0fe878efe2392487968b8d61b9029f",""
"entity-danzig@1930/historical-flag","entity-danzig@1930","danzig-league-guaranteed-framework","Free City of Danzig — League-guaranteed framework","1930","historical-flag","MISSING","C","partially-supported","political-polity","false","[]","[]","[]","[]","{""map_identity_id"":""entity-danzig"",""aliases"":[],""historical_names"":[{""value"":""Free City of Danzig — League-guaranteed framework"",""kind"":""primary"",""validFrom"":""1921-01-01"",""validUntil"":""1933-06-20""}],""identifiers"":{}}","[""Snapshot context is not observation date or boundary date."",""Map geometry does not establish sovereignty or succession."",""Existing applicability intervals: []""]","35c5a20cdfaf4e7e7a788fd82d4c2b997e0fe878efe2392487968b8d61b9029f",""
"entity-martinique-france@1945/historical-flag","entity-martinique-france@1945","b11-martinique-colony","Martinique — French colony","1945","historical-flag","MISSING","C","partially-supported","dependent-administration","false","[]","[]","[]","[]","{""map_identity_id"":""entity-martinique-france"",""aliases"":[],""historical_names"":[{""value"":""Martinique — French colony"",""kind"":""primary"",""validFrom"":""1878-01-01"",""validUntil"":""1946-03-19""}],""identifiers"":{}}","[""Snapshot context is not observation date or boundary date."",""Map geometry does not establish sovereignty or succession."",""Existing applicability intervals: []""]","35c5a20cdfaf4e7e7a788fd82d4c2b997e0fe878efe2392487968b8d61b9029f",""
"entity-grand-duchy-of-hesse@1815/historical-flag","entity-grand-duchy-of-hesse@1815","hesse-darmstadt-1815-framework","Grand Duchy of Hesse","1815","historical-flag","MISSING","C","core-supported","political-polity","false","[]","[]","[]","[]","{""map_identity_id"":""entity-grand-duchy-of-hesse"",""aliases"":[],""historical_names"":[{""value"":""Grand Duchy of Hesse"",""kind"":""primary"",""validFrom"":""1815-01-01"",""validUntil"":""1816-01-01""}],""identifiers"":{}}","[""Snapshot context is not observation date or boundary date."",""Map geometry does not establish sovereignty or succession."",""Existing applicability intervals: []""]","35c5a20cdfaf4e7e7a788fd82d4c2b997e0fe878efe2392487968b8d61b9029f",""
