"cell_id","occurrence_id","atlas_entity_id","atlas_display_name","snapshot_year","dossier_category","current_status","research_priority","mapping_status","eligibility_classification","identity_review_required","current_values","observation_dates","territorial_scopes","held_reasons","known_aliases_identifiers","notes","production_fingerprint","proposals_json"
"entity-brunei@1800/identity","entity-brunei@1800","","Brunei","1800","identity","MISSING","C","completely-empty","political-polity","true","[]","[]","[]","[]","{""map_identity_id"":""entity-brunei"",""aliases"":[],""historical_names"":[],""identifiers"":{}}","[""Snapshot context is not observation date or boundary date."",""Map geometry does not establish sovereignty or succession."",""Resolve historical identity before proposing entity-specific facts."",""Existing applicability intervals: []""]","35c5a20cdfaf4e7e7a788fd82d4c2b997e0fe878efe2392487968b8d61b9029f",""
"entity-brunei@1815/identity","entity-brunei@1815","","Brunei","1815","identity","MISSING","C","completely-empty","political-polity","true","[]","[]","[]","[]","{""map_identity_id"":""entity-brunei"",""aliases"":[],""historical_names"":[],""identifiers"":{}}","[""Snapshot context is not observation date or boundary date."",""Map geometry does not establish sovereignty or succession."",""Resolve historical identity before proposing entity-specific facts."",""Existing applicability intervals: []""]","35c5a20cdfaf4e7e7a788fd82d4c2b997e0fe878efe2392487968b8d61b9029f",""
"entity-brunei@1878/identity","entity-brunei@1878","","Brunei","1878","identity","MISSING","C","completely-empty","political-polity","true","[]","[]","[]","[]","{""map_identity_id"":""entity-brunei"",""aliases"":[],""historical_names"":[],""identifiers"":{}}","[""Snapshot context is not observation date or boundary date."",""Map geometry does not establish sovereignty or succession."",""Resolve historical identity before proposing entity-specific facts."",""Existing applicability intervals: []""]","35c5a20cdfaf4e7e7a788fd82d4c2b997e0fe878efe2392487968b8d61b9029f",""
"entity-brunei@1880/identity","entity-brunei@1880","","Brunei","1880","identity","MISSING","C","completely-empty","political-polity","true","[]","[]","[]","[]","{""map_identity_id"":""entity-brunei"",""aliases"":[],""historical_names"":[],""identifiers"":{}}","[""Snapshot context is not observation date or boundary date."",""Map geometry does not establish sovereignty or succession."",""Resolve historical identity before proposing entity-specific facts."",""Existing applicability intervals: []""]","35c5a20cdfaf4e7e7a788fd82d4c2b997e0fe878efe2392487968b8d61b9029f",""
"entity-brunei@1945/identity","entity-brunei@1945","","Brunei","1945","identity","MISSING","C","completely-empty","political-polity","true","[]","[]","[]","[]","{""map_identity_id"":""entity-brunei"",""aliases"":[],""historical_names"":[],""identifiers"":{}}","[""Snapshot context is not observation date or boundary date."",""Map geometry does not establish sovereignty or succession."",""Resolve historical identity before proposing entity-specific facts."",""Existing applicability intervals: []""]","35c5a20cdfaf4e7e7a788fd82d4c2b997e0fe878efe2392487968b8d61b9029f",""
"entity-guatemala@1878/identity","entity-guatemala@1878","","Guatemala","1878","identity","MISSING","C","completely-empty","political-polity","true","[]","[]","[]","[]","{""map_identity_id"":""entity-guatemala"",""aliases"":[],""historical_names"":[],""identifiers"":{}}","[""Snapshot context is not observation date or boundary date."",""Map geometry does not establish sovereignty or succession."",""Resolve historical identity before proposing entity-specific facts."",""Existing applicability intervals: []""]","35c5a20cdfaf4e7e7a788fd82d4c2b997e0fe878efe2392487968b8d61b9029f",""
"entity-guatemala@1880/identity","entity-guatemala@1880","","Guatemala","1880","identity","MISSING","C","completely-empty","political-polity","true","[]","[]","[]","[]","{""map_identity_id"":""entity-guatemala"",""aliases"":[],""historical_names"":[],""identifiers"":{}}","[""Snapshot context is not observation date or boundary date."",""Map geometry does not establish sovereignty or succession."",""Resolve historical identity before proposing entity-specific facts."",""Existing applicability intervals: []""]","35c5a20cdfaf4e7e7a788fd82d4c2b997e0fe878efe2392487968b8d61b9029f",""
"entity-guatemala@1900/identity","entity-guatemala@1900","","Guatemala","1900","identity","MISSING","C","completely-empty","political-polity","true","[]","[]","[]","[]","{""map_identity_id"":""entity-guatemala"",""aliases"":[],""historical_names"":[],""identifiers"":{}}","[""Snapshot context is not observation date or boundary date."",""Map geometry does not establish sovereignty or succession."",""Resolve historical identity before proposing entity-specific facts."",""Existing applicability intervals: []""]","35c5a20cdfaf4e7e7a788fd82d4c2b997e0fe878efe2392487968b8d61b9029f",""
"entity-guatemala@1914/identity","entity-guatemala@1914","","Guatemala","1914","identity","MISSING","C","completely-empty","political-polity","true","[]","[]","[]","[]","{""map_identity_id"":""entity-guatemala"",""aliases"":[],""historical_names"":[],""identifiers"":{}}","[""Snapshot context is not observation date or boundary date."",""Map geometry does not establish sovereignty or succession."",""Resolve historical identity before proposing entity-specific facts."",""Existing applicability intervals: []""]","35c5a20cdfaf4e7e7a788fd82d4c2b997e0fe878efe2392487968b8d61b9029f",""
"entity-guatemala@1920/identity","entity-guatemala@1920","","Guatemala","1920","identity","MISSING","C","completely-empty","political-polity","true","[]","[]","[]","[]","{""map_identity_id"":""entity-guatemala"",""aliases"":[],""historical_names"":[],""identifiers"":{}}","[""Snapshot context is not observation date or boundary date."",""Map geometry does not establish sovereignty or succession."",""Resolve historical identity before proposing entity-specific facts."",""Existing applicability intervals: []""]","35c5a20cdfaf4e7e7a788fd82d4c2b997e0fe878efe2392487968b8d61b9029f",""
"entity-guatemala@1930/identity","entity-guatemala@1930","","Guatemala","1930","identity","MISSING","C","completely-empty","political-polity","true","[]","[]","[]","[]","{""map_identity_id"":""entity-guatemala"",""aliases"":[],""historical_names"":[],""identifiers"":{}}","[""Snapshot context is not observation date or boundary date."",""Map geometry does not establish sovereignty or succession."",""Resolve historical identity before proposing entity-specific facts."",""Existing applicability intervals: []""]","35c5a20cdfaf4e7e7a788fd82d4c2b997e0fe878efe2392487968b8d61b9029f",""
"entity-guatemala@1945/identity","entity-guatemala@1945","","Guatemala","1945","identity","MISSING","C","completely-empty","political-polity","true","[]","[]","[]","[]","{""map_identity_id"":""entity-guatemala"",""aliases"":[],""historical_names"":[],""identifiers"":{}}","[""Snapshot context is not observation date or boundary date."",""Map geometry does not establish sovereignty or succession."",""Resolve historical identity before proposing entity-specific facts."",""Existing applicability intervals: []""]","35c5a20cdfaf4e7e7a788fd82d4c2b997e0fe878efe2392487968b8d61b9029f",""
"entity-guatemala@1960/identity","entity-guatemala@1960","","Guatemala","1960","identity","MISSING","C","completely-empty","political-polity","true","[]","[]","[]","[]","{""map_identity_id"":""entity-guatemala"",""aliases"":[],""historical_names"":[],""identifiers"":{}}","[""Snapshot context is not observation date or boundary date."",""Map geometry does not establish sovereignty or succession."",""Resolve historical identity before proposing entity-specific facts."",""Existing applicability intervals: []""]","35c5a20cdfaf4e7e7a788fd82d4c2b997e0fe878efe2392487968b8d61b9029f",""
"entity-costa-rica@1878/identity","entity-costa-rica@1878","","Costa Rica","1878","identity","MISSING","C","completely-empty","political-polity","true","[]","[]","[]","[]","{""map_identity_id"":""entity-costa-rica"",""aliases"":[],""historical_names"":[],""identifiers"":{}}","[""Snapshot context is not observation date or boundary date."",""Map geometry does not establish sovereignty or succession."",""Resolve historical identity before proposing entity-specific facts."",""Existing applicability intervals: []""]","35c5a20cdfaf4e7e7a788fd82d4c2b997e0fe878efe2392487968b8d61b9029f",""
"entity-costa-rica@1880/identity","entity-costa-rica@1880","","Costa Rica","1880","identity","MISSING","C","completely-empty","political-polity","true","[]","[]","[]","[]","{""map_identity_id"":""entity-costa-rica"",""aliases"":[],""historical_names"":[],""identifiers"":{}}","[""Snapshot context is not observation date or boundary date."",""Map geometry does not establish sovereignty or succession."",""Resolve historical identity before proposing entity-specific facts."",""Existing applicability intervals: []""]","35c5a20cdfaf4e7e7a788fd82d4c2b997e0fe878efe2392487968b8d61b9029f",""
"entity-costa-rica@1900/identity","entity-costa-rica@1900","","Costa Rica","1900","identity","MISSING","C","completely-empty","political-polity","true","[]","[]","[]","[]","{""map_identity_id"":""entity-costa-rica"",""aliases"":[],""historical_names"":[],""identifiers"":{}}","[""Snapshot context is not observation date or boundary date."",""Map geometry does not establish sovereignty or succession."",""Resolve historical identity before proposing entity-specific facts."",""Existing applicability intervals: []""]","35c5a20cdfaf4e7e7a788fd82d4c2b997e0fe878efe2392487968b8d61b9029f",""
"entity-costa-rica@1914/identity","entity-costa-rica@1914","","Costa Rica","1914","identity","MISSING","C","completely-empty","political-polity","true","[]","[]","[]","[]","{""map_identity_id"":""entity-costa-rica"",""aliases"":[],""historical_names"":[],""identifiers"":{}}","[""Snapshot context is not observation date or boundary date."",""Map geometry does not establish sovereignty or succession."",""Resolve historical identity before proposing entity-specific facts."",""Existing applicability intervals: []""]","35c5a20cdfaf4e7e7a788fd82d4c2b997e0fe878efe2392487968b8d61b9029f",""
"entity-costa-rica@1920/identity","entity-costa-rica@1920","","Costa Rica","1920","identity","MISSING","C","completely-empty","political-polity","true","[]","[]","[]","[]","{""map_identity_id"":""entity-costa-rica"",""aliases"":[],""historical_names"":[],""identifiers"":{}}","[""Snapshot context is not observation date or boundary date."",""Map geometry does not establish sovereignty or succession."",""Resolve historical identity before proposing entity-specific facts."",""Existing applicability intervals: []""]","35c5a20cdfaf4e7e7a788fd82d4c2b997e0fe878efe2392487968b8d61b9029f",""
"entity-costa-rica@1930/identity","entity-costa-rica@1930","","Costa Rica","1930","identity","MISSING","C","completely-empty","political-polity","true","[]","[]","[]","[]","{""map_identity_id"":""entity-costa-rica"",""aliases"":[],""historical_names"":[],""identifiers"":{}}","[""Snapshot context is not observation date or boundary date."",""Map geometry does not establish sovereignty or succession."",""Resolve historical identity before proposing entity-specific facts."",""Existing applicability intervals: []""]","35c5a20cdfaf4e7e7a788fd82d4c2b997e0fe878efe2392487968b8d61b9029f",""
"entity-costa-rica@1938/identity","entity-costa-rica@1938","","Costa Rica","1938","identity","MISSING","C","completely-empty","political-polity","true","[]","[]","[]","[]","{""map_identity_id"":""entity-costa-rica"",""aliases"":[],""historical_names"":[],""identifiers"":{}}","[""Snapshot context is not observation date or boundary date."",""Map geometry does not establish sovereignty or succession."",""Resolve historical identity before proposing entity-specific facts."",""Existing applicability intervals: []""]","35c5a20cdfaf4e7e7a788fd82d4c2b997e0fe878efe2392487968b8d61b9029f",""
"entity-costa-rica@1945/identity","entity-costa-rica@1945","","Costa Rica","1945","identity","MISSING","C","completely-empty","political-polity","true","[]","[]","[]","[]","{""map_identity_id"":""entity-costa-rica"",""aliases"":[],""historical_names"":[],""identifiers"":{}}","[""Snapshot context is not observation date or boundary date."",""Map geometry does not establish sovereignty or succession."",""Resolve historical identity before proposing entity-specific facts."",""Existing applicability intervals: []""]","35c5a20cdfaf4e7e7a788fd82d4c2b997e0fe878efe2392487968b8d61b9029f",""
"entity-el-salvador@1878/identity","entity-el-salvador@1878","","El Salvador","1878","identity","MISSING","C","completely-empty","political-polity","true","[]","[]","[]","[]","{""map_identity_id"":""entity-el-salvador"",""aliases"":[],""historical_names"":[],""identifiers"":{}}","[""Snapshot context is not observation date or boundary date."",""Map geometry does not establish sovereignty or succession."",""Resolve historical identity before proposing entity-specific facts."",""Existing applicability intervals: []""]","35c5a20cdfaf4e7e7a788fd82d4c2b997e0fe878efe2392487968b8d61b9029f",""
"entity-el-salvador@1880/identity","entity-el-salvador@1880","","El Salvador","1880","identity","MISSING","C","completely-empty","political-polity","true","[]","[]","[]","[]","{""map_identity_id"":""entity-el-salvador"",""aliases"":[],""historical_names"":[],""identifiers"":{}}","[""Snapshot context is not observation date or boundary date."",""Map geometry does not establish sovereignty or succession."",""Resolve historical identity before proposing entity-specific facts."",""Existing applicability intervals: []""]","35c5a20cdfaf4e7e7a788fd82d4c2b997e0fe878efe2392487968b8d61b9029f",""
"entity-el-salvador@1900/identity","entity-el-salvador@1900","","El Salvador","1900","identity","MISSING","C","completely-empty","political-polity","true","[]","[]","[]","[]","{""map_identity_id"":""entity-el-salvador"",""aliases"":[],""historical_names"":[],""identifiers"":{}}","[""Snapshot context is not observation date or boundary date."",""Map geometry does not establish sovereignty or succession."",""Resolve historical identity before proposing entity-specific facts."",""Existing applicability intervals: []""]","35c5a20cdfaf4e7e7a788fd82d4c2b997e0fe878efe2392487968b8d61b9029f",""
"entity-el-salvador@1914/identity","entity-el-salvador@1914","","El Salvador","1914","identity","MISSING","C","completely-empty","political-polity","true","[]","[]","[]","[]","{""map_identity_id"":""entity-el-salvador"",""aliases"":[],""historical_names"":[],""identifiers"":{}}","[""Snapshot context is not observation date or boundary date."",""Map geometry does not establish sovereignty or succession."",""Resolve historical identity before proposing entity-specific facts."",""Existing applicability intervals: []""]","35c5a20cdfaf4e7e7a788fd82d4c2b997e0fe878efe2392487968b8d61b9029f",""
"entity-el-salvador@1920/identity","entity-el-salvador@1920","","El Salvador","1920","identity","MISSING","C","completely-empty","political-polity","true","[]","[]","[]","[]","{""map_identity_id"":""entity-el-salvador"",""aliases"":[],""historical_names"":[],""identifiers"":{}}","[""Snapshot context is not observation date or boundary date."",""Map geometry does not establish sovereignty or succession."",""Resolve historical identity before proposing entity-specific facts."",""Existing applicability intervals: []""]","35c5a20cdfaf4e7e7a788fd82d4c2b997e0fe878efe2392487968b8d61b9029f",""
"entity-el-salvador@1930/identity","entity-el-salvador@1930","","El Salvador","1930","identity","MISSING","C","completely-empty","political-polity","true","[]","[]","[]","[]","{""map_identity_id"":""entity-el-salvador"",""aliases"":[],""historical_names"":[],""identifiers"":{}}","[""Snapshot context is not observation date or boundary date."",""Map geometry does not establish sovereignty or succession."",""Resolve historical identity before proposing entity-specific facts."",""Existing applicability intervals: []""]","35c5a20cdfaf4e7e7a788fd82d4c2b997e0fe878efe2392487968b8d61b9029f",""
"entity-el-salvador@1945/identity","entity-el-salvador@1945","","El Salvador","1945","identity","MISSING","C","completely-empty","political-polity","true","[]","[]","[]","[]","{""map_identity_id"":""entity-el-salvador"",""aliases"":[],""historical_names"":[],""identifiers"":{}}","[""Snapshot context is not observation date or boundary date."",""Map geometry does not establish sovereignty or succession."",""Resolve historical identity before proposing entity-specific facts."",""Existing applicability intervals: []""]","35c5a20cdfaf4e7e7a788fd82d4c2b997e0fe878efe2392487968b8d61b9029f",""
"entity-el-salvador@1960/identity","entity-el-salvador@1960","","El Salvador","1960","identity","MISSING","C","completely-empty","political-polity","true","[]","[]","[]","[]","{""map_identity_id"":""entity-el-salvador"",""aliases"":[],""historical_names"":[],""identifiers"":{}}","[""Snapshot context is not observation date or boundary date."",""Map geometry does not establish sovereignty or succession."",""Resolve historical identity before proposing entity-specific facts."",""Existing applicability intervals: []""]","35c5a20cdfaf4e7e7a788fd82d4c2b997e0fe878efe2392487968b8d61b9029f",""
"entity-bhutan@1800/identity","entity-bhutan@1800","","Bhutan","1800","identity","MISSING","C","completely-empty","political-polity","true","[]","[]","[]","[]","{""map_identity_id"":""entity-bhutan"",""aliases"":[],""historical_names"":[],""identifiers"":{}}","[""Snapshot context is not observation date or boundary date."",""Map geometry does not establish sovereignty or succession."",""Resolve historical identity before proposing entity-specific facts."",""Existing applicability intervals: []""]","35c5a20cdfaf4e7e7a788fd82d4c2b997e0fe878efe2392487968b8d61b9029f",""
"entity-bhutan@1815/identity","entity-bhutan@1815","","Bhutan","1815","identity","MISSING","C","completely-empty","political-polity","true","[]","[]","[]","[]","{""map_identity_id"":""entity-bhutan"",""aliases"":[],""historical_names"":[],""identifiers"":{}}","[""Snapshot context is not observation date or boundary date."",""Map geometry does not establish sovereignty or succession."",""Resolve historical identity before proposing entity-specific facts."",""Existing applicability intervals: []""]","35c5a20cdfaf4e7e7a788fd82d4c2b997e0fe878efe2392487968b8d61b9029f",""
"entity-bhutan@1878/identity","entity-bhutan@1878","","Bhutan","1878","identity","MISSING","C","completely-empty","political-polity","true","[]","[]","[]","[]","{""map_identity_id"":""entity-bhutan"",""aliases"":[],""historical_names"":[],""identifiers"":{}}","[""Snapshot context is not observation date or boundary date."",""Map geometry does not establish sovereignty or succession."",""Resolve historical identity before proposing entity-specific facts."",""Existing applicability intervals: []""]","35c5a20cdfaf4e7e7a788fd82d4c2b997e0fe878efe2392487968b8d61b9029f",""
"entity-bhutan@1880/identity","entity-bhutan@1880","","Bhutan","1880","identity","MISSING","C","completely-empty","political-polity","true","[]","[]","[]","[]","{""map_identity_id"":""entity-bhutan"",""aliases"":[],""historical_names"":[],""identifiers"":{}}","[""Snapshot context is not observation date or boundary date."",""Map geometry does not establish sovereignty or succession."",""Resolve historical identity before proposing entity-specific facts."",""Existing applicability intervals: []""]","35c5a20cdfaf4e7e7a788fd82d4c2b997e0fe878efe2392487968b8d61b9029f",""
"entity-bhutan@1900/identity","entity-bhutan@1900","","Bhutan","1900","identity","MISSING","C","completely-empty","political-polity","true","[]","[]","[]","[]","{""map_identity_id"":""entity-bhutan"",""aliases"":[],""historical_names"":[],""identifiers"":{}}","[""Snapshot context is not observation date or boundary date."",""Map geometry does not establish sovereignty or succession."",""Resolve historical identity before proposing entity-specific facts."",""Existing applicability intervals: []""]","35c5a20cdfaf4e7e7a788fd82d4c2b997e0fe878efe2392487968b8d61b9029f",""
"entity-dominican-republic@1878/identity","entity-dominican-republic@1878","","Dominican Republic","1878","identity","MISSING","C","completely-empty","political-polity","true","[]","[]","[]","[]","{""map_identity_id"":""entity-dominican-republic"",""aliases"":[],""historical_names"":[],""identifiers"":{}}","[""Snapshot context is not observation date or boundary date."",""Map geometry does not establish sovereignty or succession."",""Resolve historical identity before proposing entity-specific facts."",""Existing applicability intervals: []""]","35c5a20cdfaf4e7e7a788fd82d4c2b997e0fe878efe2392487968b8d61b9029f",""
"entity-dominican-republic@1880/identity","entity-dominican-republic@1880","","Dominican Republic","1880","identity","MISSING","C","completely-empty","political-polity","true","[]","[]","[]","[]","{""map_identity_id"":""entity-dominican-republic"",""aliases"":[],""historical_names"":[],""identifiers"":{}}","[""Snapshot context is not observation date or boundary date."",""Map geometry does not establish sovereignty or succession."",""Resolve historical identity before proposing entity-specific facts."",""Existing applicability intervals: []""]","35c5a20cdfaf4e7e7a788fd82d4c2b997e0fe878efe2392487968b8d61b9029f",""
"entity-dominican-republic@1900/identity","entity-dominican-republic@1900","","Dominican Republic","1900","identity","MISSING","C","completely-empty","political-polity","true","[]","[]","[]","[]","{""map_identity_id"":""entity-dominican-republic"",""aliases"":[],""historical_names"":[],""identifiers"":{}}","[""Snapshot context is not observation date or boundary date."",""Map geometry does not establish sovereignty or succession."",""Resolve historical identity before proposing entity-specific facts."",""Existing applicability intervals: []""]","35c5a20cdfaf4e7e7a788fd82d4c2b997e0fe878efe2392487968b8d61b9029f",""
"entity-dominican-republic@1914/identity","entity-dominican-republic@1914","","Dominican Republic","1914","identity","MISSING","C","completely-empty","political-polity","true","[]","[]","[]","[]","{""map_identity_id"":""entity-dominican-republic"",""aliases"":[],""historical_names"":[],""identifiers"":{}}","[""Snapshot context is not observation date or boundary date."",""Map geometry does not establish sovereignty or succession."",""Resolve historical identity before proposing entity-specific facts."",""Existing applicability intervals: []""]","35c5a20cdfaf4e7e7a788fd82d4c2b997e0fe878efe2392487968b8d61b9029f",""
"entity-dominican-republic@1930/identity","entity-dominican-republic@1930","","Dominican Republic","1930","identity","MISSING","C","completely-empty","political-polity","true","[]","[]","[]","[]","{""map_identity_id"":""entity-dominican-republic"",""aliases"":[],""historical_names"":[],""identifiers"":{}}","[""Snapshot context is not observation date or boundary date."",""Map geometry does not establish sovereignty or succession."",""Resolve historical identity before proposing entity-specific facts."",""Existing applicability intervals: []""]","35c5a20cdfaf4e7e7a788fd82d4c2b997e0fe878efe2392487968b8d61b9029f",""
"entity-dominican-republic@1960/identity","entity-dominican-republic@1960","","Dominican Republic","1960","identity","MISSING","C","completely-empty","political-polity","true","[]","[]","[]","[]","{""map_identity_id"":""entity-dominican-republic"",""aliases"":[],""historical_names"":[],""identifiers"":{}}","[""Snapshot context is not observation date or boundary date."",""Map geometry does not establish sovereignty or succession."",""Resolve historical identity before proposing entity-specific facts."",""Existing applicability intervals: []""]","35c5a20cdfaf4e7e7a788fd82d4c2b997e0fe878efe2392487968b8d61b9029f",""
"entity-anguilla@1800/identity","entity-anguilla@1800","","Anguilla","1800","identity","MISSING","C","completely-empty","dependent-administration","true","[]","[]","[]","[]","{""map_identity_id"":""entity-anguilla"",""aliases"":[],""historical_names"":[],""identifiers"":{}}","[""Snapshot context is not observation date or boundary date."",""Map geometry does not establish sovereignty or succession."",""Resolve historical identity before proposing entity-specific facts."",""Existing applicability intervals: []""]","35c5a20cdfaf4e7e7a788fd82d4c2b997e0fe878efe2392487968b8d61b9029f",""
"entity-anguilla@1815/identity","entity-anguilla@1815","","Anguilla","1815","identity","MISSING","C","completely-empty","dependent-administration","true","[]","[]","[]","[]","{""map_identity_id"":""entity-anguilla"",""aliases"":[],""historical_names"":[],""identifiers"":{}}","[""Snapshot context is not observation date or boundary date."",""Map geometry does not establish sovereignty or succession."",""Resolve historical identity before proposing entity-specific facts."",""Existing applicability intervals: []""]","35c5a20cdfaf4e7e7a788fd82d4c2b997e0fe878efe2392487968b8d61b9029f",""
"entity-anguilla@1878/identity","entity-anguilla@1878","","Anguilla","1878","identity","MISSING","C","completely-empty","dependent-administration","true","[]","[]","[]","[]","{""map_identity_id"":""entity-anguilla"",""aliases"":[],""historical_names"":[],""identifiers"":{}}","[""Snapshot context is not observation date or boundary date."",""Map geometry does not establish sovereignty or succession."",""Resolve historical identity before proposing entity-specific facts."",""Existing applicability intervals: []""]","35c5a20cdfaf4e7e7a788fd82d4c2b997e0fe878efe2392487968b8d61b9029f",""
"entity-anguilla@1880/identity","entity-anguilla@1880","","Anguilla","1880","identity","MISSING","C","completely-empty","dependent-administration","true","[]","[]","[]","[]","{""map_identity_id"":""entity-anguilla"",""aliases"":[],""historical_names"":[],""identifiers"":{}}","[""Snapshot context is not observation date or boundary date."",""Map geometry does not establish sovereignty or succession."",""Resolve historical identity before proposing entity-specific facts."",""Existing applicability intervals: []""]","35c5a20cdfaf4e7e7a788fd82d4c2b997e0fe878efe2392487968b8d61b9029f",""
"entity-nicaragua@1878/identity","entity-nicaragua@1878","","Nicaragua","1878","identity","MISSING","C","completely-empty","political-polity","true","[]","[]","[]","[]","{""map_identity_id"":""entity-nicaragua"",""aliases"":[],""historical_names"":[],""identifiers"":{}}","[""Snapshot context is not observation date or boundary date."",""Map geometry does not establish sovereignty or succession."",""Resolve historical identity before proposing entity-specific facts."",""Existing applicability intervals: []""]","35c5a20cdfaf4e7e7a788fd82d4c2b997e0fe878efe2392487968b8d61b9029f",""
"entity-nicaragua@1880/identity","entity-nicaragua@1880","","Nicaragua","1880","identity","MISSING","C","completely-empty","political-polity","true","[]","[]","[]","[]","{""map_identity_id"":""entity-nicaragua"",""aliases"":[],""historical_names"":[],""identifiers"":{}}","[""Snapshot context is not observation date or boundary date."",""Map geometry does not establish sovereignty or succession."",""Resolve historical identity before proposing entity-specific facts."",""Existing applicability intervals: []""]","35c5a20cdfaf4e7e7a788fd82d4c2b997e0fe878efe2392487968b8d61b9029f",""
"entity-nicaragua@1900/identity","entity-nicaragua@1900","","Nicaragua","1900","identity","MISSING","C","completely-empty","political-polity","true","[]","[]","[]","[]","{""map_identity_id"":""entity-nicaragua"",""aliases"":[],""historical_names"":[],""identifiers"":{}}","[""Snapshot context is not observation date or boundary date."",""Map geometry does not establish sovereignty or succession."",""Resolve historical identity before proposing entity-specific facts."",""Existing applicability intervals: []""]","35c5a20cdfaf4e7e7a788fd82d4c2b997e0fe878efe2392487968b8d61b9029f",""
"entity-nicaragua@1914/identity","entity-nicaragua@1914","","Nicaragua","1914","identity","MISSING","C","completely-empty","political-polity","true","[]","[]","[]","[]","{""map_identity_id"":""entity-nicaragua"",""aliases"":[],""historical_names"":[],""identifiers"":{}}","[""Snapshot context is not observation date or boundary date."",""Map geometry does not establish sovereignty or succession."",""Resolve historical identity before proposing entity-specific facts."",""Existing applicability intervals: []""]","35c5a20cdfaf4e7e7a788fd82d4c2b997e0fe878efe2392487968b8d61b9029f",""
"entity-nicaragua@1920/identity","entity-nicaragua@1920","","Nicaragua","1920","identity","MISSING","C","completely-empty","political-polity","true","[]","[]","[]","[]","{""map_identity_id"":""entity-nicaragua"",""aliases"":[],""historical_names"":[],""identifiers"":{}}","[""Snapshot context is not observation date or boundary date."",""Map geometry does not establish sovereignty or succession."",""Resolve historical identity before proposing entity-specific facts."",""Existing applicability intervals: []""]","35c5a20cdfaf4e7e7a788fd82d4c2b997e0fe878efe2392487968b8d61b9029f",""
"entity-nicaragua@1930/identity","entity-nicaragua@1930","","Nicaragua","1930","identity","MISSING","C","completely-empty","political-polity","true","[]","[]","[]","[]","{""map_identity_id"":""entity-nicaragua"",""aliases"":[],""historical_names"":[],""identifiers"":{}}","[""Snapshot context is not observation date or boundary date."",""Map geometry does not establish sovereignty or succession."",""Resolve historical identity before proposing entity-specific facts."",""Existing applicability intervals: []""]","35c5a20cdfaf4e7e7a788fd82d4c2b997e0fe878efe2392487968b8d61b9029f",""
"entity-nicaragua@1960/identity","entity-nicaragua@1960","","Nicaragua","1960","identity","MISSING","C","completely-empty","political-polity","true","[]","[]","[]","[]","{""map_identity_id"":""entity-nicaragua"",""aliases"":[],""historical_names"":[],""identifiers"":{}}","[""Snapshot context is not observation date or boundary date."",""Map geometry does not establish sovereignty or succession."",""Resolve historical identity before proposing entity-specific facts."",""Existing applicability intervals: []""]","35c5a20cdfaf4e7e7a788fd82d4c2b997e0fe878efe2392487968b8d61b9029f",""
"entity-honduras@1878/identity","entity-honduras@1878","","Honduras","1878","identity","MISSING","C","completely-empty","political-polity","true","[]","[]","[]","[]","{""map_identity_id"":""entity-honduras"",""aliases"":[],""historical_names"":[],""identifiers"":{}}","[""Snapshot context is not observation date or boundary date."",""Map geometry does not establish sovereignty or succession."",""Resolve historical identity before proposing entity-specific facts."",""Existing applicability intervals: []""]","35c5a20cdfaf4e7e7a788fd82d4c2b997e0fe878efe2392487968b8d61b9029f",""
"entity-honduras@1880/identity","entity-honduras@1880","","Honduras","1880","identity","MISSING","C","completely-empty","political-polity","true","[]","[]","[]","[]","{""map_identity_id"":""entity-honduras"",""aliases"":[],""historical_names"":[],""identifiers"":{}}","[""Snapshot context is not observation date or boundary date."",""Map geometry does not establish sovereignty or succession."",""Resolve historical identity before proposing entity-specific facts."",""Existing applicability intervals: []""]","35c5a20cdfaf4e7e7a788fd82d4c2b997e0fe878efe2392487968b8d61b9029f",""
"entity-honduras@1900/identity","entity-honduras@1900","","Honduras","1900","identity","MISSING","C","completely-empty","political-polity","true","[]","[]","[]","[]","{""map_identity_id"":""entity-honduras"",""aliases"":[],""historical_names"":[],""identifiers"":{}}","[""Snapshot context is not observation date or boundary date."",""Map geometry does not establish sovereignty or succession."",""Resolve historical identity before proposing entity-specific facts."",""Existing applicability intervals: []""]","35c5a20cdfaf4e7e7a788fd82d4c2b997e0fe878efe2392487968b8d61b9029f",""
"entity-honduras@1914/identity","entity-honduras@1914","","Honduras","1914","identity","MISSING","C","completely-empty","political-polity","true","[]","[]","[]","[]","{""map_identity_id"":""entity-honduras"",""aliases"":[],""historical_names"":[],""identifiers"":{}}","[""Snapshot context is not observation date or boundary date."",""Map geometry does not establish sovereignty or succession."",""Resolve historical identity before proposing entity-specific facts."",""Existing applicability intervals: []""]","35c5a20cdfaf4e7e7a788fd82d4c2b997e0fe878efe2392487968b8d61b9029f",""
"entity-honduras@1920/identity","entity-honduras@1920","","Honduras","1920","identity","MISSING","C","completely-empty","political-polity","true","[]","[]","[]","[]","{""map_identity_id"":""entity-honduras"",""aliases"":[],""historical_names"":[],""identifiers"":{}}","[""Snapshot context is not observation date or boundary date."",""Map geometry does not establish sovereignty or succession."",""Resolve historical identity before proposing entity-specific facts."",""Existing applicability intervals: []""]","35c5a20cdfaf4e7e7a788fd82d4c2b997e0fe878efe2392487968b8d61b9029f",""
"entity-honduras@1930/identity","entity-honduras@1930","","Honduras","1930","identity","MISSING","C","completely-empty","political-polity","true","[]","[]","[]","[]","{""map_identity_id"":""entity-honduras"",""aliases"":[],""historical_names"":[],""identifiers"":{}}","[""Snapshot context is not observation date or boundary date."",""Map geometry does not establish sovereignty or succession."",""Resolve historical identity before proposing entity-specific facts."",""Existing applicability intervals: []""]","35c5a20cdfaf4e7e7a788fd82d4c2b997e0fe878efe2392487968b8d61b9029f",""
"entity-honduras@1960/identity","entity-honduras@1960","","Honduras","1960","identity","MISSING","C","completely-empty","political-polity","true","[]","[]","[]","[]","{""map_identity_id"":""entity-honduras"",""aliases"":[],""historical_names"":[],""identifiers"":{}}","[""Snapshot context is not observation date or boundary date."",""Map geometry does not establish sovereignty or succession."",""Resolve historical identity before proposing entity-specific facts."",""Existing applicability intervals: []""]","35c5a20cdfaf4e7e7a788fd82d4c2b997e0fe878efe2392487968b8d61b9029f",""
"entity-hong-kong@1800/identity","entity-hong-kong@1800","","Hong Kong","1800","identity","MISSING","C","completely-empty","dependent-administration","true","[]","[]","[]","[]","{""map_identity_id"":""entity-hong-kong"",""aliases"":[],""historical_names"":[],""identifiers"":{}}","[""Snapshot context is not observation date or boundary date."",""Map geometry does not establish sovereignty or succession."",""Resolve historical identity before proposing entity-specific facts."",""Existing applicability intervals: []""]","35c5a20cdfaf4e7e7a788fd82d4c2b997e0fe878efe2392487968b8d61b9029f",""
"entity-hong-kong@1815/identity","entity-hong-kong@1815","","Hong Kong","1815","identity","MISSING","C","completely-empty","dependent-administration","true","[]","[]","[]","[]","{""map_identity_id"":""entity-hong-kong"",""aliases"":[],""historical_names"":[],""identifiers"":{}}","[""Snapshot context is not observation date or boundary date."",""Map geometry does not establish sovereignty or succession."",""Resolve historical identity before proposing entity-specific facts."",""Existing applicability intervals: []""]","35c5a20cdfaf4e7e7a788fd82d4c2b997e0fe878efe2392487968b8d61b9029f",""
"entity-dominica@1800/identity","entity-dominica@1800","","Dominica","1800","identity","MISSING","C","completely-empty","dependent-administration","true","[]","[]","[]","[]","{""map_identity_id"":""entity-dominica"",""aliases"":[],""historical_names"":[],""identifiers"":{}}","[""Snapshot context is not observation date or boundary date."",""Map geometry does not establish sovereignty or succession."",""Resolve historical identity before proposing entity-specific facts."",""Existing applicability intervals: []""]","35c5a20cdfaf4e7e7a788fd82d4c2b997e0fe878efe2392487968b8d61b9029f",""
"entity-dominica@1815/identity","entity-dominica@1815","","Dominica","1815","identity","MISSING","C","completely-empty","dependent-administration","true","[]","[]","[]","[]","{""map_identity_id"":""entity-dominica"",""aliases"":[],""historical_names"":[],""identifiers"":{}}","[""Snapshot context is not observation date or boundary date."",""Map geometry does not establish sovereignty or succession."",""Resolve historical identity before proposing entity-specific facts."",""Existing applicability intervals: []""]","35c5a20cdfaf4e7e7a788fd82d4c2b997e0fe878efe2392487968b8d61b9029f",""
"entity-dominica@1945/identity","entity-dominica@1945","","Dominica","1945","identity","MISSING","C","completely-empty","dependent-administration","true","[]","[]","[]","[]","{""map_identity_id"":""entity-dominica"",""aliases"":[],""historical_names"":[],""identifiers"":{}}","[""Snapshot context is not observation date or boundary date."",""Map geometry does not establish sovereignty or succession."",""Resolve historical identity before proposing entity-specific facts."",""Existing applicability intervals: []""]","35c5a20cdfaf4e7e7a788fd82d4c2b997e0fe878efe2392487968b8d61b9029f",""
"entity-french-guiana@1930/identity","entity-french-guiana@1930","","French Guiana","1930","identity","MISSING","C","completely-empty","dependent-administration","true","[]","[]","[]","[]","{""map_identity_id"":""entity-french-guiana"",""aliases"":[],""historical_names"":[],""identifiers"":{}}","[""Snapshot context is not observation date or boundary date."",""Map geometry does not establish sovereignty or succession."",""Resolve historical identity before proposing entity-specific facts."",""Existing applicability intervals: []""]","35c5a20cdfaf4e7e7a788fd82d4c2b997e0fe878efe2392487968b8d61b9029f",""
"entity-french-guiana@1938/identity","entity-french-guiana@1938","","French Guiana","1938","identity","MISSING","C","completely-empty","dependent-administration","true","[]","[]","[]","[]","{""map_identity_id"":""entity-french-guiana"",""aliases"":[],""historical_names"":[],""identifiers"":{}}","[""Snapshot context is not observation date or boundary date."",""Map geometry does not establish sovereignty or succession."",""Resolve historical identity before proposing entity-specific facts."",""Existing applicability intervals: []""]","35c5a20cdfaf4e7e7a788fd82d4c2b997e0fe878efe2392487968b8d61b9029f",""
"entity-french-guiana@1945/identity","entity-french-guiana@1945","","French Guiana","1945","identity","MISSING","C","completely-empty","dependent-administration","true","[]","[]","[]","[]","{""map_identity_id"":""entity-french-guiana"",""aliases"":[],""historical_names"":[],""identifiers"":{}}","[""Snapshot context is not observation date or boundary date."",""Map geometry does not establish sovereignty or succession."",""Resolve historical identity before proposing entity-specific facts."",""Existing applicability intervals: []""]","35c5a20cdfaf4e7e7a788fd82d4c2b997e0fe878efe2392487968b8d61b9029f",""
"entity-saint-barthelemy@1800/identity","entity-saint-barthelemy@1800","","Saint Barthelemy","1800","identity","MISSING","C","completely-empty","dependent-administration","true","[]","[]","[]","[]","{""map_identity_id"":""entity-saint-barthelemy"",""aliases"":[],""historical_names"":[],""identifiers"":{}}","[""Snapshot context is not observation date or boundary date."",""Map geometry does not establish sovereignty or succession."",""Resolve historical identity before proposing entity-specific facts."",""Existing applicability intervals: []""]","35c5a20cdfaf4e7e7a788fd82d4c2b997e0fe878efe2392487968b8d61b9029f",""
"entity-belize@1938/identity","entity-belize@1938","","Belize","1938","identity","MISSING","C","completely-empty","dependent-administration","true","[]","[]","[]","[]","{""map_identity_id"":""entity-belize"",""aliases"":[],""historical_names"":[],""identifiers"":{}}","[""Snapshot context is not observation date or boundary date."",""Map geometry does not establish sovereignty or succession."",""Resolve historical identity before proposing entity-specific facts."",""Existing applicability intervals: []""]","35c5a20cdfaf4e7e7a788fd82d4c2b997e0fe878efe2392487968b8d61b9029f",""
"entity-belize@1945/identity","entity-belize@1945","","Belize","1945","identity","MISSING","C","completely-empty","dependent-administration","true","[]","[]","[]","[]","{""map_identity_id"":""entity-belize"",""aliases"":[],""historical_names"":[],""identifiers"":{}}","[""Snapshot context is not observation date or boundary date."",""Map geometry does not establish sovereignty or succession."",""Resolve historical identity before proposing entity-specific facts."",""Existing applicability intervals: []""]","35c5a20cdfaf4e7e7a788fd82d4c2b997e0fe878efe2392487968b8d61b9029f",""
"entity-belize@1960/identity","entity-belize@1960","","Belize","1960","identity","MISSING","C","completely-empty","dependent-administration","true","[]","[]","[]","[]","{""map_identity_id"":""entity-belize"",""aliases"":[],""historical_names"":[],""identifiers"":{}}","[""Snapshot context is not observation date or boundary date."",""Map geometry does not establish sovereignty or succession."",""Resolve historical identity before proposing entity-specific facts."",""Existing applicability intervals: []""]","35c5a20cdfaf4e7e7a788fd82d4c2b997e0fe878efe2392487968b8d61b9029f",""
"entity-qatar@1900/identity","entity-qatar@1900","","Qatar","1900","identity","MISSING","C","completely-empty","political-polity","true","[]","[]","[]","[]","{""map_identity_id"":""entity-qatar"",""aliases"":[],""historical_names"":[],""identifiers"":{}}","[""Snapshot context is not observation date or boundary date."",""Map geometry does not establish sovereignty or succession."",""Resolve historical identity before proposing entity-specific facts."",""Existing applicability intervals: []""]","35c5a20cdfaf4e7e7a788fd82d4c2b997e0fe878efe2392487968b8d61b9029f",""
"entity-qatar@1914/identity","entity-qatar@1914","","Qatar","1914","identity","MISSING","C","completely-empty","political-polity","true","[]","[]","[]","[]","{""map_identity_id"":""entity-qatar"",""aliases"":[],""historical_names"":[],""identifiers"":{}}","[""Snapshot context is not observation date or boundary date."",""Map geometry does not establish sovereignty or succession."",""Resolve historical identity before proposing entity-specific facts."",""Existing applicability intervals: []""]","35c5a20cdfaf4e7e7a788fd82d4c2b997e0fe878efe2392487968b8d61b9029f",""
"entity-burundi@1920/identity","entity-burundi@1920","","Burundi","1920","identity","MISSING","C","completely-empty","political-polity","true","[]","[]","[]","[]","{""map_identity_id"":""entity-burundi"",""aliases"":[],""historical_names"":[],""identifiers"":{}}","[""Snapshot context is not observation date or boundary date."",""Map geometry does not establish sovereignty or succession."",""Resolve historical identity before proposing entity-specific facts."",""Existing applicability intervals: []""]","35c5a20cdfaf4e7e7a788fd82d4c2b997e0fe878efe2392487968b8d61b9029f",""
"entity-swaziland@1900/identity","entity-swaziland@1900","","Swaziland","1900","identity","MISSING","C","completely-empty","political-polity","true","[]","[]","[]","[]","{""map_identity_id"":""entity-swaziland"",""aliases"":[],""historical_names"":[],""identifiers"":{}}","[""Snapshot context is not observation date or boundary date."",""Map geometry does not establish sovereignty or succession."",""Resolve historical identity before proposing entity-specific facts."",""Existing applicability intervals: []""]","35c5a20cdfaf4e7e7a788fd82d4c2b997e0fe878efe2392487968b8d61b9029f",""
"entity-antigua-and-barbuda@1815/identity","entity-antigua-and-barbuda@1815","","Antigua and Barbuda","1815","identity","MISSING","C","completely-empty","dependent-administration","true","[]","[]","[]","[]","{""map_identity_id"":""entity-antigua-and-barbuda"",""aliases"":[],""historical_names"":[],""identifiers"":{}}","[""Snapshot context is not observation date or boundary date."",""Map geometry does not establish sovereignty or succession."",""Resolve historical identity before proposing entity-specific facts."",""Existing applicability intervals: []""]","35c5a20cdfaf4e7e7a788fd82d4c2b997e0fe878efe2392487968b8d61b9029f",""
"entity-montserrat@1815/identity","entity-montserrat@1815","","Montserrat","1815","identity","MISSING","C","completely-empty","dependent-administration","true","[]","[]","[]","[]","{""map_identity_id"":""entity-montserrat"",""aliases"":[],""historical_names"":[],""identifiers"":{}}","[""Snapshot context is not observation date or boundary date."",""Map geometry does not establish sovereignty or succession."",""Resolve historical identity before proposing entity-specific facts."",""Existing applicability intervals: []""]","35c5a20cdfaf4e7e7a788fd82d4c2b997e0fe878efe2392487968b8d61b9029f",""
"entity-panama@1920/identity","entity-panama@1920","","Panama","1920","identity","MISSING","C","completely-empty","political-polity","true","[]","[]","[]","[]","{""map_identity_id"":""entity-panama"",""aliases"":[],""historical_names"":[],""identifiers"":{}}","[""Snapshot context is not observation date or boundary date."",""Map geometry does not establish sovereignty or succession."",""Resolve historical identity before proposing entity-specific facts."",""Existing applicability intervals: []""]","35c5a20cdfaf4e7e7a788fd82d4c2b997e0fe878efe2392487968b8d61b9029f",""
"entity-panama@1930/identity","entity-panama@1930","","Panama","1930","identity","MISSING","C","completely-empty","political-polity","true","[]","[]","[]","[]","{""map_identity_id"":""entity-panama"",""aliases"":[],""historical_names"":[],""identifiers"":{}}","[""Snapshot context is not observation date or boundary date."",""Map geometry does not establish sovereignty or succession."",""Resolve historical identity before proposing entity-specific facts."",""Existing applicability intervals: []""]","35c5a20cdfaf4e7e7a788fd82d4c2b997e0fe878efe2392487968b8d61b9029f",""
"entity-panama@1938/identity","entity-panama@1938","","Panama","1938","identity","MISSING","C","completely-empty","political-polity","true","[]","[]","[]","[]","{""map_identity_id"":""entity-panama"",""aliases"":[],""historical_names"":[],""identifiers"":{}}","[""Snapshot context is not observation date or boundary date."",""Map geometry does not establish sovereignty or succession."",""Resolve historical identity before proposing entity-specific facts."",""Existing applicability intervals: []""]","35c5a20cdfaf4e7e7a788fd82d4c2b997e0fe878efe2392487968b8d61b9029f",""
"entity-panama@1945/identity","entity-panama@1945","","Panama","1945","identity","MISSING","C","completely-empty","political-polity","true","[]","[]","[]","[]","{""map_identity_id"":""entity-panama"",""aliases"":[],""historical_names"":[],""identifiers"":{}}","[""Snapshot context is not observation date or boundary date."",""Map geometry does not establish sovereignty or succession."",""Resolve historical identity before proposing entity-specific facts."",""Existing applicability intervals: []""]","35c5a20cdfaf4e7e7a788fd82d4c2b997e0fe878efe2392487968b8d61b9029f",""
"entity-panama@1960/identity","entity-panama@1960","","Panama","1960","identity","MISSING","C","completely-empty","political-polity","true","[]","[]","[]","[]","{""map_identity_id"":""entity-panama"",""aliases"":[],""historical_names"":[],""identifiers"":{}}","[""Snapshot context is not observation date or boundary date."",""Map geometry does not establish sovereignty or succession."",""Resolve historical identity before proposing entity-specific facts."",""Existing applicability intervals: []""]","35c5a20cdfaf4e7e7a788fd82d4c2b997e0fe878efe2392487968b8d61b9029f",""
"entity-equatorial-guinea@1914/identity","entity-equatorial-guinea@1914","","Equatorial Guinea","1914","identity","MISSING","C","completely-empty","dependent-administration","true","[]","[]","[]","[]","{""map_identity_id"":""entity-equatorial-guinea"",""aliases"":[],""historical_names"":[],""identifiers"":{}}","[""Snapshot context is not observation date or boundary date."",""Map geometry does not establish sovereignty or succession."",""Resolve historical identity before proposing entity-specific facts."",""Existing applicability intervals: []""]","35c5a20cdfaf4e7e7a788fd82d4c2b997e0fe878efe2392487968b8d61b9029f",""
"entity-equatorial-guinea@1920/identity","entity-equatorial-guinea@1920","","Equatorial Guinea","1920","identity","MISSING","C","completely-empty","dependent-administration","true","[]","[]","[]","[]","{""map_identity_id"":""entity-equatorial-guinea"",""aliases"":[],""historical_names"":[],""identifiers"":{}}","[""Snapshot context is not observation date or boundary date."",""Map geometry does not establish sovereignty or succession."",""Resolve historical identity before proposing entity-specific facts."",""Existing applicability intervals: []""]","35c5a20cdfaf4e7e7a788fd82d4c2b997e0fe878efe2392487968b8d61b9029f",""
"entity-equatorial-guinea@1930/identity","entity-equatorial-guinea@1930","","Equatorial Guinea","1930","identity","MISSING","C","completely-empty","dependent-administration","true","[]","[]","[]","[]","{""map_identity_id"":""entity-equatorial-guinea"",""aliases"":[],""historical_names"":[],""identifiers"":{}}","[""Snapshot context is not observation date or boundary date."",""Map geometry does not establish sovereignty or succession."",""Resolve historical identity before proposing entity-specific facts."",""Existing applicability intervals: []""]","35c5a20cdfaf4e7e7a788fd82d4c2b997e0fe878efe2392487968b8d61b9029f",""
"entity-equatorial-guinea@1938/identity","entity-equatorial-guinea@1938","","Equatorial Guinea","1938","identity","MISSING","C","completely-empty","dependent-administration","true","[]","[]","[]","[]","{""map_identity_id"":""entity-equatorial-guinea"",""aliases"":[],""historical_names"":[],""identifiers"":{}}","[""Snapshot context is not observation date or boundary date."",""Map geometry does not establish sovereignty or succession."",""Resolve historical identity before proposing entity-specific facts."",""Existing applicability intervals: []""]","35c5a20cdfaf4e7e7a788fd82d4c2b997e0fe878efe2392487968b8d61b9029f",""
"entity-equatorial-guinea@1945/identity","entity-equatorial-guinea@1945","","Equatorial Guinea","1945","identity","MISSING","C","completely-empty","dependent-administration","true","[]","[]","[]","[]","{""map_identity_id"":""entity-equatorial-guinea"",""aliases"":[],""historical_names"":[],""identifiers"":{}}","[""Snapshot context is not observation date or boundary date."",""Map geometry does not establish sovereignty or succession."",""Resolve historical identity before proposing entity-specific facts."",""Existing applicability intervals: []""]","35c5a20cdfaf4e7e7a788fd82d4c2b997e0fe878efe2392487968b8d61b9029f",""
"entity-tonga@1900/identity","entity-tonga@1900","","Tonga","1900","identity","MISSING","C","completely-empty","political-polity","true","[]","[]","[]","[]","{""map_identity_id"":""entity-tonga"",""aliases"":[],""historical_names"":[],""identifiers"":{}}","[""Snapshot context is not observation date or boundary date."",""Map geometry does not establish sovereignty or succession."",""Resolve historical identity before proposing entity-specific facts."",""Existing applicability intervals: []""]","35c5a20cdfaf4e7e7a788fd82d4c2b997e0fe878efe2392487968b8d61b9029f",""
"entity-guadeloupe@1815/identity","entity-guadeloupe@1815","","Guadeloupe","1815","identity","MISSING","C","completely-empty","dependent-administration","true","[]","[]","[]","[]","{""map_identity_id"":""entity-guadeloupe"",""aliases"":[],""historical_names"":[],""identifiers"":{}}","[""Snapshot context is not observation date or boundary date."",""Map geometry does not establish sovereignty or succession."",""Resolve historical identity before proposing entity-specific facts."",""Existing applicability intervals: []""]","35c5a20cdfaf4e7e7a788fd82d4c2b997e0fe878efe2392487968b8d61b9029f",""
"entity-saint-vincent-and-the-grenadines@1815/identity","entity-saint-vincent-and-the-grenadines@1815","","Saint Vincent and the Grenadines","1815","identity","MISSING","C","completely-empty","dependent-administration","true","[]","[]","[]","[]","{""map_identity_id"":""entity-saint-vincent-and-the-grenadines"",""aliases"":[],""historical_names"":[],""identifiers"":{}}","[""Snapshot context is not observation date or boundary date."",""Map geometry does not establish sovereignty or succession."",""Resolve historical identity before proposing entity-specific facts."",""Existing applicability intervals: []""]","35c5a20cdfaf4e7e7a788fd82d4c2b997e0fe878efe2392487968b8d61b9029f",""
"entity-saint-vincent-and-the-grenadines@1914/identity","entity-saint-vincent-and-the-grenadines@1914","","Saint Vincent and the Grenadines","1914","identity","MISSING","C","completely-empty","dependent-administration","true","[]","[]","[]","[]","{""map_identity_id"":""entity-saint-vincent-and-the-grenadines"",""aliases"":[],""historical_names"":[],""identifiers"":{}}","[""Snapshot context is not observation date or boundary date."",""Map geometry does not establish sovereignty or succession."",""Resolve historical identity before proposing entity-specific facts."",""Existing applicability intervals: []""]","35c5a20cdfaf4e7e7a788fd82d4c2b997e0fe878efe2392487968b8d61b9029f",""
"entity-saint-vincent-and-the-grenadines@1920/identity","entity-saint-vincent-and-the-grenadines@1920","","Saint Vincent and the Grenadines","1920","identity","MISSING","C","completely-empty","dependent-administration","true","[]","[]","[]","[]","{""map_identity_id"":""entity-saint-vincent-and-the-grenadines"",""aliases"":[],""historical_names"":[],""identifiers"":{}}","[""Snapshot context is not observation date or boundary date."",""Map geometry does not establish sovereignty or succession."",""Resolve historical identity before proposing entity-specific facts."",""Existing applicability intervals: []""]","35c5a20cdfaf4e7e7a788fd82d4c2b997e0fe878efe2392487968b8d61b9029f",""
"entity-saint-vincent-and-the-grenadines@1930/identity","entity-saint-vincent-and-the-grenadines@1930","","Saint Vincent and the Grenadines","1930","identity","MISSING","C","completely-empty","dependent-administration","true","[]","[]","[]","[]","{""map_identity_id"":""entity-saint-vincent-and-the-grenadines"",""aliases"":[],""historical_names"":[],""identifiers"":{}}","[""Snapshot context is not observation date or boundary date."",""Map geometry does not establish sovereignty or succession."",""Resolve historical identity before proposing entity-specific facts."",""Existing applicability intervals: []""]","35c5a20cdfaf4e7e7a788fd82d4c2b997e0fe878efe2392487968b8d61b9029f",""
"entity-botswana@1938/identity","entity-botswana@1938","","Botswana","1938","identity","MISSING","C","completely-empty","dependent-administration","true","[]","[]","[]","[]","{""map_identity_id"":""entity-botswana"",""aliases"":[],""historical_names"":[],""identifiers"":{}}","[""Snapshot context is not observation date or boundary date."",""Map geometry does not establish sovereignty or succession."",""Resolve historical identity before proposing entity-specific facts."",""Existing applicability intervals: []""]","35c5a20cdfaf4e7e7a788fd82d4c2b997e0fe878efe2392487968b8d61b9029f",""
"entity-botswana@1945/identity","entity-botswana@1945","","Botswana","1945","identity","MISSING","C","completely-empty","dependent-administration","true","[]","[]","[]","[]","{""map_identity_id"":""entity-botswana"",""aliases"":[],""historical_names"":[],""identifiers"":{}}","[""Snapshot context is not observation date or boundary date."",""Map geometry does not establish sovereignty or succession."",""Resolve historical identity before proposing entity-specific facts."",""Existing applicability intervals: []""]","35c5a20cdfaf4e7e7a788fd82d4c2b997e0fe878efe2392487968b8d61b9029f",""
"entity-botswana@1960/identity","entity-botswana@1960","","Botswana","1960","identity","MISSING","C","completely-empty","dependent-administration","true","[]","[]","[]","[]","{""map_identity_id"":""entity-botswana"",""aliases"":[],""historical_names"":[],""identifiers"":{}}","[""Snapshot context is not observation date or boundary date."",""Map geometry does not establish sovereignty or succession."",""Resolve historical identity before proposing entity-specific facts."",""Existing applicability intervals: []""]","35c5a20cdfaf4e7e7a788fd82d4c2b997e0fe878efe2392487968b8d61b9029f",""
"entity-rwanda@1815/identity","entity-rwanda@1815","","Rwanda","1815","identity","MISSING","C","completely-empty","political-polity","true","[]","[]","[]","[]","{""map_identity_id"":""entity-rwanda"",""aliases"":[],""historical_names"":[],""identifiers"":{}}","[""Snapshot context is not observation date or boundary date."",""Map geometry does not establish sovereignty or succession."",""Resolve historical identity before proposing entity-specific facts."",""Existing applicability intervals: []""]","35c5a20cdfaf4e7e7a788fd82d4c2b997e0fe878efe2392487968b8d61b9029f",""
"entity-rwanda@1878/identity","entity-rwanda@1878","","Rwanda","1878","identity","MISSING","C","completely-empty","political-polity","true","[]","[]","[]","[]","{""map_identity_id"":""entity-rwanda"",""aliases"":[],""historical_names"":[],""identifiers"":{}}","[""Snapshot context is not observation date or boundary date."",""Map geometry does not establish sovereignty or succession."",""Resolve historical identity before proposing entity-specific facts."",""Existing applicability intervals: []""]","35c5a20cdfaf4e7e7a788fd82d4c2b997e0fe878efe2392487968b8d61b9029f",""
"entity-rwanda@1880/identity","entity-rwanda@1880","","Rwanda","1880","identity","MISSING","C","completely-empty","political-polity","true","[]","[]","[]","[]","{""map_identity_id"":""entity-rwanda"",""aliases"":[],""historical_names"":[],""identifiers"":{}}","[""Snapshot context is not observation date or boundary date."",""Map geometry does not establish sovereignty or succession."",""Resolve historical identity before proposing entity-specific facts."",""Existing applicability intervals: []""]","35c5a20cdfaf4e7e7a788fd82d4c2b997e0fe878efe2392487968b8d61b9029f",""
"entity-lesotho@1938/identity","entity-lesotho@1938","","Lesotho","1938","identity","MISSING","C","completely-empty","dependent-administration","true","[]","[]","[]","[]","{""map_identity_id"":""entity-lesotho"",""aliases"":[],""historical_names"":[],""identifiers"":{}}","[""Snapshot context is not observation date or boundary date."",""Map geometry does not establish sovereignty or succession."",""Resolve historical identity before proposing entity-specific facts."",""Existing applicability intervals: []""]","35c5a20cdfaf4e7e7a788fd82d4c2b997e0fe878efe2392487968b8d61b9029f",""
"entity-lesotho@1945/identity","entity-lesotho@1945","","Lesotho","1945","identity","MISSING","C","completely-empty","dependent-administration","true","[]","[]","[]","[]","{""map_identity_id"":""entity-lesotho"",""aliases"":[],""historical_names"":[],""identifiers"":{}}","[""Snapshot context is not observation date or boundary date."",""Map geometry does not establish sovereignty or succession."",""Resolve historical identity before proposing entity-specific facts."",""Existing applicability intervals: []""]","35c5a20cdfaf4e7e7a788fd82d4c2b997e0fe878efe2392487968b8d61b9029f",""
"entity-lesotho@1960/identity","entity-lesotho@1960","","Lesotho","1960","identity","MISSING","C","completely-empty","dependent-administration","true","[]","[]","[]","[]","{""map_identity_id"":""entity-lesotho"",""aliases"":[],""historical_names"":[],""identifiers"":{}}","[""Snapshot context is not observation date or boundary date."",""Map geometry does not establish sovereignty or succession."",""Resolve historical identity before proposing entity-specific facts."",""Existing applicability intervals: []""]","35c5a20cdfaf4e7e7a788fd82d4c2b997e0fe878efe2392487968b8d61b9029f",""
"entity-yemen@1800/identity","entity-yemen@1800","","Yemen","1800","identity","MISSING","C","completely-empty","political-polity","true","[]","[]","[]","[]","{""map_identity_id"":""entity-yemen"",""aliases"":[],""historical_names"":[],""identifiers"":{}}","[""Snapshot context is not observation date or boundary date."",""Map geometry does not establish sovereignty or succession."",""Resolve historical identity before proposing entity-specific facts."",""Existing applicability intervals: []""]","35c5a20cdfaf4e7e7a788fd82d4c2b997e0fe878efe2392487968b8d61b9029f",""
"entity-yemen@1815/identity","entity-yemen@1815","","Yemen","1815","identity","MISSING","C","completely-empty","political-polity","true","[]","[]","[]","[]","{""map_identity_id"":""entity-yemen"",""aliases"":[],""historical_names"":[],""identifiers"":{}}","[""Snapshot context is not observation date or boundary date."",""Map geometry does not establish sovereignty or succession."",""Resolve historical identity before proposing entity-specific facts."",""Existing applicability intervals: []""]","35c5a20cdfaf4e7e7a788fd82d4c2b997e0fe878efe2392487968b8d61b9029f",""
"entity-cambodia@1800/identity","entity-cambodia@1800","","Cambodia","1800","identity","MISSING","C","completely-empty","political-polity","true","[]","[]","[]","[]","{""map_identity_id"":""entity-cambodia"",""aliases"":[],""historical_names"":[],""identifiers"":{}}","[""Snapshot context is not observation date or boundary date."",""Map geometry does not establish sovereignty or succession."",""Resolve historical identity before proposing entity-specific facts."",""Existing applicability intervals: []""]","35c5a20cdfaf4e7e7a788fd82d4c2b997e0fe878efe2392487968b8d61b9029f",""
"entity-cambodia@1815/identity","entity-cambodia@1815","","Cambodia","1815","identity","MISSING","C","completely-empty","political-polity","true","[]","[]","[]","[]","{""map_identity_id"":""entity-cambodia"",""aliases"":[],""historical_names"":[],""identifiers"":{}}","[""Snapshot context is not observation date or boundary date."",""Map geometry does not establish sovereignty or succession."",""Resolve historical identity before proposing entity-specific facts."",""Existing applicability intervals: []""]","35c5a20cdfaf4e7e7a788fd82d4c2b997e0fe878efe2392487968b8d61b9029f",""
"entity-cambodia@1945/identity","entity-cambodia@1945","","Cambodia","1945","identity","MISSING","C","completely-empty","political-polity","true","[]","[]","[]","[]","{""map_identity_id"":""entity-cambodia"",""aliases"":[],""historical_names"":[],""identifiers"":{}}","[""Snapshot context is not observation date or boundary date."",""Map geometry does not establish sovereignty or succession."",""Resolve historical identity before proposing entity-specific facts."",""Existing applicability intervals: []""]","35c5a20cdfaf4e7e7a788fd82d4c2b997e0fe878efe2392487968b8d61b9029f",""
"entity-cambodia@1960/identity","entity-cambodia@1960","","Cambodia","1960","identity","MISSING","C","completely-empty","political-polity","true","[]","[]","[]","[]","{""map_identity_id"":""entity-cambodia"",""aliases"":[],""historical_names"":[],""identifiers"":{}}","[""Snapshot context is not observation date or boundary date."",""Map geometry does not establish sovereignty or succession."",""Resolve historical identity before proposing entity-specific facts."",""Existing applicability intervals: []""]","35c5a20cdfaf4e7e7a788fd82d4c2b997e0fe878efe2392487968b8d61b9029f",""
"entity-lunda@1878/identity","entity-lunda@1878","","Lunda","1878","identity","MISSING","C","completely-empty","political-polity","true","[]","[]","[]","[]","{""map_identity_id"":""entity-lunda"",""aliases"":[],""historical_names"":[],""identifiers"":{}}","[""Snapshot context is not observation date or boundary date."",""Map geometry does not establish sovereignty or succession."",""Resolve historical identity before proposing entity-specific facts."",""Existing applicability intervals: []""]","35c5a20cdfaf4e7e7a788fd82d4c2b997e0fe878efe2392487968b8d61b9029f",""
"entity-lunda@1880/identity","entity-lunda@1880","","Lunda","1880","identity","MISSING","C","completely-empty","political-polity","true","[]","[]","[]","[]","{""map_identity_id"":""entity-lunda"",""aliases"":[],""historical_names"":[],""identifiers"":{}}","[""Snapshot context is not observation date or boundary date."",""Map geometry does not establish sovereignty or succession."",""Resolve historical identity before proposing entity-specific facts."",""Existing applicability intervals: []""]","35c5a20cdfaf4e7e7a788fd82d4c2b997e0fe878efe2392487968b8d61b9029f",""
"entity-lunda@1900/identity","entity-lunda@1900","","Lunda","1900","identity","MISSING","C","completely-empty","political-polity","true","[]","[]","[]","[]","{""map_identity_id"":""entity-lunda"",""aliases"":[],""historical_names"":[],""identifiers"":{}}","[""Snapshot context is not observation date or boundary date."",""Map geometry does not establish sovereignty or succession."",""Resolve historical identity before proposing entity-specific facts."",""Existing applicability intervals: []""]","35c5a20cdfaf4e7e7a788fd82d4c2b997e0fe878efe2392487968b8d61b9029f",""
"entity-gabon@1878/identity","entity-gabon@1878","","Gabon","1878","identity","MISSING","C","completely-empty","dependent-administration","true","[]","[]","[]","[]","{""map_identity_id"":""entity-gabon"",""aliases"":[],""historical_names"":[],""identifiers"":{}}","[""Snapshot context is not observation date or boundary date."",""Map geometry does not establish sovereignty or succession."",""Resolve historical identity before proposing entity-specific facts."",""Existing applicability intervals: []""]","35c5a20cdfaf4e7e7a788fd82d4c2b997e0fe878efe2392487968b8d61b9029f",""
"entity-gabon@1880/identity","entity-gabon@1880","","Gabon","1880","identity","MISSING","C","completely-empty","dependent-administration","true","[]","[]","[]","[]","{""map_identity_id"":""entity-gabon"",""aliases"":[],""historical_names"":[],""identifiers"":{}}","[""Snapshot context is not observation date or boundary date."",""Map geometry does not establish sovereignty or succession."",""Resolve historical identity before proposing entity-specific facts."",""Existing applicability intervals: []""]","35c5a20cdfaf4e7e7a788fd82d4c2b997e0fe878efe2392487968b8d61b9029f",""
"entity-gabon@1900/identity","entity-gabon@1900","","Gabon","1900","identity","MISSING","C","completely-empty","dependent-administration","true","[]","[]","[]","[]","{""map_identity_id"":""entity-gabon"",""aliases"":[],""historical_names"":[],""identifiers"":{}}","[""Snapshot context is not observation date or boundary date."",""Map geometry does not establish sovereignty or succession."",""Resolve historical identity before proposing entity-specific facts."",""Existing applicability intervals: []""]","35c5a20cdfaf4e7e7a788fd82d4c2b997e0fe878efe2392487968b8d61b9029f",""
"entity-suriname@1938/identity","entity-suriname@1938","","Suriname","1938","identity","MISSING","C","completely-empty","dependent-administration","true","[]","[]","[]","[]","{""map_identity_id"":""entity-suriname"",""aliases"":[],""historical_names"":[],""identifiers"":{}}","[""Snapshot context is not observation date or boundary date."",""Map geometry does not establish sovereignty or succession."",""Resolve historical identity before proposing entity-specific facts."",""Existing applicability intervals: []""]","35c5a20cdfaf4e7e7a788fd82d4c2b997e0fe878efe2392487968b8d61b9029f",""
"entity-suriname@1945/identity","entity-suriname@1945","","Suriname","1945","identity","MISSING","C","completely-empty","dependent-administration","true","[]","[]","[]","[]","{""map_identity_id"":""entity-suriname"",""aliases"":[],""historical_names"":[],""identifiers"":{}}","[""Snapshot context is not observation date or boundary date."",""Map geometry does not establish sovereignty or succession."",""Resolve historical identity before proposing entity-specific facts."",""Existing applicability intervals: []""]","35c5a20cdfaf4e7e7a788fd82d4c2b997e0fe878efe2392487968b8d61b9029f",""
"entity-trinidad@1945/identity","entity-trinidad@1945","","Trinidad","1945","identity","MISSING","C","completely-empty","dependent-administration","true","[]","[]","[]","[]","{""map_identity_id"":""entity-trinidad"",""aliases"":[],""historical_names"":[],""identifiers"":{}}","[""Snapshot context is not observation date or boundary date."",""Map geometry does not establish sovereignty or succession."",""Resolve historical identity before proposing entity-specific facts."",""Existing applicability intervals: []""]","35c5a20cdfaf4e7e7a788fd82d4c2b997e0fe878efe2392487968b8d61b9029f",""
"entity-trinidad@1960/identity","entity-trinidad@1960","","Trinidad","1960","identity","MISSING","C","completely-empty","dependent-administration","true","[]","[]","[]","[]","{""map_identity_id"":""entity-trinidad"",""aliases"":[],""historical_names"":[],""identifiers"":{}}","[""Snapshot context is not observation date or boundary date."",""Map geometry does not establish sovereignty or succession."",""Resolve historical identity before proposing entity-specific facts."",""Existing applicability intervals: []""]","35c5a20cdfaf4e7e7a788fd82d4c2b997e0fe878efe2392487968b8d61b9029f",""
"entity-luxembourg@1800/identity","entity-luxembourg@1800","","Luxembourg","1800","identity","MISSING","C","completely-empty","political-polity","true","[]","[]","[]","[]","{""map_identity_id"":""entity-luxembourg"",""aliases"":[],""historical_names"":[],""identifiers"":{}}","[""Snapshot context is not observation date or boundary date."",""Map geometry does not establish sovereignty or succession."",""Resolve historical identity before proposing entity-specific facts."",""Existing applicability intervals: []""]","35c5a20cdfaf4e7e7a788fd82d4c2b997e0fe878efe2392487968b8d61b9029f",""
"entity-luxembourg@1815/identity","entity-luxembourg@1815","luxembourg-grand-duchy","Grand Duchy of Luxembourg","1815","identity","PARTIAL","C","partially-supported","political-polity","false","[""Grand Duchy of Luxembourg""]","[]","[]","[]","{""map_identity_id"":""entity-luxembourg"",""aliases"":[],""historical_names"":[{""value"":""Grand Duchy of Luxembourg"",""kind"":""primary"",""validFrom"":""1815""}],""identifiers"":{}}","[""Snapshot context is not observation date or boundary date."",""Map geometry does not establish sovereignty or succession."",""Existing applicability intervals: [{\""kind\"":\""interval\"",\""from\"":\""1815\""}]""]","35c5a20cdfaf4e7e7a788fd82d4c2b997e0fe878efe2392487968b8d61b9029f",""
"entity-grenada@1815/identity","entity-grenada@1815","","Grenada","1815","identity","MISSING","C","completely-empty","dependent-administration","true","[]","[]","[]","[]","{""map_identity_id"":""entity-grenada"",""aliases"":[],""historical_names"":[],""identifiers"":{}}","[""Snapshot context is not observation date or boundary date."",""Map geometry does not establish sovereignty or succession."",""Resolve historical identity before proposing entity-specific facts."",""Existing applicability intervals: []""]","35c5a20cdfaf4e7e7a788fd82d4c2b997e0fe878efe2392487968b8d61b9029f",""
"entity-armenia@1914/identity","entity-armenia@1914","","Armenia","1914","identity","MISSING","C","completely-empty","political-polity","true","[]","[]","[]","[]","{""map_identity_id"":""entity-armenia"",""aliases"":[],""historical_names"":[],""identifiers"":{}}","[""Snapshot context is not observation date or boundary date."",""Map geometry does not establish sovereignty or succession."",""Resolve historical identity before proposing entity-specific facts."",""Existing applicability intervals: []""]","35c5a20cdfaf4e7e7a788fd82d4c2b997e0fe878efe2392487968b8d61b9029f",""
"entity-armenia@1920/identity","entity-armenia@1920","armenian-first-republic-parliamentary-framework","Republic of Armenia — parliamentary framework","1920","identity","PARTIAL","C","partially-supported","political-polity","false","[""Republic of Armenia — parliamentary framework""]","[]","[]","[]","{""map_identity_id"":""entity-armenia"",""aliases"":[],""historical_names"":[{""value"":""Republic of Armenia — parliamentary framework"",""kind"":""primary"",""validFrom"":""1918-08-01"",""validUntil"":""1920-12-02""}],""identifiers"":{}}","[""Snapshot context is not observation date or boundary date."",""Map geometry does not establish sovereignty or succession."",""Existing applicability intervals: [{\""kind\"":\""interval\"",\""from\"":\""1918-08-01\"",\""until\"":\""1920-12-02\""}]""]","35c5a20cdfaf4e7e7a788fd82d4c2b997e0fe878efe2392487968b8d61b9029f",""
"entity-armenia@1930/identity","entity-armenia@1930","","Armenia","1930","identity","MISSING","C","completely-empty","political-polity","true","[]","[]","[]","[]","{""map_identity_id"":""entity-armenia"",""aliases"":[],""historical_names"":[],""identifiers"":{}}","[""Snapshot context is not observation date or boundary date."",""Map geometry does not establish sovereignty or succession."",""Resolve historical identity before proposing entity-specific facts."",""Existing applicability intervals: []""]","35c5a20cdfaf4e7e7a788fd82d4c2b997e0fe878efe2392487968b8d61b9029f",""
"entity-armenia@1938/identity","entity-armenia@1938","","Armenia","1938","identity","MISSING","C","completely-empty","political-polity","true","[]","[]","[]","[]","{""map_identity_id"":""entity-armenia"",""aliases"":[],""historical_names"":[],""identifiers"":{}}","[""Snapshot context is not observation date or boundary date."",""Map geometry does not establish sovereignty or succession."",""Resolve historical identity before proposing entity-specific facts."",""Existing applicability intervals: []""]","35c5a20cdfaf4e7e7a788fd82d4c2b997e0fe878efe2392487968b8d61b9029f",""
"entity-montenegro@1878/identity","entity-montenegro@1878","montenegrin-berlin-recognition-framework","Montenegro — Berlin recognition framework","1878","identity","PARTIAL","C","partially-supported","political-polity","false","[""Montenegro — Berlin recognition framework""]","[]","[]","[]","{""map_identity_id"":""entity-montenegro"",""aliases"":[],""historical_names"":[{""value"":""Montenegro — Berlin recognition framework"",""kind"":""primary"",""validFrom"":""1878-07-13"",""validUntil"":""1879-01-01""}],""identifiers"":{}}","[""Snapshot context is not observation date or boundary date."",""Map geometry does not establish sovereignty or succession."",""Existing applicability intervals: [{\""kind\"":\""interval\"",\""from\"":\""1878-07-13\"",\""until\"":\""1879-01-01\""}]""]","35c5a20cdfaf4e7e7a788fd82d4c2b997e0fe878efe2392487968b8d61b9029f",""
"entity-montenegro@1880/identity","entity-montenegro@1880","","Montenegro","1880","identity","MISSING","C","completely-empty","political-polity","true","[]","[]","[]","[]","{""map_identity_id"":""entity-montenegro"",""aliases"":[],""historical_names"":[],""identifiers"":{}}","[""Snapshot context is not observation date or boundary date."",""Map geometry does not establish sovereignty or succession."",""Resolve historical identity before proposing entity-specific facts."",""Existing applicability intervals: []""]","35c5a20cdfaf4e7e7a788fd82d4c2b997e0fe878efe2392487968b8d61b9029f",""
"entity-montenegro@1900/identity","entity-montenegro@1900","","Montenegro","1900","identity","MISSING","C","completely-empty","political-polity","true","[]","[]","[]","[]","{""map_identity_id"":""entity-montenegro"",""aliases"":[],""historical_names"":[],""identifiers"":{}}","[""Snapshot context is not observation date or boundary date."",""Map geometry does not establish sovereignty or succession."",""Resolve historical identity before proposing entity-specific facts."",""Existing applicability intervals: []""]","35c5a20cdfaf4e7e7a788fd82d4c2b997e0fe878efe2392487968b8d61b9029f",""
"entity-montenegro@1914/identity","entity-montenegro@1914","","Montenegro","1914","identity","MISSING","C","completely-empty","political-polity","true","[]","[]","[]","[]","{""map_identity_id"":""entity-montenegro"",""aliases"":[],""historical_names"":[],""identifiers"":{}}","[""Snapshot context is not observation date or boundary date."",""Map geometry does not establish sovereignty or succession."",""Resolve historical identity before proposing entity-specific facts."",""Existing applicability intervals: []""]","35c5a20cdfaf4e7e7a788fd82d4c2b997e0fe878efe2392487968b8d61b9029f",""
"entity-luba@1878/identity","entity-luba@1878","","Luba","1878","identity","MISSING","C","completely-empty","political-polity","true","[]","[]","[]","[]","{""map_identity_id"":""entity-luba"",""aliases"":[],""historical_names"":[],""identifiers"":{}}","[""Snapshot context is not observation date or boundary date."",""Map geometry does not establish sovereignty or succession."",""Resolve historical identity before proposing entity-specific facts."",""Existing applicability intervals: []""]","35c5a20cdfaf4e7e7a788fd82d4c2b997e0fe878efe2392487968b8d61b9029f",""
"entity-luba@1880/identity","entity-luba@1880","","Luba","1880","identity","MISSING","C","completely-empty","political-polity","true","[]","[]","[]","[]","{""map_identity_id"":""entity-luba"",""aliases"":[],""historical_names"":[],""identifiers"":{}}","[""Snapshot context is not observation date or boundary date."",""Map geometry does not establish sovereignty or succession."",""Resolve historical identity before proposing entity-specific facts."",""Existing applicability intervals: []""]","35c5a20cdfaf4e7e7a788fd82d4c2b997e0fe878efe2392487968b8d61b9029f",""
"entity-luba@1900/identity","entity-luba@1900","","Luba","1900","identity","MISSING","C","completely-empty","political-polity","true","[]","[]","[]","[]","{""map_identity_id"":""entity-luba"",""aliases"":[],""historical_names"":[],""identifiers"":{}}","[""Snapshot context is not observation date or boundary date."",""Map geometry does not establish sovereignty or succession."",""Resolve historical identity before proposing entity-specific facts."",""Existing applicability intervals: []""]","35c5a20cdfaf4e7e7a788fd82d4c2b997e0fe878efe2392487968b8d61b9029f",""
"entity-laos@1800/identity","entity-laos@1800","","Laos","1800","identity","MISSING","C","completely-empty","political-polity","true","[]","[]","[]","[]","{""map_identity_id"":""entity-laos"",""aliases"":[],""historical_names"":[],""identifiers"":{}}","[""Snapshot context is not observation date or boundary date."",""Map geometry does not establish sovereignty or succession."",""Resolve historical identity before proposing entity-specific facts."",""Existing applicability intervals: []""]","35c5a20cdfaf4e7e7a788fd82d4c2b997e0fe878efe2392487968b8d61b9029f",""
"entity-laos@1945/identity","entity-laos@1945","","Laos","1945","identity","MISSING","C","completely-empty","political-polity","true","[]","[]","[]","[]","{""map_identity_id"":""entity-laos"",""aliases"":[],""historical_names"":[],""identifiers"":{}}","[""Snapshot context is not observation date or boundary date."",""Map geometry does not establish sovereignty or succession."",""Resolve historical identity before proposing entity-specific facts."",""Existing applicability intervals: []""]","35c5a20cdfaf4e7e7a788fd82d4c2b997e0fe878efe2392487968b8d61b9029f",""
"entity-laos@1960/identity","entity-laos@1960","","Laos","1960","identity","MISSING","C","completely-empty","political-polity","true","[]","[]","[]","[]","{""map_identity_id"":""entity-laos"",""aliases"":[],""historical_names"":[],""identifiers"":{}}","[""Snapshot context is not observation date or boundary date."",""Map geometry does not establish sovereignty or succession."",""Resolve historical identity before proposing entity-specific facts."",""Existing applicability intervals: []""]","35c5a20cdfaf4e7e7a788fd82d4c2b997e0fe878efe2392487968b8d61b9029f",""
"entity-kanem-bornu@1900/identity","entity-kanem-bornu@1900","","Kanem-Bornu","1900","identity","MISSING","C","completely-empty","political-polity","true","[]","[]","[]","[]","{""map_identity_id"":""entity-kanem-bornu"",""aliases"":[],""historical_names"":[],""identifiers"":{}}","[""Snapshot context is not observation date or boundary date."",""Map geometry does not establish sovereignty or succession."",""Resolve historical identity before proposing entity-specific facts."",""Existing applicability intervals: []""]","35c5a20cdfaf4e7e7a788fd82d4c2b997e0fe878efe2392487968b8d61b9029f",""
"entity-eritrea@1930/identity","entity-eritrea@1930","","Eritrea","1930","identity","MISSING","C","completely-empty","dependent-administration","true","[]","[]","[]","[]","{""map_identity_id"":""entity-eritrea"",""aliases"":[],""historical_names"":[],""identifiers"":{}}","[""Snapshot context is not observation date or boundary date."",""Map geometry does not establish sovereignty or succession."",""Resolve historical identity before proposing entity-specific facts."",""Existing applicability intervals: []""]","35c5a20cdfaf4e7e7a788fd82d4c2b997e0fe878efe2392487968b8d61b9029f",""
"entity-albania@1914/identity","entity-albania@1914","","Albania","1914","identity","MISSING","C","completely-empty","political-polity","true","[]","[]","[]","[]","{""map_identity_id"":""entity-albania"",""aliases"":[],""historical_names"":[],""identifiers"":{}}","[""Snapshot context is not observation date or boundary date."",""Map geometry does not establish sovereignty or succession."",""Resolve historical identity before proposing entity-specific facts."",""Existing applicability intervals: []""]","35c5a20cdfaf4e7e7a788fd82d4c2b997e0fe878efe2392487968b8d61b9029f",""
"entity-albania@1920/identity","entity-albania@1920","albanian-national-council-1920-framework","Albanian State — National Council framework","1920","identity","PARTIAL","C","partially-supported","political-polity","false","[""Albanian State — National Council framework""]","[]","[]","[]","{""map_identity_id"":""entity-albania"",""aliases"":[],""historical_names"":[{""value"":""Albanian State — National Council framework"",""kind"":""primary"",""validFrom"":""1920-03-27"",""validUntil"":""1920-12-20""}],""identifiers"":{}}","[""Snapshot context is not observation date or boundary date."",""Map geometry does not establish sovereignty or succession."",""Existing applicability intervals: [{\""kind\"":\""interval\"",\""from\"":\""1920-03-27\"",\""until\"":\""1920-12-20\""}]""]","35c5a20cdfaf4e7e7a788fd82d4c2b997e0fe878efe2392487968b8d61b9029f",""
"entity-albania@1945/identity","entity-albania@1945","","Albania","1945","identity","MISSING","C","completely-empty","political-polity","true","[]","[]","[]","[]","{""map_identity_id"":""entity-albania"",""aliases"":[],""historical_names"":[],""identifiers"":{}}","[""Snapshot context is not observation date or boundary date."",""Map geometry does not establish sovereignty or succession."",""Resolve historical identity before proposing entity-specific facts."",""Existing applicability intervals: []""]","35c5a20cdfaf4e7e7a788fd82d4c2b997e0fe878efe2392487968b8d61b9029f",""
"entity-turks-and-caicos-islands@1800/identity","entity-turks-and-caicos-islands@1800","","Turks and Caicos Islands","1800","identity","MISSING","C","completely-empty","dependent-administration","true","[]","[]","[]","[]","{""map_identity_id"":""entity-turks-and-caicos-islands"",""aliases"":[],""historical_names"":[],""identifiers"":{}}","[""Snapshot context is not observation date or boundary date."",""Map geometry does not establish sovereignty or succession."",""Resolve historical identity before proposing entity-specific facts."",""Existing applicability intervals: []""]","35c5a20cdfaf4e7e7a788fd82d4c2b997e0fe878efe2392487968b8d61b9029f",""
"entity-turks-and-caicos-islands@1960/identity","entity-turks-and-caicos-islands@1960","","Turks and Caicos Islands","1960","identity","MISSING","C","completely-empty","dependent-administration","true","[]","[]","[]","[]","{""map_identity_id"":""entity-turks-and-caicos-islands"",""aliases"":[],""historical_names"":[],""identifiers"":{}}","[""Snapshot context is not observation date or boundary date."",""Map geometry does not establish sovereignty or succession."",""Resolve historical identity before proposing entity-specific facts."",""Existing applicability intervals: []""]","35c5a20cdfaf4e7e7a788fd82d4c2b997e0fe878efe2392487968b8d61b9029f",""
"entity-kenya@1920/identity","entity-kenya@1920","","Kenya","1920","identity","MISSING","C","completely-empty","dependent-administration","true","[]","[]","[]","[]","{""map_identity_id"":""entity-kenya"",""aliases"":[],""historical_names"":[],""identifiers"":{}}","[""Snapshot context is not observation date or boundary date."",""Map geometry does not establish sovereignty or succession."",""Resolve historical identity before proposing entity-specific facts."",""Existing applicability intervals: []""]","35c5a20cdfaf4e7e7a788fd82d4c2b997e0fe878efe2392487968b8d61b9029f",""
"entity-togo@1920/identity","entity-togo@1920","togo-1920-occupation-core","Togo — French occupation administration in 1920","1920","identity","PARTIAL","C","partially-supported","dependent-administration","false","[""Togo — French occupation administration in 1920""]","[]","[]","[]","{""map_identity_id"":""entity-togo"",""aliases"":[],""historical_names"":[{""value"":""Togo — French occupation administration in 1920"",""kind"":""primary"",""validFrom"":""1920-10-01"",""validUntil"":""1921-01-01""}],""identifiers"":{}}","[""Snapshot context is not observation date or boundary date."",""Map geometry does not establish sovereignty or succession."",""Existing applicability intervals: [{\""kind\"":\""interval\"",\""from\"":\""1920-10-01\"",\""until\"":\""1921-01-01\""}]""]","35c5a20cdfaf4e7e7a788fd82d4c2b997e0fe878efe2392487968b8d61b9029f",""
"entity-togo@1960/identity","entity-togo@1960","togo-1960-independent-core","Togo — independent republic in 1960","1960","identity","PARTIAL","C","partially-supported","dependent-administration","false","[""Togo — independent republic in 1960""]","[]","[]","[]","{""map_identity_id"":""entity-togo"",""aliases"":[],""historical_names"":[{""value"":""Togo — independent republic in 1960"",""kind"":""primary"",""validFrom"":""1960-04-27"",""validUntil"":""1961-01-01""}],""identifiers"":{}}","[""Snapshot context is not observation date or boundary date."",""Map geometry does not establish sovereignty or succession."",""Existing applicability intervals: [{\""kind\"":\""interval\"",\""from\"":\""1960-04-27\"",\""until\"":\""1961-01-01\""}]""]","35c5a20cdfaf4e7e7a788fd82d4c2b997e0fe878efe2392487968b8d61b9029f",""
"entity-martinique@1815/identity","entity-martinique@1815","","Martinique","1815","identity","MISSING","C","completely-empty","dependent-administration","true","[]","[]","[]","[]","{""map_identity_id"":""entity-martinique"",""aliases"":[],""historical_names"":[],""identifiers"":{}}","[""Snapshot context is not observation date or boundary date."",""Map geometry does not establish sovereignty or succession."",""Resolve historical identity before proposing entity-specific facts."",""Existing applicability intervals: []""]","35c5a20cdfaf4e7e7a788fd82d4c2b997e0fe878efe2392487968b8d61b9029f",""
"entity-azerbaijan@1914/identity","entity-azerbaijan@1914","","Azerbaijan","1914","identity","MISSING","C","completely-empty","political-polity","true","[]","[]","[]","[]","{""map_identity_id"":""entity-azerbaijan"",""aliases"":[],""historical_names"":[],""identifiers"":{}}","[""Snapshot context is not observation date or boundary date."",""Map geometry does not establish sovereignty or succession."",""Resolve historical identity before proposing entity-specific facts."",""Existing applicability intervals: []""]","35c5a20cdfaf4e7e7a788fd82d4c2b997e0fe878efe2392487968b8d61b9029f",""
"entity-azerbaijan@1920/identity","entity-azerbaijan@1920","azerbaijan-first-republic-parliamentary-framework","Azerbaijan Democratic Republic — parliamentary framework","1920","identity","PARTIAL","C","partially-supported","political-polity","false","[""Azerbaijan Democratic Republic — parliamentary framework""]","[]","[]","[]","{""map_identity_id"":""entity-azerbaijan"",""aliases"":[],""historical_names"":[{""value"":""Azerbaijan Democratic Republic — parliamentary framework"",""kind"":""primary"",""validFrom"":""1918-12-07"",""validUntil"":""1920-04-28""}],""identifiers"":{}}","[""Snapshot context is not observation date or boundary date."",""Map geometry does not establish sovereignty or succession."",""Existing applicability intervals: [{\""kind\"":\""interval\"",\""from\"":\""1918-12-07\"",\""until\"":\""1920-04-28\""}]""]","35c5a20cdfaf4e7e7a788fd82d4c2b997e0fe878efe2392487968b8d61b9029f",""
"entity-azerbaijan@1930/identity","entity-azerbaijan@1930","","Azerbaijan","1930","identity","MISSING","C","completely-empty","political-polity","true","[]","[]","[]","[]","{""map_identity_id"":""entity-azerbaijan"",""aliases"":[],""historical_names"":[],""identifiers"":{}}","[""Snapshot context is not observation date or boundary date."",""Map geometry does not establish sovereignty or succession."",""Resolve historical identity before proposing entity-specific facts."",""Existing applicability intervals: []""]","35c5a20cdfaf4e7e7a788fd82d4c2b997e0fe878efe2392487968b8d61b9029f",""
"entity-buganda@1900/identity","entity-buganda@1900","","Buganda","1900","identity","MISSING","C","completely-empty","political-polity","true","[]","[]","[]","[]","{""map_identity_id"":""entity-buganda"",""aliases"":[],""historical_names"":[],""identifiers"":{}}","[""Snapshot context is not observation date or boundary date."",""Map geometry does not establish sovereignty or succession."",""Resolve historical identity before proposing entity-specific facts."",""Existing applicability intervals: []""]","35c5a20cdfaf4e7e7a788fd82d4c2b997e0fe878efe2392487968b8d61b9029f",""
"entity-kuwait@1938/identity","entity-kuwait@1938","","Kuwait","1938","identity","MISSING","C","completely-empty","political-polity","true","[]","[]","[]","[]","{""map_identity_id"":""entity-kuwait"",""aliases"":[],""historical_names"":[],""identifiers"":{}}","[""Snapshot context is not observation date or boundary date."",""Map geometry does not establish sovereignty or succession."",""Resolve historical identity before proposing entity-specific facts."",""Existing applicability intervals: []""]","35c5a20cdfaf4e7e7a788fd82d4c2b997e0fe878efe2392487968b8d61b9029f",""
"entity-spanish-guinea@1878/identity","entity-spanish-guinea@1878","b17-spanish-guinea-1878","Fernando Poo dependencies — Spanish colonial decree attestation","1878","identity","PARTIAL","C","partially-supported","dependent-administration","false","[""Fernando Poo dependencies — Spanish colonial decree attestation""]","[]","[]","[]","{""map_identity_id"":""entity-spanish-guinea"",""aliases"":[],""historical_names"":[{""value"":""Fernando Poo dependencies — Spanish colonial decree attestation"",""kind"":""primary"",""validFrom"":""1878-12-26"",""validUntil"":""1878-12-27""}],""identifiers"":{}}","[""Snapshot context is not observation date or boundary date."",""Map geometry does not establish sovereignty or succession."",""Existing applicability intervals: [{\""kind\"":\""interval\"",\""from\"":\""1878-12-26\"",\""until\"":\""1878-12-27\""}]""]","35c5a20cdfaf4e7e7a788fd82d4c2b997e0fe878efe2392487968b8d61b9029f",""
"entity-spanish-guinea@1880/identity","entity-spanish-guinea@1880","","Spanish Guinea","1880","identity","MISSING","C","completely-empty","dependent-administration","true","[]","[]","[]","[]","{""map_identity_id"":""entity-spanish-guinea"",""aliases"":[],""historical_names"":[],""identifiers"":{}}","[""Snapshot context is not observation date or boundary date."",""Map geometry does not establish sovereignty or succession."",""Resolve historical identity before proposing entity-specific facts."",""Existing applicability intervals: []""]","35c5a20cdfaf4e7e7a788fd82d4c2b997e0fe878efe2392487968b8d61b9029f",""
"entity-spanish-guinea@1900/identity","entity-spanish-guinea@1900","","Spanish Guinea","1900","identity","MISSING","C","completely-empty","dependent-administration","true","[]","[]","[]","[]","{""map_identity_id"":""entity-spanish-guinea"",""aliases"":[],""historical_names"":[],""identifiers"":{}}","[""Snapshot context is not observation date or boundary date."",""Map geometry does not establish sovereignty or succession."",""Resolve historical identity before proposing entity-specific facts."",""Existing applicability intervals: []""]","35c5a20cdfaf4e7e7a788fd82d4c2b997e0fe878efe2392487968b8d61b9029f",""
"entity-georgia@1914/identity","entity-georgia@1914","","Georgia","1914","identity","MISSING","C","completely-empty","political-polity","true","[]","[]","[]","[]","{""map_identity_id"":""entity-georgia"",""aliases"":[],""historical_names"":[],""identifiers"":{}}","[""Snapshot context is not observation date or boundary date."",""Map geometry does not establish sovereignty or succession."",""Resolve historical identity before proposing entity-specific facts."",""Existing applicability intervals: []""]","35c5a20cdfaf4e7e7a788fd82d4c2b997e0fe878efe2392487968b8d61b9029f",""
"entity-georgia@1930/identity","entity-georgia@1930","","Georgia","1930","identity","MISSING","C","completely-empty","political-polity","true","[]","[]","[]","[]","{""map_identity_id"":""entity-georgia"",""aliases"":[],""historical_names"":[],""identifiers"":{}}","[""Snapshot context is not observation date or boundary date."",""Map geometry does not establish sovereignty or succession."",""Resolve historical identity before proposing entity-specific facts."",""Existing applicability intervals: []""]","35c5a20cdfaf4e7e7a788fd82d4c2b997e0fe878efe2392487968b8d61b9029f",""
"entity-bahamas@1800/identity","entity-bahamas@1800","","Bahamas","1800","identity","MISSING","C","completely-empty","dependent-administration","true","[]","[]","[]","[]","{""map_identity_id"":""entity-bahamas"",""aliases"":[],""historical_names"":[],""identifiers"":{}}","[""Snapshot context is not observation date or boundary date."",""Map geometry does not establish sovereignty or succession."",""Resolve historical identity before proposing entity-specific facts."",""Existing applicability intervals: []""]","35c5a20cdfaf4e7e7a788fd82d4c2b997e0fe878efe2392487968b8d61b9029f",""
"entity-jamaica@1960/identity","entity-jamaica@1960","","Jamaica","1960","identity","MISSING","C","completely-empty","dependent-administration","true","[]","[]","[]","[]","{""map_identity_id"":""entity-jamaica"",""aliases"":[],""historical_names"":[],""identifiers"":{}}","[""Snapshot context is not observation date or boundary date."",""Map geometry does not establish sovereignty or succession."",""Resolve historical identity before proposing entity-specific facts."",""Existing applicability intervals: []""]","35c5a20cdfaf4e7e7a788fd82d4c2b997e0fe878efe2392487968b8d61b9029f",""
"entity-zululand@1880/identity","entity-zululand@1880","b20-zululand-postwar","Zululand — postwar chiefdom settlement","1880","identity","PARTIAL","C","partially-supported","dependent-administration","false","[""Zululand — postwar chiefdom settlement""]","[]","[]","[]","{""map_identity_id"":""entity-zululand"",""aliases"":[],""historical_names"":[{""value"":""Zululand — postwar chiefdom settlement"",""kind"":""primary"",""validFrom"":""1880-03-12"",""validUntil"":""1880-03-13""}],""identifiers"":{}}","[""Snapshot context is not observation date or boundary date."",""Map geometry does not establish sovereignty or succession."",""Existing applicability intervals: [{\""kind\"":\""interval\"",\""from\"":\""1880-03-12\"",\""until\"":\""1880-03-13\""}]""]","35c5a20cdfaf4e7e7a788fd82d4c2b997e0fe878efe2392487968b8d61b9029f",""
"entity-zululand@1900/identity","entity-zululand@1900","","Zululand","1900","identity","MISSING","C","completely-empty","dependent-administration","true","[]","[]","[]","[]","{""map_identity_id"":""entity-zululand"",""aliases"":[],""historical_names"":[],""identifiers"":{}}","[""Snapshot context is not observation date or boundary date."",""Map geometry does not establish sovereignty or succession."",""Resolve historical identity before proposing entity-specific facts."",""Existing applicability intervals: []""]","35c5a20cdfaf4e7e7a788fd82d4c2b997e0fe878efe2392487968b8d61b9029f",""
"entity-natal@1878/identity","entity-natal@1878","b20-natal-colony","Natal — British colonial administration","1878","identity","PARTIAL","C","partially-supported","dependent-administration","false","[""Natal — British colonial administration""]","[]","[]","[]","{""map_identity_id"":""entity-natal"",""aliases"":[],""historical_names"":[{""value"":""Natal — British colonial administration"",""kind"":""primary"",""validFrom"":""1878-07-26"",""validUntil"":""1878-07-27""},{""value"":""Natal — British colony"",""kind"":""primary"",""validFrom"":""1880-08-31"",""validUntil"":""1880-09-01""},{""value"":""Natal — British colony during South African War"",""kind"":""primary"",""validFrom"":""1900-12-12"",""validUntil"":""1900-12-13""}],""identifiers"":{}}","[""Snapshot context is not observation date or boundary date."",""Map geometry does not establish sovereignty or succession."",""Existing applicability intervals: [{\""kind\"":\""interval\"",\""from\"":\""1878-07-26\"",\""until\"":\""1878-07-27\""}]""]","35c5a20cdfaf4e7e7a788fd82d4c2b997e0fe878efe2392487968b8d61b9029f",""
"entity-natal@1880/identity","entity-natal@1880","b20-natal-colony","Natal — British colony","1880","identity","PARTIAL","C","partially-supported","dependent-administration","false","[""Natal — British colony""]","[]","[]","[]","{""map_identity_id"":""entity-natal"",""aliases"":[],""historical_names"":[{""value"":""Natal — British colonial administration"",""kind"":""primary"",""validFrom"":""1878-07-26"",""validUntil"":""1878-07-27""},{""value"":""Natal — British colony"",""kind"":""primary"",""validFrom"":""1880-08-31"",""validUntil"":""1880-09-01""},{""value"":""Natal — British colony during South African War"",""kind"":""primary"",""validFrom"":""1900-12-12"",""validUntil"":""1900-12-13""}],""identifiers"":{}}","[""Snapshot context is not observation date or boundary date."",""Map geometry does not establish sovereignty or succession."",""Existing applicability intervals: [{\""kind\"":\""interval\"",\""from\"":\""1880-08-31\"",\""until\"":\""1880-09-01\""}]""]","35c5a20cdfaf4e7e7a788fd82d4c2b997e0fe878efe2392487968b8d61b9029f",""
"entity-natal@1900/identity","entity-natal@1900","b20-natal-colony","Natal — British colony during South African War","1900","identity","PARTIAL","C","partially-supported","dependent-administration","false","[""Natal — British colony during South African War""]","[]","[]","[]","{""map_identity_id"":""entity-natal"",""aliases"":[],""historical_names"":[{""value"":""Natal — British colonial administration"",""kind"":""primary"",""validFrom"":""1878-07-26"",""validUntil"":""1878-07-27""},{""value"":""Natal — British colony"",""kind"":""primary"",""validFrom"":""1880-08-31"",""validUntil"":""1880-09-01""},{""value"":""Natal — British colony during South African War"",""kind"":""primary"",""validFrom"":""1900-12-12"",""validUntil"":""1900-12-13""}],""identifiers"":{}}","[""Snapshot context is not observation date or boundary date."",""Map geometry does not establish sovereignty or succession."",""Existing applicability intervals: [{\""kind\"":\""interval\"",\""from\"":\""1900-12-12\"",\""until\"":\""1900-12-13\""}]""]","35c5a20cdfaf4e7e7a788fd82d4c2b997e0fe878efe2392487968b8d61b9029f",""
"entity-zimbabwe@1920/identity","entity-zimbabwe@1920","","Zimbabwe","1920","identity","MISSING","C","completely-empty","dependent-administration","true","[]","[]","[]","[]","{""map_identity_id"":""entity-zimbabwe"",""aliases"":[],""historical_names"":[],""identifiers"":{}}","[""Snapshot context is not observation date or boundary date."",""Map geometry does not establish sovereignty or succession."",""Resolve historical identity before proposing entity-specific facts."",""Existing applicability intervals: []""]","35c5a20cdfaf4e7e7a788fd82d4c2b997e0fe878efe2392487968b8d61b9029f",""
"entity-muscat-and-oman@1920/identity","entity-muscat-and-oman@1920","","Muscat and Oman","1920","identity","MISSING","C","completely-empty","political-polity","true","[]","[]","[]","[]","{""map_identity_id"":""entity-muscat-and-oman"",""aliases"":[],""historical_names"":[],""identifiers"":{}}","[""Snapshot context is not observation date or boundary date."",""Map geometry does not establish sovereignty or succession."",""Resolve historical identity before proposing entity-specific facts."",""Existing applicability intervals: []""]","35c5a20cdfaf4e7e7a788fd82d4c2b997e0fe878efe2392487968b8d61b9029f",""
"entity-imerina@1900/identity","entity-imerina@1900","","Imerina","1900","identity","MISSING","C","completely-empty","political-polity","true","[]","[]","[]","[]","{""map_identity_id"":""entity-imerina"",""aliases"":[],""historical_names"":[],""identifiers"":{}}","[""Snapshot context is not observation date or boundary date."",""Map geometry does not establish sovereignty or succession."",""Resolve historical identity before proposing entity-specific facts."",""Existing applicability intervals: []""]","35c5a20cdfaf4e7e7a788fd82d4c2b997e0fe878efe2392487968b8d61b9029f",""
"entity-kuba@1900/identity","entity-kuba@1900","","Kuba","1900","identity","MISSING","C","completely-empty","political-polity","true","[]","[]","[]","[]","{""map_identity_id"":""entity-kuba"",""aliases"":[],""historical_names"":[],""identifiers"":{}}","[""Snapshot context is not observation date or boundary date."",""Map geometry does not establish sovereignty or succession."",""Resolve historical identity before proposing entity-specific facts."",""Existing applicability intervals: []""]","35c5a20cdfaf4e7e7a788fd82d4c2b997e0fe878efe2392487968b8d61b9029f",""
"entity-mandatory-palestine-gb@1920/identity","entity-mandatory-palestine-gb@1920","","Mandatory Palestine (GB)","1920","identity","MISSING","C","completely-empty","dependent-administration","true","[]","[]","[]","[]","{""map_identity_id"":""entity-mandatory-palestine-gb"",""aliases"":[],""historical_names"":[],""identifiers"":{}}","[""Snapshot context is not observation date or boundary date."",""Map geometry does not establish sovereignty or succession."",""Resolve historical identity before proposing entity-specific facts."",""Existing applicability intervals: []""]","35c5a20cdfaf4e7e7a788fd82d4c2b997e0fe878efe2392487968b8d61b9029f",""
"entity-rwanda-belgium@1920/identity","entity-rwanda-belgium@1920","","Rwanda (Belgium)","1920","identity","MISSING","C","completely-empty","dependent-administration","true","[]","[]","[]","[]","{""map_identity_id"":""entity-rwanda-belgium"",""aliases"":[],""historical_names"":[],""identifiers"":{}}","[""Snapshot context is not observation date or boundary date."",""Map geometry does not establish sovereignty or succession."",""Resolve historical identity before proposing entity-specific facts."",""Existing applicability intervals: []""]","35c5a20cdfaf4e7e7a788fd82d4c2b997e0fe878efe2392487968b8d61b9029f",""
"entity-wassoulou-empire@1878/identity","entity-wassoulou-empire@1878","","Wassoulou Empire","1878","identity","MISSING","C","completely-empty","political-polity","true","[]","[]","[]","[]","{""map_identity_id"":""entity-wassoulou-empire"",""aliases"":[],""historical_names"":[],""identifiers"":{}}","[""Snapshot context is not observation date or boundary date."",""Map geometry does not establish sovereignty or succession."",""Resolve historical identity before proposing entity-specific facts."",""Existing applicability intervals: []""]","35c5a20cdfaf4e7e7a788fd82d4c2b997e0fe878efe2392487968b8d61b9029f",""
"entity-wassoulou-empire@1880/identity","entity-wassoulou-empire@1880","","Wassoulou Empire","1880","identity","MISSING","C","completely-empty","political-polity","true","[]","[]","[]","[]","{""map_identity_id"":""entity-wassoulou-empire"",""aliases"":[],""historical_names"":[],""identifiers"":{}}","[""Snapshot context is not observation date or boundary date."",""Map geometry does not establish sovereignty or succession."",""Resolve historical identity before proposing entity-specific facts."",""Existing applicability intervals: []""]","35c5a20cdfaf4e7e7a788fd82d4c2b997e0fe878efe2392487968b8d61b9029f",""
"entity-lithuania@1920/identity","entity-lithuania@1920","lithuanian-constituent-seimas-framework","Republic of Lithuania — constituent framework","1920","identity","PARTIAL","C","partially-supported","political-polity","false","[""Republic of Lithuania — constituent framework""]","[]","[]","[]","{""map_identity_id"":""entity-lithuania"",""aliases"":[],""historical_names"":[{""value"":""Republic of Lithuania — constituent framework"",""kind"":""primary"",""validFrom"":""1920-05-15"",""validUntil"":""1922-01-01""}],""identifiers"":{}}","[""Snapshot context is not observation date or boundary date."",""Map geometry does not establish sovereignty or succession."",""Existing applicability intervals: [{\""kind\"":\""interval\"",\""from\"":\""1920-05-15\"",\""until\"":\""1922-01-01\""}]""]","35c5a20cdfaf4e7e7a788fd82d4c2b997e0fe878efe2392487968b8d61b9029f",""
"entity-lithuania@1938/identity","entity-lithuania@1938","","Lithuania","1938","identity","MISSING","C","completely-empty","political-polity","true","[]","[]","[]","[]","{""map_identity_id"":""entity-lithuania"",""aliases"":[],""historical_names"":[],""identifiers"":{}}","[""Snapshot context is not observation date or boundary date."",""Map geometry does not establish sovereignty or succession."",""Resolve historical identity before proposing entity-specific facts."",""Existing applicability intervals: []""]","35c5a20cdfaf4e7e7a788fd82d4c2b997e0fe878efe2392487968b8d61b9029f",""
"entity-bosnia-herzegovina@1878/identity","entity-bosnia-herzegovina@1878","bosnia-habsburg-administration","Bosnia and Herzegovina — Habsburg administration","1878","identity","PARTIAL","C","partially-supported","dependent-administration","false","[""Bosnia and Herzegovina — Habsburg administration""]","[]","[]","[]","{""map_identity_id"":""entity-bosnia-herzegovina"",""aliases"":[],""historical_names"":[{""value"":""Bosnia and Herzegovina — Habsburg administration"",""kind"":""primary"",""validFrom"":""1878"",""validUntil"":""1918-01-01""}],""identifiers"":{}}","[""Snapshot context is not observation date or boundary date."",""Map geometry does not establish sovereignty or succession."",""Existing applicability intervals: [{\""kind\"":\""interval\"",\""from\"":\""1878\"",\""until\"":\""1918-01-01\""}]""]","35c5a20cdfaf4e7e7a788fd82d4c2b997e0fe878efe2392487968b8d61b9029f",""
"entity-latvia@1920/identity","entity-latvia@1920","latvian-constituent-framework","Republic of Latvia — constituent framework","1920","identity","PARTIAL","C","partially-supported","political-polity","false","[""Republic of Latvia — constituent framework""]","[]","[]","[]","{""map_identity_id"":""entity-latvia"",""aliases"":[],""historical_names"":[{""value"":""Republic of Latvia — constituent framework"",""kind"":""primary"",""validFrom"":""1920-06-01"",""validUntil"":""1922-11-07""}],""identifiers"":{}}","[""Snapshot context is not observation date or boundary date."",""Map geometry does not establish sovereignty or succession."",""Existing applicability intervals: [{\""kind\"":\""interval\"",\""from\"":\""1920-06-01\"",\""until\"":\""1922-11-07\""}]""]","35c5a20cdfaf4e7e7a788fd82d4c2b997e0fe878efe2392487968b8d61b9029f",""
"entity-saxony@1800/identity","entity-saxony@1800","","Saxony","1800","identity","MISSING","C","completely-empty","political-polity","true","[]","[]","[]","[]","{""map_identity_id"":""entity-saxony"",""aliases"":[],""historical_names"":[],""identifiers"":{}}","[""Snapshot context is not observation date or boundary date."",""Map geometry does not establish sovereignty or succession."",""Resolve historical identity before proposing entity-specific facts."",""Existing applicability intervals: []""]","35c5a20cdfaf4e7e7a788fd82d4c2b997e0fe878efe2392487968b8d61b9029f",""
"entity-saxony@1815/identity","entity-saxony@1815","saxony-restored-royal-framework","Kingdom of Saxony — restored royal framework","1815","identity","PARTIAL","C","partially-supported","political-polity","false","[""Kingdom of Saxony — restored royal framework""]","[]","[]","[]","{""map_identity_id"":""entity-saxony"",""aliases"":[],""historical_names"":[{""value"":""Kingdom of Saxony — restored royal framework"",""kind"":""primary"",""validFrom"":""1815-06-07"",""validUntil"":""1818-01-01""}],""identifiers"":{}}","[""Snapshot context is not observation date or boundary date."",""Map geometry does not establish sovereignty or succession."",""Existing applicability intervals: [{\""kind\"":\""interval\"",\""from\"":\""1815-06-07\"",\""until\"":\""1818-01-01\""}]""]","35c5a20cdfaf4e7e7a788fd82d4c2b997e0fe878efe2392487968b8d61b9029f",""
"entity-venetia@1800/identity","entity-venetia@1800","","Venetia","1800","identity","MISSING","C","completely-empty","dependent-administration","true","[]","[]","[]","[]","{""map_identity_id"":""entity-venetia"",""aliases"":[],""historical_names"":[],""identifiers"":{}}","[""Snapshot context is not observation date or boundary date."",""Map geometry does not establish sovereignty or succession."",""Resolve historical identity before proposing entity-specific facts."",""Existing applicability intervals: []""]","35c5a20cdfaf4e7e7a788fd82d4c2b997e0fe878efe2392487968b8d61b9029f",""
"entity-venetia@1815/identity","entity-venetia@1815","venetia-1815-administration","Venetia — Venetian government","1815","identity","PARTIAL","C","partially-supported","dependent-administration","false","[""Venetia — Venetian government""]","[]","[]","[]","{""map_identity_id"":""entity-venetia"",""aliases"":[],""historical_names"":[{""value"":""Venetia — Venetian government"",""kind"":""primary"",""validFrom"":""1815-04-07"",""validUntil"":""1818-01-01""}],""identifiers"":{}}","[""Snapshot context is not observation date or boundary date."",""Map geometry does not establish sovereignty or succession."",""Existing applicability intervals: [{\""kind\"":\""interval\"",\""from\"":\""1815-04-07\"",\""until\"":\""1818-01-01\""}]""]","35c5a20cdfaf4e7e7a788fd82d4c2b997e0fe878efe2392487968b8d61b9029f",""
"entity-lombardy@1800/identity","entity-lombardy@1800","","Lombardy","1800","identity","MISSING","C","completely-empty","dependent-administration","true","[]","[]","[]","[]","{""map_identity_id"":""entity-lombardy"",""aliases"":[],""historical_names"":[],""identifiers"":{}}","[""Snapshot context is not observation date or boundary date."",""Map geometry does not establish sovereignty or succession."",""Resolve historical identity before proposing entity-specific facts."",""Existing applicability intervals: []""]","35c5a20cdfaf4e7e7a788fd82d4c2b997e0fe878efe2392487968b8d61b9029f",""
"entity-lombardy@1815/identity","entity-lombardy@1815","lombardy-1815-administration","Lombardy — Milanese government","1815","identity","PARTIAL","C","partially-supported","dependent-administration","false","[""Lombardy — Milanese government""]","[]","[]","[]","{""map_identity_id"":""entity-lombardy"",""aliases"":[],""historical_names"":[{""value"":""Lombardy — Milanese government"",""kind"":""primary"",""validFrom"":""1815-04-07"",""validUntil"":""1818-01-01""}],""identifiers"":{}}","[""Snapshot context is not observation date or boundary date."",""Map geometry does not establish sovereignty or succession."",""Existing applicability intervals: [{\""kind\"":\""interval\"",\""from\"":\""1815-04-07\"",\""until\"":\""1818-01-01\""}]""]","35c5a20cdfaf4e7e7a788fd82d4c2b997e0fe878efe2392487968b8d61b9029f",""
"entity-hamburg@1800/identity","entity-hamburg@1800","","Hamburg","1800","identity","MISSING","C","completely-empty","political-polity","true","[]","[]","[]","[]","{""map_identity_id"":""entity-hamburg"",""aliases"":[],""historical_names"":[],""identifiers"":{}}","[""Snapshot context is not observation date or boundary date."",""Map geometry does not establish sovereignty or succession."",""Resolve historical identity before proposing entity-specific facts."",""Existing applicability intervals: []""]","35c5a20cdfaf4e7e7a788fd82d4c2b997e0fe878efe2392487968b8d61b9029f",""
"entity-hamburg@1815/identity","entity-hamburg@1815","hamburg-restored-republic-framework","Hamburg — restored city republic","1815","identity","PARTIAL","C","partially-supported","political-polity","false","[""Hamburg — restored city republic""]","[]","[]","[]","{""map_identity_id"":""entity-hamburg"",""aliases"":[],""historical_names"":[{""value"":""Hamburg — restored city republic"",""kind"":""primary"",""validFrom"":""1815-06-08"",""validUntil"":""1819-01-01""}],""identifiers"":{}}","[""Snapshot context is not observation date or boundary date."",""Map geometry does not establish sovereignty or succession."",""Existing applicability intervals: [{\""kind\"":\""interval\"",\""from\"":\""1815-06-08\"",\""until\"":\""1819-01-01\""}]""]","35c5a20cdfaf4e7e7a788fd82d4c2b997e0fe878efe2392487968b8d61b9029f",""
"entity-lubeck@1800/identity","entity-lubeck@1800","","Lübeck","1800","identity","MISSING","C","completely-empty","political-polity","true","[]","[]","[]","[]","{""map_identity_id"":""entity-lubeck"",""aliases"":[],""historical_names"":[],""identifiers"":{}}","[""Snapshot context is not observation date or boundary date."",""Map geometry does not establish sovereignty or succession."",""Resolve historical identity before proposing entity-specific facts."",""Existing applicability intervals: []""]","35c5a20cdfaf4e7e7a788fd82d4c2b997e0fe878efe2392487968b8d61b9029f",""
"entity-lubeck@1815/identity","entity-lubeck@1815","lubeck-restored-civic-framework","Lübeck — restored civic republic","1815","identity","PARTIAL","C","partially-supported","political-polity","false","[""Lübeck — restored civic republic""]","[]","[]","[]","{""map_identity_id"":""entity-lubeck"",""aliases"":[],""historical_names"":[{""value"":""Lübeck — restored civic republic"",""kind"":""primary"",""validFrom"":""1815-06-08"",""validUntil"":""1818-01-01""}],""identifiers"":{}}","[""Snapshot context is not observation date or boundary date."",""Map geometry does not establish sovereignty or succession."",""Existing applicability intervals: [{\""kind\"":\""interval\"",\""from\"":\""1815-06-08\"",\""until\"":\""1818-01-01\""}]""]","35c5a20cdfaf4e7e7a788fd82d4c2b997e0fe878efe2392487968b8d61b9029f",""
"entity-namibia@1960/identity","entity-namibia@1960","","Namibia","1960","identity","MISSING","C","completely-empty","dependent-administration","true","[]","[]","[]","[]","{""map_identity_id"":""entity-namibia"",""aliases"":[],""historical_names"":[],""identifiers"":{}}","[""Snapshot context is not observation date or boundary date."",""Map geometry does not establish sovereignty or succession."",""Resolve historical identity before proposing entity-specific facts."",""Existing applicability intervals: []""]","35c5a20cdfaf4e7e7a788fd82d4c2b997e0fe878efe2392487968b8d61b9029f",""
"entity-estonia@1920/identity","entity-estonia@1920","estonian-constituent-framework","Republic of Estonia — constituent framework","1920","identity","PARTIAL","C","partially-supported","political-polity","false","[""Republic of Estonia — constituent framework""]","[]","[]","[]","{""map_identity_id"":""entity-estonia"",""aliases"":[],""historical_names"":[{""value"":""Republic of Estonia — constituent framework"",""kind"":""primary"",""validFrom"":""1919-07-04"",""validUntil"":""1920-12-20""}],""identifiers"":{}}","[""Snapshot context is not observation date or boundary date."",""Map geometry does not establish sovereignty or succession."",""Existing applicability intervals: [{\""kind\"":\""interval\"",\""from\"":\""1919-07-04\"",\""until\"":\""1920-12-20\""}]""]","35c5a20cdfaf4e7e7a788fd82d4c2b997e0fe878efe2392487968b8d61b9029f",""
"entity-estonia@1938/identity","entity-estonia@1938","estonian-1938-presidential-framework","Republic of Estonia — 1938 presidential framework","1938","identity","PARTIAL","C","partially-supported","political-polity","false","[""Republic of Estonia — 1938 presidential framework""]","[]","[]","[]","{""map_identity_id"":""entity-estonia"",""aliases"":[],""historical_names"":[{""value"":""Republic of Estonia — 1938 presidential framework"",""kind"":""primary"",""validFrom"":""1938-04-07"",""validUntil"":""1939-01-01""}],""identifiers"":{}}","[""Snapshot context is not observation date or boundary date."",""Map geometry does not establish sovereignty or succession."",""Existing applicability intervals: [{\""kind\"":\""interval\"",\""from\"":\""1938-04-07\"",\""until\"":\""1939-01-01\""}]""]","35c5a20cdfaf4e7e7a788fd82d4c2b997e0fe878efe2392487968b8d61b9029f",""
"entity-guinea@1945/identity","entity-guinea@1945","","Guinea","1945","identity","MISSING","C","completely-empty","dependent-administration","true","[]","[]","[]","[]","{""map_identity_id"":""entity-guinea"",""aliases"":[],""historical_names"":[],""identifiers"":{}}","[""Snapshot context is not observation date or boundary date."",""Map geometry does not establish sovereignty or succession."",""Resolve historical identity before proposing entity-specific facts."",""Existing applicability intervals: []""]","35c5a20cdfaf4e7e7a788fd82d4c2b997e0fe878efe2392487968b8d61b9029f",""
"entity-hanover@1800/identity","entity-hanover@1800","","Hanover","1800","identity","MISSING","C","completely-empty","political-polity","true","[]","[]","[]","[]","{""map_identity_id"":""entity-hanover"",""aliases"":[],""historical_names"":[],""identifiers"":{}}","[""Snapshot context is not observation date or boundary date."",""Map geometry does not establish sovereignty or succession."",""Resolve historical identity before proposing entity-specific facts."",""Existing applicability intervals: []""]","35c5a20cdfaf4e7e7a788fd82d4c2b997e0fe878efe2392487968b8d61b9029f",""
"entity-mecklenburg-schwerin@1800/identity","entity-mecklenburg-schwerin@1800","","Mecklenburg-Schwerin","1800","identity","MISSING","C","completely-empty","political-polity","true","[]","[]","[]","[]","{""map_identity_id"":""entity-mecklenburg-schwerin"",""aliases"":[],""historical_names"":[],""identifiers"":{}}","[""Snapshot context is not observation date or boundary date."",""Map geometry does not establish sovereignty or succession."",""Resolve historical identity before proposing entity-specific facts."",""Existing applicability intervals: []""]","35c5a20cdfaf4e7e7a788fd82d4c2b997e0fe878efe2392487968b8d61b9029f",""
"entity-baden@1800/identity","entity-baden@1800","","Baden","1800","identity","MISSING","C","completely-empty","political-polity","true","[]","[]","[]","[]","{""map_identity_id"":""entity-baden"",""aliases"":[],""historical_names"":[],""identifiers"":{}}","[""Snapshot context is not observation date or boundary date."",""Map geometry does not establish sovereignty or succession."",""Resolve historical identity before proposing entity-specific facts."",""Existing applicability intervals: []""]","35c5a20cdfaf4e7e7a788fd82d4c2b997e0fe878efe2392487968b8d61b9029f",""
"entity-lucca@1800/identity","entity-lucca@1800","","Lucca","1800","identity","MISSING","C","completely-empty","political-polity","true","[]","[]","[]","[]","{""map_identity_id"":""entity-lucca"",""aliases"":[],""historical_names"":[],""identifiers"":{}}","[""Snapshot context is not observation date or boundary date."",""Map geometry does not establish sovereignty or succession."",""Resolve historical identity before proposing entity-specific facts."",""Existing applicability intervals: []""]","35c5a20cdfaf4e7e7a788fd82d4c2b997e0fe878efe2392487968b8d61b9029f",""
"entity-goa@1815/identity","entity-goa@1815","","Goa","1815","identity","MISSING","C","completely-empty","dependent-administration","true","[]","[]","[]","[]","{""map_identity_id"":""entity-goa"",""aliases"":[],""historical_names"":[],""identifiers"":{}}","[""Snapshot context is not observation date or boundary date."",""Map geometry does not establish sovereignty or succession."",""Resolve historical identity before proposing entity-specific facts."",""Existing applicability intervals: []""]","35c5a20cdfaf4e7e7a788fd82d4c2b997e0fe878efe2392487968b8d61b9029f",""
"entity-mecklenburg-strelitz@1800/identity","entity-mecklenburg-strelitz@1800","","Mecklenburg-Strelitz","1800","identity","MISSING","C","completely-empty","political-polity","true","[]","[]","[]","[]","{""map_identity_id"":""entity-mecklenburg-strelitz"",""aliases"":[],""historical_names"":[],""identifiers"":{}}","[""Snapshot context is not observation date or boundary date."",""Map geometry does not establish sovereignty or succession."",""Resolve historical identity before proposing entity-specific facts."",""Existing applicability intervals: []""]","35c5a20cdfaf4e7e7a788fd82d4c2b997e0fe878efe2392487968b8d61b9029f",""
"entity-modena@1800/identity","entity-modena@1800","","Modena","1800","identity","MISSING","C","completely-empty","political-polity","true","[]","[]","[]","[]","{""map_identity_id"":""entity-modena"",""aliases"":[],""historical_names"":[],""identifiers"":{}}","[""Snapshot context is not observation date or boundary date."",""Map geometry does not establish sovereignty or succession."",""Resolve historical identity before proposing entity-specific facts."",""Existing applicability intervals: []""]","35c5a20cdfaf4e7e7a788fd82d4c2b997e0fe878efe2392487968b8d61b9029f",""
"entity-brunswick@1800/identity","entity-brunswick@1800","","Brunswick","1800","identity","MISSING","C","completely-empty","political-polity","true","[]","[]","[]","[]","{""map_identity_id"":""entity-brunswick"",""aliases"":[],""historical_names"":[],""identifiers"":{}}","[""Snapshot context is not observation date or boundary date."",""Map geometry does not establish sovereignty or succession."",""Resolve historical identity before proposing entity-specific facts."",""Existing applicability intervals: []""]","35c5a20cdfaf4e7e7a788fd82d4c2b997e0fe878efe2392487968b8d61b9029f",""
"entity-griqualand-west@1878/identity","entity-griqualand-west@1878","b19-griqualand-attestation","Griqualand West — colonial administration attested 1878","1878","identity","PARTIAL","C","partially-supported","dependent-administration","false","[""Griqualand West — colonial administration attested 1878""]","[]","[]","[]","{""map_identity_id"":""entity-griqualand-west"",""aliases"":[],""historical_names"":[{""value"":""Griqualand West — colonial administration attested 1878"",""kind"":""primary"",""validFrom"":""1878-06-06"",""validUntil"":""1878-06-07""}],""identifiers"":{}}","[""Snapshot context is not observation date or boundary date."",""Map geometry does not establish sovereignty or succession."",""Existing applicability intervals: [{\""kind\"":\""interval\"",\""from\"":\""1878-06-06\"",\""until\"":\""1878-06-07\""}]""]","35c5a20cdfaf4e7e7a788fd82d4c2b997e0fe878efe2392487968b8d61b9029f",""
"entity-bremen@1815/identity","entity-bremen@1815","bremen-restored-republic-framework","Bremen — restored civic republic","1815","identity","PARTIAL","C","partially-supported","political-polity","false","[""Bremen — restored civic republic""]","[]","[]","[]","{""map_identity_id"":""entity-bremen"",""aliases"":[],""historical_names"":[{""value"":""Bremen — restored civic republic"",""kind"":""primary"",""validFrom"":""1815-06-08"",""validUntil"":""1818-01-01""}],""identifiers"":{}}","[""Snapshot context is not observation date or boundary date."",""Map geometry does not establish sovereignty or succession."",""Existing applicability intervals: [{\""kind\"":\""interval\"",\""from\"":\""1815-06-08\"",\""until\"":\""1818-01-01\""}]""]","35c5a20cdfaf4e7e7a788fd82d4c2b997e0fe878efe2392487968b8d61b9029f",""
"entity-tuscany@1800/identity","entity-tuscany@1800","","Tuscany","1800","identity","MISSING","C","completely-empty","political-polity","true","[]","[]","[]","[]","{""map_identity_id"":""entity-tuscany"",""aliases"":[],""historical_names"":[],""identifiers"":{}}","[""Snapshot context is not observation date or boundary date."",""Map geometry does not establish sovereignty or succession."",""Resolve historical identity before proposing entity-specific facts."",""Existing applicability intervals: []""]","35c5a20cdfaf4e7e7a788fd82d4c2b997e0fe878efe2392487968b8d61b9029f",""
"entity-oldenburg@1800/identity","entity-oldenburg@1800","","Oldenburg","1800","identity","MISSING","C","completely-empty","political-polity","true","[]","[]","[]","[]","{""map_identity_id"":""entity-oldenburg"",""aliases"":[],""historical_names"":[],""identifiers"":{}}","[""Snapshot context is not observation date or boundary date."",""Map geometry does not establish sovereignty or succession."",""Resolve historical identity before proposing entity-specific facts."",""Existing applicability intervals: []""]","35c5a20cdfaf4e7e7a788fd82d4c2b997e0fe878efe2392487968b8d61b9029f",""
"entity-lippe-detmold@1800/identity","entity-lippe-detmold@1800","","Lippe-Detmold","1800","identity","MISSING","C","completely-empty","political-polity","true","[]","[]","[]","[]","{""map_identity_id"":""entity-lippe-detmold"",""aliases"":[],""historical_names"":[],""identifiers"":{}}","[""Snapshot context is not observation date or boundary date."",""Map geometry does not establish sovereignty or succession."",""Resolve historical identity before proposing entity-specific facts."",""Existing applicability intervals: []""]","35c5a20cdfaf4e7e7a788fd82d4c2b997e0fe878efe2392487968b8d61b9029f",""
"entity-waldeck@1800/identity","entity-waldeck@1800","","Waldeck","1800","identity","MISSING","C","completely-empty","political-polity","true","[]","[]","[]","[]","{""map_identity_id"":""entity-waldeck"",""aliases"":[],""historical_names"":[],""identifiers"":{}}","[""Snapshot context is not observation date or boundary date."",""Map geometry does not establish sovereignty or succession."",""Resolve historical identity before proposing entity-specific facts."",""Existing applicability intervals: []""]","35c5a20cdfaf4e7e7a788fd82d4c2b997e0fe878efe2392487968b8d61b9029f",""
"entity-schaumburg-lippe@1800/identity","entity-schaumburg-lippe@1800","","Schaumburg-Lippe","1800","identity","MISSING","C","completely-empty","political-polity","true","[]","[]","[]","[]","{""map_identity_id"":""entity-schaumburg-lippe"",""aliases"":[],""historical_names"":[],""identifiers"":{}}","[""Snapshot context is not observation date or boundary date."",""Map geometry does not establish sovereignty or succession."",""Resolve historical identity before proposing entity-specific facts."",""Existing applicability intervals: []""]","35c5a20cdfaf4e7e7a788fd82d4c2b997e0fe878efe2392487968b8d61b9029f",""
"entity-first-samori-empire@1900/identity","entity-first-samori-empire@1900","","First Samori Empire","1900","identity","MISSING","C","completely-empty","political-polity","true","[]","[]","[]","[]","{""map_identity_id"":""entity-first-samori-empire"",""aliases"":[],""historical_names"":[],""identifiers"":{}}","[""Snapshot context is not observation date or boundary date."",""Map geometry does not establish sovereignty or succession."",""Resolve historical identity before proposing entity-specific facts."",""Existing applicability intervals: []""]","35c5a20cdfaf4e7e7a788fd82d4c2b997e0fe878efe2392487968b8d61b9029f",""
"entity-second-samori-empire@1900/identity","entity-second-samori-empire@1900","","Second Samori Empire","1900","identity","MISSING","C","completely-empty","political-polity","true","[]","[]","[]","[]","{""map_identity_id"":""entity-second-samori-empire"",""aliases"":[],""historical_names"":[],""identifiers"":{}}","[""Snapshot context is not observation date or boundary date."",""Map geometry does not establish sovereignty or succession."",""Resolve historical identity before proposing entity-specific facts."",""Existing applicability intervals: []""]","35c5a20cdfaf4e7e7a788fd82d4c2b997e0fe878efe2392487968b8d61b9029f",""
"entity-southern-cameroon@1945/identity","entity-southern-cameroon@1945","","Southern Cameroon","1945","identity","MISSING","C","completely-empty","dependent-administration","true","[]","[]","[]","[]","{""map_identity_id"":""entity-southern-cameroon"",""aliases"":[],""historical_names"":[],""identifiers"":{}}","[""Snapshot context is not observation date or boundary date."",""Map geometry does not establish sovereignty or succession."",""Resolve historical identity before proposing entity-specific facts."",""Existing applicability intervals: []""]","35c5a20cdfaf4e7e7a788fd82d4c2b997e0fe878efe2392487968b8d61b9029f",""
"entity-guinea-bissau-portugal@1945/identity","entity-guinea-bissau-portugal@1945","b16-portuguese-guinea-1945","Portuguese Guinea — Sarmento Rodrigues administration","1945","identity","PARTIAL","C","partially-supported","dependent-administration","false","[""Portuguese Guinea — Sarmento Rodrigues administration""]","[]","[]","[]","{""map_identity_id"":""entity-guinea-bissau-portugal"",""aliases"":[],""historical_names"":[{""value"":""Portuguese Guinea — Sarmento Rodrigues administration"",""kind"":""primary"",""validFrom"":""1945-06-01"",""validUntil"":""1949-01-01""}],""identifiers"":{}}","[""Snapshot context is not observation date or boundary date."",""Map geometry does not establish sovereignty or succession."",""Existing applicability intervals: [{\""kind\"":\""interval\"",\""from\"":\""1945-06-01\"",\""until\"":\""1949-01-01\""}]""]","35c5a20cdfaf4e7e7a788fd82d4c2b997e0fe878efe2392487968b8d61b9029f",""
"entity-republic-of-krakow@1815/identity","entity-republic-of-krakow@1815","krakow-free-city-framework","Free City of Krakow","1815","identity","PARTIAL","C","partially-supported","political-polity","false","[""Free City of Krakow""]","[]","[]","[]","{""map_identity_id"":""entity-republic-of-krakow"",""aliases"":[],""historical_names"":[{""value"":""Free City of Krakow"",""kind"":""primary"",""validFrom"":""1815"",""validUntil"":""1818-01-01""}],""identifiers"":{}}","[""Snapshot context is not observation date or boundary date."",""Map geometry does not establish sovereignty or succession."",""Existing applicability intervals: [{\""kind\"":\""interval\"",\""from\"":\""1815\"",\""until\"":\""1818-01-01\""}]""]","35c5a20cdfaf4e7e7a788fd82d4c2b997e0fe878efe2392487968b8d61b9029f",""
