"cell_id","occurrence_id","atlas_entity_id","atlas_display_name","snapshot_year","dossier_category","current_status","research_priority","mapping_status","eligibility_classification","identity_review_required","current_values","observation_dates","territorial_scopes","held_reasons","known_aliases_identifiers","notes","production_fingerprint","proposals_json"
"entity-new-south-wales@1815/leadership","entity-new-south-wales@1815","nsw-1815-governor-core","New South Wales — gubernatorial colony in 1815","1815","leadership","MISSING","A","partially-supported","dependent-administration","false","[]","[]","[]","[]","{""map_identity_id"":""entity-new-south-wales"",""aliases"":[],""historical_names"":[{""value"":""New South Wales — gubernatorial colony in 1815"",""kind"":""primary"",""validFrom"":""1815-01-01"",""validUntil"":""1816-01-01""}],""identifiers"":{}}","[""Snapshot context is not observation date or boundary date."",""Map geometry does not establish sovereignty or succession."",""Existing applicability intervals: []""]","35c5a20cdfaf4e7e7a788fd82d4c2b997e0fe878efe2392487968b8d61b9029f",""
"entity-new-south-wales-uk@1878/leadership","entity-new-south-wales-uk@1878","nsw-responsible-colonial-core","New South Wales — self-governing British colony","1878","leadership","PARTIAL","A","partially-supported","dependent-administration","false","[""The Hon James Farnell"",""The Hon Sir Henry Parkes GCMG""]","[]","[{""id"":""nsw-responsible-colonial-core-central-office"",""description"":""Central named office of New South Wales — self-governing British colony within the reviewed historical framework; no claim of polygon-wide sovereignty."",""relationship"":""same""},{""id"":""nsw-responsible-colonial-core-central-office"",""description"":""Central named office of New South Wales — self-governing British colony within the reviewed historical framework; no claim of polygon-wide sovereignty."",""relationship"":""same""}]","[]","{""map_identity_id"":""entity-new-south-wales-uk"",""aliases"":[],""historical_names"":[{""value"":""New South Wales — self-governing British colony"",""kind"":""primary"",""validFrom"":""1878-01-01"",""validUntil"":""1901-01-01""}],""identifiers"":{}}","[""Snapshot context is not observation date or boundary date."",""Map geometry does not establish sovereignty or succession."",""Existing applicability intervals: [{\""kind\"":\""interval\"",\""from\"":\""1878-01-01\"",\""until\"":\""1878-12-20\"",\""certainty\"":\""exact\""},{\""kind\"":\""interval\"",\""from\"":\""1878-12-21\"",\""until\"":\""1883-01-04\"",\""certainty\"":\""exact\""}]""]","35c5a20cdfaf4e7e7a788fd82d4c2b997e0fe878efe2392487968b8d61b9029f",""
"entity-northern-territory-uk@1878/leadership","entity-northern-territory-uk@1878","northern-territory-sa-colonial-core","Northern Territory — South Australian administration","1878","leadership","MISSING","A","partially-supported","dependent-administration","false","[]","[]","[]","[]","{""map_identity_id"":""entity-northern-territory-uk"",""aliases"":[],""historical_names"":[{""value"":""Northern Territory — South Australian administration"",""kind"":""primary"",""validFrom"":""1878-01-01"",""validUntil"":""1901-01-01""}],""identifiers"":{}}","[""Snapshot context is not observation date or boundary date."",""Map geometry does not establish sovereignty or succession."",""Existing applicability intervals: []""]","35c5a20cdfaf4e7e7a788fd82d4c2b997e0fe878efe2392487968b8d61b9029f",""
"entity-northern-territory-uk@1880/leadership","entity-northern-territory-uk@1880","northern-territory-sa-colonial-core","Northern Territory — South Australian administration","1880","leadership","MISSING","A","partially-supported","dependent-administration","false","[]","[]","[]","[]","{""map_identity_id"":""entity-northern-territory-uk"",""aliases"":[],""historical_names"":[{""value"":""Northern Territory — South Australian administration"",""kind"":""primary"",""validFrom"":""1878-01-01"",""validUntil"":""1901-01-01""}],""identifiers"":{}}","[""Snapshot context is not observation date or boundary date."",""Map geometry does not establish sovereignty or succession."",""Existing applicability intervals: []""]","35c5a20cdfaf4e7e7a788fd82d4c2b997e0fe878efe2392487968b8d61b9029f",""
"entity-northern-territory-uk@1900/leadership","entity-northern-territory-uk@1900","northern-territory-sa-colonial-core","Northern Territory — South Australian administration","1900","leadership","MISSING","A","partially-supported","dependent-administration","false","[]","[]","[]","[]","{""map_identity_id"":""entity-northern-territory-uk"",""aliases"":[],""historical_names"":[{""value"":""Northern Territory — South Australian administration"",""kind"":""primary"",""validFrom"":""1878-01-01"",""validUntil"":""1901-01-01""}],""identifiers"":{}}","[""Snapshot context is not observation date or boundary date."",""Map geometry does not establish sovereignty or succession."",""Existing applicability intervals: []""]","35c5a20cdfaf4e7e7a788fd82d4c2b997e0fe878efe2392487968b8d61b9029f",""
"entity-south-australia-uk@1878/leadership","entity-south-australia-uk@1878","south-australia-responsible-colonial-core","South Australia — responsible colonial government","1878","leadership","MISSING","A","partially-supported","dependent-administration","false","[]","[]","[]","[]","{""map_identity_id"":""entity-south-australia-uk"",""aliases"":[],""historical_names"":[{""value"":""South Australia — responsible colonial government"",""kind"":""primary"",""validFrom"":""1878-01-01"",""validUntil"":""1901-01-01""}],""identifiers"":{}}","[""Snapshot context is not observation date or boundary date."",""Map geometry does not establish sovereignty or succession."",""Existing applicability intervals: []""]","35c5a20cdfaf4e7e7a788fd82d4c2b997e0fe878efe2392487968b8d61b9029f",""
"entity-south-australia-uk@1880/leadership","entity-south-australia-uk@1880","south-australia-responsible-colonial-core","South Australia — responsible colonial government","1880","leadership","MISSING","A","partially-supported","dependent-administration","false","[]","[]","[]","[]","{""map_identity_id"":""entity-south-australia-uk"",""aliases"":[],""historical_names"":[{""value"":""South Australia — responsible colonial government"",""kind"":""primary"",""validFrom"":""1878-01-01"",""validUntil"":""1901-01-01""}],""identifiers"":{}}","[""Snapshot context is not observation date or boundary date."",""Map geometry does not establish sovereignty or succession."",""Existing applicability intervals: []""]","35c5a20cdfaf4e7e7a788fd82d4c2b997e0fe878efe2392487968b8d61b9029f",""
"entity-south-australia-uk@1900/leadership","entity-south-australia-uk@1900","south-australia-responsible-colonial-core","South Australia — responsible colonial government","1900","leadership","MISSING","A","partially-supported","dependent-administration","false","[]","[]","[]","[]","{""map_identity_id"":""entity-south-australia-uk"",""aliases"":[],""historical_names"":[{""value"":""South Australia — responsible colonial government"",""kind"":""primary"",""validFrom"":""1878-01-01"",""validUntil"":""1901-01-01""}],""identifiers"":{}}","[""Snapshot context is not observation date or boundary date."",""Map geometry does not establish sovereignty or succession."",""Existing applicability intervals: []""]","35c5a20cdfaf4e7e7a788fd82d4c2b997e0fe878efe2392487968b8d61b9029f",""
"entity-victoria-uk@1880/leadership","entity-victoria-uk@1880","victoria-bicameral-colonial-core","Victoria — parliamentary British colony","1880","leadership","PARTIAL","A","partially-supported","dependent-administration","false","[""Graham Berry"",""James Service"",""Graham Berry""]","[]","[{""id"":""victoria-bicameral-colonial-core-central-office"",""description"":""Central named office of Victoria — parliamentary British colony within the reviewed historical framework; no claim of polygon-wide sovereignty."",""relationship"":""same""},{""id"":""victoria-bicameral-colonial-core-central-office"",""description"":""Central named office of Victoria — parliamentary British colony within the reviewed historical framework; no claim of polygon-wide sovereignty."",""relationship"":""same""},{""id"":""victoria-bicameral-colonial-core-central-office"",""description"":""Central named office of Victoria — parliamentary British colony within the reviewed historical framework; no claim of polygon-wide sovereignty."",""relationship"":""same""}]","[]","{""map_identity_id"":""entity-victoria-uk"",""aliases"":[],""historical_names"":[{""value"":""Victoria — parliamentary British colony"",""kind"":""primary"",""validFrom"":""1878-01-01"",""validUntil"":""1901-01-01""}],""identifiers"":{}}","[""Snapshot context is not observation date or boundary date."",""Map geometry does not establish sovereignty or succession."",""Existing applicability intervals: [{\""kind\"":\""interval\"",\""from\"":\""1878-01-01\"",\""until\"":\""1880-03-05\"",\""certainty\"":\""exact\""},{\""kind\"":\""interval\"",\""from\"":\""1880-05-05\"",\""until\"":\""1880-08-03\"",\""certainty\"":\""exact\""},{\""kind\"":\""interval\"",\""from\"":\""1880-08-03\"",\""until\"":\""1881-07-09\"",\""certainty\"":\""exact\""}]""]","35c5a20cdfaf4e7e7a788fd82d4c2b997e0fe878efe2392487968b8d61b9029f",""
"entity-western-australia-uk@1878/leadership","entity-western-australia-uk@1878","wa-preresponsible-colonial-core","Western Australia — representative colonial government around 1880","1878","leadership","MISSING","A","partially-supported","dependent-administration","false","[]","[]","[]","[]","{""map_identity_id"":""entity-western-australia-uk"",""aliases"":[],""historical_names"":[{""value"":""Western Australia — representative colonial government around 1880"",""kind"":""primary"",""validFrom"":""1878-01-01"",""validUntil"":""1881-01-01""}],""identifiers"":{}}","[""Snapshot context is not observation date or boundary date."",""Map geometry does not establish sovereignty or succession."",""Existing applicability intervals: []""]","35c5a20cdfaf4e7e7a788fd82d4c2b997e0fe878efe2392487968b8d61b9029f",""
"entity-western-australia-uk@1880/leadership","entity-western-australia-uk@1880","wa-preresponsible-colonial-core","Western Australia — representative colonial government around 1880","1880","leadership","MISSING","A","partially-supported","dependent-administration","false","[]","[]","[]","[]","{""map_identity_id"":""entity-western-australia-uk"",""aliases"":[],""historical_names"":[{""value"":""Western Australia — representative colonial government around 1880"",""kind"":""primary"",""validFrom"":""1878-01-01"",""validUntil"":""1881-01-01""}],""identifiers"":{}}","[""Snapshot context is not observation date or boundary date."",""Map geometry does not establish sovereignty or succession."",""Existing applicability intervals: []""]","35c5a20cdfaf4e7e7a788fd82d4c2b997e0fe878efe2392487968b8d61b9029f",""
"entity-western-australia-uk@1900/leadership","entity-western-australia-uk@1900","wa-responsible-1900-core","Western Australia — responsible colonial government in 1900","1900","leadership","MISSING","A","partially-supported","dependent-administration","false","[]","[]","[]","[]","{""map_identity_id"":""entity-western-australia-uk"",""aliases"":[],""historical_names"":[{""value"":""Western Australia — responsible colonial government in 1900"",""kind"":""primary"",""validFrom"":""1900-01-01"",""validUntil"":""1901-01-01""}],""identifiers"":{}}","[""Snapshot context is not observation date or boundary date."",""Map geometry does not establish sovereignty or succession."",""Existing applicability intervals: []""]","35c5a20cdfaf4e7e7a788fd82d4c2b997e0fe878efe2392487968b8d61b9029f",""
"entity-british-raj@1880/leadership","entity-british-raj@1880","british-raj","British Raj","1880","leadership","MISSING","A","partially-supported","dependent-administration","false","[]","[]","[]","[]","{""map_identity_id"":""entity-british-raj"",""aliases"":[{""value"":""British India"",""validFrom"":""1858"",""validUntil"":""1947"",""sourceIds"":[""raj-parliament""],""confidence"":""documented""}],""historical_names"":[{""value"":""British Raj"",""kind"":""primary"",""validFrom"":""1858"",""validUntil"":""1947""},{""value"":""British India"",""kind"":""alternate"",""validFrom"":""1858"",""validUntil"":""1947""}],""identifiers"":{}}","[""Snapshot context is not observation date or boundary date."",""Map geometry does not establish sovereignty or succession."",""Existing applicability intervals: []""]","35c5a20cdfaf4e7e7a788fd82d4c2b997e0fe878efe2392487968b8d61b9029f",""
"entity-british-raj@1900/leadership","entity-british-raj@1900","british-raj","British Raj","1900","leadership","MISSING","A","partially-supported","dependent-administration","false","[]","[]","[]","[]","{""map_identity_id"":""entity-british-raj"",""aliases"":[{""value"":""British India"",""validFrom"":""1858"",""validUntil"":""1947"",""sourceIds"":[""raj-parliament""],""confidence"":""documented""}],""historical_names"":[{""value"":""British Raj"",""kind"":""primary"",""validFrom"":""1858"",""validUntil"":""1947""},{""value"":""British India"",""kind"":""alternate"",""validFrom"":""1858"",""validUntil"":""1947""}],""identifiers"":{}}","[""Snapshot context is not observation date or boundary date."",""Map geometry does not establish sovereignty or succession."",""Existing applicability intervals: []""]","35c5a20cdfaf4e7e7a788fd82d4c2b997e0fe878efe2392487968b8d61b9029f",""
"entity-british-raj@1920/leadership","entity-british-raj@1920","british-raj","British Raj","1920","leadership","MISSING","A","partially-supported","dependent-administration","false","[]","[]","[]","[]","{""map_identity_id"":""entity-british-raj"",""aliases"":[{""value"":""British India"",""validFrom"":""1858"",""validUntil"":""1947"",""sourceIds"":[""raj-parliament""],""confidence"":""documented""}],""historical_names"":[{""value"":""British Raj"",""kind"":""primary"",""validFrom"":""1858"",""validUntil"":""1947""},{""value"":""British India"",""kind"":""alternate"",""validFrom"":""1858"",""validUntil"":""1947""}],""identifiers"":{}}","[""Snapshot context is not observation date or boundary date."",""Map geometry does not establish sovereignty or succession."",""Existing applicability intervals: []""]","35c5a20cdfaf4e7e7a788fd82d4c2b997e0fe878efe2392487968b8d61b9029f",""
"entity-india@1938/leadership","entity-india@1938","","India","1938","leadership","MISSING","A","held-ambiguous","political-polity","true","[]","[]","[]","[]","{""map_identity_id"":""entity-india"",""aliases"":[],""historical_names"":[],""identifiers"":{}}","[""Snapshot context is not observation date or boundary date."",""Map geometry does not establish sovereignty or succession."",""Resolve historical identity before proposing entity-specific facts."",""Existing applicability intervals: []""]","35c5a20cdfaf4e7e7a788fd82d4c2b997e0fe878efe2392487968b8d61b9029f",""
"entity-madras@1800/leadership","entity-madras@1800","madras-company-1800-framework","Madras — Company presidency government","1800","leadership","MISSING","A","partially-supported","dependent-administration","false","[]","[]","[]","[]","{""map_identity_id"":""entity-madras"",""aliases"":[],""historical_names"":[{""value"":""Madras — Company presidency government"",""kind"":""primary"",""validFrom"":""1800-01-22"",""validUntil"":""1801-01-01""}],""identifiers"":{}}","[""Snapshot context is not observation date or boundary date."",""Map geometry does not establish sovereignty or succession."",""Existing applicability intervals: []""]","35c5a20cdfaf4e7e7a788fd82d4c2b997e0fe878efe2392487968b8d61b9029f",""
"entity-maratha-confederacy@1800/leadership","entity-maratha-confederacy@1800","","Maratha Confederacy","1800","leadership","MISSING","A","held-ambiguous","political-polity","true","[]","[]","[]","[]","{""map_identity_id"":""entity-maratha-confederacy"",""aliases"":[],""historical_names"":[],""identifiers"":{}}","[""Snapshot context is not observation date or boundary date."",""Map geometry does not establish sovereignty or succession."",""Resolve historical identity before proposing entity-specific facts."",""Existing applicability intervals: []""]","35c5a20cdfaf4e7e7a788fd82d4c2b997e0fe878efe2392487968b8d61b9029f",""
"entity-maratha-confederacy@1815/leadership","entity-maratha-confederacy@1815","","Maratha Confederacy","1815","leadership","MISSING","A","held-ambiguous","political-polity","true","[]","[]","[]","[]","{""map_identity_id"":""entity-maratha-confederacy"",""aliases"":[],""historical_names"":[],""identifiers"":{}}","[""Snapshot context is not observation date or boundary date."",""Map geometry does not establish sovereignty or succession."",""Resolve historical identity before proposing entity-specific facts."",""Existing applicability intervals: []""]","35c5a20cdfaf4e7e7a788fd82d4c2b997e0fe878efe2392487968b8d61b9029f",""
"entity-oudh@1815/leadership","entity-oudh@1815","","Oudh","1815","leadership","MISSING","A","completely-empty","political-polity","true","[]","[]","[]","[]","{""map_identity_id"":""entity-oudh"",""aliases"":[],""historical_names"":[],""identifiers"":{}}","[""Snapshot context is not observation date or boundary date."",""Map geometry does not establish sovereignty or succession."",""Resolve historical identity before proposing entity-specific facts."",""Existing applicability intervals: []""]","35c5a20cdfaf4e7e7a788fd82d4c2b997e0fe878efe2392487968b8d61b9029f",""
"entity-sindh@1800/leadership","entity-sindh@1800","","Sindh","1800","leadership","MISSING","A","held-ambiguous","political-polity","true","[]","[]","[]","[]","{""map_identity_id"":""entity-sindh"",""aliases"":[],""historical_names"":[],""identifiers"":{}}","[""Snapshot context is not observation date or boundary date."",""Map geometry does not establish sovereignty or succession."",""Resolve historical identity before proposing entity-specific facts."",""Existing applicability intervals: []""]","35c5a20cdfaf4e7e7a788fd82d4c2b997e0fe878efe2392487968b8d61b9029f",""
"entity-cape-colony@1800/leadership","entity-cape-colony@1800","","Cape Colony","1800","leadership","MISSING","A","completely-empty","dependent-administration","true","[]","[]","[]","[]","{""map_identity_id"":""entity-cape-colony"",""aliases"":[],""historical_names"":[],""identifiers"":{}}","[""Snapshot context is not observation date or boundary date."",""Map geometry does not establish sovereignty or succession."",""Resolve historical identity before proposing entity-specific facts."",""Existing applicability intervals: []""]","35c5a20cdfaf4e7e7a788fd82d4c2b997e0fe878efe2392487968b8d61b9029f",""
"entity-cape-colony@1815/leadership","entity-cape-colony@1815","","Cape Colony","1815","leadership","MISSING","A","completely-empty","dependent-administration","true","[]","[]","[]","[]","{""map_identity_id"":""entity-cape-colony"",""aliases"":[],""historical_names"":[],""identifiers"":{}}","[""Snapshot context is not observation date or boundary date."",""Map geometry does not establish sovereignty or succession."",""Resolve historical identity before proposing entity-specific facts."",""Existing applicability intervals: []""]","35c5a20cdfaf4e7e7a788fd82d4c2b997e0fe878efe2392487968b8d61b9029f",""
"entity-cape-colony@1878/leadership","entity-cape-colony@1878","b19-cape-responsible","Cape Colony — responsible government","1878","leadership","PARTIAL","A","partially-supported","dependent-administration","false","[""John Gordon Sprigg""]","[]","[]","[]","{""map_identity_id"":""entity-cape-colony"",""aliases"":[],""historical_names"":[{""value"":""Cape Colony — responsible government"",""kind"":""primary"",""validFrom"":""1873-01-01"",""validUntil"":""1910-05-31""}],""identifiers"":{}}","[""Snapshot context is not observation date or boundary date."",""Map geometry does not establish sovereignty or succession."",""Existing applicability intervals: [{\""kind\"":\""interval\"",\""from\"":\""1878-02-06\"",\""until\"":\""1881-05-09\""}]""]","35c5a20cdfaf4e7e7a788fd82d4c2b997e0fe878efe2392487968b8d61b9029f",""
"entity-cape-colony@1900/leadership","entity-cape-colony@1900","b19-cape-responsible","Cape Colony — responsible government","1900","leadership","PARTIAL","A","partially-supported","dependent-administration","false","[""William Philip Schreiner""]","[]","[]","[]","{""map_identity_id"":""entity-cape-colony"",""aliases"":[],""historical_names"":[{""value"":""Cape Colony — responsible government"",""kind"":""primary"",""validFrom"":""1873-01-01"",""validUntil"":""1910-05-31""}],""identifiers"":{}}","[""Snapshot context is not observation date or boundary date."",""Map geometry does not establish sovereignty or succession."",""Existing applicability intervals: [{\""kind\"":\""interval\"",\""from\"":\""1898-10-13\"",\""until\"":\""1900-06-18\""}]""]","35c5a20cdfaf4e7e7a788fd82d4c2b997e0fe878efe2392487968b8d61b9029f",""
"entity-orange-free-state@1900/leadership","entity-orange-free-state@1900","b20-orange-river-war-annexation","Orange River Colony — contested British militarygovernment","1900","leadership","MISSING","A","partially-supported","political-polity","false","[]","[]","[]","[]","{""map_identity_id"":""entity-orange-free-state"",""aliases"":[],""historical_names"":[{""value"":""Orange River Colony — contested British militarygovernment"",""kind"":""primary"",""validFrom"":""1900-12-12"",""validUntil"":""1900-12-13""}],""identifiers"":{}}","[""Snapshot context is not observation date or boundary date."",""Map geometry does not establish sovereignty or succession."",""Existing applicability intervals: []""]","35c5a20cdfaf4e7e7a788fd82d4c2b997e0fe878efe2392487968b8d61b9029f",""
"entity-transvaal@1878/leadership","entity-transvaal@1878","b20-transvaal-first-annexation","Transvaal — first British annexation administration","1878","leadership","MISSING","A","partially-supported","political-polity","false","[]","[]","[]","[]","{""map_identity_id"":""entity-transvaal"",""aliases"":[],""historical_names"":[{""value"":""Transvaal — first British annexation administration"",""kind"":""primary"",""validFrom"":""1878-01-01"",""validUntil"":""1880-01-01""},{""value"":""Transvaal — British colonial administration"",""kind"":""primary"",""validFrom"":""1880-08-31"",""validUntil"":""1880-09-01""}],""identifiers"":{}}","[""Snapshot context is not observation date or boundary date."",""Map geometry does not establish sovereignty or succession."",""Existing applicability intervals: []""]","35c5a20cdfaf4e7e7a788fd82d4c2b997e0fe878efe2392487968b8d61b9029f",""
"entity-transvaal@1880/leadership","entity-transvaal@1880","b20-transvaal-first-annexation","Transvaal — British colonial administration","1880","leadership","MISSING","A","partially-supported","political-polity","false","[]","[]","[]","[]","{""map_identity_id"":""entity-transvaal"",""aliases"":[],""historical_names"":[{""value"":""Transvaal — first British annexation administration"",""kind"":""primary"",""validFrom"":""1878-01-01"",""validUntil"":""1880-01-01""},{""value"":""Transvaal — British colonial administration"",""kind"":""primary"",""validFrom"":""1880-08-31"",""validUntil"":""1880-09-01""}],""identifiers"":{}}","[""Snapshot context is not observation date or boundary date."",""Map geometry does not establish sovereignty or succession."",""Existing applicability intervals: []""]","35c5a20cdfaf4e7e7a788fd82d4c2b997e0fe878efe2392487968b8d61b9029f",""
"entity-transvaal@1900/leadership","entity-transvaal@1900","b20-transvaal-war-annexation","Transvaal — contested British militarygovernment","1900","leadership","MISSING","A","partially-supported","political-polity","false","[]","[]","[]","[]","{""map_identity_id"":""entity-transvaal"",""aliases"":[],""historical_names"":[{""value"":""Transvaal — contested British militarygovernment"",""kind"":""primary"",""validFrom"":""1900-12-12"",""validUntil"":""1900-12-13""}],""identifiers"":{}}","[""Snapshot context is not observation date or boundary date."",""Map geometry does not establish sovereignty or succession."",""Existing applicability intervals: []""]","35c5a20cdfaf4e7e7a788fd82d4c2b997e0fe878efe2392487968b8d61b9029f",""
"entity-union-of-south-africa@1920/leadership","entity-union-of-south-africa@1920","b19-south-africa-early-union","Union of South Africa — early dominion","1920","leadership","PARTIAL","A","partially-supported","political-polity","false","[""Jan Smuts""]","[]","[""Historical central office associated with this framework; not proof of uniform authority over map geometry""]","[]","{""map_identity_id"":""entity-union-of-south-africa"",""aliases"":[],""historical_names"":[{""value"":""Union of South Africa — early dominion"",""kind"":""primary"",""validFrom"":""1911-01-01"",""validUntil"":""1931-01-01""}],""identifiers"":{}}","[""Snapshot context is not observation date or boundary date."",""Map geometry does not establish sovereignty or succession."",""Existing applicability intervals: [{\""kind\"":\""interval\"",\""from\"":\""1920\"",\""until\"":\""1923\""}]""]","35c5a20cdfaf4e7e7a788fd82d4c2b997e0fe878efe2392487968b8d61b9029f",""
"entity-union-of-south-africa@1930/leadership","entity-union-of-south-africa@1930","b19-south-africa-early-union","Union of South Africa — early dominion","1930","leadership","PARTIAL","A","partially-supported","political-polity","false","[""J. B. M. Hertzog""]","[]","[""Historical central office associated with this framework; not proof of uniform authority over map geometry""]","[]","{""map_identity_id"":""entity-union-of-south-africa"",""aliases"":[],""historical_names"":[{""value"":""Union of South Africa — early dominion"",""kind"":""primary"",""validFrom"":""1911-01-01"",""validUntil"":""1931-01-01""}],""identifiers"":{}}","[""Snapshot context is not observation date or boundary date."",""Map geometry does not establish sovereignty or succession."",""Existing applicability intervals: [{\""kind\"":\""interval\"",\""from\"":\""1925\"",\""until\"":\""1930\""}]""]","35c5a20cdfaf4e7e7a788fd82d4c2b997e0fe878efe2392487968b8d61b9029f",""
"entity-acadian-peninsula-uk@1800/leadership","entity-acadian-peninsula-uk@1800","","Acadian Peninsula (UK)","1800","leadership","MISSING","A","held-ambiguous","dependent-administration","true","[]","[]","[]","[]","{""map_identity_id"":""entity-acadian-peninsula-uk"",""aliases"":[],""historical_names"":[],""identifiers"":{}}","[""Snapshot context is not observation date or boundary date."",""Map geometry does not establish sovereignty or succession."",""Resolve historical identity before proposing entity-specific facts."",""Existing applicability intervals: []""]","35c5a20cdfaf4e7e7a788fd82d4c2b997e0fe878efe2392487968b8d61b9029f",""
"entity-canada@1815/leadership","entity-canada@1815","","Canada","1815","leadership","MISSING","A","held-ambiguous","political-polity","true","[]","[]","[]","[]","{""map_identity_id"":""entity-canada"",""aliases"":[],""historical_names"":[],""identifiers"":{}}","[""Snapshot context is not observation date or boundary date."",""Map geometry does not establish sovereignty or succession."",""Resolve historical identity before proposing entity-specific facts."",""Existing applicability intervals: []""]","35c5a20cdfaf4e7e7a788fd82d4c2b997e0fe878efe2392487968b8d61b9029f",""
"entity-canada@1878/leadership","entity-canada@1878","canada-1867-federal-framework","Canada — Dominion under the 1867 Act","1878","leadership","PARTIAL","A","partially-supported","political-polity","false","[""Alexander Mackenzie"",""John A. Macdonald""]","[]","[""Federal Prime Minister office; no claim of provincial or Indigenous territorial government."",""Federal Prime Minister office; no claim of provincial or Indigenous territorial government.""]","[]","{""map_identity_id"":""entity-canada"",""aliases"":[],""historical_names"":[{""value"":""Canada — Dominion under the 1867 Act"",""kind"":""primary"",""validFrom"":""1867-07-01"",""validUntil"":""1931-12-11""}],""identifiers"":{}}","[""Snapshot context is not observation date or boundary date."",""Map geometry does not establish sovereignty or succession."",""Existing applicability intervals: [{\""kind\"":\""interval\"",\""from\"":\""1873-11-07\"",\""until\"":\""1878-10-08\""},{\""kind\"":\""interval\"",\""from\"":\""1878-10-17\"",\""until\"":\""1891-06-06\""}]""]","35c5a20cdfaf4e7e7a788fd82d4c2b997e0fe878efe2392487968b8d61b9029f",""
"entity-dominion-of-newfoundland@1920/leadership","entity-dominion-of-newfoundland@1920","newfoundland-responsible-dominion-framework","Newfoundland — responsible-government Dominion","1920","leadership","MISSING","A","partially-supported","dependent-administration","false","[]","[]","[]","[]","{""map_identity_id"":""entity-dominion-of-newfoundland"",""aliases"":[],""historical_names"":[{""value"":""Newfoundland — responsible-government Dominion"",""kind"":""primary"",""validFrom"":""1908-01-01"",""validUntil"":""1934-02-16""}],""identifiers"":{}}","[""Snapshot context is not observation date or boundary date."",""Map geometry does not establish sovereignty or succession."",""Existing applicability intervals: []""]","35c5a20cdfaf4e7e7a788fd82d4c2b997e0fe878efe2392487968b8d61b9029f",""
"entity-dominion-of-newfoundland@1930/leadership","entity-dominion-of-newfoundland@1930","newfoundland-responsible-dominion-framework","Newfoundland — responsible-government Dominion","1930","leadership","MISSING","A","partially-supported","dependent-administration","false","[]","[]","[]","[]","{""map_identity_id"":""entity-dominion-of-newfoundland"",""aliases"":[],""historical_names"":[{""value"":""Newfoundland — responsible-government Dominion"",""kind"":""primary"",""validFrom"":""1908-01-01"",""validUntil"":""1934-02-16""}],""identifiers"":{}}","[""Snapshot context is not observation date or boundary date."",""Map geometry does not establish sovereignty or succession."",""Existing applicability intervals: []""]","35c5a20cdfaf4e7e7a788fd82d4c2b997e0fe878efe2392487968b8d61b9029f",""
"entity-dominion-of-newfoundland@1938/leadership","entity-dominion-of-newfoundland@1938","newfoundland-commission-framework","Newfoundland — Commission of Government","1938","leadership","MISSING","A","partially-supported","dependent-administration","false","[]","[]","[]","[]","{""map_identity_id"":""entity-dominion-of-newfoundland"",""aliases"":[],""historical_names"":[{""value"":""Newfoundland — Commission of Government"",""kind"":""primary"",""validFrom"":""1934-02-16"",""validUntil"":""1949-03-31""}],""identifiers"":{}}","[""Snapshot context is not observation date or boundary date."",""Map geometry does not establish sovereignty or succession."",""Existing applicability intervals: []""]","35c5a20cdfaf4e7e7a788fd82d4c2b997e0fe878efe2392487968b8d61b9029f",""
"entity-quebec@1800/leadership","entity-quebec@1800","","Quebec","1800","leadership","MISSING","A","held-ambiguous","dependent-administration","true","[]","[]","[]","[]","{""map_identity_id"":""entity-quebec"",""aliases"":[],""historical_names"":[],""identifiers"":{}}","[""Snapshot context is not observation date or boundary date."",""Map geometry does not establish sovereignty or succession."",""Resolve historical identity before proposing entity-specific facts."",""Existing applicability intervals: []""]","35c5a20cdfaf4e7e7a788fd82d4c2b997e0fe878efe2392487968b8d61b9029f",""
"entity-rupert-s-land@1800/leadership","entity-rupert-s-land@1800","ruperts-land-chartered-framework","Rupert’s Land — Hudson’s Bay Company charter framework","1800","leadership","MISSING","A","partially-supported","dependent-administration","false","[]","[]","[]","[]","{""map_identity_id"":""entity-rupert-s-land"",""aliases"":[],""historical_names"":[{""value"":""Rupert’s Land — Hudson’s Bay Company charter framework"",""kind"":""primary"",""validFrom"":""1800-01-01"",""validUntil"":""1801-01-01""}],""identifiers"":{}}","[""Snapshot context is not observation date or boundary date."",""Map geometry does not establish sovereignty or succession."",""Existing applicability intervals: []""]","35c5a20cdfaf4e7e7a788fd82d4c2b997e0fe878efe2392487968b8d61b9029f",""
"entity-china@1945/leadership","entity-china@1945","china-republic-nationalist-framework","Republic of China — Nationalist government","1945","leadership","MISSING","A","partially-supported","political-polity","false","[]","[]","[]","[]","{""map_identity_id"":""entity-china"",""aliases"":[],""historical_names"":[{""value"":""Republic of China — Nationalist government"",""kind"":""primary"",""validFrom"":""1945-01-01"",""validUntil"":""1961-01-01""}],""identifiers"":{}}","[""Snapshot context is not observation date or boundary date."",""Map geometry does not establish sovereignty or succession."",""Existing applicability intervals: []""]","35c5a20cdfaf4e7e7a788fd82d4c2b997e0fe878efe2392487968b8d61b9029f",""
"entity-chinese-warlords@1920/leadership","entity-chinese-warlords@1920","chinese-composite-map-region-1920","China — Peking government and regional military authorities","1920","leadership","MISSING","A","partially-supported","composite-political-region","false","[]","[]","[]","[]","{""map_identity_id"":""entity-chinese-warlords"",""aliases"":[],""historical_names"":[{""value"":""China — Peking government and regional military authorities"",""kind"":""primary"",""validFrom"":""1920-01-01"",""validUntil"":""1921-01-01""}],""identifiers"":{}}","[""Snapshot context is not observation date or boundary date."",""Map geometry does not establish sovereignty or succession."",""Existing applicability intervals: []""]","35c5a20cdfaf4e7e7a788fd82d4c2b997e0fe878efe2392487968b8d61b9029f",""
"entity-chinese-warlords@1930/leadership","entity-chinese-warlords@1930","chinese-composite-map-region-1930","China — Nationalist government and regional military authorities","1930","leadership","MISSING","A","partially-supported","composite-political-region","false","[]","[]","[]","[]","{""map_identity_id"":""entity-chinese-warlords"",""aliases"":[],""historical_names"":[{""value"":""China — Nationalist government and regional military authorities"",""kind"":""primary"",""validFrom"":""1930-01-01"",""validUntil"":""1931-01-01""}],""identifiers"":{}}","[""Snapshot context is not observation date or boundary date."",""Map geometry does not establish sovereignty or succession."",""Existing applicability intervals: []""]","35c5a20cdfaf4e7e7a788fd82d4c2b997e0fe878efe2392487968b8d61b9029f",""
"entity-chinese-warlords@1938/leadership","entity-chinese-warlords@1938","chinese-composite-map-region-1938","China — schematic map region","1938","leadership","MISSING","A","completely-empty","composite-political-region","false","[]","[]","[]","[]","{""map_identity_id"":""entity-chinese-warlords"",""aliases"":[],""historical_names"":[{""value"":""China — schematic map region"",""kind"":""primary"",""validFrom"":""1938-01-01"",""validUntil"":""1939-01-01""}],""identifiers"":{}}","[""Snapshot context is not observation date or boundary date."",""Map geometry does not establish sovereignty or succession."",""Existing applicability intervals: []""]","35c5a20cdfaf4e7e7a788fd82d4c2b997e0fe878efe2392487968b8d61b9029f",""
"entity-manchu-empire@1914/leadership","entity-manchu-empire@1914","chinese-republic-map-region-1914","Republic of China — schematic map region","1914","leadership","MISSING","A","partially-supported","composite-political-region","false","[]","[]","[]","[]","{""map_identity_id"":""entity-manchu-empire"",""aliases"":[],""historical_names"":[{""value"":""Republic of China — schematic map region"",""kind"":""primary"",""validFrom"":""1914-01-01"",""validUntil"":""1915-01-01""}],""identifiers"":{}}","[""Snapshot context is not observation date or boundary date."",""Map geometry does not establish sovereignty or succession."",""Existing applicability intervals: []""]","35c5a20cdfaf4e7e7a788fd82d4c2b997e0fe878efe2392487968b8d61b9029f",""
"entity-taiwan@1878/leadership","entity-taiwan@1878","taiwan-qing-administration","Taiwan under Qing administration","1878","leadership","MISSING","A","partially-supported","dependent-administration","false","[]","[]","[]","[]","{""map_identity_id"":""entity-taiwan"",""aliases"":[],""historical_names"":[{""value"":""Taiwan under Qing administration"",""kind"":""primary"",""validFrom"":""1800-01-01"",""validUntil"":""1895""}],""identifiers"":{}}","[""Snapshot context is not observation date or boundary date."",""Map geometry does not establish sovereignty or succession."",""Existing applicability intervals: []""]","35c5a20cdfaf4e7e7a788fd82d4c2b997e0fe878efe2392487968b8d61b9029f",""
"entity-taiwan@1880/leadership","entity-taiwan@1880","taiwan-qing-administration","Taiwan under Qing administration","1880","leadership","MISSING","A","partially-supported","dependent-administration","false","[]","[]","[]","[]","{""map_identity_id"":""entity-taiwan"",""aliases"":[],""historical_names"":[{""value"":""Taiwan under Qing administration"",""kind"":""primary"",""validFrom"":""1800-01-01"",""validUntil"":""1895""}],""identifiers"":{}}","[""Snapshot context is not observation date or boundary date."",""Map geometry does not establish sovereignty or succession."",""Existing applicability intervals: []""]","35c5a20cdfaf4e7e7a788fd82d4c2b997e0fe878efe2392487968b8d61b9029f",""
"entity-taiwan@1945/leadership","entity-taiwan@1945","","Taiwan","1945","leadership","MISSING","A","held-ambiguous","dependent-administration","true","[]","[]","[]","[]","{""map_identity_id"":""entity-taiwan"",""aliases"":[],""historical_names"":[],""identifiers"":{}}","[""Snapshot context is not observation date or boundary date."",""Map geometry does not establish sovereignty or succession."",""Resolve historical identity before proposing entity-specific facts."",""Existing applicability intervals: []""]","35c5a20cdfaf4e7e7a788fd82d4c2b997e0fe878efe2392487968b8d61b9029f",""
"entity-italy@1878/leadership","entity-italy@1878","italy-liberal-monarchy-framework","Kingdom of Italy — liberal monarchical framework","1878","leadership","PARTIAL","A","partially-supported","political-polity","false","[""Depretis"",""Cairoli"",""Depretis""]","[]","[{""id"":""italy-liberal-monarchy-framework-central-office"",""description"":""Entity-associated effective central political leadership according to Archigos, within Kingdom of Italy — liberal monarchical framework; country coding does not establish polygon-wide authority."",""relationship"":""same""},{""id"":""italy-liberal-monarchy-framework-central-office"",""description"":""Entity-associated effective central political leadership according to Archigos, within Kingdom of Italy — liberal monarchical framework; country coding does not establish polygon-wide authority."",""relationship"":""same""},{""id"":""italy-liberal-monarchy-framework-central-office"",""description"":""Entity-associated effective central political leadership according to Archigos, within Kingdom of Italy — liberal monarchical framework; country coding does not establish polygon-wide authority."",""relationship"":""same""}]","[]","{""map_identity_id"":""entity-italy"",""aliases"":[],""historical_names"":[{""value"":""Kingdom of Italy — liberal monarchical framework"",""kind"":""primary"",""validFrom"":""1861-03-17"",""validUntil"":""1922-01-01""}],""identifiers"":{}}","[""Snapshot context is not observation date or boundary date."",""Map geometry does not establish sovereignty or succession."",""Existing applicability intervals: [{\""kind\"":\""interval\"",\""from\"":\""1876-03-25\"",\""until\"":\""1878-03-11\"",\""certainty\"":\""exact\""},{\""kind\"":\""interval\"",\""from\"":\""1878-03-23\"",\""until\"":\""1878-12-09\"",\""certainty\"":\""exact\""},{\""kind\"":\""interval\"",\""from\"":\""1878-12-18\"",\""until\"":\""1879-07-03\"",\""certainty\"":\""exact\""}]""]","35c5a20cdfaf4e7e7a788fd82d4c2b997e0fe878efe2392487968b8d61b9029f",""
"entity-italy@1900/leadership","entity-italy@1900","italy-liberal-monarchy-framework","Kingdom of Italy — liberal monarchical framework","1900","leadership","PARTIAL","A","partially-supported","political-polity","false","[""Pelloux"",""Saracco""]","[]","[{""id"":""italy-liberal-monarchy-framework-central-office"",""description"":""Entity-associated effective central political leadership according to Archigos, within Kingdom of Italy — liberal monarchical framework; country coding does not establish polygon-wide authority."",""relationship"":""same""},{""id"":""italy-liberal-monarchy-framework-central-office"",""description"":""Entity-associated effective central political leadership according to Archigos, within Kingdom of Italy — liberal monarchical framework; country coding does not establish polygon-wide authority."",""relationship"":""same""}]","[]","{""map_identity_id"":""entity-italy"",""aliases"":[],""historical_names"":[{""value"":""Kingdom of Italy — liberal monarchical framework"",""kind"":""primary"",""validFrom"":""1861-03-17"",""validUntil"":""1922-01-01""}],""identifiers"":{}}","[""Snapshot context is not observation date or boundary date."",""Map geometry does not establish sovereignty or succession."",""Existing applicability intervals: [{\""kind\"":\""interval\"",\""from\"":\""1898-06-29\"",\""until\"":\""1900-06-18\"",\""certainty\"":\""exact\""},{\""kind\"":\""interval\"",\""from\"":\""1900-06-20\"",\""until\"":\""1901-02-06\"",\""certainty\"":\""exact\""}]""]","35c5a20cdfaf4e7e7a788fd82d4c2b997e0fe878efe2392487968b8d61b9029f",""
"entity-italy@1920/leadership","entity-italy@1920","italy-liberal-monarchy-framework","Kingdom of Italy — liberal monarchical framework","1920","leadership","PARTIAL","A","partially-supported","political-polity","false","[""Nitti"",""Giolitti""]","[]","[{""id"":""italy-liberal-monarchy-framework-central-office"",""description"":""Entity-associated effective central political leadership according to Archigos, within Kingdom of Italy — liberal monarchical framework; country coding does not establish polygon-wide authority."",""relationship"":""same""},{""id"":""italy-liberal-monarchy-framework-central-office"",""description"":""Entity-associated effective central political leadership according to Archigos, within Kingdom of Italy — liberal monarchical framework; country coding does not establish polygon-wide authority."",""relationship"":""same""}]","[]","{""map_identity_id"":""entity-italy"",""aliases"":[],""historical_names"":[{""value"":""Kingdom of Italy — liberal monarchical framework"",""kind"":""primary"",""validFrom"":""1861-03-17"",""validUntil"":""1922-01-01""}],""identifiers"":{}}","[""Snapshot context is not observation date or boundary date."",""Map geometry does not establish sovereignty or succession."",""Existing applicability intervals: [{\""kind\"":\""interval\"",\""from\"":\""1919-06-23\"",\""until\"":\""1920-06-09\"",\""certainty\"":\""exact\""},{\""kind\"":\""interval\"",\""from\"":\""1920-06-16\"",\""until\"":\""1921-06-26\"",\""certainty\"":\""exact\""}]""]","35c5a20cdfaf4e7e7a788fd82d4c2b997e0fe878efe2392487968b8d61b9029f",""
"entity-italy@1945/leadership","entity-italy@1945","italy-postwar-monarchical-framework","Italy — postwar monarchical framework","1945","leadership","PARTIAL","A","partially-supported","political-polity","false","[""Vittorio Emanuele III""]","[]","[]","[]","{""map_identity_id"":""entity-italy"",""aliases"":[],""historical_names"":[{""value"":""Italy — postwar monarchical framework"",""kind"":""primary"",""validFrom"":""1945-06-01"",""validUntil"":""1946-06""}],""identifiers"":{}}","[""Snapshot context is not observation date or boundary date."",""Map geometry does not establish sovereignty or succession."",""Existing applicability intervals: [{\""kind\"":\""interval\"",\""from\"":\""1945-06-01\"",\""until\"":\""1946-05-09\""}]""]","35c5a20cdfaf4e7e7a788fd82d4c2b997e0fe878efe2392487968b8d61b9029f",""
"entity-kingdom-of-italy@1914/leadership","entity-kingdom-of-italy@1914","italy-liberal-monarchy-framework","Kingdom of Italy — liberal monarchical framework","1914","leadership","PARTIAL","A","partially-supported","political-polity","false","[""Giolitti"",""Salandra""]","[]","[{""id"":""italy-liberal-monarchy-framework-central-office"",""description"":""Entity-associated effective central political leadership according to Archigos, within Kingdom of Italy — liberal monarchical framework; country coding does not establish polygon-wide authority."",""relationship"":""same""},{""id"":""italy-liberal-monarchy-framework-central-office"",""description"":""Entity-associated effective central political leadership according to Archigos, within Kingdom of Italy — liberal monarchical framework; country coding does not establish polygon-wide authority."",""relationship"":""same""}]","[]","{""map_identity_id"":""entity-kingdom-of-italy"",""aliases"":[],""historical_names"":[{""value"":""Kingdom of Italy — liberal monarchical framework"",""kind"":""primary"",""validFrom"":""1861-03-17"",""validUntil"":""1922-01-01""}],""identifiers"":{}}","[""Snapshot context is not observation date or boundary date."",""Map geometry does not establish sovereignty or succession."",""Existing applicability intervals: [{\""kind\"":\""interval\"",\""from\"":\""1911-03-27\"",\""until\"":\""1914-03-10\"",\""certainty\"":\""exact\""},{\""kind\"":\""interval\"",\""from\"":\""1914-03-21\"",\""until\"":\""1916-06-12\"",\""certainty\"":\""exact\""}]""]","35c5a20cdfaf4e7e7a788fd82d4c2b997e0fe878efe2392487968b8d61b9029f",""
"entity-kingdom-of-sardinia@1800/leadership","entity-kingdom-of-sardinia@1800","","Kingdom of Sardinia","1800","leadership","MISSING","A","completely-empty","political-polity","true","[]","[]","[]","[]","{""map_identity_id"":""entity-kingdom-of-sardinia"",""aliases"":[],""historical_names"":[],""identifiers"":{}}","[""Snapshot context is not observation date or boundary date."",""Map geometry does not establish sovereignty or succession."",""Resolve historical identity before proposing entity-specific facts."",""Existing applicability intervals: []""]","35c5a20cdfaf4e7e7a788fd82d4c2b997e0fe878efe2392487968b8d61b9029f",""
"entity-kingdom-of-the-two-sicilies@1800/leadership","entity-kingdom-of-the-two-sicilies@1800","","Kingdom of the Two Sicilies","1800","leadership","MISSING","A","held-ambiguous","political-polity","true","[]","[]","[]","[]","{""map_identity_id"":""entity-kingdom-of-the-two-sicilies"",""aliases"":[],""historical_names"":[],""identifiers"":{}}","[""Snapshot context is not observation date or boundary date."",""Map geometry does not establish sovereignty or succession."",""Resolve historical identity before proposing entity-specific facts."",""Existing applicability intervals: []""]","35c5a20cdfaf4e7e7a788fd82d4c2b997e0fe878efe2392487968b8d61b9029f",""
"entity-kingdom-of-the-two-sicilies@1815/leadership","entity-kingdom-of-the-two-sicilies@1815","","Kingdom of the Two Sicilies","1815","leadership","MISSING","A","held-ambiguous","political-polity","true","[]","[]","[]","[]","{""map_identity_id"":""entity-kingdom-of-the-two-sicilies"",""aliases"":[],""historical_names"":[],""identifiers"":{}}","[""Snapshot context is not observation date or boundary date."",""Map geometry does not establish sovereignty or succession."",""Resolve historical identity before proposing entity-specific facts."",""Existing applicability intervals: []""]","35c5a20cdfaf4e7e7a788fd82d4c2b997e0fe878efe2392487968b8d61b9029f",""
"entity-papal-states@1800/leadership","entity-papal-states@1800","","Papal States","1800","leadership","MISSING","A","completely-empty","political-polity","true","[]","[]","[]","[]","{""map_identity_id"":""entity-papal-states"",""aliases"":[],""historical_names"":[],""identifiers"":{}}","[""Snapshot context is not observation date or boundary date."",""Map geometry does not establish sovereignty or succession."",""Resolve historical identity before proposing entity-specific facts."",""Existing applicability intervals: []""]","35c5a20cdfaf4e7e7a788fd82d4c2b997e0fe878efe2392487968b8d61b9029f",""
"entity-dutch-east-indies@1800/leadership","entity-dutch-east-indies@1800","","Dutch East Indies","1800","leadership","MISSING","A","completely-empty","dependent-administration","true","[]","[]","[]","[]","{""map_identity_id"":""entity-dutch-east-indies"",""aliases"":[],""historical_names"":[],""identifiers"":{}}","[""Snapshot context is not observation date or boundary date."",""Map geometry does not establish sovereignty or succession."",""Resolve historical identity before proposing entity-specific facts."",""Existing applicability intervals: []""]","35c5a20cdfaf4e7e7a788fd82d4c2b997e0fe878efe2392487968b8d61b9029f",""
"entity-dutch-east-indies@1815/leadership","entity-dutch-east-indies@1815","","Dutch East Indies","1815","leadership","MISSING","A","completely-empty","dependent-administration","true","[]","[]","[]","[]","{""map_identity_id"":""entity-dutch-east-indies"",""aliases"":[],""historical_names"":[],""identifiers"":{}}","[""Snapshot context is not observation date or boundary date."",""Map geometry does not establish sovereignty or succession."",""Resolve historical identity before proposing entity-specific facts."",""Existing applicability intervals: []""]","35c5a20cdfaf4e7e7a788fd82d4c2b997e0fe878efe2392487968b8d61b9029f",""
"entity-dutch-east-indies@1920/leadership","entity-dutch-east-indies@1920","b13-indies-early-volksraad","Netherlands Indies — early Volksraad framework","1920","leadership","MISSING","A","partially-supported","dependent-administration","false","[]","[]","[]","[]","{""map_identity_id"":""entity-dutch-east-indies"",""aliases"":[],""historical_names"":[{""value"":""Netherlands Indies — early Volksraad framework"",""kind"":""primary"",""validFrom"":""1919-01-01"",""validUntil"":""1925-01-01""}],""identifiers"":{}}","[""Snapshot context is not observation date or boundary date."",""Map geometry does not establish sovereignty or succession."",""Existing applicability intervals: []""]","35c5a20cdfaf4e7e7a788fd82d4c2b997e0fe878efe2392487968b8d61b9029f",""
"entity-dutch-east-indies@1930/leadership","entity-dutch-east-indies@1930","b13-indies-staatsregeling","Netherlands Indies — Staatsregeling framework","1930","leadership","MISSING","A","partially-supported","dependent-administration","false","[]","[]","[]","[]","{""map_identity_id"":""entity-dutch-east-indies"",""aliases"":[],""historical_names"":[{""value"":""Netherlands Indies — Staatsregeling framework"",""kind"":""primary"",""validFrom"":""1927-01-01"",""validUntil"":""1942-01-01""}],""identifiers"":{}}","[""Snapshot context is not observation date or boundary date."",""Map geometry does not establish sovereignty or succession."",""Existing applicability intervals: []""]","35c5a20cdfaf4e7e7a788fd82d4c2b997e0fe878efe2392487968b8d61b9029f",""
"entity-dutch-east-indies@1938/leadership","entity-dutch-east-indies@1938","b13-indies-staatsregeling","Netherlands Indies — Staatsregeling framework","1938","leadership","MISSING","A","partially-supported","dependent-administration","false","[]","[]","[]","[]","{""map_identity_id"":""entity-dutch-east-indies"",""aliases"":[],""historical_names"":[{""value"":""Netherlands Indies — Staatsregeling framework"",""kind"":""primary"",""validFrom"":""1927-01-01"",""validUntil"":""1942-01-01""}],""identifiers"":{}}","[""Snapshot context is not observation date or boundary date."",""Map geometry does not establish sovereignty or succession."",""Existing applicability intervals: []""]","35c5a20cdfaf4e7e7a788fd82d4c2b997e0fe878efe2392487968b8d61b9029f",""
"entity-indonesia@1945/leadership","entity-indonesia@1945","b13-indonesia-constitution-attestation","Republic of Indonesia — initial constitution attestation","1945","leadership","MISSING","A","partially-supported","political-polity","false","[]","[]","[]","[]","{""map_identity_id"":""entity-indonesia"",""aliases"":[],""historical_names"":[{""value"":""Republic of Indonesia — initial constitution attestation"",""kind"":""primary"",""validFrom"":""1945-08-18"",""validUntil"":""1945-08-19""}],""identifiers"":{}}","[""Snapshot context is not observation date or boundary date."",""Map geometry does not establish sovereignty or succession."",""Existing applicability intervals: []""]","35c5a20cdfaf4e7e7a788fd82d4c2b997e0fe878efe2392487968b8d61b9029f",""
"entity-netherlands-indies@1878/leadership","entity-netherlands-indies@1878","b13-indies-1854-regulation","Netherlands Indies — government regulation framework","1878","leadership","MISSING","A","partially-supported","dependent-administration","false","[]","[]","[]","[]","{""map_identity_id"":""entity-netherlands-indies"",""aliases"":[],""historical_names"":[{""value"":""Netherlands Indies — government regulation framework"",""kind"":""primary"",""validFrom"":""1856-01-01"",""validUntil"":""1918-01-01""}],""identifiers"":{}}","[""Snapshot context is not observation date or boundary date."",""Map geometry does not establish sovereignty or succession."",""Existing applicability intervals: []""]","35c5a20cdfaf4e7e7a788fd82d4c2b997e0fe878efe2392487968b8d61b9029f",""
"entity-netherlands-indies@1880/leadership","entity-netherlands-indies@1880","b13-indies-1854-regulation","Netherlands Indies — government regulation framework","1880","leadership","MISSING","A","partially-supported","dependent-administration","false","[]","[]","[]","[]","{""map_identity_id"":""entity-netherlands-indies"",""aliases"":[],""historical_names"":[{""value"":""Netherlands Indies — government regulation framework"",""kind"":""primary"",""validFrom"":""1856-01-01"",""validUntil"":""1918-01-01""}],""identifiers"":{}}","[""Snapshot context is not observation date or boundary date."",""Map geometry does not establish sovereignty or succession."",""Existing applicability intervals: []""]","35c5a20cdfaf4e7e7a788fd82d4c2b997e0fe878efe2392487968b8d61b9029f",""
"entity-netherlands-indies@1900/leadership","entity-netherlands-indies@1900","b13-indies-1854-regulation","Netherlands Indies — government regulation framework","1900","leadership","MISSING","A","partially-supported","dependent-administration","false","[]","[]","[]","[]","{""map_identity_id"":""entity-netherlands-indies"",""aliases"":[],""historical_names"":[{""value"":""Netherlands Indies — government regulation framework"",""kind"":""primary"",""validFrom"":""1856-01-01"",""validUntil"":""1918-01-01""}],""identifiers"":{}}","[""Snapshot context is not observation date or boundary date."",""Map geometry does not establish sovereignty or succession."",""Existing applicability intervals: []""]","35c5a20cdfaf4e7e7a788fd82d4c2b997e0fe878efe2392487968b8d61b9029f",""
"entity-netherlands-indies@1914/leadership","entity-netherlands-indies@1914","b13-indies-1854-regulation","Netherlands Indies — government regulation framework","1914","leadership","MISSING","A","partially-supported","dependent-administration","false","[]","[]","[]","[]","{""map_identity_id"":""entity-netherlands-indies"",""aliases"":[],""historical_names"":[{""value"":""Netherlands Indies — government regulation framework"",""kind"":""primary"",""validFrom"":""1856-01-01"",""validUntil"":""1918-01-01""}],""identifiers"":{}}","[""Snapshot context is not observation date or boundary date."",""Map geometry does not establish sovereignty or succession."",""Existing applicability intervals: []""]","35c5a20cdfaf4e7e7a788fd82d4c2b997e0fe878efe2392487968b8d61b9029f",""
"entity-austria@1920/leadership","entity-austria@1920","austria-first-republic-framework","Austria — First Republic","1920","leadership","PARTIAL","A","partially-supported","political-polity","false","[""Karl Seitz"",""Michael Hainisch""]","[]","[""Austria — First Republic; institutional office or administrative seat, not a claim of uniform sovereignty or direct control over all polygon territory."",""Austria — First Republic; institutional office or administrative seat, not a claim of uniform sovereignty or direct control over all polygon territory.""]","[]","{""map_identity_id"":""entity-austria"",""aliases"":[],""historical_names"":[{""value"":""Austria — First Republic"",""kind"":""primary"",""validFrom"":""1918-11-12"",""validUntil"":""1933-03""}],""identifiers"":{}}","[""Snapshot context is not observation date or boundary date."",""Map geometry does not establish sovereignty or succession."",""Existing applicability intervals: [{\""kind\"":\""interval\"",\""from\"":\""1919\"",\""until\"":\""1920-12-09\""},{\""kind\"":\""interval\"",\""from\"":\""1920-12-09\"",\""until\"":\""1928-12-10\""}]""]","35c5a20cdfaf4e7e7a788fd82d4c2b997e0fe878efe2392487968b8d61b9029f",""
"entity-austria@1945/leadership","entity-austria@1945","austria-second-republic-framework","Austria — Second Republic","1945","leadership","MISSING","A","partially-supported","political-polity","false","[]","[]","[]","[]","{""map_identity_id"":""entity-austria"",""aliases"":[],""historical_names"":[{""value"":""Austria — Second Republic"",""kind"":""primary"",""validFrom"":""1945-04-27"",""validUntil"":""1961-01-01""}],""identifiers"":{}}","[""Snapshot context is not observation date or boundary date."",""Map geometry does not establish sovereignty or succession."",""Existing applicability intervals: []""]","35c5a20cdfaf4e7e7a788fd82d4c2b997e0fe878efe2392487968b8d61b9029f",""
"entity-austria@1960/leadership","entity-austria@1960","austria-second-republic-framework","Austria — Second Republic","1960","leadership","MISSING","A","partially-supported","political-polity","false","[]","[]","[]","[]","{""map_identity_id"":""entity-austria"",""aliases"":[],""historical_names"":[{""value"":""Austria — Second Republic"",""kind"":""primary"",""validFrom"":""1945-04-27"",""validUntil"":""1961-01-01""}],""identifiers"":{}}","[""Snapshot context is not observation date or boundary date."",""Map geometry does not establish sovereignty or succession."",""Existing applicability intervals: []""]","35c5a20cdfaf4e7e7a788fd82d4c2b997e0fe878efe2392487968b8d61b9029f",""
"entity-austrian-empire@1800/leadership","entity-austrian-empire@1800","","Austrian Empire","1800","leadership","MISSING","A","completely-empty","political-polity","true","[]","[]","[]","[]","{""map_identity_id"":""entity-austrian-empire"",""aliases"":[],""historical_names"":[],""identifiers"":{}}","[""Snapshot context is not observation date or boundary date."",""Map geometry does not establish sovereignty or succession."",""Resolve historical identity before proposing entity-specific facts."",""Existing applicability intervals: []""]","35c5a20cdfaf4e7e7a788fd82d4c2b997e0fe878efe2392487968b8d61b9029f",""
"entity-austrian-netherlands@1800/leadership","entity-austrian-netherlands@1800","","Austrian Netherlands","1800","leadership","MISSING","A","held-ambiguous","dependent-administration","true","[]","[]","[]","[]","{""map_identity_id"":""entity-austrian-netherlands"",""aliases"":[],""historical_names"":[],""identifiers"":{}}","[""Snapshot context is not observation date or boundary date."",""Map geometry does not establish sovereignty or succession."",""Resolve historical identity before proposing entity-specific facts."",""Existing applicability intervals: []""]","35c5a20cdfaf4e7e7a788fd82d4c2b997e0fe878efe2392487968b8d61b9029f",""
"entity-hungary@1920/leadership","entity-hungary@1920","hungary-horthy-framework","Hungary — Horthy regency framework","1920","leadership","PARTIAL","A","partially-supported","political-polity","false","[""Miklós Horthy""]","[]","[]","[]","{""map_identity_id"":""entity-hungary"",""aliases"":[],""historical_names"":[{""value"":""Hungary — Horthy regency framework"",""kind"":""primary"",""validFrom"":""1920"",""validUntil"":""1944-03-19""}],""identifiers"":{}}","[""Snapshot context is not observation date or boundary date."",""Map geometry does not establish sovereignty or succession."",""Existing applicability intervals: [{\""kind\"":\""interval\"",\""from\"":\""1920\"",\""until\"":\""1944-03-19\""}]""]","35c5a20cdfaf4e7e7a788fd82d4c2b997e0fe878efe2392487968b8d61b9029f",""
"entity-hungary@1945/leadership","entity-hungary@1945","","Hungary","1945","leadership","MISSING","A","completely-empty","political-polity","true","[]","[]","[]","[]","{""map_identity_id"":""entity-hungary"",""aliases"":[],""historical_names"":[],""identifiers"":{}}","[""Snapshot context is not observation date or boundary date."",""Map geometry does not establish sovereignty or succession."",""Resolve historical identity before proposing entity-specific facts."",""Existing applicability intervals: []""]","35c5a20cdfaf4e7e7a788fd82d4c2b997e0fe878efe2392487968b8d61b9029f",""
"entity-east-prussia@1920/leadership","entity-east-prussia@1920","east-prussia-provincial-framework","East Prussia — provincial administration","1920","leadership","MISSING","A","partially-supported","dependent-administration","false","[]","[]","[]","[]","{""map_identity_id"":""entity-east-prussia"",""aliases"":[],""historical_names"":[{""value"":""East Prussia — provincial administration"",""kind"":""primary"",""validFrom"":""1920-01-01"",""validUntil"":""1931-01-01""}],""identifiers"":{}}","[""Snapshot context is not observation date or boundary date."",""Map geometry does not establish sovereignty or succession."",""Existing applicability intervals: []""]","35c5a20cdfaf4e7e7a788fd82d4c2b997e0fe878efe2392487968b8d61b9029f",""
"entity-east-prussia@1930/leadership","entity-east-prussia@1930","east-prussia-provincial-framework","East Prussia — provincial administration","1930","leadership","MISSING","A","partially-supported","dependent-administration","false","[]","[]","[]","[]","{""map_identity_id"":""entity-east-prussia"",""aliases"":[],""historical_names"":[{""value"":""East Prussia — provincial administration"",""kind"":""primary"",""validFrom"":""1920-01-01"",""validUntil"":""1931-01-01""}],""identifiers"":{}}","[""Snapshot context is not observation date or boundary date."",""Map geometry does not establish sovereignty or succession."",""Existing applicability intervals: []""]","35c5a20cdfaf4e7e7a788fd82d4c2b997e0fe878efe2392487968b8d61b9029f",""
"entity-germany-france@1945/leadership","entity-germany-france@1945","germany-france-occupation","Germany — French occupation zone","1945","leadership","MISSING","A","partially-supported","dependent-administration","false","[]","[]","[]","[]","{""map_identity_id"":""entity-germany-france"",""aliases"":[],""historical_names"":[{""value"":""Germany — French occupation zone"",""kind"":""primary"",""validFrom"":""1945-08-02"",""validUntil"":""1949-01-01""}],""identifiers"":{}}","[""Snapshot context is not observation date or boundary date."",""Map geometry does not establish sovereignty or succession."",""Existing applicability intervals: []""]","35c5a20cdfaf4e7e7a788fd82d4c2b997e0fe878efe2392487968b8d61b9029f",""
"entity-germany-soviet@1945/leadership","entity-germany-soviet@1945","germany-soviet-occupation","Germany — Soviet occupation zone","1945","leadership","MISSING","A","partially-supported","dependent-administration","false","[]","[]","[]","[]","{""map_identity_id"":""entity-germany-soviet"",""aliases"":[],""historical_names"":[{""value"":""Germany — Soviet occupation zone"",""kind"":""primary"",""validFrom"":""1945-08-02"",""validUntil"":""1949-01-01""}],""identifiers"":{}}","[""Snapshot context is not observation date or boundary date."",""Map geometry does not establish sovereignty or succession."",""Existing applicability intervals: []""]","35c5a20cdfaf4e7e7a788fd82d4c2b997e0fe878efe2392487968b8d61b9029f",""
"entity-germany-uk@1945/leadership","entity-germany-uk@1945","germany-british-occupation","Germany — British occupation zone","1945","leadership","MISSING","A","partially-supported","dependent-administration","false","[]","[]","[]","[]","{""map_identity_id"":""entity-germany-uk"",""aliases"":[],""historical_names"":[{""value"":""Germany — British occupation zone"",""kind"":""primary"",""validFrom"":""1945-08-02"",""validUntil"":""1949-01-01""}],""identifiers"":{}}","[""Snapshot context is not observation date or boundary date."",""Map geometry does not establish sovereignty or succession."",""Existing applicability intervals: []""]","35c5a20cdfaf4e7e7a788fd82d4c2b997e0fe878efe2392487968b8d61b9029f",""
"entity-germany-usa@1945/leadership","entity-germany-usa@1945","germany-american-occupation","Germany — American occupation zone","1945","leadership","MISSING","A","partially-supported","dependent-administration","false","[]","[]","[]","[]","{""map_identity_id"":""entity-germany-usa"",""aliases"":[],""historical_names"":[{""value"":""Germany — American occupation zone"",""kind"":""primary"",""validFrom"":""1945-08-02"",""validUntil"":""1949-01-01""}],""identifiers"":{}}","[""Snapshot context is not observation date or boundary date."",""Map geometry does not establish sovereignty or succession."",""Existing applicability intervals: []""]","35c5a20cdfaf4e7e7a788fd82d4c2b997e0fe878efe2392487968b8d61b9029f",""
"entity-saar-protectorate@1945/leadership","entity-saar-protectorate@1945","saar-french-occupation-1945","Saar — French military occupation","1945","leadership","MISSING","A","partially-supported","dependent-administration","false","[]","[]","[]","[]","{""map_identity_id"":""entity-saar-protectorate"",""aliases"":[],""historical_names"":[{""value"":""Saar — French military occupation"",""kind"":""primary"",""validFrom"":""1945-07-10"",""validUntil"":""1946-01-01""}],""identifiers"":{}}","[""Snapshot context is not observation date or boundary date."",""Map geometry does not establish sovereignty or succession."",""Existing applicability intervals: []""]","35c5a20cdfaf4e7e7a788fd82d4c2b997e0fe878efe2392487968b8d61b9029f",""
"entity-ai-viet@1800/leadership","entity-ai-viet@1800","","Đại Việt","1800","leadership","MISSING","A","held-ambiguous","political-polity","true","[]","[]","[]","[]","{""map_identity_id"":""entity-ai-viet"",""aliases"":[],""historical_names"":[],""identifiers"":{}}","[""Snapshot context is not observation date or boundary date."",""Map geometry does not establish sovereignty or succession."",""Resolve historical identity before proposing entity-specific facts."",""Existing applicability intervals: []""]","35c5a20cdfaf4e7e7a788fd82d4c2b997e0fe878efe2392487968b8d61b9029f",""
"entity-french-indochina@1878/leadership","entity-french-indochina@1878","","French Indochina","1878","leadership","MISSING","A","held-ambiguous","dependent-administration","true","[]","[]","[]","[]","{""map_identity_id"":""entity-french-indochina"",""aliases"":[],""historical_names"":[],""identifiers"":{}}","[""Snapshot context is not observation date or boundary date."",""Map geometry does not establish sovereignty or succession."",""Resolve historical identity before proposing entity-specific facts."",""Existing applicability intervals: []""]","35c5a20cdfaf4e7e7a788fd82d4c2b997e0fe878efe2392487968b8d61b9029f",""
"entity-french-indochina@1880/leadership","entity-french-indochina@1880","","French Indochina","1880","leadership","MISSING","A","held-ambiguous","dependent-administration","true","[]","[]","[]","[]","{""map_identity_id"":""entity-french-indochina"",""aliases"":[],""historical_names"":[],""identifiers"":{}}","[""Snapshot context is not observation date or boundary date."",""Map geometry does not establish sovereignty or succession."",""Resolve historical identity before proposing entity-specific facts."",""Existing applicability intervals: []""]","35c5a20cdfaf4e7e7a788fd82d4c2b997e0fe878efe2392487968b8d61b9029f",""
"entity-french-indochina@1900/leadership","entity-french-indochina@1900","b13-indochina-union","French Indochina — colonial Union","1900","leadership","MISSING","A","partially-supported","dependent-administration","false","[]","[]","[]","[]","{""map_identity_id"":""entity-french-indochina"",""aliases"":[],""historical_names"":[{""value"":""French Indochina — colonial Union"",""kind"":""primary"",""validFrom"":""1900-01-01"",""validUntil"":""1940-01-01""}],""identifiers"":{}}","[""Snapshot context is not observation date or boundary date."",""Map geometry does not establish sovereignty or succession."",""Existing applicability intervals: []""]","35c5a20cdfaf4e7e7a788fd82d4c2b997e0fe878efe2392487968b8d61b9029f",""
"entity-french-indochina@1914/leadership","entity-french-indochina@1914","b13-indochina-union","French Indochina — colonial Union","1914","leadership","MISSING","A","partially-supported","dependent-administration","false","[]","[]","[]","[]","{""map_identity_id"":""entity-french-indochina"",""aliases"":[],""historical_names"":[{""value"":""French Indochina — colonial Union"",""kind"":""primary"",""validFrom"":""1900-01-01"",""validUntil"":""1940-01-01""}],""identifiers"":{}}","[""Snapshot context is not observation date or boundary date."",""Map geometry does not establish sovereignty or succession."",""Existing applicability intervals: []""]","35c5a20cdfaf4e7e7a788fd82d4c2b997e0fe878efe2392487968b8d61b9029f",""
"entity-tonkin@1945/leadership","entity-tonkin@1945","","Tonkin","1945","leadership","MISSING","A","completely-empty","dependent-administration","true","[]","[]","[]","[]","{""map_identity_id"":""entity-tonkin"",""aliases"":[],""historical_names"":[],""identifiers"":{}}","[""Snapshot context is not observation date or boundary date."",""Map geometry does not establish sovereignty or succession."",""Resolve historical identity before proposing entity-specific facts."",""Existing applicability intervals: []""]","35c5a20cdfaf4e7e7a788fd82d4c2b997e0fe878efe2392487968b8d61b9029f",""
"entity-vietnam@1960/leadership","entity-vietnam@1960","","Vietnam","1960","leadership","MISSING","A","held-ambiguous","political-polity","true","[]","[]","[]","[]","{""map_identity_id"":""entity-vietnam"",""aliases"":[],""historical_names"":[],""identifiers"":{}}","[""Snapshot context is not observation date or boundary date."",""Map geometry does not establish sovereignty or succession."",""Resolve historical identity before proposing entity-specific facts."",""Existing applicability intervals: []""]","35c5a20cdfaf4e7e7a788fd82d4c2b997e0fe878efe2392487968b8d61b9029f",""
"entity-afghanistan@1800/leadership","entity-afghanistan@1800","","Afghanistan","1800","leadership","MISSING","A","completely-empty","political-polity","true","[]","[]","[]","[]","{""map_identity_id"":""entity-afghanistan"",""aliases"":[],""historical_names"":[],""identifiers"":{}}","[""Snapshot context is not observation date or boundary date."",""Map geometry does not establish sovereignty or succession."",""Resolve historical identity before proposing entity-specific facts."",""Existing applicability intervals: []""]","35c5a20cdfaf4e7e7a788fd82d4c2b997e0fe878efe2392487968b8d61b9029f",""
"entity-afghanistan@1815/leadership","entity-afghanistan@1815","","Afghanistan","1815","leadership","MISSING","A","completely-empty","political-polity","true","[]","[]","[]","[]","{""map_identity_id"":""entity-afghanistan"",""aliases"":[],""historical_names"":[],""identifiers"":{}}","[""Snapshot context is not observation date or boundary date."",""Map geometry does not establish sovereignty or succession."",""Resolve historical identity before proposing entity-specific facts."",""Existing applicability intervals: []""]","35c5a20cdfaf4e7e7a788fd82d4c2b997e0fe878efe2392487968b8d61b9029f",""
"entity-afghanistan@1878/leadership","entity-afghanistan@1878","","Afghanistan","1878","leadership","MISSING","A","completely-empty","political-polity","true","[]","[]","[]","[]","{""map_identity_id"":""entity-afghanistan"",""aliases"":[],""historical_names"":[],""identifiers"":{}}","[""Snapshot context is not observation date or boundary date."",""Map geometry does not establish sovereignty or succession."",""Resolve historical identity before proposing entity-specific facts."",""Existing applicability intervals: []""]","35c5a20cdfaf4e7e7a788fd82d4c2b997e0fe878efe2392487968b8d61b9029f",""
"entity-afghanistan@1880/leadership","entity-afghanistan@1880","","Afghanistan","1880","leadership","MISSING","A","completely-empty","political-polity","true","[]","[]","[]","[]","{""map_identity_id"":""entity-afghanistan"",""aliases"":[],""historical_names"":[],""identifiers"":{}}","[""Snapshot context is not observation date or boundary date."",""Map geometry does not establish sovereignty or succession."",""Resolve historical identity before proposing entity-specific facts."",""Existing applicability intervals: []""]","35c5a20cdfaf4e7e7a788fd82d4c2b997e0fe878efe2392487968b8d61b9029f",""
"entity-afghanistan@1930/leadership","entity-afghanistan@1930","","Afghanistan","1930","leadership","MISSING","A","completely-empty","political-polity","true","[]","[]","[]","[]","{""map_identity_id"":""entity-afghanistan"",""aliases"":[],""historical_names"":[],""identifiers"":{}}","[""Snapshot context is not observation date or boundary date."",""Map geometry does not establish sovereignty or succession."",""Resolve historical identity before proposing entity-specific facts."",""Existing applicability intervals: []""]","35c5a20cdfaf4e7e7a788fd82d4c2b997e0fe878efe2392487968b8d61b9029f",""
"entity-mexico@1914/leadership","entity-mexico@1914","","Mexico","1914","leadership","MISSING","A","completely-empty","political-polity","true","[]","[]","[]","[]","{""map_identity_id"":""entity-mexico"",""aliases"":[],""historical_names"":[],""identifiers"":{}}","[""Snapshot context is not observation date or boundary date."",""Map geometry does not establish sovereignty or succession."",""Resolve historical identity before proposing entity-specific facts."",""Existing applicability intervals: []""]","35c5a20cdfaf4e7e7a788fd82d4c2b997e0fe878efe2392487968b8d61b9029f",""
"entity-mexico@1920/leadership","entity-mexico@1920","mexico-1917-constitutional-framework","Mexico — 1917 constitutional framework","1920","leadership","PARTIAL","A","partially-supported","political-polity","false","[""Carranza"",""de la Huerta, A"",""Álvaro Obregón""]","[]","[{""id"":""mexico-1917-constitutional-framework-central-office"",""description"":""Entity-associated effective central political leadership according to Archigos, within Mexico — 1917 constitutional framework; country coding does not establish polygon-wide authority."",""relationship"":""same""},{""id"":""mexico-1917-constitutional-framework-central-office"",""description"":""Entity-associated effective central political leadership according to Archigos, within Mexico — 1917 constitutional framework; country coding does not establish polygon-wide authority."",""relationship"":""same""},""Historical central office of Mexico — 1917 constitutional framework; no inference of uniform territorial authority""]","[]","{""map_identity_id"":""entity-mexico"",""aliases"":[],""historical_names"":[{""value"":""Mexico — 1917 constitutional framework"",""kind"":""primary"",""validFrom"":""1918-01-01"",""validUntil"":""1961-01-01""}],""identifiers"":{}}","[""Snapshot context is not observation date or boundary date."",""Map geometry does not establish sovereignty or succession."",""Existing applicability intervals: [{\""kind\"":\""interval\"",\""from\"":\""1918-01-01\"",\""until\"":\""1920-05-06\"",\""certainty\"":\""exact\""},{\""kind\"":\""interval\"",\""from\"":\""1920-05-24\"",\""until\"":\""1920-12-01\"",\""certainty\"":\""exact\""},{\""kind\"":\""interval\"",\""from\"":\""1920-12-01\"",\""until\"":\""1924-12-01\""}]""]","35c5a20cdfaf4e7e7a788fd82d4c2b997e0fe878efe2392487968b8d61b9029f",""
"entity-mexico@1930/leadership","entity-mexico@1930","mexico-1917-constitutional-framework","Mexico — 1917 constitutional framework","1930","leadership","PARTIAL","A","partially-supported","political-polity","false","[""Emilio Portes Gil""]","[]","[""Historical central office of Mexico — 1917 constitutional framework; no inference of uniform territorial authority""]","[]","{""map_identity_id"":""entity-mexico"",""aliases"":[],""historical_names"":[{""value"":""Mexico — 1917 constitutional framework"",""kind"":""primary"",""validFrom"":""1918-01-01"",""validUntil"":""1961-01-01""}],""identifiers"":{}}","[""Snapshot context is not observation date or boundary date."",""Map geometry does not establish sovereignty or succession."",""Existing applicability intervals: [{\""kind\"":\""interval\"",\""from\"":\""1928-12-01\"",\""until\"":\""1930-02-05\""}]""]","35c5a20cdfaf4e7e7a788fd82d4c2b997e0fe878efe2392487968b8d61b9029f",""
"entity-viceroyalty-of-new-spain@1800/leadership","entity-viceroyalty-of-new-spain@1800","new-spain-pre-crisis-framework","New Spain — colonial viceroyal administration","1800","leadership","MISSING","A","partially-supported","dependent-administration","false","[]","[]","[]","[]","{""map_identity_id"":""entity-viceroyalty-of-new-spain"",""aliases"":[],""historical_names"":[{""value"":""New Spain — colonial viceroyal administration"",""kind"":""primary"",""validFrom"":""1800-01-01"",""validUntil"":""1808-01-01""}],""identifiers"":{}}","[""Snapshot context is not observation date or boundary date."",""Map geometry does not establish sovereignty or succession."",""Existing applicability intervals: []""]","35c5a20cdfaf4e7e7a788fd82d4c2b997e0fe878efe2392487968b8d61b9029f",""
"entity-viceroyalty-of-new-spain@1815/leadership","entity-viceroyalty-of-new-spain@1815","new-spain-1815-royalist-framework","New Spain — contested royalist administration in 1815","1815","leadership","PARTIAL","A","partially-supported","dependent-administration","false","[""Félix María Calleja del Rey""]","[]","[]","[]","{""map_identity_id"":""entity-viceroyalty-of-new-spain"",""aliases"":[],""historical_names"":[{""value"":""New Spain — contested royalist administration in 1815"",""kind"":""primary"",""validFrom"":""1815-01-01"",""validUntil"":""1816-01-01""}],""identifiers"":{}}","[""Snapshot context is not observation date or boundary date."",""Map geometry does not establish sovereignty or succession."",""Existing applicability intervals: [{\""kind\"":\""interval\"",\""from\"":\""1815-09-22\"",\""until\"":\""1815-09-23\""}]""]","35c5a20cdfaf4e7e7a788fd82d4c2b997e0fe878efe2392487968b8d61b9029f",""
"entity-argentina@1930/leadership","entity-argentina@1930","argentina-recovery-1930","Argentina","1930","leadership","PARTIAL","A","partially-supported","political-polity","false","[""Hipólito Yrigoyen"",""José Félix Uriburu""]","[]","[{""description"":""Argentine national institutions and central office; schematic map outline does not establish territorial control."",""relationship"":""same"",""id"":""argentina-recovery-1930-core""},{""description"":""Argentine national institutions and central office; schematic map outline does not establish territorial control."",""relationship"":""same"",""id"":""argentina-recovery-1930-core""}]","[]","{""map_identity_id"":""entity-argentina"",""aliases"":[],""historical_names"":[{""value"":""Argentina"",""kind"":""primary"",""validFrom"":""1930-01-01"",""validUntil"":""1931-01-01""}],""identifiers"":{}}","[""Snapshot context is not observation date or boundary date."",""Map geometry does not establish sovereignty or succession."",""Existing applicability intervals: [{\""certainty\"":\""exact\"",\""until\"":\""1930-09-06\"",\""kind\"":\""interval\"",\""from\"":\""1930-01-01\""},{\""certainty\"":\""exact\"",\""until\"":\""1931-01-01\"",\""kind\"":\""interval\"",\""from\"":\""1930-09-06\""}]""]","35c5a20cdfaf4e7e7a788fd82d4c2b997e0fe878efe2392487968b8d61b9029f",""
"entity-united-provinces-of-the-rio-de-la-plata@1815/leadership","entity-united-provinces-of-the-rio-de-la-plata@1815","rio-de-la-plata-1815-provisional-framework","United Provinces of the Rio de la Plata — 1815 provisional framework","1815","leadership","MISSING","A","partially-supported","political-polity","false","[]","[]","[]","[]","{""map_identity_id"":""entity-united-provinces-of-the-rio-de-la-plata"",""aliases"":[],""historical_names"":[{""value"":""United Provinces of the Rio de la Plata — 1815 provisional framework"",""kind"":""primary"",""validFrom"":""1815-05-05"",""validUntil"":""1816-01-01""}],""identifiers"":{}}","[""Snapshot context is not observation date or boundary date."",""Map geometry does not establish sovereignty or succession."",""Existing applicability intervals: []""]","35c5a20cdfaf4e7e7a788fd82d4c2b997e0fe878efe2392487968b8d61b9029f",""
"entity-viceroyalty-of-the-rio-de-la-plata@1800/leadership","entity-viceroyalty-of-the-rio-de-la-plata@1800","rio-de-la-plata-viceroyal-framework","Rio de la Plata — Spanish viceroyal government","1800","leadership","MISSING","A","partially-supported","dependent-administration","false","[]","[]","[]","[]","{""map_identity_id"":""entity-viceroyalty-of-the-rio-de-la-plata"",""aliases"":[],""historical_names"":[{""value"":""Rio de la Plata — Spanish viceroyal government"",""kind"":""primary"",""validFrom"":""1800-01-01"",""validUntil"":""1806-01-01""}],""identifiers"":{}}","[""Snapshot context is not observation date or boundary date."",""Map geometry does not establish sovereignty or succession."",""Existing applicability intervals: []""]","35c5a20cdfaf4e7e7a788fd82d4c2b997e0fe878efe2392487968b8d61b9029f",""
"entity-ethiopia@1800/leadership","entity-ethiopia@1800","ethiopia-era-princes-core","Ethiopia — Era of Princes around 1800","1800","leadership","MISSING","A","partially-supported","political-polity","false","[]","[]","[]","[]","{""map_identity_id"":""entity-ethiopia"",""aliases"":[],""historical_names"":[{""value"":""Ethiopia — Era of Princes around 1800"",""kind"":""primary"",""validFrom"":""1800-01-01"",""validUntil"":""1801-01-01""},{""value"":""Ethiopia — Era of Princes in 1815"",""kind"":""primary"",""validFrom"":""1815-01-01"",""validUntil"":""1816-01-01""}],""identifiers"":{}}","[""Snapshot context is not observation date or boundary date."",""Map geometry does not establish sovereignty or succession."",""Existing applicability intervals: []""]","35c5a20cdfaf4e7e7a788fd82d4c2b997e0fe878efe2392487968b8d61b9029f",""
"entity-ethiopia@1815/leadership","entity-ethiopia@1815","ethiopia-era-princes-core","Ethiopia — Era of Princes in 1815","1815","leadership","MISSING","A","partially-supported","political-polity","false","[]","[]","[]","[]","{""map_identity_id"":""entity-ethiopia"",""aliases"":[],""historical_names"":[{""value"":""Ethiopia — Era of Princes around 1800"",""kind"":""primary"",""validFrom"":""1800-01-01"",""validUntil"":""1801-01-01""},{""value"":""Ethiopia — Era of Princes in 1815"",""kind"":""primary"",""validFrom"":""1815-01-01"",""validUntil"":""1816-01-01""}],""identifiers"":{}}","[""Snapshot context is not observation date or boundary date."",""Map geometry does not establish sovereignty or succession."",""Existing applicability intervals: []""]","35c5a20cdfaf4e7e7a788fd82d4c2b997e0fe878efe2392487968b8d61b9029f",""
"entity-ethiopia@1930/leadership","entity-ethiopia@1930","","Ethiopia","1930","leadership","MISSING","A","held-ambiguous","political-polity","true","[]","[]","[]","[]","{""map_identity_id"":""entity-ethiopia"",""aliases"":[],""historical_names"":[],""identifiers"":{}}","[""Snapshot context is not observation date or boundary date."",""Map geometry does not establish sovereignty or succession."",""Resolve historical identity before proposing entity-specific facts."",""Existing applicability intervals: []""]","35c5a20cdfaf4e7e7a788fd82d4c2b997e0fe878efe2392487968b8d61b9029f",""
"entity-ethiopia@1945/leadership","entity-ethiopia@1945","ethiopia-restored-1945-core","Ethiopia — restored monarchy in 1945","1945","leadership","MISSING","A","partially-supported","political-polity","false","[]","[]","[]","[]","{""map_identity_id"":""entity-ethiopia"",""aliases"":[],""historical_names"":[{""value"":""Ethiopia — restored monarchy in 1945"",""kind"":""primary"",""validFrom"":""1945-01-01"",""validUntil"":""1946-01-01""}],""identifiers"":{}}","[""Snapshot context is not observation date or boundary date."",""Map geometry does not establish sovereignty or succession."",""Existing applicability intervals: []""]","35c5a20cdfaf4e7e7a788fd82d4c2b997e0fe878efe2392487968b8d61b9029f",""
"entity-ethiopia@1960/leadership","entity-ethiopia@1960","ethiopia-1955-constitutional-core","Ethiopia — revised1955 imperial constitutional framework","1960","leadership","MISSING","A","partially-supported","political-polity","false","[]","[]","[]","[]","{""map_identity_id"":""entity-ethiopia"",""aliases"":[],""historical_names"":[{""value"":""Ethiopia — revised1955 imperial constitutional framework"",""kind"":""primary"",""validFrom"":""1956-01-01"",""validUntil"":""1960-12-13""},{""value"":""Ethiopia — revised1955 imperial constitutional framework"",""kind"":""primary"",""validFrom"":""1960-12-17"",""validUntil"":""1961-01-01""}],""identifiers"":{}}","[""Snapshot context is not observation date or boundary date."",""Map geometry does not establish sovereignty or succession."",""Existing applicability intervals: []""]","35c5a20cdfaf4e7e7a788fd82d4c2b997e0fe878efe2392487968b8d61b9029f",""
"entity-ethiopia-italy@1938/leadership","entity-ethiopia-italy@1938","ethiopia-italian-occupation-1938-core","Ethiopia — Italian occupation in 1938","1938","leadership","MISSING","A","partially-supported","dependent-administration","false","[]","[]","[]","[]","{""map_identity_id"":""entity-ethiopia-italy"",""aliases"":[],""historical_names"":[{""value"":""Ethiopia — Italian occupation in 1938"",""kind"":""primary"",""validFrom"":""1938-01-01"",""validUntil"":""1939-01-01""}],""identifiers"":{}}","[""Snapshot context is not observation date or boundary date."",""Map geometry does not establish sovereignty or succession."",""Existing applicability intervals: []""]","35c5a20cdfaf4e7e7a788fd82d4c2b997e0fe878efe2392487968b8d61b9029f",""
"entity-brazil@1930/leadership","entity-brazil@1930","brazil-republican-transition-1930-context","Brazil — republican transition of 1930","1930","leadership","PARTIAL","A","partially-supported","political-polity","false","[""Washington Luís Pereira de Sousa"",""Augusto Tasso Fragoso, Mena Barreto and Isaías de Noronha"",""Getúlio Vargas""]","[]","[{""id"":""brazil-republican-transition-1930-context-central-institutions"",""description"":""Brazilian republican central institutions and national governmental seat; bounded researched subset. No claim of unchanged regime or leader throughout a transition year."",""relationship"":""same""},{""id"":""brazil-republican-transition-1930-context-central-institutions"",""description"":""Brazilian republican central institutions and national governmental seat; bounded researched subset. No claim of unchanged regime or leader throughout a transition year."",""relationship"":""same""},{""id"":""brazil-republican-transition-1930-context-central-institutions"",""description"":""Brazilian republican central institutions and national governmental seat; bounded researched subset. No claim of unchanged regime or leader throughout a transition year."",""relationship"":""same""}]","[]","{""map_identity_id"":""entity-brazil"",""aliases"":[],""historical_names"":[{""value"":""Brazil — republican transition of 1930"",""kind"":""primary"",""validFrom"":""1930-01-01"",""validUntil"":""1931-01-01""}],""identifiers"":{}}","[""Snapshot context is not observation date or boundary date."",""Map geometry does not establish sovereignty or succession."",""Existing applicability intervals: [{\""kind\"":\""interval\"",\""from\"":\""1930-01-01\"",\""until\"":\""1930-10-24\"",\""certainty\"":\""exact\""},{\""kind\"":\""interval\"",\""from\"":\""1930-10-24\"",\""until\"":\""1930-11-03\"",\""certainty\"":\""exact\""},{\""kind\"":\""interval\"",\""from\"":\""1930-11-03\"",\""until\"":\""1931-01-01\"",\""certainty\"":\""exact\""}]""]","35c5a20cdfaf4e7e7a788fd82d4c2b997e0fe878efe2392487968b8d61b9029f",""
"entity-brazil@1945/leadership","entity-brazil@1945","","Brazil","1945","leadership","MISSING","A","held-ambiguous","political-polity","true","[]","[]","[]","[]","{""map_identity_id"":""entity-brazil"",""aliases"":[],""historical_names"":[],""identifiers"":{}}","[""Snapshot context is not observation date or boundary date."",""Map geometry does not establish sovereignty or succession."",""Resolve historical identity before proposing entity-specific facts."",""Existing applicability intervals: []""]","35c5a20cdfaf4e7e7a788fd82d4c2b997e0fe878efe2392487968b8d61b9029f",""
"entity-viceroyalty-of-brazil@1800/leadership","entity-viceroyalty-of-brazil@1800","brazil-portuguese-colonial-framework","Brazil — Portuguese colonial framework","1800","leadership","PARTIAL","A","partially-supported","dependent-administration","false","[""José Luís de Castro,2nd Count of Resende""]","[]","[{""id"":""brazil-portuguese-colonial-framework-resende-viceroy"",""description"":""Named historical Brazilian framework and institutional/person association; no modern-border statistical fallback or geometry inference."",""relationship"":""same""}]","[]","{""map_identity_id"":""entity-viceroyalty-of-brazil"",""aliases"":[],""historical_names"":[{""value"":""Brazil — Portuguese colonial framework"",""kind"":""primary"",""validFrom"":""1800-01-01"",""validUntil"":""1807-01-01""}],""identifiers"":{}}","[""Snapshot context is not observation date or boundary date."",""Map geometry does not establish sovereignty or succession."",""Existing applicability intervals: [{\""kind\"":\""interval\"",\""from\"":\""1800\"",\""until\"":\""1801-10-14\"",\""certainty\"":\""exact\""}]""]","35c5a20cdfaf4e7e7a788fd82d4c2b997e0fe878efe2392487968b8d61b9029f",""
"entity-viceroyalty-of-brazil@1815/leadership","entity-viceroyalty-of-brazil@1815","","Viceroyalty of Brazil","1815","leadership","MISSING","A","held-ambiguous","dependent-administration","true","[]","[]","[]","[]","{""map_identity_id"":""entity-viceroyalty-of-brazil"",""aliases"":[],""historical_names"":[],""identifiers"":{}}","[""Snapshot context is not observation date or boundary date."",""Map geometry does not establish sovereignty or succession."",""Resolve historical identity before proposing entity-specific facts."",""Existing applicability intervals: []""]","35c5a20cdfaf4e7e7a788fd82d4c2b997e0fe878efe2392487968b8d61b9029f",""
"entity-egypt@1815/leadership","entity-egypt@1815","egypt-muhammad-ali-governorship-framework","Egypt — Muhammad Ali governorship","1815","leadership","MISSING","A","partially-supported","political-polity","false","[]","[]","[]","[]","{""map_identity_id"":""entity-egypt"",""aliases"":[],""historical_names"":[{""value"":""Egypt — Muhammad Ali governorship"",""kind"":""primary"",""validFrom"":""1812-01-01"",""validUntil"":""1820-01-01""}],""identifiers"":{}}","[""Snapshot context is not observation date or boundary date."",""Map geometry does not establish sovereignty or succession."",""Existing applicability intervals: []""]","35c5a20cdfaf4e7e7a788fd82d4c2b997e0fe878efe2392487968b8d61b9029f",""
"entity-egypt@1878/leadership","entity-egypt@1878","egypt-late-khedival-framework","Egypt — Khedivate under European financial intervention","1878","leadership","MISSING","A","partially-supported","political-polity","false","[]","[]","[]","[]","{""map_identity_id"":""entity-egypt"",""aliases"":[],""historical_names"":[{""value"":""Egypt — Khedivate under European financial intervention"",""kind"":""primary"",""validFrom"":""1878-01-01"",""validUntil"":""1881-01-01""}],""identifiers"":{}}","[""Snapshot context is not observation date or boundary date."",""Map geometry does not establish sovereignty or succession."",""Existing applicability intervals: []""]","35c5a20cdfaf4e7e7a788fd82d4c2b997e0fe878efe2392487968b8d61b9029f",""
"entity-egypt@1880/leadership","entity-egypt@1880","egypt-late-khedival-framework","Egypt — Khedivate under European financial intervention","1880","leadership","MISSING","A","partially-supported","political-polity","false","[]","[]","[]","[]","{""map_identity_id"":""entity-egypt"",""aliases"":[],""historical_names"":[{""value"":""Egypt — Khedivate under European financial intervention"",""kind"":""primary"",""validFrom"":""1878-01-01"",""validUntil"":""1881-01-01""}],""identifiers"":{}}","[""Snapshot context is not observation date or boundary date."",""Map geometry does not establish sovereignty or succession."",""Existing applicability intervals: []""]","35c5a20cdfaf4e7e7a788fd82d4c2b997e0fe878efe2392487968b8d61b9029f",""
"entity-egypt@1914/leadership","entity-egypt@1914","","Egypt","1914","leadership","MISSING","A","held-ambiguous","political-polity","true","[]","[]","[]","[]","{""map_identity_id"":""entity-egypt"",""aliases"":[],""historical_names"":[],""identifiers"":{}}","[""Snapshot context is not observation date or boundary date."",""Map geometry does not establish sovereignty or succession."",""Resolve historical identity before proposing entity-specific facts."",""Existing applicability intervals: []""]","35c5a20cdfaf4e7e7a788fd82d4c2b997e0fe878efe2392487968b8d61b9029f",""
"entity-egypt@1920/leadership","entity-egypt@1920","egypt-british-protectorate-framework","Egypt — British protectorate","1920","leadership","MISSING","A","partially-supported","political-polity","false","[]","[]","[]","[]","{""map_identity_id"":""entity-egypt"",""aliases"":[],""historical_names"":[{""value"":""Egypt — British protectorate"",""kind"":""primary"",""validFrom"":""1914-12-18"",""validUntil"":""1922-02-28""}],""identifiers"":{}}","[""Snapshot context is not observation date or boundary date."",""Map geometry does not establish sovereignty or succession."",""Existing applicability intervals: []""]","35c5a20cdfaf4e7e7a788fd82d4c2b997e0fe878efe2392487968b8d61b9029f",""
"entity-egypt@1930/leadership","entity-egypt@1930","","Egypt","1930","leadership","MISSING","A","completely-empty","political-polity","true","[]","[]","[]","[]","{""map_identity_id"":""entity-egypt"",""aliases"":[],""historical_names"":[],""identifiers"":{}}","[""Snapshot context is not observation date or boundary date."",""Map geometry does not establish sovereignty or succession."",""Resolve historical identity before proposing entity-specific facts."",""Existing applicability intervals: []""]","35c5a20cdfaf4e7e7a788fd82d4c2b997e0fe878efe2392487968b8d61b9029f",""
"entity-egypt@1960/leadership","entity-egypt@1960","united-arab-republic-egypt-1960-framework","United Arab Republic — Egyptian region","1960","leadership","MISSING","A","partially-supported","political-polity","false","[]","[]","[]","[]","{""map_identity_id"":""entity-egypt"",""aliases"":[],""historical_names"":[{""value"":""United Arab Republic — Egyptian region"",""kind"":""primary"",""validFrom"":""1959-01-01"",""validUntil"":""1961-01-01""}],""identifiers"":{}}","[""Snapshot context is not observation date or boundary date."",""Map geometry does not establish sovereignty or succession."",""Existing applicability intervals: []""]","35c5a20cdfaf4e7e7a788fd82d4c2b997e0fe878efe2392487968b8d61b9029f",""
"entity-japan@1800/leadership","entity-japan@1800","japan-tokugawa-framework","Japan under the Tokugawa shogunate","1800","leadership","MISSING","A","partially-supported","political-polity","false","[]","[]","[]","[]","{""map_identity_id"":""entity-japan"",""aliases"":[],""historical_names"":[{""value"":""Japan under the Tokugawa shogunate"",""kind"":""primary"",""validFrom"":""1800-01-01"",""validUntil"":""1868-01-03""}],""identifiers"":{}}","[""Snapshot context is not observation date or boundary date."",""Map geometry does not establish sovereignty or succession."",""Existing applicability intervals: []""]","35c5a20cdfaf4e7e7a788fd82d4c2b997e0fe878efe2392487968b8d61b9029f",""
"entity-japan@1815/leadership","entity-japan@1815","japan-tokugawa-framework","Japan under the Tokugawa shogunate","1815","leadership","MISSING","A","partially-supported","political-polity","false","[]","[]","[]","[]","{""map_identity_id"":""entity-japan"",""aliases"":[],""historical_names"":[{""value"":""Japan under the Tokugawa shogunate"",""kind"":""primary"",""validFrom"":""1800-01-01"",""validUntil"":""1868-01-03""}],""identifiers"":{}}","[""Snapshot context is not observation date or boundary date."",""Map geometry does not establish sovereignty or succession."",""Existing applicability intervals: []""]","35c5a20cdfaf4e7e7a788fd82d4c2b997e0fe878efe2392487968b8d61b9029f",""
"entity-japan-usa@1945/leadership","entity-japan-usa@1945","japan-initial-allied-occupation","Japan — initial Allied occupation framework","1945","leadership","PARTIAL","A","partially-supported","dependent-administration","false","[""SHIDEHARA Kijyuro"",""Douglas MacArthur""]","[]","[{""id"":""japan-initial-allied-occupation-central-office"",""description"":""Central named office of Japan — initial Allied occupation framework within the reviewed historical framework; no claim of polygon-wide sovereignty."",""relationship"":""same""}]","[]","{""map_identity_id"":""entity-japan-usa"",""aliases"":[],""historical_names"":[{""value"":""Japan — initial Allied occupation framework"",""kind"":""primary"",""validFrom"":""1945-09-02"",""validUntil"":""1947-05-03""}],""identifiers"":{}}","[""Snapshot context is not observation date or boundary date."",""Map geometry does not establish sovereignty or succession."",""Existing applicability intervals: [{\""kind\"":\""interval\"",\""from\"":\""1945-10-09\"",\""until\"":\""1946-05-22\"",\""certainty\"":\""exact\""},{\""kind\"":\""interval\"",\""from\"":\""1945-09-02\"",\""until\"":\""1947-05-03\""}]""]","35c5a20cdfaf4e7e7a788fd82d4c2b997e0fe878efe2392487968b8d61b9029f",""
"entity-french-equatorial-africa@1914/leadership","entity-french-equatorial-africa@1914","b17-aef-prewar","French Equatorial Africa — colonial federation","1914","leadership","MISSING","A","partially-supported","dependent-administration","false","[]","[]","[]","[]","{""map_identity_id"":""entity-french-equatorial-africa"",""aliases"":[],""historical_names"":[{""value"":""French Equatorial Africa — colonial federation"",""kind"":""primary"",""validFrom"":""1911-01-01"",""validUntil"":""1939-01-01""}],""identifiers"":{}}","[""Snapshot context is not observation date or boundary date."",""Map geometry does not establish sovereignty or succession."",""Existing applicability intervals: []""]","35c5a20cdfaf4e7e7a788fd82d4c2b997e0fe878efe2392487968b8d61b9029f",""
"entity-french-equatorial-africa@1920/leadership","entity-french-equatorial-africa@1920","b17-aef-prewar","French Equatorial Africa — colonial federation","1920","leadership","MISSING","A","partially-supported","dependent-administration","false","[]","[]","[]","[]","{""map_identity_id"":""entity-french-equatorial-africa"",""aliases"":[],""historical_names"":[{""value"":""French Equatorial Africa — colonial federation"",""kind"":""primary"",""validFrom"":""1911-01-01"",""validUntil"":""1939-01-01""}],""identifiers"":{}}","[""Snapshot context is not observation date or boundary date."",""Map geometry does not establish sovereignty or succession."",""Existing applicability intervals: []""]","35c5a20cdfaf4e7e7a788fd82d4c2b997e0fe878efe2392487968b8d61b9029f",""
"entity-french-equatorial-africa@1930/leadership","entity-french-equatorial-africa@1930","b17-aef-prewar","French Equatorial Africa — colonial federation","1930","leadership","MISSING","A","partially-supported","dependent-administration","false","[]","[]","[]","[]","{""map_identity_id"":""entity-french-equatorial-africa"",""aliases"":[],""historical_names"":[{""value"":""French Equatorial Africa — colonial federation"",""kind"":""primary"",""validFrom"":""1911-01-01"",""validUntil"":""1939-01-01""}],""identifiers"":{}}","[""Snapshot context is not observation date or boundary date."",""Map geometry does not establish sovereignty or succession."",""Existing applicability intervals: []""]","35c5a20cdfaf4e7e7a788fd82d4c2b997e0fe878efe2392487968b8d61b9029f",""
"entity-french-equatorial-africa@1938/leadership","entity-french-equatorial-africa@1938","b17-aef-prewar","French Equatorial Africa — colonial federation","1938","leadership","MISSING","A","partially-supported","dependent-administration","false","[]","[]","[]","[]","{""map_identity_id"":""entity-french-equatorial-africa"",""aliases"":[],""historical_names"":[{""value"":""French Equatorial Africa — colonial federation"",""kind"":""primary"",""validFrom"":""1911-01-01"",""validUntil"":""1939-01-01""}],""identifiers"":{}}","[""Snapshot context is not observation date or boundary date."",""Map geometry does not establish sovereignty or succession."",""Existing applicability intervals: []""]","35c5a20cdfaf4e7e7a788fd82d4c2b997e0fe878efe2392487968b8d61b9029f",""
"entity-french-west-africa@1920/leadership","entity-french-west-africa@1920","aof-1904-federal-framework-core","French West Africa — governor-general framework","1920","leadership","MISSING","A","partially-supported","dependent-administration","false","[]","[]","[]","[]","{""map_identity_id"":""entity-french-west-africa"",""aliases"":[],""historical_names"":[{""value"":""French West Africa — governor-general framework"",""kind"":""primary"",""validFrom"":""1905-01-01"",""validUntil"":""1939-01-01""}],""identifiers"":{}}","[""Snapshot context is not observation date or boundary date."",""Map geometry does not establish sovereignty or succession."",""Existing applicability intervals: []""]","35c5a20cdfaf4e7e7a788fd82d4c2b997e0fe878efe2392487968b8d61b9029f",""
"entity-french-west-africa@1930/leadership","entity-french-west-africa@1930","aof-1904-federal-framework-core","French West Africa — governor-general framework","1930","leadership","MISSING","A","partially-supported","dependent-administration","false","[]","[]","[]","[]","{""map_identity_id"":""entity-french-west-africa"",""aliases"":[],""historical_names"":[{""value"":""French West Africa — governor-general framework"",""kind"":""primary"",""validFrom"":""1905-01-01"",""validUntil"":""1939-01-01""}],""identifiers"":{}}","[""Snapshot context is not observation date or boundary date."",""Map geometry does not establish sovereignty or succession."",""Existing applicability intervals: []""]","35c5a20cdfaf4e7e7a788fd82d4c2b997e0fe878efe2392487968b8d61b9029f",""
"entity-french-west-africa@1938/leadership","entity-french-west-africa@1938","aof-1904-federal-framework-core","French West Africa — governor-general framework","1938","leadership","MISSING","A","partially-supported","dependent-administration","false","[]","[]","[]","[]","{""map_identity_id"":""entity-french-west-africa"",""aliases"":[],""historical_names"":[{""value"":""French West Africa — governor-general framework"",""kind"":""primary"",""validFrom"":""1905-01-01"",""validUntil"":""1939-01-01""}],""identifiers"":{}}","[""Snapshot context is not observation date or boundary date."",""Map geometry does not establish sovereignty or succession."",""Existing applicability intervals: []""]","35c5a20cdfaf4e7e7a788fd82d4c2b997e0fe878efe2392487968b8d61b9029f",""
"entity-ottoman-empire@1878/leadership","entity-ottoman-empire@1878","","Ottoman Empire","1878","leadership","MISSING","A","held-ambiguous","political-polity","true","[]","[]","[]","[]","{""map_identity_id"":""entity-ottoman-empire"",""aliases"":[],""historical_names"":[],""identifiers"":{}}","[""Snapshot context is not observation date or boundary date."",""Map geometry does not establish sovereignty or succession."",""Resolve historical identity before proposing entity-specific facts."",""Existing applicability intervals: []""]","35c5a20cdfaf4e7e7a788fd82d4c2b997e0fe878efe2392487968b8d61b9029f",""
"entity-ottoman-empire@1914/leadership","entity-ottoman-empire@1914","ottoman-second-constitutional-core","Ottoman Empire — amended 1909 framework","1914","leadership","MISSING","A","partially-supported","political-polity","false","[]","[]","[]","[]","{""map_identity_id"":""entity-ottoman-empire"",""aliases"":[],""historical_names"":[{""value"":""Ottoman Empire — amended 1909 framework"",""kind"":""primary"",""validFrom"":""1909-08-21"",""validUntil"":""1915-01-01""}],""identifiers"":{}}","[""Snapshot context is not observation date or boundary date."",""Map geometry does not establish sovereignty or succession."",""Existing applicability intervals: []""]","35c5a20cdfaf4e7e7a788fd82d4c2b997e0fe878efe2392487968b8d61b9029f",""
"entity-ottoman-sultanate@1920/leadership","entity-ottoman-sultanate@1920","","Ottoman Sultanate","1920","leadership","MISSING","A","held-ambiguous","political-polity","true","[]","[]","[]","[]","{""map_identity_id"":""entity-ottoman-sultanate"",""aliases"":[],""historical_names"":[],""identifiers"":{}}","[""Snapshot context is not observation date or boundary date."",""Map geometry does not establish sovereignty or succession."",""Resolve historical identity before proposing entity-specific facts."",""Existing applicability intervals: []""]","35c5a20cdfaf4e7e7a788fd82d4c2b997e0fe878efe2392487968b8d61b9029f",""
"entity-turkey@1938/leadership","entity-turkey@1938","turkey-1937-constitutional-framework","Turkey — 1937 constitutional principles","1938","leadership","PARTIAL","A","partially-supported","political-polity","false","[""Ataturk"",""Inonu""]","[]","[{""id"":""turkey-1937-constitutional-framework-central-office"",""description"":""Entity-associated effective central political leadership according to Archigos, within Turkey — 1937 constitutional principles; country coding does not establish polygon-wide authority."",""relationship"":""same""},{""id"":""turkey-1937-constitutional-framework-central-office"",""description"":""Entity-associated effective central political leadership according to Archigos, within Turkey — 1937 constitutional principles; country coding does not establish polygon-wide authority."",""relationship"":""same""}]","[]","{""map_identity_id"":""entity-turkey"",""aliases"":[],""historical_names"":[{""value"":""Turkey — 1937 constitutional principles"",""kind"":""primary"",""validFrom"":""1937-02-05"",""validUntil"":""1960-05-27""}],""identifiers"":{}}","[""Snapshot context is not observation date or boundary date."",""Map geometry does not establish sovereignty or succession."",""Existing applicability intervals: [{\""kind\"":\""interval\"",\""from\"":\""1937-02-05\"",\""until\"":\""1938-11-10\"",\""certainty\"":\""exact\""},{\""kind\"":\""interval\"",\""from\"":\""1938-11-11\"",\""until\"":\""1950-05-22\"",\""certainty\"":\""exact\""}]""]","35c5a20cdfaf4e7e7a788fd82d4c2b997e0fe878efe2392487968b8d61b9029f",""
"entity-turkey@1960/leadership","entity-turkey@1960","","Turkey","1960","leadership","MISSING","A","held-ambiguous","political-polity","true","[]","[]","[]","[]","{""map_identity_id"":""entity-turkey"",""aliases"":[],""historical_names"":[],""identifiers"":{}}","[""Snapshot context is not observation date or boundary date."",""Map geometry does not establish sovereignty or succession."",""Resolve historical identity before proposing entity-specific facts."",""Existing applicability intervals: []""]","35c5a20cdfaf4e7e7a788fd82d4c2b997e0fe878efe2392487968b8d61b9029f",""
"entity-korea@1800/leadership","entity-korea@1800","korea-joseon-framework","Korea — Joseon dynasty","1800","leadership","MISSING","A","partially-supported","political-polity","false","[]","[]","[]","[]","{""map_identity_id"":""entity-korea"",""aliases"":[],""historical_names"":[{""value"":""Korea — Joseon dynasty"",""kind"":""primary"",""validFrom"":""1800-01-01"",""validUntil"":""1897-10""}],""identifiers"":{}}","[""Snapshot context is not observation date or boundary date."",""Map geometry does not establish sovereignty or succession."",""Existing applicability intervals: []""]","35c5a20cdfaf4e7e7a788fd82d4c2b997e0fe878efe2392487968b8d61b9029f",""
"entity-korea@1815/leadership","entity-korea@1815","korea-joseon-framework","Korea — Joseon dynasty","1815","leadership","MISSING","A","partially-supported","political-polity","false","[]","[]","[]","[]","{""map_identity_id"":""entity-korea"",""aliases"":[],""historical_names"":[{""value"":""Korea — Joseon dynasty"",""kind"":""primary"",""validFrom"":""1800-01-01"",""validUntil"":""1897-10""}],""identifiers"":{}}","[""Snapshot context is not observation date or boundary date."",""Map geometry does not establish sovereignty or succession."",""Existing applicability intervals: []""]","35c5a20cdfaf4e7e7a788fd82d4c2b997e0fe878efe2392487968b8d61b9029f",""
"entity-korea-republic-of@1960/leadership","entity-korea-republic-of@1960","korea-republic-1948","Republic of Korea","1960","leadership","PARTIAL","A","partially-supported","political-polity","false","[""Syngman Rhee""]","[]","[]","[]","{""map_identity_id"":""entity-korea-republic-of"",""aliases"":[],""historical_names"":[{""value"":""Republic of Korea"",""kind"":""primary"",""validFrom"":""1948-08"",""validUntil"":""1961-01-01""}],""identifiers"":{}}","[""Snapshot context is not observation date or boundary date."",""Map geometry does not establish sovereignty or succession."",""Existing applicability intervals: [{\""kind\"":\""interval\"",\""from\"":\""1960-01-01\"",\""until\"":\""1960-04-27\""}]""]","35c5a20cdfaf4e7e7a788fd82d4c2b997e0fe878efe2392487968b8d61b9029f",""
"entity-korea-usa@1945/leadership","entity-korea-usa@1945","korea-us-occupation","Southern Korea — United States occupation","1945","leadership","MISSING","A","partially-supported","dependent-administration","false","[]","[]","[]","[]","{""map_identity_id"":""entity-korea-usa"",""aliases"":[],""historical_names"":[{""value"":""Southern Korea — United States occupation"",""kind"":""primary"",""validFrom"":""1945-09"",""validUntil"":""1948-01-01""}],""identifiers"":{}}","[""Snapshot context is not observation date or boundary date."",""Map geometry does not establish sovereignty or succession."",""Existing applicability intervals: []""]","35c5a20cdfaf4e7e7a788fd82d4c2b997e0fe878efe2392487968b8d61b9029f",""
"entity-korea-ussr@1945/leadership","entity-korea-ussr@1945","korea-soviet-occupation","Northern Korea — Soviet occupation","1945","leadership","MISSING","A","partially-supported","dependent-administration","false","[]","[]","[]","[]","{""map_identity_id"":""entity-korea-ussr"",""aliases"":[],""historical_names"":[{""value"":""Northern Korea — Soviet occupation"",""kind"":""primary"",""validFrom"":""1945-09"",""validUntil"":""1948-01-01""}],""identifiers"":{}}","[""Snapshot context is not observation date or boundary date."",""Map geometry does not establish sovereignty or succession."",""Existing applicability intervals: []""]","35c5a20cdfaf4e7e7a788fd82d4c2b997e0fe878efe2392487968b8d61b9029f",""
"entity-portugal@1800/leadership","entity-portugal@1800","","Portugal","1800","leadership","MISSING","A","completely-empty","political-polity","true","[]","[]","[]","[]","{""map_identity_id"":""entity-portugal"",""aliases"":[],""historical_names"":[],""identifiers"":{}}","[""Snapshot context is not observation date or boundary date."",""Map geometry does not establish sovereignty or succession."",""Resolve historical identity before proposing entity-specific facts."",""Existing applicability intervals: []""]","35c5a20cdfaf4e7e7a788fd82d4c2b997e0fe878efe2392487968b8d61b9029f",""
"entity-portugal@1815/leadership","entity-portugal@1815","portugal-political-frameworks","Portugal","1815","leadership","MISSING","A","partially-supported","political-polity","false","[]","[]","[]","[]","{""map_identity_id"":""entity-portugal"",""aliases"":[],""historical_names"":[{""value"":""Portugal"",""kind"":""primary"",""validFrom"":""1808""},{""value"":""United Kingdom of Portugal, Brazil and the Algarves"",""kind"":""formal"",""validFrom"":""1815-12-16"",""validUntil"":""1816-01-01""}],""identifiers"":{}}","[""Snapshot context is not observation date or boundary date."",""Map geometry does not establish sovereignty or succession."",""Existing applicability intervals: []""]","35c5a20cdfaf4e7e7a788fd82d4c2b997e0fe878efe2392487968b8d61b9029f",""
"entity-siam@1938/leadership","entity-siam@1938","b13-siam-constitutional","Siam — early constitutional monarchy","1938","leadership","PARTIAL","A","partially-supported","political-polity","false","[""Phahon"",""Plaek Pibulsongkram""]","[]","[{""id"":""b13-siam-constitutional-central-office"",""description"":""Entity-associated effective central political leadership according to Archigos, within Siam — early constitutional monarchy; country coding does not establish polygon-wide authority."",""relationship"":""same""},{""id"":""b13-siam-constitutional-central-office"",""description"":""Entity-associated effective central political leadership according to Archigos, within Siam — early constitutional monarchy; country coding does not establish polygon-wide authority."",""relationship"":""same""}]","[]","{""map_identity_id"":""entity-siam"",""aliases"":[],""historical_names"":[{""value"":""Siam — early constitutional monarchy"",""kind"":""primary"",""validFrom"":""1934-01-01"",""validUntil"":""1939-01-01""}],""identifiers"":{}}","[""Snapshot context is not observation date or boundary date."",""Map geometry does not establish sovereignty or succession."",""Existing applicability intervals: [{\""kind\"":\""interval\"",\""from\"":\""1934-01-01\"",\""until\"":\""1938-12-21\"",\""certainty\"":\""exact\""},{\""kind\"":\""interval\"",\""from\"":\""1938-12-26\"",\""until\"":\""1939-01-01\"",\""certainty\"":\""exact\""}]""]","35c5a20cdfaf4e7e7a788fd82d4c2b997e0fe878efe2392487968b8d61b9029f",""
"entity-thailand@1945/leadership","entity-thailand@1945","","Thailand","1945","leadership","MISSING","A","completely-empty","political-polity","true","[]","[]","[]","[]","{""map_identity_id"":""entity-thailand"",""aliases"":[],""historical_names"":[],""identifiers"":{}}","[""Snapshot context is not observation date or boundary date."",""Map geometry does not establish sovereignty or succession."",""Resolve historical identity before proposing entity-specific facts."",""Existing applicability intervals: []""]","35c5a20cdfaf4e7e7a788fd82d4c2b997e0fe878efe2392487968b8d61b9029f",""
"entity-france@1815/leadership","entity-france@1815","france-political-frameworks","France","1815","leadership","PARTIAL","A","partially-supported","political-polity","false","[""Louis XVIII""]","[]","[]","[]","{""map_identity_id"":""entity-france"",""aliases"":[],""historical_names"":[{""value"":""France"",""kind"":""primary"",""validFrom"":""1799-12-13""}],""identifiers"":{}}","[""Snapshot context is not observation date or boundary date."",""Map geometry does not establish sovereignty or succession."",""Existing applicability intervals: [{\""kind\"":\""interval\"",\""from\"":\""1815-08-17\"",\""until\"":\""1824-09\""}]""]","35c5a20cdfaf4e7e7a788fd82d4c2b997e0fe878efe2392487968b8d61b9029f",""
"entity-persia@1914/leadership","entity-persia@1914","","Persia","1914","leadership","MISSING","A","completely-empty","political-polity","true","[]","[]","[]","[]","{""map_identity_id"":""entity-persia"",""aliases"":[],""historical_names"":[],""identifiers"":{}}","[""Snapshot context is not observation date or boundary date."",""Map geometry does not establish sovereignty or succession."",""Resolve historical identity before proposing entity-specific facts."",""Existing applicability intervals: []""]","35c5a20cdfaf4e7e7a788fd82d4c2b997e0fe878efe2392487968b8d61b9029f",""
"entity-belgian-congo@1914/leadership","entity-belgian-congo@1914","b17-belgian-congo-colonial","Belgian Congo — colonial administration","1914","leadership","MISSING","A","partially-supported","dependent-administration","false","[]","[]","[]","[]","{""map_identity_id"":""entity-belgian-congo"",""aliases"":[],""historical_names"":[{""value"":""Belgian Congo — colonial administration"",""kind"":""primary"",""validFrom"":""1914-01-01"",""validUntil"":""1939-01-01""}],""identifiers"":{}}","[""Snapshot context is not observation date or boundary date."",""Map geometry does not establish sovereignty or succession."",""Existing applicability intervals: []""]","35c5a20cdfaf4e7e7a788fd82d4c2b997e0fe878efe2392487968b8d61b9029f",""
"entity-belgian-congo@1938/leadership","entity-belgian-congo@1938","b17-belgian-congo-colonial","Belgian Congo — colonial administration","1938","leadership","MISSING","A","partially-supported","dependent-administration","false","[]","[]","[]","[]","{""map_identity_id"":""entity-belgian-congo"",""aliases"":[],""historical_names"":[{""value"":""Belgian Congo — colonial administration"",""kind"":""primary"",""validFrom"":""1914-01-01"",""validUntil"":""1939-01-01""}],""identifiers"":{}}","[""Snapshot context is not observation date or boundary date."",""Map geometry does not establish sovereignty or succession."",""Existing applicability intervals: []""]","35c5a20cdfaf4e7e7a788fd82d4c2b997e0fe878efe2392487968b8d61b9029f",""
"entity-zaire-belgium@1920/leadership","entity-zaire-belgium@1920","b17-belgian-congo-colonial","Belgian Congo — colonial administration","1920","leadership","MISSING","A","partially-supported","dependent-administration","false","[]","[]","[]","[]","{""map_identity_id"":""entity-zaire-belgium"",""aliases"":[],""historical_names"":[{""value"":""Belgian Congo — colonial administration"",""kind"":""primary"",""validFrom"":""1914-01-01"",""validUntil"":""1939-01-01""}],""identifiers"":{}}","[""Snapshot context is not observation date or boundary date."",""Map geometry does not establish sovereignty or succession."",""Existing applicability intervals: []""]","35c5a20cdfaf4e7e7a788fd82d4c2b997e0fe878efe2392487968b8d61b9029f",""
"entity-zaire-belgium@1930/leadership","entity-zaire-belgium@1930","b17-belgian-congo-colonial","Belgian Congo — colonial administration","1930","leadership","MISSING","A","partially-supported","dependent-administration","false","[]","[]","[]","[]","{""map_identity_id"":""entity-zaire-belgium"",""aliases"":[],""historical_names"":[{""value"":""Belgian Congo — colonial administration"",""kind"":""primary"",""validFrom"":""1914-01-01"",""validUntil"":""1939-01-01""}],""identifiers"":{}}","[""Snapshot context is not observation date or boundary date."",""Map geometry does not establish sovereignty or succession."",""Existing applicability intervals: []""]","35c5a20cdfaf4e7e7a788fd82d4c2b997e0fe878efe2392487968b8d61b9029f",""
"entity-poland@1945/leadership","entity-poland@1945","","Poland","1945","leadership","MISSING","A","completely-empty","political-polity","true","[]","[]","[]","[]","{""map_identity_id"":""entity-poland"",""aliases"":[],""historical_names"":[],""identifiers"":{}}","[""Snapshot context is not observation date or boundary date."",""Map geometry does not establish sovereignty or succession."",""Resolve historical identity before proposing entity-specific facts."",""Existing applicability intervals: []""]","35c5a20cdfaf4e7e7a788fd82d4c2b997e0fe878efe2392487968b8d61b9029f",""
