"cell_id","occurrence_id","atlas_entity_id","atlas_display_name","snapshot_year","dossier_category","current_status","research_priority","mapping_status","eligibility_classification","identity_review_required","current_values","observation_dates","territorial_scopes","held_reasons","known_aliases_identifiers","notes","production_fingerprint","proposals_json"
"entity-philippines@1800/leadership","entity-philippines@1800","","Philippines","1800","leadership","MISSING","B","completely-empty","political-polity","true","[]","[]","[]","[]","{""map_identity_id"":""entity-philippines"",""aliases"":[],""historical_names"":[],""identifiers"":{}}","[""Snapshot context is not observation date or boundary date."",""Map geometry does not establish sovereignty or succession."",""Resolve historical identity before proposing entity-specific facts."",""Existing applicability intervals: []""]","49dbdde7b4019b3cfa77f8a9d410bf278b6401fdb2f53a1bc0705f77d4027bbb",""
"entity-philippines@1815/leadership","entity-philippines@1815","","Philippines","1815","leadership","MISSING","B","completely-empty","political-polity","true","[]","[]","[]","[]","{""map_identity_id"":""entity-philippines"",""aliases"":[],""historical_names"":[],""identifiers"":{}}","[""Snapshot context is not observation date or boundary date."",""Map geometry does not establish sovereignty or succession."",""Resolve historical identity before proposing entity-specific facts."",""Existing applicability intervals: []""]","49dbdde7b4019b3cfa77f8a9d410bf278b6401fdb2f53a1bc0705f77d4027bbb",""
"entity-philippines@1878/leadership","entity-philippines@1878","","Philippines","1878","leadership","MISSING","B","completely-empty","political-polity","true","[]","[]","[]","[]","{""map_identity_id"":""entity-philippines"",""aliases"":[],""historical_names"":[],""identifiers"":{}}","[""Snapshot context is not observation date or boundary date."",""Map geometry does not establish sovereignty or succession."",""Resolve historical identity before proposing entity-specific facts."",""Existing applicability intervals: []""]","49dbdde7b4019b3cfa77f8a9d410bf278b6401fdb2f53a1bc0705f77d4027bbb",""
"entity-philippines@1880/leadership","entity-philippines@1880","","Philippines","1880","leadership","MISSING","B","completely-empty","political-polity","true","[]","[]","[]","[]","{""map_identity_id"":""entity-philippines"",""aliases"":[],""historical_names"":[],""identifiers"":{}}","[""Snapshot context is not observation date or boundary date."",""Map geometry does not establish sovereignty or succession."",""Resolve historical identity before proposing entity-specific facts."",""Existing applicability intervals: []""]","49dbdde7b4019b3cfa77f8a9d410bf278b6401fdb2f53a1bc0705f77d4027bbb",""
"entity-philippines@1900/leadership","entity-philippines@1900","","Philippines","1900","leadership","MISSING","B","completely-empty","political-polity","true","[]","[]","[]","[]","{""map_identity_id"":""entity-philippines"",""aliases"":[],""historical_names"":[],""identifiers"":{}}","[""Snapshot context is not observation date or boundary date."",""Map geometry does not establish sovereignty or succession."",""Resolve historical identity before proposing entity-specific facts."",""Existing applicability intervals: []""]","49dbdde7b4019b3cfa77f8a9d410bf278b6401fdb2f53a1bc0705f77d4027bbb",""
"entity-philippines@1914/leadership","entity-philippines@1914","b13-philippines-organic","Philippines — Commission and Assembly framework","1914","leadership","MISSING","B","partially-supported","political-polity","false","[]","[]","[]","[]","{""map_identity_id"":""entity-philippines"",""aliases"":[],""historical_names"":[{""value"":""Philippines — Commission and Assembly framework"",""kind"":""primary"",""validFrom"":""1908-01-01"",""validUntil"":""1916-08-29""}],""identifiers"":{}}","[""Snapshot context is not observation date or boundary date."",""Map geometry does not establish sovereignty or succession."",""Existing applicability intervals: []""]","49dbdde7b4019b3cfa77f8a9d410bf278b6401fdb2f53a1bc0705f77d4027bbb",""
"entity-philippines@1920/leadership","entity-philippines@1920","b13-philippines-jones","Philippines — Jones Act government","1920","leadership","MISSING","B","partially-supported","political-polity","false","[]","[]","[]","[]","{""map_identity_id"":""entity-philippines"",""aliases"":[],""historical_names"":[{""value"":""Philippines — Jones Act government"",""kind"":""primary"",""validFrom"":""1917-01-01"",""validUntil"":""1935-01-01""}],""identifiers"":{}}","[""Snapshot context is not observation date or boundary date."",""Map geometry does not establish sovereignty or succession."",""Existing applicability intervals: []""]","49dbdde7b4019b3cfa77f8a9d410bf278b6401fdb2f53a1bc0705f77d4027bbb",""
"entity-philippines@1930/leadership","entity-philippines@1930","b13-philippines-jones","Philippines — Jones Act government","1930","leadership","MISSING","B","partially-supported","political-polity","false","[]","[]","[]","[]","{""map_identity_id"":""entity-philippines"",""aliases"":[],""historical_names"":[{""value"":""Philippines — Jones Act government"",""kind"":""primary"",""validFrom"":""1917-01-01"",""validUntil"":""1935-01-01""}],""identifiers"":{}}","[""Snapshot context is not observation date or boundary date."",""Map geometry does not establish sovereignty or succession."",""Existing applicability intervals: []""]","49dbdde7b4019b3cfa77f8a9d410bf278b6401fdb2f53a1bc0705f77d4027bbb",""
"entity-philippines@1945/leadership","entity-philippines@1945","","Philippines","1945","leadership","MISSING","B","completely-empty","political-polity","true","[]","[]","[]","[]","{""map_identity_id"":""entity-philippines"",""aliases"":[],""historical_names"":[],""identifiers"":{}}","[""Snapshot context is not observation date or boundary date."",""Map geometry does not establish sovereignty or succession."",""Resolve historical identity before proposing entity-specific facts."",""Existing applicability intervals: []""]","49dbdde7b4019b3cfa77f8a9d410bf278b6401fdb2f53a1bc0705f77d4027bbb",""
"entity-haiti@1815/leadership","entity-haiti@1815","","Haiti","1815","leadership","MISSING","B","held-ambiguous","political-polity","true","[]","[]","[]","[]","{""map_identity_id"":""entity-haiti"",""aliases"":[],""historical_names"":[],""identifiers"":{}}","[""Snapshot context is not observation date or boundary date."",""Map geometry does not establish sovereignty or succession."",""Resolve historical identity before proposing entity-specific facts."",""Existing applicability intervals: []""]","49dbdde7b4019b3cfa77f8a9d410bf278b6401fdb2f53a1bc0705f77d4027bbb",""
"entity-haiti@1878/leadership","entity-haiti@1878","","Haiti","1878","leadership","MISSING","B","held-ambiguous","political-polity","true","[]","[]","[]","[]","{""map_identity_id"":""entity-haiti"",""aliases"":[],""historical_names"":[],""identifiers"":{}}","[""Snapshot context is not observation date or boundary date."",""Map geometry does not establish sovereignty or succession."",""Resolve historical identity before proposing entity-specific facts."",""Existing applicability intervals: []""]","49dbdde7b4019b3cfa77f8a9d410bf278b6401fdb2f53a1bc0705f77d4027bbb",""
"entity-haiti@1880/leadership","entity-haiti@1880","","Haiti","1880","leadership","MISSING","B","held-ambiguous","political-polity","true","[]","[]","[]","[]","{""map_identity_id"":""entity-haiti"",""aliases"":[],""historical_names"":[],""identifiers"":{}}","[""Snapshot context is not observation date or boundary date."",""Map geometry does not establish sovereignty or succession."",""Resolve historical identity before proposing entity-specific facts."",""Existing applicability intervals: []""]","49dbdde7b4019b3cfa77f8a9d410bf278b6401fdb2f53a1bc0705f77d4027bbb",""
"entity-haiti@1900/leadership","entity-haiti@1900","","Haiti","1900","leadership","MISSING","B","held-ambiguous","political-polity","true","[]","[]","[]","[]","{""map_identity_id"":""entity-haiti"",""aliases"":[],""historical_names"":[],""identifiers"":{}}","[""Snapshot context is not observation date or boundary date."",""Map geometry does not establish sovereignty or succession."",""Resolve historical identity before proposing entity-specific facts."",""Existing applicability intervals: []""]","49dbdde7b4019b3cfa77f8a9d410bf278b6401fdb2f53a1bc0705f77d4027bbb",""
"entity-haiti@1914/leadership","entity-haiti@1914","","Haiti","1914","leadership","MISSING","B","held-ambiguous","political-polity","true","[]","[]","[]","[]","{""map_identity_id"":""entity-haiti"",""aliases"":[],""historical_names"":[],""identifiers"":{}}","[""Snapshot context is not observation date or boundary date."",""Map geometry does not establish sovereignty or succession."",""Resolve historical identity before proposing entity-specific facts."",""Existing applicability intervals: []""]","49dbdde7b4019b3cfa77f8a9d410bf278b6401fdb2f53a1bc0705f77d4027bbb",""
"entity-haiti@1920/leadership","entity-haiti@1920","b10-haiti-occupation-without-legislature","Haiti — US occupation framework","1920","leadership","MISSING","B","partially-supported","political-polity","false","[]","[]","[]","[]","{""map_identity_id"":""entity-haiti"",""aliases"":[],""historical_names"":[{""value"":""Haiti — US occupation framework"",""kind"":""primary"",""validFrom"":""1918-01-01"",""validUntil"":""1929-01-01""}],""identifiers"":{}}","[""Snapshot context is not observation date or boundary date."",""Map geometry does not establish sovereignty or succession."",""Existing applicability intervals: []""]","49dbdde7b4019b3cfa77f8a9d410bf278b6401fdb2f53a1bc0705f77d4027bbb",""
"entity-haiti@1930/leadership","entity-haiti@1930","","Haiti","1930","leadership","MISSING","B","held-ambiguous","political-polity","true","[]","[]","[]","[]","{""map_identity_id"":""entity-haiti"",""aliases"":[],""historical_names"":[],""identifiers"":{}}","[""Snapshot context is not observation date or boundary date."",""Map geometry does not establish sovereignty or succession."",""Resolve historical identity before proposing entity-specific facts."",""Existing applicability intervals: []""]","49dbdde7b4019b3cfa77f8a9d410bf278b6401fdb2f53a1bc0705f77d4027bbb",""
"entity-haiti@1938/leadership","entity-haiti@1938","","Haiti","1938","leadership","MISSING","B","held-ambiguous","political-polity","true","[]","[]","[]","[]","{""map_identity_id"":""entity-haiti"",""aliases"":[],""historical_names"":[],""identifiers"":{}}","[""Snapshot context is not observation date or boundary date."",""Map geometry does not establish sovereignty or succession."",""Resolve historical identity before proposing entity-specific facts."",""Existing applicability intervals: []""]","49dbdde7b4019b3cfa77f8a9d410bf278b6401fdb2f53a1bc0705f77d4027bbb",""
"entity-haiti@1945/leadership","entity-haiti@1945","","Haiti","1945","leadership","MISSING","B","held-ambiguous","political-polity","true","[]","[]","[]","[]","{""map_identity_id"":""entity-haiti"",""aliases"":[],""historical_names"":[],""identifiers"":{}}","[""Snapshot context is not observation date or boundary date."",""Map geometry does not establish sovereignty or succession."",""Resolve historical identity before proposing entity-specific facts."",""Existing applicability intervals: []""]","49dbdde7b4019b3cfa77f8a9d410bf278b6401fdb2f53a1bc0705f77d4027bbb",""
"entity-bulgaria@1878/leadership","entity-bulgaria@1878","bulgarian-berlin-settlement-framework","Principality of Bulgaria — Berlin settlement","1878","leadership","MISSING","B","partially-supported","political-polity","false","[]","[]","[]","[]","{""map_identity_id"":""entity-bulgaria"",""aliases"":[],""historical_names"":[{""value"":""Principality of Bulgaria — Berlin settlement"",""kind"":""primary"",""validFrom"":""1878-07-13"",""validUntil"":""1879-01-01""}],""identifiers"":{}}","[""Snapshot context is not observation date or boundary date."",""Map geometry does not establish sovereignty or succession."",""Existing applicability intervals: []""]","49dbdde7b4019b3cfa77f8a9d410bf278b6401fdb2f53a1bc0705f77d4027bbb",""
"entity-bulgaria@1880/leadership","entity-bulgaria@1880","bulgarian-tarnovo-1880-framework","Principality of Bulgaria — early Tarnovo framework","1880","leadership","MISSING","B","partially-supported","political-polity","false","[]","[]","[]","[]","{""map_identity_id"":""entity-bulgaria"",""aliases"":[],""historical_names"":[{""value"":""Principality of Bulgaria — early Tarnovo framework"",""kind"":""primary"",""validFrom"":""1880-01-01"",""validUntil"":""1881-01-01""}],""identifiers"":{}}","[""Snapshot context is not observation date or boundary date."",""Map geometry does not establish sovereignty or succession."",""Existing applicability intervals: []""]","49dbdde7b4019b3cfa77f8a9d410bf278b6401fdb2f53a1bc0705f77d4027bbb",""
"entity-bulgaria@1900/leadership","entity-bulgaria@1900","","Bulgaria","1900","leadership","MISSING","B","completely-empty","political-polity","true","[]","[]","[]","[]","{""map_identity_id"":""entity-bulgaria"",""aliases"":[],""historical_names"":[],""identifiers"":{}}","[""Snapshot context is not observation date or boundary date."",""Map geometry does not establish sovereignty or succession."",""Resolve historical identity before proposing entity-specific facts."",""Existing applicability intervals: []""]","49dbdde7b4019b3cfa77f8a9d410bf278b6401fdb2f53a1bc0705f77d4027bbb",""
"entity-bulgaria@1914/leadership","entity-bulgaria@1914","","Bulgaria","1914","leadership","MISSING","B","completely-empty","political-polity","true","[]","[]","[]","[]","{""map_identity_id"":""entity-bulgaria"",""aliases"":[],""historical_names"":[],""identifiers"":{}}","[""Snapshot context is not observation date or boundary date."",""Map geometry does not establish sovereignty or succession."",""Resolve historical identity before proposing entity-specific facts."",""Existing applicability intervals: []""]","49dbdde7b4019b3cfa77f8a9d410bf278b6401fdb2f53a1bc0705f77d4027bbb",""
"entity-bulgaria@1920/leadership","entity-bulgaria@1920","","Bulgaria","1920","leadership","MISSING","B","completely-empty","political-polity","true","[]","[]","[]","[]","{""map_identity_id"":""entity-bulgaria"",""aliases"":[],""historical_names"":[],""identifiers"":{}}","[""Snapshot context is not observation date or boundary date."",""Map geometry does not establish sovereignty or succession."",""Resolve historical identity before proposing entity-specific facts."",""Existing applicability intervals: []""]","49dbdde7b4019b3cfa77f8a9d410bf278b6401fdb2f53a1bc0705f77d4027bbb",""
"entity-bulgaria@1930/leadership","entity-bulgaria@1930","","Bulgaria","1930","leadership","MISSING","B","completely-empty","political-polity","true","[]","[]","[]","[]","{""map_identity_id"":""entity-bulgaria"",""aliases"":[],""historical_names"":[],""identifiers"":{}}","[""Snapshot context is not observation date or boundary date."",""Map geometry does not establish sovereignty or succession."",""Resolve historical identity before proposing entity-specific facts."",""Existing applicability intervals: []""]","49dbdde7b4019b3cfa77f8a9d410bf278b6401fdb2f53a1bc0705f77d4027bbb",""
"entity-bulgaria@1938/leadership","entity-bulgaria@1938","","Bulgaria","1938","leadership","MISSING","B","completely-empty","political-polity","true","[]","[]","[]","[]","{""map_identity_id"":""entity-bulgaria"",""aliases"":[],""historical_names"":[],""identifiers"":{}}","[""Snapshot context is not observation date or boundary date."",""Map geometry does not establish sovereignty or succession."",""Resolve historical identity before proposing entity-specific facts."",""Existing applicability intervals: []""]","49dbdde7b4019b3cfa77f8a9d410bf278b6401fdb2f53a1bc0705f77d4027bbb",""
"entity-bulgaria@1945/leadership","entity-bulgaria@1945","","Bulgaria","1945","leadership","MISSING","B","completely-empty","political-polity","true","[]","[]","[]","[]","{""map_identity_id"":""entity-bulgaria"",""aliases"":[],""historical_names"":[],""identifiers"":{}}","[""Snapshot context is not observation date or boundary date."",""Map geometry does not establish sovereignty or succession."",""Resolve historical identity before proposing entity-specific facts."",""Existing applicability intervals: []""]","49dbdde7b4019b3cfa77f8a9d410bf278b6401fdb2f53a1bc0705f77d4027bbb",""
"entity-bulgaria@1960/leadership","entity-bulgaria@1960","","Bulgaria","1960","leadership","MISSING","B","completely-empty","political-polity","true","[]","[]","[]","[]","{""map_identity_id"":""entity-bulgaria"",""aliases"":[],""historical_names"":[],""identifiers"":{}}","[""Snapshot context is not observation date or boundary date."",""Map geometry does not establish sovereignty or succession."",""Resolve historical identity before proposing entity-specific facts."",""Existing applicability intervals: []""]","49dbdde7b4019b3cfa77f8a9d410bf278b6401fdb2f53a1bc0705f77d4027bbb",""
"entity-colombia@1878/leadership","entity-colombia@1878","colombia-united-states-framework","United States of Colombia — federal framework","1878","leadership","PARTIAL","B","partially-supported","political-polity","false","[""Parra""]","[]","[{""id"":""colombia-united-states-framework-central-office"",""description"":""Entity-associated effective central political leadership according to Archigos, within United States of Colombia — federal framework; country coding does not establish polygon-wide authority."",""relationship"":""same""}]","[]","{""map_identity_id"":""entity-colombia"",""aliases"":[],""historical_names"":[{""value"":""United States of Colombia — federal framework"",""kind"":""primary"",""validFrom"":""1870-01-01"",""validUntil"":""1885-01-01""}],""identifiers"":{}}","[""Snapshot context is not observation date or boundary date."",""Map geometry does not establish sovereignty or succession."",""Existing applicability intervals: [{\""kind\"":\""interval\"",\""from\"":\""1877-08-15\"",\""until\"":\""1878-04-01\"",\""certainty\"":\""exact\""}]""]","49dbdde7b4019b3cfa77f8a9d410bf278b6401fdb2f53a1bc0705f77d4027bbb",""
"entity-colombia@1880/leadership","entity-colombia@1880","colombia-united-states-framework","United States of Colombia — federal framework","1880","leadership","PARTIAL","B","partially-supported","political-polity","false","[""Nunez""]","[]","[{""id"":""colombia-united-states-framework-central-office"",""description"":""Entity-associated effective central political leadership according to Archigos, within United States of Colombia — federal framework; country coding does not establish polygon-wide authority."",""relationship"":""same""}]","[]","{""map_identity_id"":""entity-colombia"",""aliases"":[],""historical_names"":[{""value"":""United States of Colombia — federal framework"",""kind"":""primary"",""validFrom"":""1870-01-01"",""validUntil"":""1885-01-01""}],""identifiers"":{}}","[""Snapshot context is not observation date or boundary date."",""Map geometry does not establish sovereignty or succession."",""Existing applicability intervals: [{\""kind\"":\""interval\"",\""from\"":\""1880-04-08\"",\""until\"":\""1882-04-01\"",\""certainty\"":\""exact\""}]""]","49dbdde7b4019b3cfa77f8a9d410bf278b6401fdb2f53a1bc0705f77d4027bbb",""
"entity-colombia@1914/leadership","entity-colombia@1914","","Colombia","1914","leadership","MISSING","B","completely-empty","political-polity","true","[]","[]","[]","[]","{""map_identity_id"":""entity-colombia"",""aliases"":[],""historical_names"":[],""identifiers"":{}}","[""Snapshot context is not observation date or boundary date."",""Map geometry does not establish sovereignty or succession."",""Resolve historical identity before proposing entity-specific facts."",""Existing applicability intervals: []""]","49dbdde7b4019b3cfa77f8a9d410bf278b6401fdb2f53a1bc0705f77d4027bbb",""
"entity-colombia@1920/leadership","entity-colombia@1920","","Colombia","1920","leadership","MISSING","B","completely-empty","political-polity","true","[]","[]","[]","[]","{""map_identity_id"":""entity-colombia"",""aliases"":[],""historical_names"":[],""identifiers"":{}}","[""Snapshot context is not observation date or boundary date."",""Map geometry does not establish sovereignty or succession."",""Resolve historical identity before proposing entity-specific facts."",""Existing applicability intervals: []""]","49dbdde7b4019b3cfa77f8a9d410bf278b6401fdb2f53a1bc0705f77d4027bbb",""
"entity-colombia@1930/leadership","entity-colombia@1930","","Colombia","1930","leadership","MISSING","B","completely-empty","political-polity","true","[]","[]","[]","[]","{""map_identity_id"":""entity-colombia"",""aliases"":[],""historical_names"":[],""identifiers"":{}}","[""Snapshot context is not observation date or boundary date."",""Map geometry does not establish sovereignty or succession."",""Resolve historical identity before proposing entity-specific facts."",""Existing applicability intervals: []""]","49dbdde7b4019b3cfa77f8a9d410bf278b6401fdb2f53a1bc0705f77d4027bbb",""
"entity-colombia@1938/leadership","entity-colombia@1938","","Colombia","1938","leadership","MISSING","B","completely-empty","political-polity","true","[]","[]","[]","[]","{""map_identity_id"":""entity-colombia"",""aliases"":[],""historical_names"":[],""identifiers"":{}}","[""Snapshot context is not observation date or boundary date."",""Map geometry does not establish sovereignty or succession."",""Resolve historical identity before proposing entity-specific facts."",""Existing applicability intervals: []""]","49dbdde7b4019b3cfa77f8a9d410bf278b6401fdb2f53a1bc0705f77d4027bbb",""
"entity-colombia@1945/leadership","entity-colombia@1945","","Colombia","1945","leadership","MISSING","B","completely-empty","political-polity","true","[]","[]","[]","[]","{""map_identity_id"":""entity-colombia"",""aliases"":[],""historical_names"":[],""identifiers"":{}}","[""Snapshot context is not observation date or boundary date."",""Map geometry does not establish sovereignty or succession."",""Resolve historical identity before proposing entity-specific facts."",""Existing applicability intervals: []""]","49dbdde7b4019b3cfa77f8a9d410bf278b6401fdb2f53a1bc0705f77d4027bbb",""
"entity-romania@1878/leadership","entity-romania@1878","romanian-independent-principality-framework","Principality of Romania — independent framework","1878","leadership","PARTIAL","B","partially-supported","political-polity","false","[""Carol I""]","[]","[{""id"":""romanian-independent-principality-framework-central-office"",""description"":""Source-coded effective political leader within the existing bounded historical framework; no geometry, sovereignty, formal title or predecessor/successor inference."",""relationship"":""same""}]","[]","{""map_identity_id"":""entity-romania"",""aliases"":[],""historical_names"":[{""value"":""Principality of Romania — independent framework"",""kind"":""primary"",""validFrom"":""1878-07-13"",""validUntil"":""1881-01-01""}],""identifiers"":{}}","[""Snapshot context is not observation date or boundary date."",""Map geometry does not establish sovereignty or succession."",""Existing applicability intervals: [{\""kind\"":\""interval\"",\""from\"":\""1878-07-13\"",\""until\"":\""1881-01-01\"",\""certainty\"":\""exact\""}]""]","49dbdde7b4019b3cfa77f8a9d410bf278b6401fdb2f53a1bc0705f77d4027bbb",""
"entity-romania@1900/leadership","entity-romania@1900","","Romania","1900","leadership","MISSING","B","completely-empty","political-polity","true","[]","[]","[]","[]","{""map_identity_id"":""entity-romania"",""aliases"":[],""historical_names"":[],""identifiers"":{}}","[""Snapshot context is not observation date or boundary date."",""Map geometry does not establish sovereignty or succession."",""Resolve historical identity before proposing entity-specific facts."",""Existing applicability intervals: []""]","49dbdde7b4019b3cfa77f8a9d410bf278b6401fdb2f53a1bc0705f77d4027bbb",""
"entity-romania@1914/leadership","entity-romania@1914","","Romania","1914","leadership","MISSING","B","completely-empty","political-polity","true","[]","[]","[]","[]","{""map_identity_id"":""entity-romania"",""aliases"":[],""historical_names"":[],""identifiers"":{}}","[""Snapshot context is not observation date or boundary date."",""Map geometry does not establish sovereignty or succession."",""Resolve historical identity before proposing entity-specific facts."",""Existing applicability intervals: []""]","49dbdde7b4019b3cfa77f8a9d410bf278b6401fdb2f53a1bc0705f77d4027bbb",""
"entity-romania@1920/leadership","entity-romania@1920","","Romania","1920","leadership","MISSING","B","completely-empty","political-polity","true","[]","[]","[]","[]","{""map_identity_id"":""entity-romania"",""aliases"":[],""historical_names"":[],""identifiers"":{}}","[""Snapshot context is not observation date or boundary date."",""Map geometry does not establish sovereignty or succession."",""Resolve historical identity before proposing entity-specific facts."",""Existing applicability intervals: []""]","49dbdde7b4019b3cfa77f8a9d410bf278b6401fdb2f53a1bc0705f77d4027bbb",""
"entity-romania@1938/leadership","entity-romania@1938","","Romania","1938","leadership","MISSING","B","held-ambiguous","political-polity","true","[]","[]","[]","[]","{""map_identity_id"":""entity-romania"",""aliases"":[],""historical_names"":[],""identifiers"":{}}","[""Snapshot context is not observation date or boundary date."",""Map geometry does not establish sovereignty or succession."",""Resolve historical identity before proposing entity-specific facts."",""Existing applicability intervals: []""]","49dbdde7b4019b3cfa77f8a9d410bf278b6401fdb2f53a1bc0705f77d4027bbb",""
"entity-romania@1945/leadership","entity-romania@1945","","Romania","1945","leadership","MISSING","B","completely-empty","political-polity","true","[]","[]","[]","[]","{""map_identity_id"":""entity-romania"",""aliases"":[],""historical_names"":[],""identifiers"":{}}","[""Snapshot context is not observation date or boundary date."",""Map geometry does not establish sovereignty or succession."",""Resolve historical identity before proposing entity-specific facts."",""Existing applicability intervals: []""]","49dbdde7b4019b3cfa77f8a9d410bf278b6401fdb2f53a1bc0705f77d4027bbb",""
"entity-romania@1960/leadership","entity-romania@1960","","Romania","1960","leadership","MISSING","B","completely-empty","political-polity","true","[]","[]","[]","[]","{""map_identity_id"":""entity-romania"",""aliases"":[],""historical_names"":[],""identifiers"":{}}","[""Snapshot context is not observation date or boundary date."",""Map geometry does not establish sovereignty or succession."",""Resolve historical identity before proposing entity-specific facts."",""Existing applicability intervals: []""]","49dbdde7b4019b3cfa77f8a9d410bf278b6401fdb2f53a1bc0705f77d4027bbb",""
"entity-peru@1920/leadership","entity-peru@1920","","Peru","1920","leadership","MISSING","B","completely-empty","political-polity","true","[]","[]","[]","[]","{""map_identity_id"":""entity-peru"",""aliases"":[],""historical_names"":[],""identifiers"":{}}","[""Snapshot context is not observation date or boundary date."",""Map geometry does not establish sovereignty or succession."",""Resolve historical identity before proposing entity-specific facts."",""Existing applicability intervals: []""]","49dbdde7b4019b3cfa77f8a9d410bf278b6401fdb2f53a1bc0705f77d4027bbb",""
"entity-peru@1930/leadership","entity-peru@1930","","Peru","1930","leadership","MISSING","B","completely-empty","political-polity","true","[]","[]","[]","[]","{""map_identity_id"":""entity-peru"",""aliases"":[],""historical_names"":[],""identifiers"":{}}","[""Snapshot context is not observation date or boundary date."",""Map geometry does not establish sovereignty or succession."",""Resolve historical identity before proposing entity-specific facts."",""Existing applicability intervals: []""]","49dbdde7b4019b3cfa77f8a9d410bf278b6401fdb2f53a1bc0705f77d4027bbb",""
"entity-peru@1938/leadership","entity-peru@1938","","Peru","1938","leadership","MISSING","B","completely-empty","political-polity","true","[]","[]","[]","[]","{""map_identity_id"":""entity-peru"",""aliases"":[],""historical_names"":[],""identifiers"":{}}","[""Snapshot context is not observation date or boundary date."",""Map geometry does not establish sovereignty or succession."",""Resolve historical identity before proposing entity-specific facts."",""Existing applicability intervals: []""]","49dbdde7b4019b3cfa77f8a9d410bf278b6401fdb2f53a1bc0705f77d4027bbb",""
"entity-peru@1945/leadership","entity-peru@1945","","Peru","1945","leadership","MISSING","B","completely-empty","political-polity","true","[]","[]","[]","[]","{""map_identity_id"":""entity-peru"",""aliases"":[],""historical_names"":[],""identifiers"":{}}","[""Snapshot context is not observation date or boundary date."",""Map geometry does not establish sovereignty or succession."",""Resolve historical identity before proposing entity-specific facts."",""Existing applicability intervals: []""]","49dbdde7b4019b3cfa77f8a9d410bf278b6401fdb2f53a1bc0705f77d4027bbb",""
"entity-peru@1960/leadership","entity-peru@1960","","Peru","1960","leadership","MISSING","B","completely-empty","political-polity","true","[]","[]","[]","[]","{""map_identity_id"":""entity-peru"",""aliases"":[],""historical_names"":[],""identifiers"":{}}","[""Snapshot context is not observation date or boundary date."",""Map geometry does not establish sovereignty or succession."",""Resolve historical identity before proposing entity-specific facts."",""Existing applicability intervals: []""]","49dbdde7b4019b3cfa77f8a9d410bf278b6401fdb2f53a1bc0705f77d4027bbb",""
"entity-ecuador@1878/leadership","entity-ecuador@1878","","Ecuador","1878","leadership","MISSING","B","completely-empty","political-polity","true","[]","[]","[]","[]","{""map_identity_id"":""entity-ecuador"",""aliases"":[],""historical_names"":[],""identifiers"":{}}","[""Snapshot context is not observation date or boundary date."",""Map geometry does not establish sovereignty or succession."",""Resolve historical identity before proposing entity-specific facts."",""Existing applicability intervals: []""]","49dbdde7b4019b3cfa77f8a9d410bf278b6401fdb2f53a1bc0705f77d4027bbb",""
"entity-ecuador@1880/leadership","entity-ecuador@1880","","Ecuador","1880","leadership","MISSING","B","completely-empty","political-polity","true","[]","[]","[]","[]","{""map_identity_id"":""entity-ecuador"",""aliases"":[],""historical_names"":[],""identifiers"":{}}","[""Snapshot context is not observation date or boundary date."",""Map geometry does not establish sovereignty or succession."",""Resolve historical identity before proposing entity-specific facts."",""Existing applicability intervals: []""]","49dbdde7b4019b3cfa77f8a9d410bf278b6401fdb2f53a1bc0705f77d4027bbb",""
"entity-ecuador@1900/leadership","entity-ecuador@1900","","Ecuador","1900","leadership","MISSING","B","completely-empty","political-polity","true","[]","[]","[]","[]","{""map_identity_id"":""entity-ecuador"",""aliases"":[],""historical_names"":[],""identifiers"":{}}","[""Snapshot context is not observation date or boundary date."",""Map geometry does not establish sovereignty or succession."",""Resolve historical identity before proposing entity-specific facts."",""Existing applicability intervals: []""]","49dbdde7b4019b3cfa77f8a9d410bf278b6401fdb2f53a1bc0705f77d4027bbb",""
"entity-ecuador@1930/leadership","entity-ecuador@1930","","Ecuador","1930","leadership","MISSING","B","completely-empty","political-polity","true","[]","[]","[]","[]","{""map_identity_id"":""entity-ecuador"",""aliases"":[],""historical_names"":[],""identifiers"":{}}","[""Snapshot context is not observation date or boundary date."",""Map geometry does not establish sovereignty or succession."",""Resolve historical identity before proposing entity-specific facts."",""Existing applicability intervals: []""]","49dbdde7b4019b3cfa77f8a9d410bf278b6401fdb2f53a1bc0705f77d4027bbb",""
"entity-ecuador@1938/leadership","entity-ecuador@1938","","Ecuador","1938","leadership","MISSING","B","completely-empty","political-polity","true","[]","[]","[]","[]","{""map_identity_id"":""entity-ecuador"",""aliases"":[],""historical_names"":[],""identifiers"":{}}","[""Snapshot context is not observation date or boundary date."",""Map geometry does not establish sovereignty or succession."",""Resolve historical identity before proposing entity-specific facts."",""Existing applicability intervals: []""]","49dbdde7b4019b3cfa77f8a9d410bf278b6401fdb2f53a1bc0705f77d4027bbb",""
"entity-ecuador@1945/leadership","entity-ecuador@1945","","Ecuador","1945","leadership","MISSING","B","completely-empty","political-polity","true","[]","[]","[]","[]","{""map_identity_id"":""entity-ecuador"",""aliases"":[],""historical_names"":[],""identifiers"":{}}","[""Snapshot context is not observation date or boundary date."",""Map geometry does not establish sovereignty or succession."",""Resolve historical identity before proposing entity-specific facts."",""Existing applicability intervals: []""]","49dbdde7b4019b3cfa77f8a9d410bf278b6401fdb2f53a1bc0705f77d4027bbb",""
"entity-bolivia@1878/leadership","entity-bolivia@1878","","Bolivia","1878","leadership","MISSING","B","completely-empty","political-polity","true","[]","[]","[]","[]","{""map_identity_id"":""entity-bolivia"",""aliases"":[],""historical_names"":[],""identifiers"":{}}","[""Snapshot context is not observation date or boundary date."",""Map geometry does not establish sovereignty or succession."",""Resolve historical identity before proposing entity-specific facts."",""Existing applicability intervals: []""]","49dbdde7b4019b3cfa77f8a9d410bf278b6401fdb2f53a1bc0705f77d4027bbb",""
"entity-bolivia@1880/leadership","entity-bolivia@1880","","Bolivia","1880","leadership","MISSING","B","completely-empty","political-polity","true","[]","[]","[]","[]","{""map_identity_id"":""entity-bolivia"",""aliases"":[],""historical_names"":[],""identifiers"":{}}","[""Snapshot context is not observation date or boundary date."",""Map geometry does not establish sovereignty or succession."",""Resolve historical identity before proposing entity-specific facts."",""Existing applicability intervals: []""]","49dbdde7b4019b3cfa77f8a9d410bf278b6401fdb2f53a1bc0705f77d4027bbb",""
"entity-bolivia@1938/leadership","entity-bolivia@1938","","Bolivia","1938","leadership","MISSING","B","completely-empty","political-polity","true","[]","[]","[]","[]","{""map_identity_id"":""entity-bolivia"",""aliases"":[],""historical_names"":[],""identifiers"":{}}","[""Snapshot context is not observation date or boundary date."",""Map geometry does not establish sovereignty or succession."",""Resolve historical identity before proposing entity-specific facts."",""Existing applicability intervals: []""]","49dbdde7b4019b3cfa77f8a9d410bf278b6401fdb2f53a1bc0705f77d4027bbb",""
"entity-tibet@1914/leadership","entity-tibet@1914","","Tibet","1914","leadership","MISSING","B","held-ambiguous","political-polity","true","[]","[]","[]","[]","{""map_identity_id"":""entity-tibet"",""aliases"":[],""historical_names"":[],""identifiers"":{}}","[""Snapshot context is not observation date or boundary date."",""Map geometry does not establish sovereignty or succession."",""Resolve historical identity before proposing entity-specific facts."",""Existing applicability intervals: []""]","49dbdde7b4019b3cfa77f8a9d410bf278b6401fdb2f53a1bc0705f77d4027bbb",""
"entity-tibet@1920/leadership","entity-tibet@1920","","Tibet","1920","leadership","MISSING","B","held-ambiguous","political-polity","true","[]","[]","[]","[]","{""map_identity_id"":""entity-tibet"",""aliases"":[],""historical_names"":[],""identifiers"":{}}","[""Snapshot context is not observation date or boundary date."",""Map geometry does not establish sovereignty or succession."",""Resolve historical identity before proposing entity-specific facts."",""Existing applicability intervals: []""]","49dbdde7b4019b3cfa77f8a9d410bf278b6401fdb2f53a1bc0705f77d4027bbb",""
"entity-tibet@1930/leadership","entity-tibet@1930","","Tibet","1930","leadership","MISSING","B","held-ambiguous","political-polity","true","[]","[]","[]","[]","{""map_identity_id"":""entity-tibet"",""aliases"":[],""historical_names"":[],""identifiers"":{}}","[""Snapshot context is not observation date or boundary date."",""Map geometry does not establish sovereignty or succession."",""Resolve historical identity before proposing entity-specific facts."",""Existing applicability intervals: []""]","49dbdde7b4019b3cfa77f8a9d410bf278b6401fdb2f53a1bc0705f77d4027bbb",""
"entity-tibet@1938/leadership","entity-tibet@1938","","Tibet","1938","leadership","MISSING","B","held-ambiguous","political-polity","true","[]","[]","[]","[]","{""map_identity_id"":""entity-tibet"",""aliases"":[],""historical_names"":[],""identifiers"":{}}","[""Snapshot context is not observation date or boundary date."",""Map geometry does not establish sovereignty or succession."",""Resolve historical identity before proposing entity-specific facts."",""Existing applicability intervals: []""]","49dbdde7b4019b3cfa77f8a9d410bf278b6401fdb2f53a1bc0705f77d4027bbb",""
"entity-tibet@1945/leadership","entity-tibet@1945","","Tibet","1945","leadership","MISSING","B","held-ambiguous","political-polity","true","[]","[]","[]","[]","{""map_identity_id"":""entity-tibet"",""aliases"":[],""historical_names"":[],""identifiers"":{}}","[""Snapshot context is not observation date or boundary date."",""Map geometry does not establish sovereignty or succession."",""Resolve historical identity before proposing entity-specific facts."",""Existing applicability intervals: []""]","49dbdde7b4019b3cfa77f8a9d410bf278b6401fdb2f53a1bc0705f77d4027bbb",""
"entity-tibet@1960/leadership","entity-tibet@1960","","Tibet","1960","leadership","MISSING","B","held-ambiguous","political-polity","true","[]","[]","[]","[]","{""map_identity_id"":""entity-tibet"",""aliases"":[],""historical_names"":[],""identifiers"":{}}","[""Snapshot context is not observation date or boundary date."",""Map geometry does not establish sovereignty or succession."",""Resolve historical identity before proposing entity-specific facts."",""Existing applicability intervals: []""]","49dbdde7b4019b3cfa77f8a9d410bf278b6401fdb2f53a1bc0705f77d4027bbb",""
"entity-morocco@1800/leadership","entity-morocco@1800","morocco-early-sultanate-framework","Morocco — early sovereign sultanate framework","1800","leadership","MISSING","B","partially-supported","political-polity","false","[]","[]","[]","[]","{""map_identity_id"":""entity-morocco"",""aliases"":[],""historical_names"":[{""value"":""Morocco — early sovereign sultanate framework"",""kind"":""primary"",""validFrom"":""1800-01-01"",""validUntil"":""1822-01-01""}],""identifiers"":{}}","[""Snapshot context is not observation date or boundary date."",""Map geometry does not establish sovereignty or succession."",""Existing applicability intervals: []""]","49dbdde7b4019b3cfa77f8a9d410bf278b6401fdb2f53a1bc0705f77d4027bbb",""
"entity-morocco@1815/leadership","entity-morocco@1815","morocco-early-sultanate-framework","Morocco — early sovereign sultanate framework","1815","leadership","MISSING","B","partially-supported","political-polity","false","[]","[]","[]","[]","{""map_identity_id"":""entity-morocco"",""aliases"":[],""historical_names"":[{""value"":""Morocco — early sovereign sultanate framework"",""kind"":""primary"",""validFrom"":""1800-01-01"",""validUntil"":""1822-01-01""}],""identifiers"":{}}","[""Snapshot context is not observation date or boundary date."",""Map geometry does not establish sovereignty or succession."",""Existing applicability intervals: []""]","49dbdde7b4019b3cfa77f8a9d410bf278b6401fdb2f53a1bc0705f77d4027bbb",""
"entity-morocco@1878/leadership","entity-morocco@1878","","Morocco","1878","leadership","MISSING","B","completely-empty","political-polity","true","[]","[]","[]","[]","{""map_identity_id"":""entity-morocco"",""aliases"":[],""historical_names"":[],""identifiers"":{}}","[""Snapshot context is not observation date or boundary date."",""Map geometry does not establish sovereignty or succession."",""Resolve historical identity before proposing entity-specific facts."",""Existing applicability intervals: []""]","49dbdde7b4019b3cfa77f8a9d410bf278b6401fdb2f53a1bc0705f77d4027bbb",""
"entity-morocco@1880/leadership","entity-morocco@1880","morocco-madrid-sultanate-framework","Morocco — sultanate at the Madrid convention","1880","leadership","MISSING","B","partially-supported","political-polity","false","[]","[]","[]","[]","{""map_identity_id"":""entity-morocco"",""aliases"":[],""historical_names"":[{""value"":""Morocco — sultanate at the Madrid convention"",""kind"":""primary"",""validFrom"":""1880-07-03"",""validUntil"":""1880-07-04""}],""identifiers"":{}}","[""Snapshot context is not observation date or boundary date."",""Map geometry does not establish sovereignty or succession."",""Existing applicability intervals: []""]","49dbdde7b4019b3cfa77f8a9d410bf278b6401fdb2f53a1bc0705f77d4027bbb",""
"entity-morocco@1900/leadership","entity-morocco@1900","","Morocco","1900","leadership","MISSING","B","completely-empty","political-polity","true","[]","[]","[]","[]","{""map_identity_id"":""entity-morocco"",""aliases"":[],""historical_names"":[],""identifiers"":{}}","[""Snapshot context is not observation date or boundary date."",""Map geometry does not establish sovereignty or succession."",""Resolve historical identity before proposing entity-specific facts."",""Existing applicability intervals: []""]","49dbdde7b4019b3cfa77f8a9d410bf278b6401fdb2f53a1bc0705f77d4027bbb",""
"entity-morocco@1914/leadership","entity-morocco@1914","morocco-french-protectorate-framework","Morocco — French protectorate framework","1914","leadership","MISSING","B","partially-supported","political-polity","false","[]","[]","[]","[]","{""map_identity_id"":""entity-morocco"",""aliases"":[],""historical_names"":[{""value"":""Morocco — French protectorate framework"",""kind"":""primary"",""validFrom"":""1913-01-01"",""validUntil"":""1939-01-01""}],""identifiers"":{}}","[""Snapshot context is not observation date or boundary date."",""Map geometry does not establish sovereignty or succession."",""Existing applicability intervals: []""]","49dbdde7b4019b3cfa77f8a9d410bf278b6401fdb2f53a1bc0705f77d4027bbb",""
"entity-morocco@1920/leadership","entity-morocco@1920","morocco-french-protectorate-framework","Morocco — French protectorate framework","1920","leadership","MISSING","B","partially-supported","political-polity","false","[]","[]","[]","[]","{""map_identity_id"":""entity-morocco"",""aliases"":[],""historical_names"":[{""value"":""Morocco — French protectorate framework"",""kind"":""primary"",""validFrom"":""1913-01-01"",""validUntil"":""1939-01-01""}],""identifiers"":{}}","[""Snapshot context is not observation date or boundary date."",""Map geometry does not establish sovereignty or succession."",""Existing applicability intervals: []""]","49dbdde7b4019b3cfa77f8a9d410bf278b6401fdb2f53a1bc0705f77d4027bbb",""
"entity-morocco@1930/leadership","entity-morocco@1930","morocco-french-protectorate-framework","Morocco — French protectorate framework","1930","leadership","MISSING","B","partially-supported","political-polity","false","[]","[]","[]","[]","{""map_identity_id"":""entity-morocco"",""aliases"":[],""historical_names"":[{""value"":""Morocco — French protectorate framework"",""kind"":""primary"",""validFrom"":""1913-01-01"",""validUntil"":""1939-01-01""}],""identifiers"":{}}","[""Snapshot context is not observation date or boundary date."",""Map geometry does not establish sovereignty or succession."",""Existing applicability intervals: []""]","49dbdde7b4019b3cfa77f8a9d410bf278b6401fdb2f53a1bc0705f77d4027bbb",""
"entity-morocco@1945/leadership","entity-morocco@1945","morocco-postwar-french-protectorate-framework","Morocco — postwar French protectorate framework","1945","leadership","MISSING","B","partially-supported","political-polity","false","[]","[]","[]","[]","{""map_identity_id"":""entity-morocco"",""aliases"":[],""historical_names"":[{""value"":""Morocco — postwar French protectorate framework"",""kind"":""primary"",""validFrom"":""1945-01-01"",""validUntil"":""1946-01-01""}],""identifiers"":{}}","[""Snapshot context is not observation date or boundary date."",""Map geometry does not establish sovereignty or succession."",""Existing applicability intervals: []""]","49dbdde7b4019b3cfa77f8a9d410bf278b6401fdb2f53a1bc0705f77d4027bbb",""
"entity-malaya@1800/leadership","entity-malaya@1800","","Malaya","1800","leadership","MISSING","B","held-ambiguous","dependent-administration","true","[]","[]","[]","[]","{""map_identity_id"":""entity-malaya"",""aliases"":[],""historical_names"":[],""identifiers"":{}}","[""Snapshot context is not observation date or boundary date."",""Map geometry does not establish sovereignty or succession."",""Resolve historical identity before proposing entity-specific facts."",""Existing applicability intervals: []""]","49dbdde7b4019b3cfa77f8a9d410bf278b6401fdb2f53a1bc0705f77d4027bbb",""
"entity-malaya@1815/leadership","entity-malaya@1815","","Malaya","1815","leadership","MISSING","B","held-ambiguous","dependent-administration","true","[]","[]","[]","[]","{""map_identity_id"":""entity-malaya"",""aliases"":[],""historical_names"":[],""identifiers"":{}}","[""Snapshot context is not observation date or boundary date."",""Map geometry does not establish sovereignty or succession."",""Resolve historical identity before proposing entity-specific facts."",""Existing applicability intervals: []""]","49dbdde7b4019b3cfa77f8a9d410bf278b6401fdb2f53a1bc0705f77d4027bbb",""
"entity-malaya@1878/leadership","entity-malaya@1878","","Malaya","1878","leadership","MISSING","B","held-ambiguous","dependent-administration","true","[]","[]","[]","[]","{""map_identity_id"":""entity-malaya"",""aliases"":[],""historical_names"":[],""identifiers"":{}}","[""Snapshot context is not observation date or boundary date."",""Map geometry does not establish sovereignty or succession."",""Resolve historical identity before proposing entity-specific facts."",""Existing applicability intervals: []""]","49dbdde7b4019b3cfa77f8a9d410bf278b6401fdb2f53a1bc0705f77d4027bbb",""
"entity-malaya@1880/leadership","entity-malaya@1880","","Malaya","1880","leadership","MISSING","B","held-ambiguous","dependent-administration","true","[]","[]","[]","[]","{""map_identity_id"":""entity-malaya"",""aliases"":[],""historical_names"":[],""identifiers"":{}}","[""Snapshot context is not observation date or boundary date."",""Map geometry does not establish sovereignty or succession."",""Resolve historical identity before proposing entity-specific facts."",""Existing applicability intervals: []""]","49dbdde7b4019b3cfa77f8a9d410bf278b6401fdb2f53a1bc0705f77d4027bbb",""
"entity-malaya@1900/leadership","entity-malaya@1900","","Malaya","1900","leadership","MISSING","B","held-ambiguous","dependent-administration","true","[]","[]","[]","[]","{""map_identity_id"":""entity-malaya"",""aliases"":[],""historical_names"":[],""identifiers"":{}}","[""Snapshot context is not observation date or boundary date."",""Map geometry does not establish sovereignty or succession."",""Resolve historical identity before proposing entity-specific facts."",""Existing applicability intervals: []""]","49dbdde7b4019b3cfa77f8a9d410bf278b6401fdb2f53a1bc0705f77d4027bbb",""
"entity-malaya@1914/leadership","entity-malaya@1914","","Malaya","1914","leadership","MISSING","B","held-ambiguous","dependent-administration","true","[]","[]","[]","[]","{""map_identity_id"":""entity-malaya"",""aliases"":[],""historical_names"":[],""identifiers"":{}}","[""Snapshot context is not observation date or boundary date."",""Map geometry does not establish sovereignty or succession."",""Resolve historical identity before proposing entity-specific facts."",""Existing applicability intervals: []""]","49dbdde7b4019b3cfa77f8a9d410bf278b6401fdb2f53a1bc0705f77d4027bbb",""
"entity-cuba@1914/leadership","entity-cuba@1914","","Cuba","1914","leadership","MISSING","B","completely-empty","political-polity","true","[]","[]","[]","[]","{""map_identity_id"":""entity-cuba"",""aliases"":[],""historical_names"":[],""identifiers"":{}}","[""Snapshot context is not observation date or boundary date."",""Map geometry does not establish sovereignty or succession."",""Resolve historical identity before proposing entity-specific facts."",""Existing applicability intervals: []""]","49dbdde7b4019b3cfa77f8a9d410bf278b6401fdb2f53a1bc0705f77d4027bbb",""
"entity-cuba@1920/leadership","entity-cuba@1920","","Cuba","1920","leadership","MISSING","B","completely-empty","political-polity","true","[]","[]","[]","[]","{""map_identity_id"":""entity-cuba"",""aliases"":[],""historical_names"":[],""identifiers"":{}}","[""Snapshot context is not observation date or boundary date."",""Map geometry does not establish sovereignty or succession."",""Resolve historical identity before proposing entity-specific facts."",""Existing applicability intervals: []""]","49dbdde7b4019b3cfa77f8a9d410bf278b6401fdb2f53a1bc0705f77d4027bbb",""
"entity-cuba@1930/leadership","entity-cuba@1930","","Cuba","1930","leadership","MISSING","B","completely-empty","political-polity","true","[]","[]","[]","[]","{""map_identity_id"":""entity-cuba"",""aliases"":[],""historical_names"":[],""identifiers"":{}}","[""Snapshot context is not observation date or boundary date."",""Map geometry does not establish sovereignty or succession."",""Resolve historical identity before proposing entity-specific facts."",""Existing applicability intervals: []""]","49dbdde7b4019b3cfa77f8a9d410bf278b6401fdb2f53a1bc0705f77d4027bbb",""
"entity-cuba@1938/leadership","entity-cuba@1938","","Cuba","1938","leadership","MISSING","B","completely-empty","political-polity","true","[]","[]","[]","[]","{""map_identity_id"":""entity-cuba"",""aliases"":[],""historical_names"":[],""identifiers"":{}}","[""Snapshot context is not observation date or boundary date."",""Map geometry does not establish sovereignty or succession."",""Resolve historical identity before proposing entity-specific facts."",""Existing applicability intervals: []""]","49dbdde7b4019b3cfa77f8a9d410bf278b6401fdb2f53a1bc0705f77d4027bbb",""
"entity-cuba@1945/leadership","entity-cuba@1945","","Cuba","1945","leadership","MISSING","B","completely-empty","political-polity","true","[]","[]","[]","[]","{""map_identity_id"":""entity-cuba"",""aliases"":[],""historical_names"":[],""identifiers"":{}}","[""Snapshot context is not observation date or boundary date."",""Map geometry does not establish sovereignty or succession."",""Resolve historical identity before proposing entity-specific facts."",""Existing applicability intervals: []""]","49dbdde7b4019b3cfa77f8a9d410bf278b6401fdb2f53a1bc0705f77d4027bbb",""
"entity-cuba@1960/leadership","entity-cuba@1960","b10-cuba-revolutionary-1960-january","Cuba — revolutionary government attested 21 January 1960","1960","leadership","PARTIAL","B","partially-supported","political-polity","false","[""Fidel Castro"",""Osvaldo Dorticós Torrado""]","[]","[]","[]","{""map_identity_id"":""entity-cuba"",""aliases"":[],""historical_names"":[{""value"":""Cuba — revolutionary government attested 21 January 1960"",""kind"":""primary"",""validFrom"":""1960-01-21"",""validUntil"":""1960-01-22""}],""identifiers"":{}}","[""Snapshot context is not observation date or boundary date."",""Map geometry does not establish sovereignty or succession."",""Existing applicability intervals: [{\""kind\"":\""interval\"",\""from\"":\""1960-01-21\"",\""until\"":\""1960-01-22\""},{\""kind\"":\""interval\"",\""from\"":\""1960-01-21\"",\""until\"":\""1960-01-22\""}]""]","49dbdde7b4019b3cfa77f8a9d410bf278b6401fdb2f53a1bc0705f77d4027bbb",""
"entity-greece@1914/leadership","entity-greece@1914","","Greece","1914","leadership","MISSING","B","completely-empty","political-polity","true","[]","[]","[]","[]","{""map_identity_id"":""entity-greece"",""aliases"":[],""historical_names"":[],""identifiers"":{}}","[""Snapshot context is not observation date or boundary date."",""Map geometry does not establish sovereignty or succession."",""Resolve historical identity before proposing entity-specific facts."",""Existing applicability intervals: []""]","49dbdde7b4019b3cfa77f8a9d410bf278b6401fdb2f53a1bc0705f77d4027bbb",""
"entity-greece@1920/leadership","entity-greece@1920","","Greece","1920","leadership","MISSING","B","completely-empty","political-polity","true","[]","[]","[]","[]","{""map_identity_id"":""entity-greece"",""aliases"":[],""historical_names"":[],""identifiers"":{}}","[""Snapshot context is not observation date or boundary date."",""Map geometry does not establish sovereignty or succession."",""Resolve historical identity before proposing entity-specific facts."",""Existing applicability intervals: []""]","49dbdde7b4019b3cfa77f8a9d410bf278b6401fdb2f53a1bc0705f77d4027bbb",""
"entity-greece@1938/leadership","entity-greece@1938","","Greece","1938","leadership","MISSING","B","completely-empty","political-polity","true","[]","[]","[]","[]","{""map_identity_id"":""entity-greece"",""aliases"":[],""historical_names"":[],""identifiers"":{}}","[""Snapshot context is not observation date or boundary date."",""Map geometry does not establish sovereignty or succession."",""Resolve historical identity before proposing entity-specific facts."",""Existing applicability intervals: []""]","49dbdde7b4019b3cfa77f8a9d410bf278b6401fdb2f53a1bc0705f77d4027bbb",""
"entity-greece@1945/leadership","entity-greece@1945","","Greece","1945","leadership","MISSING","B","completely-empty","political-polity","true","[]","[]","[]","[]","{""map_identity_id"":""entity-greece"",""aliases"":[],""historical_names"":[],""identifiers"":{}}","[""Snapshot context is not observation date or boundary date."",""Map geometry does not establish sovereignty or succession."",""Resolve historical identity before proposing entity-specific facts."",""Existing applicability intervals: []""]","49dbdde7b4019b3cfa77f8a9d410bf278b6401fdb2f53a1bc0705f77d4027bbb",""
"entity-angola@1815/leadership","entity-angola@1815","b17-angola-early-colonial","Angola — early Portuguese colonial foothold","1815","leadership","MISSING","B","partially-supported","dependent-administration","false","[]","[]","[]","[]","{""map_identity_id"":""entity-angola"",""aliases"":[],""historical_names"":[{""value"":""Angola — early Portuguese colonial foothold"",""kind"":""primary"",""validFrom"":""1815-01-01"",""validUntil"":""1816-01-01""}],""identifiers"":{}}","[""Snapshot context is not observation date or boundary date."",""Map geometry does not establish sovereignty or succession."",""Existing applicability intervals: []""]","49dbdde7b4019b3cfa77f8a9d410bf278b6401fdb2f53a1bc0705f77d4027bbb",""
"entity-angola@1900/leadership","entity-angola@1900","","Angola","1900","leadership","MISSING","B","completely-empty","dependent-administration","true","[]","[]","[]","[]","{""map_identity_id"":""entity-angola"",""aliases"":[],""historical_names"":[],""identifiers"":{}}","[""Snapshot context is not observation date or boundary date."",""Map geometry does not establish sovereignty or succession."",""Resolve historical identity before proposing entity-specific facts."",""Existing applicability intervals: []""]","49dbdde7b4019b3cfa77f8a9d410bf278b6401fdb2f53a1bc0705f77d4027bbb",""
"entity-angola@1914/leadership","entity-angola@1914","","Angola","1914","leadership","MISSING","B","completely-empty","dependent-administration","true","[]","[]","[]","[]","{""map_identity_id"":""entity-angola"",""aliases"":[],""historical_names"":[],""identifiers"":{}}","[""Snapshot context is not observation date or boundary date."",""Map geometry does not establish sovereignty or succession."",""Resolve historical identity before proposing entity-specific facts."",""Existing applicability intervals: []""]","49dbdde7b4019b3cfa77f8a9d410bf278b6401fdb2f53a1bc0705f77d4027bbb",""
"entity-angola@1920/leadership","entity-angola@1920","b17-angola-republic-colonial","Angola — Portuguese republican colonial administration","1920","leadership","MISSING","B","partially-supported","dependent-administration","false","[]","[]","[]","[]","{""map_identity_id"":""entity-angola"",""aliases"":[],""historical_names"":[{""value"":""Angola — Portuguese republican colonial administration"",""kind"":""primary"",""validFrom"":""1920-01-01"",""validUntil"":""1921-01-01""}],""identifiers"":{}}","[""Snapshot context is not observation date or boundary date."",""Map geometry does not establish sovereignty or succession."",""Existing applicability intervals: []""]","49dbdde7b4019b3cfa77f8a9d410bf278b6401fdb2f53a1bc0705f77d4027bbb",""
"entity-angola@1930/leadership","entity-angola@1930","","Angola","1930","leadership","MISSING","B","completely-empty","dependent-administration","true","[]","[]","[]","[]","{""map_identity_id"":""entity-angola"",""aliases"":[],""historical_names"":[],""identifiers"":{}}","[""Snapshot context is not observation date or boundary date."",""Map geometry does not establish sovereignty or succession."",""Resolve historical identity before proposing entity-specific facts."",""Existing applicability intervals: []""]","49dbdde7b4019b3cfa77f8a9d410bf278b6401fdb2f53a1bc0705f77d4027bbb",""
"entity-angola@1960/leadership","entity-angola@1960","b17-angola-1960-colonial","Angola — Portuguese colonial administration in 1960","1960","leadership","MISSING","B","partially-supported","dependent-administration","false","[]","[]","[]","[]","{""map_identity_id"":""entity-angola"",""aliases"":[],""historical_names"":[{""value"":""Angola — Portuguese colonial administration in 1960"",""kind"":""primary"",""validFrom"":""1960-01-01"",""validUntil"":""1961-01-01""}],""identifiers"":{}}","[""Snapshot context is not observation date or boundary date."",""Map geometry does not establish sovereignty or succession."",""Existing applicability intervals: []""]","49dbdde7b4019b3cfa77f8a9d410bf278b6401fdb2f53a1bc0705f77d4027bbb",""
"entity-nepal@1800/leadership","entity-nepal@1800","","Nepal","1800","leadership","MISSING","B","completely-empty","political-polity","true","[]","[]","[]","[]","{""map_identity_id"":""entity-nepal"",""aliases"":[],""historical_names"":[],""identifiers"":{}}","[""Snapshot context is not observation date or boundary date."",""Map geometry does not establish sovereignty or succession."",""Resolve historical identity before proposing entity-specific facts."",""Existing applicability intervals: []""]","49dbdde7b4019b3cfa77f8a9d410bf278b6401fdb2f53a1bc0705f77d4027bbb",""
"entity-nepal@1815/leadership","entity-nepal@1815","","Nepal","1815","leadership","MISSING","B","completely-empty","political-polity","true","[]","[]","[]","[]","{""map_identity_id"":""entity-nepal"",""aliases"":[],""historical_names"":[],""identifiers"":{}}","[""Snapshot context is not observation date or boundary date."",""Map geometry does not establish sovereignty or succession."",""Resolve historical identity before proposing entity-specific facts."",""Existing applicability intervals: []""]","49dbdde7b4019b3cfa77f8a9d410bf278b6401fdb2f53a1bc0705f77d4027bbb",""
"entity-nepal@1960/leadership","entity-nepal@1960","","Nepal","1960","leadership","MISSING","B","held-ambiguous","political-polity","true","[]","[]","[]","[]","{""map_identity_id"":""entity-nepal"",""aliases"":[],""historical_names"":[],""identifiers"":{}}","[""Snapshot context is not observation date or boundary date."",""Map geometry does not establish sovereignty or succession."",""Resolve historical identity before proposing entity-specific facts."",""Existing applicability intervals: []""]","49dbdde7b4019b3cfa77f8a9d410bf278b6401fdb2f53a1bc0705f77d4027bbb",""
"entity-paraguay@1800/leadership","entity-paraguay@1800","paraguay-spanish-provincial-framework","Paraguay — Spanish colonial province","1800","leadership","MISSING","B","partially-supported","political-polity","false","[]","[]","[]","[]","{""map_identity_id"":""entity-paraguay"",""aliases"":[],""historical_names"":[{""value"":""Paraguay — Spanish colonial province"",""kind"":""primary"",""validFrom"":""1800-01-01"",""validUntil"":""1806-01-01""}],""identifiers"":{}}","[""Snapshot context is not observation date or boundary date."",""Map geometry does not establish sovereignty or succession."",""Existing applicability intervals: []""]","49dbdde7b4019b3cfa77f8a9d410bf278b6401fdb2f53a1bc0705f77d4027bbb",""
"entity-paraguay@1878/leadership","entity-paraguay@1878","paraguay-1870-constitutional-framework","Paraguay — 1870 constitutional framework","1878","leadership","PARTIAL","B","partially-supported","political-polity","false","[""Uriarte"",""Barreiro""]","[]","[{""id"":""paraguay-1870-constitutional-framework-central-office"",""description"":""Entity-associated effective central political leadership according to Archigos, within Paraguay — 1870 constitutional framework; country coding does not establish polygon-wide authority."",""relationship"":""same""},{""id"":""paraguay-1870-constitutional-framework-central-office"",""description"":""Entity-associated effective central political leadership according to Archigos, within Paraguay — 1870 constitutional framework; country coding does not establish polygon-wide authority."",""relationship"":""same""}]","[]","{""map_identity_id"":""entity-paraguay"",""aliases"":[],""historical_names"":[{""value"":""Paraguay — 1870 constitutional framework"",""kind"":""primary"",""validFrom"":""1871-01-01"",""validUntil"":""1935-01-01""}],""identifiers"":{}}","[""Snapshot context is not observation date or boundary date."",""Map geometry does not establish sovereignty or succession."",""Existing applicability intervals: [{\""kind\"":\""interval\"",\""from\"":\""1877-04-12\"",\""until\"":\""1878-11-25\"",\""certainty\"":\""exact\""},{\""kind\"":\""interval\"",\""from\"":\""1878-11-27\"",\""until\"":\""1880-09-04\"",\""certainty\"":\""exact\""}]""]","49dbdde7b4019b3cfa77f8a9d410bf278b6401fdb2f53a1bc0705f77d4027bbb",""
"entity-paraguay@1938/leadership","entity-paraguay@1938","","Paraguay","1938","leadership","MISSING","B","completely-empty","political-polity","true","[]","[]","[]","[]","{""map_identity_id"":""entity-paraguay"",""aliases"":[],""historical_names"":[],""identifiers"":{}}","[""Snapshot context is not observation date or boundary date."",""Map geometry does not establish sovereignty or succession."",""Resolve historical identity before proposing entity-specific facts."",""Existing applicability intervals: []""]","49dbdde7b4019b3cfa77f8a9d410bf278b6401fdb2f53a1bc0705f77d4027bbb",""
"entity-paraguay@1945/leadership","entity-paraguay@1945","paraguay-1940-executive-framework","Paraguay — 1940 constitutional framework","1945","leadership","MISSING","B","partially-supported","political-polity","false","[]","[]","[]","[]","{""map_identity_id"":""entity-paraguay"",""aliases"":[],""historical_names"":[{""value"":""Paraguay — 1940 constitutional framework"",""kind"":""primary"",""validFrom"":""1941-01-01"",""validUntil"":""1948-01-01""}],""identifiers"":{}}","[""Snapshot context is not observation date or boundary date."",""Map geometry does not establish sovereignty or succession."",""Existing applicability intervals: []""]","49dbdde7b4019b3cfa77f8a9d410bf278b6401fdb2f53a1bc0705f77d4027bbb",""
"entity-uruguay@1878/leadership","entity-uruguay@1878","","Uruguay","1878","leadership","MISSING","B","completely-empty","political-polity","true","[]","[]","[]","[]","{""map_identity_id"":""entity-uruguay"",""aliases"":[],""historical_names"":[],""identifiers"":{}}","[""Snapshot context is not observation date or boundary date."",""Map geometry does not establish sovereignty or succession."",""Resolve historical identity before proposing entity-specific facts."",""Existing applicability intervals: []""]","49dbdde7b4019b3cfa77f8a9d410bf278b6401fdb2f53a1bc0705f77d4027bbb",""
"entity-uruguay@1880/leadership","entity-uruguay@1880","","Uruguay","1880","leadership","MISSING","B","completely-empty","political-polity","true","[]","[]","[]","[]","{""map_identity_id"":""entity-uruguay"",""aliases"":[],""historical_names"":[],""identifiers"":{}}","[""Snapshot context is not observation date or boundary date."",""Map geometry does not establish sovereignty or succession."",""Resolve historical identity before proposing entity-specific facts."",""Existing applicability intervals: []""]","49dbdde7b4019b3cfa77f8a9d410bf278b6401fdb2f53a1bc0705f77d4027bbb",""
"entity-uruguay@1938/leadership","entity-uruguay@1938","","Uruguay","1938","leadership","MISSING","B","completely-empty","political-polity","true","[]","[]","[]","[]","{""map_identity_id"":""entity-uruguay"",""aliases"":[],""historical_names"":[],""identifiers"":{}}","[""Snapshot context is not observation date or boundary date."",""Map geometry does not establish sovereignty or succession."",""Resolve historical identity before proposing entity-specific facts."",""Existing applicability intervals: []""]","49dbdde7b4019b3cfa77f8a9d410bf278b6401fdb2f53a1bc0705f77d4027bbb",""
"entity-uruguay@1960/leadership","entity-uruguay@1960","uruguay-collegiate-government-framework","Uruguay — collegiate National Government Council","1960","leadership","MISSING","B","partially-supported","political-polity","false","[]","[]","[]","[]","{""map_identity_id"":""entity-uruguay"",""aliases"":[],""historical_names"":[{""value"":""Uruguay — collegiate National Government Council"",""kind"":""primary"",""validFrom"":""1953-01-01"",""validUntil"":""1961-01-01""}],""identifiers"":{}}","[""Snapshot context is not observation date or boundary date."",""Map geometry does not establish sovereignty or succession."",""Existing applicability intervals: []""]","49dbdde7b4019b3cfa77f8a9d410bf278b6401fdb2f53a1bc0705f77d4027bbb",""
"entity-ceylon@1815/leadership","entity-ceylon@1815","","Ceylon","1815","leadership","MISSING","B","held-ambiguous","dependent-administration","true","[]","[]","[]","[]","{""map_identity_id"":""entity-ceylon"",""aliases"":[],""historical_names"":[],""identifiers"":{}}","[""Snapshot context is not observation date or boundary date."",""Map geometry does not establish sovereignty or succession."",""Resolve historical identity before proposing entity-specific facts."",""Existing applicability intervals: []""]","49dbdde7b4019b3cfa77f8a9d410bf278b6401fdb2f53a1bc0705f77d4027bbb",""
"entity-ceylon@1878/leadership","entity-ceylon@1878","ceylon-legislative-council-framework","Ceylon — Legislative Council framework","1878","leadership","MISSING","B","partially-supported","dependent-administration","false","[]","[]","[]","[]","{""map_identity_id"":""entity-ceylon"",""aliases"":[],""historical_names"":[{""value"":""Ceylon — Legislative Council framework"",""kind"":""primary"",""validFrom"":""1834-01-01"",""validUntil"":""1931""}],""identifiers"":{}}","[""Snapshot context is not observation date or boundary date."",""Map geometry does not establish sovereignty or succession."",""Existing applicability intervals: []""]","49dbdde7b4019b3cfa77f8a9d410bf278b6401fdb2f53a1bc0705f77d4027bbb",""
"entity-ceylon@1880/leadership","entity-ceylon@1880","ceylon-legislative-council-framework","Ceylon — Legislative Council framework","1880","leadership","MISSING","B","partially-supported","dependent-administration","false","[]","[]","[]","[]","{""map_identity_id"":""entity-ceylon"",""aliases"":[],""historical_names"":[{""value"":""Ceylon — Legislative Council framework"",""kind"":""primary"",""validFrom"":""1834-01-01"",""validUntil"":""1931""}],""identifiers"":{}}","[""Snapshot context is not observation date or boundary date."",""Map geometry does not establish sovereignty or succession."",""Existing applicability intervals: []""]","49dbdde7b4019b3cfa77f8a9d410bf278b6401fdb2f53a1bc0705f77d4027bbb",""
"entity-ceylon@1900/leadership","entity-ceylon@1900","ceylon-legislative-council-framework","Ceylon — Legislative Council framework","1900","leadership","MISSING","B","partially-supported","dependent-administration","false","[]","[]","[]","[]","{""map_identity_id"":""entity-ceylon"",""aliases"":[],""historical_names"":[{""value"":""Ceylon — Legislative Council framework"",""kind"":""primary"",""validFrom"":""1834-01-01"",""validUntil"":""1931""}],""identifiers"":{}}","[""Snapshot context is not observation date or boundary date."",""Map geometry does not establish sovereignty or succession."",""Existing applicability intervals: []""]","49dbdde7b4019b3cfa77f8a9d410bf278b6401fdb2f53a1bc0705f77d4027bbb",""
"entity-ceylon@1914/leadership","entity-ceylon@1914","ceylon-legislative-council-framework","Ceylon — Legislative Council framework","1914","leadership","MISSING","B","partially-supported","dependent-administration","false","[]","[]","[]","[]","{""map_identity_id"":""entity-ceylon"",""aliases"":[],""historical_names"":[{""value"":""Ceylon — Legislative Council framework"",""kind"":""primary"",""validFrom"":""1834-01-01"",""validUntil"":""1931""}],""identifiers"":{}}","[""Snapshot context is not observation date or boundary date."",""Map geometry does not establish sovereignty or succession."",""Existing applicability intervals: []""]","49dbdde7b4019b3cfa77f8a9d410bf278b6401fdb2f53a1bc0705f77d4027bbb",""
"entity-ceylon@1920/leadership","entity-ceylon@1920","ceylon-legislative-council-framework","Ceylon — Legislative Council framework","1920","leadership","MISSING","B","partially-supported","dependent-administration","false","[]","[]","[]","[]","{""map_identity_id"":""entity-ceylon"",""aliases"":[],""historical_names"":[{""value"":""Ceylon — Legislative Council framework"",""kind"":""primary"",""validFrom"":""1834-01-01"",""validUntil"":""1931""}],""identifiers"":{}}","[""Snapshot context is not observation date or boundary date."",""Map geometry does not establish sovereignty or succession."",""Existing applicability intervals: []""]","49dbdde7b4019b3cfa77f8a9d410bf278b6401fdb2f53a1bc0705f77d4027bbb",""
"entity-ceylon@1930/leadership","entity-ceylon@1930","ceylon-legislative-council-framework","Ceylon — Legislative Council framework","1930","leadership","MISSING","B","partially-supported","dependent-administration","false","[]","[]","[]","[]","{""map_identity_id"":""entity-ceylon"",""aliases"":[],""historical_names"":[{""value"":""Ceylon — Legislative Council framework"",""kind"":""primary"",""validFrom"":""1834-01-01"",""validUntil"":""1931""}],""identifiers"":{}}","[""Snapshot context is not observation date or boundary date."",""Map geometry does not establish sovereignty or succession."",""Existing applicability intervals: []""]","49dbdde7b4019b3cfa77f8a9d410bf278b6401fdb2f53a1bc0705f77d4027bbb",""
"entity-mozambique@1878/leadership","entity-mozambique@1878","b20-portuguese-mozambique","Mozambique — Portuguese colony","1878","leadership","MISSING","B","partially-supported","dependent-administration","false","[]","[]","[]","[]","{""map_identity_id"":""entity-mozambique"",""aliases"":[],""historical_names"":[{""value"":""Mozambique — Portuguese colonial administration"",""kind"":""primary"",""validFrom"":""1800-01-01"",""validUntil"":""1816-01-01""},{""value"":""Mozambique — Portuguese colony"",""kind"":""primary"",""validFrom"":""1878-01-01"",""validUntil"":""1946-01-01""},{""value"":""Mozambique — Portuguese overseas province"",""kind"":""primary"",""validFrom"":""1960-01-01"",""validUntil"":""1961-01-01""}],""identifiers"":{}}","[""Snapshot context is not observation date or boundary date."",""Map geometry does not establish sovereignty or succession."",""Existing applicability intervals: []""]","49dbdde7b4019b3cfa77f8a9d410bf278b6401fdb2f53a1bc0705f77d4027bbb",""
"entity-mozambique@1880/leadership","entity-mozambique@1880","b20-portuguese-mozambique","Mozambique — Portuguese colony","1880","leadership","MISSING","B","partially-supported","dependent-administration","false","[]","[]","[]","[]","{""map_identity_id"":""entity-mozambique"",""aliases"":[],""historical_names"":[{""value"":""Mozambique — Portuguese colonial administration"",""kind"":""primary"",""validFrom"":""1800-01-01"",""validUntil"":""1816-01-01""},{""value"":""Mozambique — Portuguese colony"",""kind"":""primary"",""validFrom"":""1878-01-01"",""validUntil"":""1946-01-01""},{""value"":""Mozambique — Portuguese overseas province"",""kind"":""primary"",""validFrom"":""1960-01-01"",""validUntil"":""1961-01-01""}],""identifiers"":{}}","[""Snapshot context is not observation date or boundary date."",""Map geometry does not establish sovereignty or succession."",""Existing applicability intervals: []""]","49dbdde7b4019b3cfa77f8a9d410bf278b6401fdb2f53a1bc0705f77d4027bbb",""
"entity-mozambique@1914/leadership","entity-mozambique@1914","b20-portuguese-mozambique","Mozambique — Portuguese colony","1914","leadership","MISSING","B","partially-supported","dependent-administration","false","[]","[]","[]","[]","{""map_identity_id"":""entity-mozambique"",""aliases"":[],""historical_names"":[{""value"":""Mozambique — Portuguese colonial administration"",""kind"":""primary"",""validFrom"":""1800-01-01"",""validUntil"":""1816-01-01""},{""value"":""Mozambique — Portuguese colony"",""kind"":""primary"",""validFrom"":""1878-01-01"",""validUntil"":""1946-01-01""},{""value"":""Mozambique — Portuguese overseas province"",""kind"":""primary"",""validFrom"":""1960-01-01"",""validUntil"":""1961-01-01""}],""identifiers"":{}}","[""Snapshot context is not observation date or boundary date."",""Map geometry does not establish sovereignty or succession."",""Existing applicability intervals: []""]","49dbdde7b4019b3cfa77f8a9d410bf278b6401fdb2f53a1bc0705f77d4027bbb",""
"entity-mozambique@1920/leadership","entity-mozambique@1920","b20-portuguese-mozambique","Mozambique — Portuguese colony","1920","leadership","MISSING","B","partially-supported","dependent-administration","false","[]","[]","[]","[]","{""map_identity_id"":""entity-mozambique"",""aliases"":[],""historical_names"":[{""value"":""Mozambique — Portuguese colonial administration"",""kind"":""primary"",""validFrom"":""1800-01-01"",""validUntil"":""1816-01-01""},{""value"":""Mozambique — Portuguese colony"",""kind"":""primary"",""validFrom"":""1878-01-01"",""validUntil"":""1946-01-01""},{""value"":""Mozambique — Portuguese overseas province"",""kind"":""primary"",""validFrom"":""1960-01-01"",""validUntil"":""1961-01-01""}],""identifiers"":{}}","[""Snapshot context is not observation date or boundary date."",""Map geometry does not establish sovereignty or succession."",""Existing applicability intervals: []""]","49dbdde7b4019b3cfa77f8a9d410bf278b6401fdb2f53a1bc0705f77d4027bbb",""
"entity-mozambique@1930/leadership","entity-mozambique@1930","b20-portuguese-mozambique","Mozambique — Portuguese colony","1930","leadership","MISSING","B","partially-supported","dependent-administration","false","[]","[]","[]","[]","{""map_identity_id"":""entity-mozambique"",""aliases"":[],""historical_names"":[{""value"":""Mozambique — Portuguese colonial administration"",""kind"":""primary"",""validFrom"":""1800-01-01"",""validUntil"":""1816-01-01""},{""value"":""Mozambique — Portuguese colony"",""kind"":""primary"",""validFrom"":""1878-01-01"",""validUntil"":""1946-01-01""},{""value"":""Mozambique — Portuguese overseas province"",""kind"":""primary"",""validFrom"":""1960-01-01"",""validUntil"":""1961-01-01""}],""identifiers"":{}}","[""Snapshot context is not observation date or boundary date."",""Map geometry does not establish sovereignty or succession."",""Existing applicability intervals: []""]","49dbdde7b4019b3cfa77f8a9d410bf278b6401fdb2f53a1bc0705f77d4027bbb",""
"entity-mozambique@1960/leadership","entity-mozambique@1960","b20-portuguese-mozambique","Mozambique — Portuguese overseas province","1960","leadership","MISSING","B","partially-supported","dependent-administration","false","[]","[]","[]","[]","{""map_identity_id"":""entity-mozambique"",""aliases"":[],""historical_names"":[{""value"":""Mozambique — Portuguese colonial administration"",""kind"":""primary"",""validFrom"":""1800-01-01"",""validUntil"":""1816-01-01""},{""value"":""Mozambique — Portuguese colony"",""kind"":""primary"",""validFrom"":""1878-01-01"",""validUntil"":""1946-01-01""},{""value"":""Mozambique — Portuguese overseas province"",""kind"":""primary"",""validFrom"":""1960-01-01"",""validUntil"":""1961-01-01""}],""identifiers"":{}}","[""Snapshot context is not observation date or boundary date."",""Map geometry does not establish sovereignty or succession."",""Existing applicability intervals: []""]","49dbdde7b4019b3cfa77f8a9d410bf278b6401fdb2f53a1bc0705f77d4027bbb",""
"entity-algeria@1900/leadership","entity-algeria@1900","algeria-french-colonial-framework","Algeria — French colonial framework","1900","leadership","MISSING","B","partially-supported","dependent-administration","false","[]","[]","[]","[]","{""map_identity_id"":""entity-algeria"",""aliases"":[],""historical_names"":[{""value"":""Algeria — French colonial framework"",""kind"":""primary"",""validFrom"":""1875-01-01"",""validUntil"":""1939-01-01""}],""identifiers"":{}}","[""Snapshot context is not observation date or boundary date."",""Map geometry does not establish sovereignty or succession."",""Existing applicability intervals: []""]","49dbdde7b4019b3cfa77f8a9d410bf278b6401fdb2f53a1bc0705f77d4027bbb",""
"entity-algeria@1914/leadership","entity-algeria@1914","algeria-french-colonial-framework","Algeria — French colonial framework","1914","leadership","MISSING","B","partially-supported","dependent-administration","false","[]","[]","[]","[]","{""map_identity_id"":""entity-algeria"",""aliases"":[],""historical_names"":[{""value"":""Algeria — French colonial framework"",""kind"":""primary"",""validFrom"":""1875-01-01"",""validUntil"":""1939-01-01""}],""identifiers"":{}}","[""Snapshot context is not observation date or boundary date."",""Map geometry does not establish sovereignty or succession."",""Existing applicability intervals: []""]","49dbdde7b4019b3cfa77f8a9d410bf278b6401fdb2f53a1bc0705f77d4027bbb",""
"entity-algeria@1920/leadership","entity-algeria@1920","algeria-french-colonial-framework","Algeria — French colonial framework","1920","leadership","MISSING","B","partially-supported","dependent-administration","false","[]","[]","[]","[]","{""map_identity_id"":""entity-algeria"",""aliases"":[],""historical_names"":[{""value"":""Algeria — French colonial framework"",""kind"":""primary"",""validFrom"":""1875-01-01"",""validUntil"":""1939-01-01""}],""identifiers"":{}}","[""Snapshot context is not observation date or boundary date."",""Map geometry does not establish sovereignty or succession."",""Existing applicability intervals: []""]","49dbdde7b4019b3cfa77f8a9d410bf278b6401fdb2f53a1bc0705f77d4027bbb",""
"entity-algeria@1930/leadership","entity-algeria@1930","algeria-french-colonial-framework","Algeria — French colonial framework","1930","leadership","MISSING","B","partially-supported","dependent-administration","false","[]","[]","[]","[]","{""map_identity_id"":""entity-algeria"",""aliases"":[],""historical_names"":[{""value"":""Algeria — French colonial framework"",""kind"":""primary"",""validFrom"":""1875-01-01"",""validUntil"":""1939-01-01""}],""identifiers"":{}}","[""Snapshot context is not observation date or boundary date."",""Map geometry does not establish sovereignty or succession."",""Existing applicability intervals: []""]","49dbdde7b4019b3cfa77f8a9d410bf278b6401fdb2f53a1bc0705f77d4027bbb",""
"entity-algeria@1945/leadership","entity-algeria@1945","algeria-french-colonial-1945-framework","Algeria — postwar French colonial framework","1945","leadership","MISSING","B","partially-supported","dependent-administration","false","[]","[]","[]","[]","{""map_identity_id"":""entity-algeria"",""aliases"":[],""historical_names"":[{""value"":""Algeria — postwar French colonial framework"",""kind"":""primary"",""validFrom"":""1945-01-01"",""validUntil"":""1946-01-01""}],""identifiers"":{}}","[""Snapshot context is not observation date or boundary date."",""Map geometry does not establish sovereignty or succession."",""Existing applicability intervals: []""]","49dbdde7b4019b3cfa77f8a9d410bf278b6401fdb2f53a1bc0705f77d4027bbb",""
"entity-algeria@1960/leadership","entity-algeria@1960","algeria-independence-war-1960-framework","Algeria — contested colonial authority in 1960","1960","leadership","MISSING","B","partially-supported","dependent-administration","false","[]","[]","[]","[]","{""map_identity_id"":""entity-algeria"",""aliases"":[],""historical_names"":[{""value"":""Algeria — contested colonial authority in 1960"",""kind"":""primary"",""validFrom"":""1960-01-01"",""validUntil"":""1961-01-01""}],""identifiers"":{}}","[""Snapshot context is not observation date or boundary date."",""Map geometry does not establish sovereignty or succession."",""Existing applicability intervals: []""]","49dbdde7b4019b3cfa77f8a9d410bf278b6401fdb2f53a1bc0705f77d4027bbb",""
"entity-tunisia@1900/leadership","entity-tunisia@1900","tunisia-french-protectorate-framework","Tunisia — French protectorate","1900","leadership","MISSING","B","partially-supported","political-polity","false","[]","[]","[]","[]","{""map_identity_id"":""entity-tunisia"",""aliases"":[],""historical_names"":[{""value"":""Tunisia — French protectorate"",""kind"":""primary"",""validFrom"":""1884-01-01"",""validUntil"":""1939-01-01""}],""identifiers"":{}}","[""Snapshot context is not observation date or boundary date."",""Map geometry does not establish sovereignty or succession."",""Existing applicability intervals: []""]","49dbdde7b4019b3cfa77f8a9d410bf278b6401fdb2f53a1bc0705f77d4027bbb",""
"entity-tunisia@1914/leadership","entity-tunisia@1914","tunisia-french-protectorate-framework","Tunisia — French protectorate","1914","leadership","MISSING","B","partially-supported","political-polity","false","[]","[]","[]","[]","{""map_identity_id"":""entity-tunisia"",""aliases"":[],""historical_names"":[{""value"":""Tunisia — French protectorate"",""kind"":""primary"",""validFrom"":""1884-01-01"",""validUntil"":""1939-01-01""}],""identifiers"":{}}","[""Snapshot context is not observation date or boundary date."",""Map geometry does not establish sovereignty or succession."",""Existing applicability intervals: []""]","49dbdde7b4019b3cfa77f8a9d410bf278b6401fdb2f53a1bc0705f77d4027bbb",""
"entity-tunisia@1920/leadership","entity-tunisia@1920","tunisia-french-protectorate-framework","Tunisia — French protectorate","1920","leadership","MISSING","B","partially-supported","political-polity","false","[]","[]","[]","[]","{""map_identity_id"":""entity-tunisia"",""aliases"":[],""historical_names"":[{""value"":""Tunisia — French protectorate"",""kind"":""primary"",""validFrom"":""1884-01-01"",""validUntil"":""1939-01-01""}],""identifiers"":{}}","[""Snapshot context is not observation date or boundary date."",""Map geometry does not establish sovereignty or succession."",""Existing applicability intervals: []""]","49dbdde7b4019b3cfa77f8a9d410bf278b6401fdb2f53a1bc0705f77d4027bbb",""
"entity-tunisia@1930/leadership","entity-tunisia@1930","tunisia-french-protectorate-framework","Tunisia — French protectorate","1930","leadership","MISSING","B","partially-supported","political-polity","false","[]","[]","[]","[]","{""map_identity_id"":""entity-tunisia"",""aliases"":[],""historical_names"":[{""value"":""Tunisia — French protectorate"",""kind"":""primary"",""validFrom"":""1884-01-01"",""validUntil"":""1939-01-01""}],""identifiers"":{}}","[""Snapshot context is not observation date or boundary date."",""Map geometry does not establish sovereignty or succession."",""Existing applicability intervals: []""]","49dbdde7b4019b3cfa77f8a9d410bf278b6401fdb2f53a1bc0705f77d4027bbb",""
"entity-tunisia@1938/leadership","entity-tunisia@1938","tunisia-french-protectorate-framework","Tunisia — French protectorate","1938","leadership","MISSING","B","partially-supported","political-polity","false","[]","[]","[]","[]","{""map_identity_id"":""entity-tunisia"",""aliases"":[],""historical_names"":[{""value"":""Tunisia — French protectorate"",""kind"":""primary"",""validFrom"":""1884-01-01"",""validUntil"":""1939-01-01""}],""identifiers"":{}}","[""Snapshot context is not observation date or boundary date."",""Map geometry does not establish sovereignty or succession."",""Existing applicability intervals: []""]","49dbdde7b4019b3cfa77f8a9d410bf278b6401fdb2f53a1bc0705f77d4027bbb",""
"entity-tunisia@1945/leadership","entity-tunisia@1945","tunisia-postwar-protectorate-framework","Tunisia — postwar French protectorate","1945","leadership","MISSING","B","partially-supported","political-polity","false","[]","[]","[]","[]","{""map_identity_id"":""entity-tunisia"",""aliases"":[],""historical_names"":[{""value"":""Tunisia — postwar French protectorate"",""kind"":""primary"",""validFrom"":""1945-01-01"",""validUntil"":""1946-01-01""}],""identifiers"":{}}","[""Snapshot context is not observation date or boundary date."",""Map geometry does not establish sovereignty or succession."",""Existing applicability intervals: []""]","49dbdde7b4019b3cfa77f8a9d410bf278b6401fdb2f53a1bc0705f77d4027bbb",""
"entity-tunisia@1960/leadership","entity-tunisia@1960","tunisia-republic-1960-framework","Republic of Tunisia — original 1959 constitutional framework","1960","leadership","MISSING","B","partially-supported","political-polity","false","[]","[]","[]","[]","{""map_identity_id"":""entity-tunisia"",""aliases"":[],""historical_names"":[{""value"":""Republic of Tunisia — original 1959 constitutional framework"",""kind"":""primary"",""validFrom"":""1960-01-01"",""validUntil"":""1961-01-01""}],""identifiers"":{}}","[""Snapshot context is not observation date or boundary date."",""Map geometry does not establish sovereignty or succession."",""Existing applicability intervals: []""]","49dbdde7b4019b3cfa77f8a9d410bf278b6401fdb2f53a1bc0705f77d4027bbb",""
"entity-chile@1930/leadership","entity-chile@1930","","Chile","1930","leadership","MISSING","B","completely-empty","political-polity","true","[]","[]","[]","[]","{""map_identity_id"":""entity-chile"",""aliases"":[],""historical_names"":[],""identifiers"":{}}","[""Snapshot context is not observation date or boundary date."",""Map geometry does not establish sovereignty or succession."",""Resolve historical identity before proposing entity-specific facts."",""Existing applicability intervals: []""]","49dbdde7b4019b3cfa77f8a9d410bf278b6401fdb2f53a1bc0705f77d4027bbb",""
"entity-chile@1938/leadership","entity-chile@1938","chile-restored-presidential-framework","Chile — restored presidential constitutional government","1938","leadership","PARTIAL","B","partially-supported","political-polity","false","[""Arturo Alessandri Palma""]","[]","[{""id"":""chile-restored-presidential-framework-r02-leadership"",""description"":""Named historical Chilean framework and expressly documented institutional or cultural association; no modern-border or nationality inference."",""relationship"":""same""}]","[]","{""map_identity_id"":""entity-chile"",""aliases"":[],""historical_names"":[{""value"":""Chile — restored presidential constitutional government"",""kind"":""primary"",""validFrom"":""1933-01-01"",""validUntil"":""1961-01-01""}],""identifiers"":{}}","[""Snapshot context is not observation date or boundary date."",""Map geometry does not establish sovereignty or succession."",""Existing applicability intervals: [{\""kind\"":\""interval\"",\""from\"":\""1933-01-01\"",\""until\"":\""1938-12-24\"",\""certainty\"":\""exact\""}]""]","49dbdde7b4019b3cfa77f8a9d410bf278b6401fdb2f53a1bc0705f77d4027bbb",""
"entity-czechoslovakia@1920/leadership","entity-czechoslovakia@1920","","Czechoslovakia","1920","leadership","MISSING","B","completely-empty","political-polity","true","[]","[]","[]","[]","{""map_identity_id"":""entity-czechoslovakia"",""aliases"":[],""historical_names"":[],""identifiers"":{}}","[""Snapshot context is not observation date or boundary date."",""Map geometry does not establish sovereignty or succession."",""Resolve historical identity before proposing entity-specific facts."",""Existing applicability intervals: []""]","49dbdde7b4019b3cfa77f8a9d410bf278b6401fdb2f53a1bc0705f77d4027bbb",""
"entity-czechoslovakia@1938/leadership","entity-czechoslovakia@1938","","Czechoslovakia","1938","leadership","MISSING","B","completely-empty","political-polity","true","[]","[]","[]","[]","{""map_identity_id"":""entity-czechoslovakia"",""aliases"":[],""historical_names"":[],""identifiers"":{}}","[""Snapshot context is not observation date or boundary date."",""Map geometry does not establish sovereignty or succession."",""Resolve historical identity before proposing entity-specific facts."",""Existing applicability intervals: []""]","49dbdde7b4019b3cfa77f8a9d410bf278b6401fdb2f53a1bc0705f77d4027bbb",""
"entity-czechoslovakia@1945/leadership","entity-czechoslovakia@1945","czechoslovakia-provisional-1945-framework","Czechoslovakia — postwar provisional parliamentary framework","1945","leadership","PARTIAL","B","partially-supported","political-polity","false","[""Benes""]","[]","[{""id"":""czechoslovakia-provisional-1945-framework-central-office"",""description"":""Source-coded effective political leader within the existing bounded historical framework; no geometry, sovereignty, formal title or predecessor/successor inference."",""relationship"":""same""}]","[]","{""map_identity_id"":""entity-czechoslovakia"",""aliases"":[],""historical_names"":[{""value"":""Czechoslovakia — postwar provisional parliamentary framework"",""kind"":""primary"",""validFrom"":""1945-10-28"",""validUntil"":""1946-01-01""}],""identifiers"":{}}","[""Snapshot context is not observation date or boundary date."",""Map geometry does not establish sovereignty or succession."",""Existing applicability intervals: [{\""kind\"":\""interval\"",\""from\"":\""1945-10-28\"",\""until\"":\""1946-01-01\"",\""certainty\"":\""exact\""}]""]","49dbdde7b4019b3cfa77f8a9d410bf278b6401fdb2f53a1bc0705f77d4027bbb",""
"entity-madagascar@1800/leadership","entity-madagascar@1800","","Madagascar","1800","leadership","MISSING","B","completely-empty","political-polity","true","[]","[]","[]","[]","{""map_identity_id"":""entity-madagascar"",""aliases"":[],""historical_names"":[],""identifiers"":{}}","[""Snapshot context is not observation date or boundary date."",""Map geometry does not establish sovereignty or succession."",""Resolve historical identity before proposing entity-specific facts."",""Existing applicability intervals: []""]","49dbdde7b4019b3cfa77f8a9d410bf278b6401fdb2f53a1bc0705f77d4027bbb",""
"entity-madagascar@1878/leadership","entity-madagascar@1878","b20-merina-royal","Madagascar — Merina royal government","1878","leadership","MISSING","B","partially-supported","political-polity","false","[]","[]","[]","[]","{""map_identity_id"":""entity-madagascar"",""aliases"":[],""historical_names"":[{""value"":""Merina kingdom"",""kind"":""primary"",""validFrom"":""1800-01-01"",""validUntil"":""1816-01-01""},{""value"":""Madagascar — Merina royal government"",""kind"":""primary"",""validFrom"":""1878-01-01"",""validUntil"":""1881-01-01""}],""identifiers"":{}}","[""Snapshot context is not observation date or boundary date."",""Map geometry does not establish sovereignty or succession."",""Existing applicability intervals: []""]","49dbdde7b4019b3cfa77f8a9d410bf278b6401fdb2f53a1bc0705f77d4027bbb",""
"entity-madagascar@1880/leadership","entity-madagascar@1880","b20-merina-royal","Madagascar — Merina royal government","1880","leadership","MISSING","B","partially-supported","political-polity","false","[]","[]","[]","[]","{""map_identity_id"":""entity-madagascar"",""aliases"":[],""historical_names"":[{""value"":""Merina kingdom"",""kind"":""primary"",""validFrom"":""1800-01-01"",""validUntil"":""1816-01-01""},{""value"":""Madagascar — Merina royal government"",""kind"":""primary"",""validFrom"":""1878-01-01"",""validUntil"":""1881-01-01""}],""identifiers"":{}}","[""Snapshot context is not observation date or boundary date."",""Map geometry does not establish sovereignty or succession."",""Existing applicability intervals: []""]","49dbdde7b4019b3cfa77f8a9d410bf278b6401fdb2f53a1bc0705f77d4027bbb",""
"entity-madagascar@1900/leadership","entity-madagascar@1900","b20-madagascar-french-colony","Madagascar — French colony","1900","leadership","MISSING","B","partially-supported","political-polity","false","[]","[]","[]","[]","{""map_identity_id"":""entity-madagascar"",""aliases"":[],""historical_names"":[{""value"":""Madagascar — French colony"",""kind"":""primary"",""validFrom"":""1900-01-01"",""validUntil"":""1939-01-01""},{""value"":""Madagascar — French colonial administration"",""kind"":""primary"",""validFrom"":""1945-01-01"",""validUntil"":""1946-01-01""}],""identifiers"":{}}","[""Snapshot context is not observation date or boundary date."",""Map geometry does not establish sovereignty or succession."",""Existing applicability intervals: []""]","49dbdde7b4019b3cfa77f8a9d410bf278b6401fdb2f53a1bc0705f77d4027bbb",""
"entity-madagascar@1960/leadership","entity-madagascar@1960","","Madagascar","1960","leadership","MISSING","B","held-ambiguous","political-polity","true","[]","[]","[]","[]","{""map_identity_id"":""entity-madagascar"",""aliases"":[],""historical_names"":[],""identifiers"":{}}","[""Snapshot context is not observation date or boundary date."",""Map geometry does not establish sovereignty or succession."",""Resolve historical identity before proposing entity-specific facts."",""Existing applicability intervals: []""]","49dbdde7b4019b3cfa77f8a9d410bf278b6401fdb2f53a1bc0705f77d4027bbb",""
"entity-angola-portugal@1878/leadership","entity-angola-portugal@1878","","Angola (Portugal)","1878","leadership","MISSING","B","completely-empty","dependent-administration","true","[]","[]","[]","[]","{""map_identity_id"":""entity-angola-portugal"",""aliases"":[],""historical_names"":[],""identifiers"":{}}","[""Snapshot context is not observation date or boundary date."",""Map geometry does not establish sovereignty or succession."",""Resolve historical identity before proposing entity-specific facts."",""Existing applicability intervals: []""]","49dbdde7b4019b3cfa77f8a9d410bf278b6401fdb2f53a1bc0705f77d4027bbb",""
"entity-angola-portugal@1880/leadership","entity-angola-portugal@1880","","Angola (Portugal)","1880","leadership","MISSING","B","completely-empty","dependent-administration","true","[]","[]","[]","[]","{""map_identity_id"":""entity-angola-portugal"",""aliases"":[],""historical_names"":[],""identifiers"":{}}","[""Snapshot context is not observation date or boundary date."",""Map geometry does not establish sovereignty or succession."",""Resolve historical identity before proposing entity-specific facts."",""Existing applicability intervals: []""]","49dbdde7b4019b3cfa77f8a9d410bf278b6401fdb2f53a1bc0705f77d4027bbb",""
"entity-angola-portugal@1938/leadership","entity-angola-portugal@1938","b17-angola-newstate-colonial","Angola — Portuguese New State colonial administration","1938","leadership","MISSING","B","partially-supported","dependent-administration","false","[]","[]","[]","[]","{""map_identity_id"":""entity-angola-portugal"",""aliases"":[],""historical_names"":[{""value"":""Angola — Portuguese New State colonial administration"",""kind"":""primary"",""validFrom"":""1938-01-01"",""validUntil"":""1946-01-01""}],""identifiers"":{}}","[""Snapshot context is not observation date or boundary date."",""Map geometry does not establish sovereignty or succession."",""Existing applicability intervals: []""]","49dbdde7b4019b3cfa77f8a9d410bf278b6401fdb2f53a1bc0705f77d4027bbb",""
"entity-angola-portugal@1945/leadership","entity-angola-portugal@1945","b17-angola-newstate-colonial","Angola — Portuguese New State colonial administration","1945","leadership","MISSING","B","partially-supported","dependent-administration","false","[]","[]","[]","[]","{""map_identity_id"":""entity-angola-portugal"",""aliases"":[],""historical_names"":[{""value"":""Angola — Portuguese New State colonial administration"",""kind"":""primary"",""validFrom"":""1938-01-01"",""validUntil"":""1946-01-01""}],""identifiers"":{}}","[""Snapshot context is not observation date or boundary date."",""Map geometry does not establish sovereignty or succession."",""Existing applicability intervals: []""]","49dbdde7b4019b3cfa77f8a9d410bf278b6401fdb2f53a1bc0705f77d4027bbb",""
"entity-emirate-of-bin-shal-an@1920/leadership","entity-emirate-of-bin-shal-an@1920","","Emirate of Bin Shal'an","1920","leadership","MISSING","B","held-ambiguous","political-polity","true","[]","[]","[]","[]","{""map_identity_id"":""entity-emirate-of-bin-shal-an"",""aliases"":[],""historical_names"":[],""identifiers"":{}}","[""Snapshot context is not observation date or boundary date."",""Map geometry does not establish sovereignty or succession."",""Resolve historical identity before proposing entity-specific facts."",""Existing applicability intervals: []""]","49dbdde7b4019b3cfa77f8a9d410bf278b6401fdb2f53a1bc0705f77d4027bbb",""
"entity-emirate-of-bin-shal-an@1930/leadership","entity-emirate-of-bin-shal-an@1930","","Emirate of Bin Shal'an","1930","leadership","MISSING","B","held-ambiguous","political-polity","true","[]","[]","[]","[]","{""map_identity_id"":""entity-emirate-of-bin-shal-an"",""aliases"":[],""historical_names"":[],""identifiers"":{}}","[""Snapshot context is not observation date or boundary date."",""Map geometry does not establish sovereignty or succession."",""Resolve historical identity before proposing entity-specific facts."",""Existing applicability intervals: []""]","49dbdde7b4019b3cfa77f8a9d410bf278b6401fdb2f53a1bc0705f77d4027bbb",""
"entity-emirate-of-bin-shal-an@1938/leadership","entity-emirate-of-bin-shal-an@1938","","Emirate of Bin Shal'an","1938","leadership","MISSING","B","held-ambiguous","political-polity","true","[]","[]","[]","[]","{""map_identity_id"":""entity-emirate-of-bin-shal-an"",""aliases"":[],""historical_names"":[],""identifiers"":{}}","[""Snapshot context is not observation date or boundary date."",""Map geometry does not establish sovereignty or succession."",""Resolve historical identity before proposing entity-specific facts."",""Existing applicability intervals: []""]","49dbdde7b4019b3cfa77f8a9d410bf278b6401fdb2f53a1bc0705f77d4027bbb",""
"entity-nigeria@1914/leadership","entity-nigeria@1914","nigeria-1914-amalgamation-core","Nigeria — early amalgamated colonial administration","1914","leadership","MISSING","B","partially-supported","dependent-administration","false","[]","[]","[]","[]","{""map_identity_id"":""entity-nigeria"",""aliases"":[],""historical_names"":[{""value"":""Nigeria — early amalgamated colonial administration"",""kind"":""primary"",""validFrom"":""1914-01-01"",""validUntil"":""1916-01-01""}],""identifiers"":{}}","[""Snapshot context is not observation date or boundary date."",""Map geometry does not establish sovereignty or succession."",""Existing applicability intervals: []""]","49dbdde7b4019b3cfa77f8a9d410bf278b6401fdb2f53a1bc0705f77d4027bbb",""
"entity-nigeria@1920/leadership","entity-nigeria@1920","nigeria-1920-consultative-core","Nigeria — colonial consultative order around 1920","1920","leadership","PARTIAL","B","partially-supported","dependent-administration","false","[""Sir H. C. Clifford""]","[]","[{""id"":""nigeria-1920-consultative-core-british-leadership"",""description"":""Named colonial administration. Currency and administrative office statements do not assert uniform sovereignty or polygon-compatible statistical territory."",""relationship"":""same""}]","[]","{""map_identity_id"":""entity-nigeria"",""aliases"":[],""historical_names"":[{""value"":""Nigeria — colonial consultative order around 1920"",""kind"":""primary"",""validFrom"":""1917-01-01"",""validUntil"":""1922-01-01""}],""identifiers"":{}}","[""Snapshot context is not observation date or boundary date."",""Map geometry does not establish sovereignty or succession."",""Existing applicability intervals: [{\""kind\"":\""interval\"",\""from\"":\""1920\"",\""until\"":\""1921\"",\""certainty\"":\""exact\""}]""]","49dbdde7b4019b3cfa77f8a9d410bf278b6401fdb2f53a1bc0705f77d4027bbb",""
"entity-nigeria@1930/leadership","entity-nigeria@1930","nigeria-clifford-framework-core","Nigeria — Clifford constitutional framework","1930","leadership","MISSING","B","partially-supported","dependent-administration","false","[]","[]","[]","[]","{""map_identity_id"":""entity-nigeria"",""aliases"":[],""historical_names"":[{""value"":""Nigeria — Clifford constitutional framework"",""kind"":""primary"",""validFrom"":""1923-01-01"",""validUntil"":""1946-01-01""}],""identifiers"":{}}","[""Snapshot context is not observation date or boundary date."",""Map geometry does not establish sovereignty or succession."",""Existing applicability intervals: []""]","49dbdde7b4019b3cfa77f8a9d410bf278b6401fdb2f53a1bc0705f77d4027bbb",""
"entity-nigeria@1945/leadership","entity-nigeria@1945","nigeria-clifford-framework-core","Nigeria — Clifford constitutional framework","1945","leadership","PARTIAL","B","partially-supported","dependent-administration","false","[""Sir A. F. Richards""]","[]","[{""id"":""nigeria-clifford-framework-core-british-leadership"",""description"":""Named colonial administration. Currency and administrative office statements do not assert uniform sovereignty or polygon-compatible statistical territory."",""relationship"":""same""}]","[]","{""map_identity_id"":""entity-nigeria"",""aliases"":[],""historical_names"":[{""value"":""Nigeria — Clifford constitutional framework"",""kind"":""primary"",""validFrom"":""1923-01-01"",""validUntil"":""1946-01-01""}],""identifiers"":{}}","[""Snapshot context is not observation date or boundary date."",""Map geometry does not establish sovereignty or succession."",""Existing applicability intervals: [{\""kind\"":\""interval\"",\""from\"":\""1944\"",\""until\"":\""1945\"",\""certainty\"":\""exact\""}]""]","49dbdde7b4019b3cfa77f8a9d410bf278b6401fdb2f53a1bc0705f77d4027bbb",""
"entity-nigeria@1960/leadership","entity-nigeria@1960","","Nigeria","1960","leadership","MISSING","B","held-ambiguous","dependent-administration","true","[]","[]","[]","[]","{""map_identity_id"":""entity-nigeria"",""aliases"":[],""historical_names"":[],""identifiers"":{}}","[""Snapshot context is not observation date or boundary date."",""Map geometry does not establish sovereignty or succession."",""Resolve historical identity before proposing entity-specific facts."",""Existing applicability intervals: []""]","49dbdde7b4019b3cfa77f8a9d410bf278b6401fdb2f53a1bc0705f77d4027bbb",""
"entity-asante@1800/leadership","entity-asante@1800","asante-early-nineteenth-confederacy-core","Asante — early nineteenth-century confederacy","1800","leadership","MISSING","B","partially-supported","political-polity","false","[]","[]","[]","[]","{""map_identity_id"":""entity-asante"",""aliases"":[],""historical_names"":[{""value"":""Asante — early nineteenth-century confederacy"",""kind"":""primary"",""validFrom"":""1800-01-01"",""validUntil"":""1816-01-01""}],""identifiers"":{}}","[""Snapshot context is not observation date or boundary date."",""Map geometry does not establish sovereignty or succession."",""Existing applicability intervals: []""]","49dbdde7b4019b3cfa77f8a9d410bf278b6401fdb2f53a1bc0705f77d4027bbb",""
"entity-asante@1815/leadership","entity-asante@1815","asante-early-nineteenth-confederacy-core","Asante — early nineteenth-century confederacy","1815","leadership","MISSING","B","partially-supported","political-polity","false","[]","[]","[]","[]","{""map_identity_id"":""entity-asante"",""aliases"":[],""historical_names"":[{""value"":""Asante — early nineteenth-century confederacy"",""kind"":""primary"",""validFrom"":""1800-01-01"",""validUntil"":""1816-01-01""}],""identifiers"":{}}","[""Snapshot context is not observation date or boundary date."",""Map geometry does not establish sovereignty or succession."",""Existing applicability intervals: []""]","49dbdde7b4019b3cfa77f8a9d410bf278b6401fdb2f53a1bc0705f77d4027bbb",""
"entity-asante@1878/leadership","entity-asante@1878","asante-late-nineteenth-royal-core","Asante — royal confederacy around 1880","1878","leadership","PARTIAL","B","partially-supported","political-polity","false","[""Mensa Bonsu""]","[]","[{""id"":""asante-late-nineteenth-royal-core-r15-leadership-asante-mensa-bonsu"",""description"":""Explicit historical institution, office, affiliation or event of the named entity; not an inference about polygon sovereignty or statistical territory."",""relationship"":""same""}]","[]","{""map_identity_id"":""entity-asante"",""aliases"":[],""historical_names"":[{""value"":""Asante — royal confederacy around 1880"",""kind"":""primary"",""validFrom"":""1878-01-01"",""validUntil"":""1881-01-01""}],""identifiers"":{}}","[""Snapshot context is not observation date or boundary date."",""Map geometry does not establish sovereignty or succession."",""Existing applicability intervals: [{\""kind\"":\""interval\"",\""from\"":\""1878\"",\""until\"":\""1880\"",\""certainty\"":\""exact\""}]""]","49dbdde7b4019b3cfa77f8a9d410bf278b6401fdb2f53a1bc0705f77d4027bbb",""
"entity-asante@1880/leadership","entity-asante@1880","asante-late-nineteenth-royal-core","Asante — royal confederacy around 1880","1880","leadership","PARTIAL","B","partially-supported","political-polity","false","[""Mensa Bonsu""]","[]","[{""id"":""asante-late-nineteenth-royal-core-r15-leadership-asante-mensa-bonsu"",""description"":""Explicit historical institution, office, affiliation or event of the named entity; not an inference about polygon sovereignty or statistical territory."",""relationship"":""same""}]","[]","{""map_identity_id"":""entity-asante"",""aliases"":[],""historical_names"":[{""value"":""Asante — royal confederacy around 1880"",""kind"":""primary"",""validFrom"":""1878-01-01"",""validUntil"":""1881-01-01""}],""identifiers"":{}}","[""Snapshot context is not observation date or boundary date."",""Map geometry does not establish sovereignty or succession."",""Existing applicability intervals: [{\""kind\"":\""interval\"",\""from\"":\""1878\"",\""until\"":\""1880\"",\""certainty\"":\""exact\""}]""]","49dbdde7b4019b3cfa77f8a9d410bf278b6401fdb2f53a1bc0705f77d4027bbb",""
"entity-asante@1900/leadership","entity-asante@1900","asante-1900-resident-framework-core","Asante — British resident administration in 1900","1900","leadership","MISSING","B","partially-supported","political-polity","false","[]","[]","[]","[]","{""map_identity_id"":""entity-asante"",""aliases"":[],""historical_names"":[{""value"":""Asante — British resident administration in 1900"",""kind"":""primary"",""validFrom"":""1900-01-01"",""validUntil"":""1901-01-01""}],""identifiers"":{}}","[""Snapshot context is not observation date or boundary date."",""Map geometry does not establish sovereignty or succession."",""Existing applicability intervals: []""]","49dbdde7b4019b3cfa77f8a9d410bf278b6401fdb2f53a1bc0705f77d4027bbb",""
"entity-burma@1800/leadership","entity-burma@1800","b13-burma-konbaung","Burma — Konbaung kingdom","1800","leadership","MISSING","B","partially-supported","political-polity","false","[]","[]","[]","[]","{""map_identity_id"":""entity-burma"",""aliases"":[],""historical_names"":[{""value"":""Burma — Konbaung kingdom"",""kind"":""primary"",""validFrom"":""1800-01-01"",""validUntil"":""1816-01-01""}],""identifiers"":{}}","[""Snapshot context is not observation date or boundary date."",""Map geometry does not establish sovereignty or succession."",""Existing applicability intervals: []""]","49dbdde7b4019b3cfa77f8a9d410bf278b6401fdb2f53a1bc0705f77d4027bbb",""
"entity-burma@1815/leadership","entity-burma@1815","b13-burma-konbaung","Burma — Konbaung kingdom","1815","leadership","MISSING","B","partially-supported","political-polity","false","[]","[]","[]","[]","{""map_identity_id"":""entity-burma"",""aliases"":[],""historical_names"":[{""value"":""Burma — Konbaung kingdom"",""kind"":""primary"",""validFrom"":""1800-01-01"",""validUntil"":""1816-01-01""}],""identifiers"":{}}","[""Snapshot context is not observation date or boundary date."",""Map geometry does not establish sovereignty or succession."",""Existing applicability intervals: []""]","49dbdde7b4019b3cfa77f8a9d410bf278b6401fdb2f53a1bc0705f77d4027bbb",""
"entity-burma@1945/leadership","entity-burma@1945","","Burma","1945","leadership","MISSING","B","completely-empty","political-polity","true","[]","[]","[]","[]","{""map_identity_id"":""entity-burma"",""aliases"":[],""historical_names"":[],""identifiers"":{}}","[""Snapshot context is not observation date or boundary date."",""Map geometry does not establish sovereignty or succession."",""Resolve historical identity before proposing entity-specific facts."",""Existing applicability intervals: []""]","49dbdde7b4019b3cfa77f8a9d410bf278b6401fdb2f53a1bc0705f77d4027bbb",""
"entity-burma@1960/leadership","entity-burma@1960","","Burma","1960","leadership","MISSING","B","held-ambiguous","political-polity","true","[]","[]","[]","[]","{""map_identity_id"":""entity-burma"",""aliases"":[],""historical_names"":[],""identifiers"":{}}","[""Snapshot context is not observation date or boundary date."",""Map geometry does not establish sovereignty or succession."",""Resolve historical identity before proposing entity-specific facts."",""Existing applicability intervals: []""]","49dbdde7b4019b3cfa77f8a9d410bf278b6401fdb2f53a1bc0705f77d4027bbb",""
"entity-venezuela@1945/leadership","entity-venezuela@1945","","Venezuela","1945","leadership","MISSING","B","held-ambiguous","political-polity","true","[]","[]","[]","[]","{""map_identity_id"":""entity-venezuela"",""aliases"":[],""historical_names"":[],""identifiers"":{}}","[""Snapshot context is not observation date or boundary date."",""Map geometry does not establish sovereignty or succession."",""Resolve historical identity before proposing entity-specific facts."",""Existing applicability intervals: []""]","49dbdde7b4019b3cfa77f8a9d410bf278b6401fdb2f53a1bc0705f77d4027bbb",""
"entity-greenland@1878/leadership","entity-greenland@1878","greenland-late-colonial-framework","Greenland — Danish colonial administration","1878","leadership","MISSING","B","partially-supported","dependent-administration","false","[]","[]","[]","[]","{""map_identity_id"":""entity-greenland"",""aliases"":[],""historical_names"":[{""value"":""Greenland — Danish colonial administration"",""kind"":""primary"",""validFrom"":""1878-01-01"",""validUntil"":""1901-01-01""}],""identifiers"":{}}","[""Snapshot context is not observation date or boundary date."",""Map geometry does not establish sovereignty or succession."",""Existing applicability intervals: []""]","49dbdde7b4019b3cfa77f8a9d410bf278b6401fdb2f53a1bc0705f77d4027bbb",""
"entity-greenland@1880/leadership","entity-greenland@1880","greenland-late-colonial-framework","Greenland — Danish colonial administration","1880","leadership","MISSING","B","partially-supported","dependent-administration","false","[]","[]","[]","[]","{""map_identity_id"":""entity-greenland"",""aliases"":[],""historical_names"":[{""value"":""Greenland — Danish colonial administration"",""kind"":""primary"",""validFrom"":""1878-01-01"",""validUntil"":""1901-01-01""}],""identifiers"":{}}","[""Snapshot context is not observation date or boundary date."",""Map geometry does not establish sovereignty or succession."",""Existing applicability intervals: []""]","49dbdde7b4019b3cfa77f8a9d410bf278b6401fdb2f53a1bc0705f77d4027bbb",""
"entity-greenland@1900/leadership","entity-greenland@1900","greenland-late-colonial-framework","Greenland — Danish colonial administration","1900","leadership","MISSING","B","partially-supported","dependent-administration","false","[]","[]","[]","[]","{""map_identity_id"":""entity-greenland"",""aliases"":[],""historical_names"":[{""value"":""Greenland — Danish colonial administration"",""kind"":""primary"",""validFrom"":""1878-01-01"",""validUntil"":""1901-01-01""}],""identifiers"":{}}","[""Snapshot context is not observation date or boundary date."",""Map geometry does not establish sovereignty or succession."",""Existing applicability intervals: []""]","49dbdde7b4019b3cfa77f8a9d410bf278b6401fdb2f53a1bc0705f77d4027bbb",""
"entity-greenland@1960/leadership","entity-greenland@1960","greenland-post-1953-integration-framework","Greenland — county within Denmark","1960","leadership","MISSING","B","partially-supported","dependent-administration","false","[]","[]","[]","[]","{""map_identity_id"":""entity-greenland"",""aliases"":[],""historical_names"":[{""value"":""Greenland — county within Denmark"",""kind"":""primary"",""validFrom"":""1954-01-01"",""validUntil"":""1961-01-01""}],""identifiers"":{}}","[""Snapshot context is not observation date or boundary date."",""Map geometry does not establish sovereignty or succession."",""Existing applicability intervals: []""]","49dbdde7b4019b3cfa77f8a9d410bf278b6401fdb2f53a1bc0705f77d4027bbb",""
"entity-yugoslavia@1938/leadership","entity-yugoslavia@1938","yugoslav-royal-authoritarian-framework","Kingdom of Yugoslavia — royal authoritarian framework","1938","leadership","MISSING","B","partially-supported","political-polity","false","[]","[]","[]","[]","{""map_identity_id"":""entity-yugoslavia"",""aliases"":[],""historical_names"":[{""value"":""Kingdom of Serbs, Croats and Slovenes — royal dictatorship"",""kind"":""primary"",""validFrom"":""1929-01-06"",""validUntil"":""1929-10-03""},{""value"":""Kingdom of Yugoslavia — royal authoritarian framework"",""kind"":""primary"",""validFrom"":""1929-10-03"",""validUntil"":""1939-01-01""}],""identifiers"":{}}","[""Snapshot context is not observation date or boundary date."",""Map geometry does not establish sovereignty or succession."",""Existing applicability intervals: []""]","49dbdde7b4019b3cfa77f8a9d410bf278b6401fdb2f53a1bc0705f77d4027bbb",""
"entity-yugoslavia@1945/leadership","entity-yugoslavia@1945","","Yugoslavia","1945","leadership","MISSING","B","held-ambiguous","political-polity","true","[]","[]","[]","[]","{""map_identity_id"":""entity-yugoslavia"",""aliases"":[],""historical_names"":[],""identifiers"":{}}","[""Snapshot context is not observation date or boundary date."",""Map geometry does not establish sovereignty or succession."",""Resolve historical identity before proposing entity-specific facts."",""Existing applicability intervals: []""]","49dbdde7b4019b3cfa77f8a9d410bf278b6401fdb2f53a1bc0705f77d4027bbb",""
"entity-sudan@1920/leadership","entity-sudan@1920","b17-sudan-condominium","Anglo-Egyptian Sudan — formal joint authority and British administration","1920","leadership","MISSING","B","partially-supported","dependent-administration","false","[]","[]","[]","[]","{""map_identity_id"":""entity-sudan"",""aliases"":[],""historical_names"":[{""value"":""Anglo-Egyptian Sudan — formal joint authority and British administration"",""kind"":""primary"",""validFrom"":""1914-01-01"",""validUntil"":""1946-01-01""}],""identifiers"":{}}","[""Snapshot context is not observation date or boundary date."",""Map geometry does not establish sovereignty or succession."",""Existing applicability intervals: []""]","49dbdde7b4019b3cfa77f8a9d410bf278b6401fdb2f53a1bc0705f77d4027bbb",""
"entity-sudan@1930/leadership","entity-sudan@1930","b17-sudan-condominium","Anglo-Egyptian Sudan — formal joint authority and British administration","1930","leadership","MISSING","B","partially-supported","dependent-administration","false","[]","[]","[]","[]","{""map_identity_id"":""entity-sudan"",""aliases"":[],""historical_names"":[{""value"":""Anglo-Egyptian Sudan — formal joint authority and British administration"",""kind"":""primary"",""validFrom"":""1914-01-01"",""validUntil"":""1946-01-01""}],""identifiers"":{}}","[""Snapshot context is not observation date or boundary date."",""Map geometry does not establish sovereignty or succession."",""Existing applicability intervals: []""]","49dbdde7b4019b3cfa77f8a9d410bf278b6401fdb2f53a1bc0705f77d4027bbb",""
"entity-sudan@1938/leadership","entity-sudan@1938","b17-sudan-condominium","Anglo-Egyptian Sudan — formal joint authority and British administration","1938","leadership","MISSING","B","partially-supported","dependent-administration","false","[]","[]","[]","[]","{""map_identity_id"":""entity-sudan"",""aliases"":[],""historical_names"":[{""value"":""Anglo-Egyptian Sudan — formal joint authority and British administration"",""kind"":""primary"",""validFrom"":""1914-01-01"",""validUntil"":""1946-01-01""}],""identifiers"":{}}","[""Snapshot context is not observation date or boundary date."",""Map geometry does not establish sovereignty or succession."",""Existing applicability intervals: []""]","49dbdde7b4019b3cfa77f8a9d410bf278b6401fdb2f53a1bc0705f77d4027bbb",""
"entity-sudan@1945/leadership","entity-sudan@1945","b17-sudan-condominium","Anglo-Egyptian Sudan — formal joint authority and British administration","1945","leadership","MISSING","B","partially-supported","dependent-administration","false","[]","[]","[]","[]","{""map_identity_id"":""entity-sudan"",""aliases"":[],""historical_names"":[{""value"":""Anglo-Egyptian Sudan — formal joint authority and British administration"",""kind"":""primary"",""validFrom"":""1914-01-01"",""validUntil"":""1946-01-01""}],""identifiers"":{}}","[""Snapshot context is not observation date or boundary date."",""Map geometry does not establish sovereignty or succession."",""Existing applicability intervals: []""]","49dbdde7b4019b3cfa77f8a9d410bf278b6401fdb2f53a1bc0705f77d4027bbb",""
"entity-madagascar-france@1914/leadership","entity-madagascar-france@1914","b20-madagascar-french-colony","Madagascar — French colony","1914","leadership","MISSING","B","partially-supported","dependent-administration","false","[]","[]","[]","[]","{""map_identity_id"":""entity-madagascar-france"",""aliases"":[],""historical_names"":[{""value"":""Madagascar — French colony"",""kind"":""primary"",""validFrom"":""1900-01-01"",""validUntil"":""1939-01-01""},{""value"":""Madagascar — French colonial administration"",""kind"":""primary"",""validFrom"":""1945-01-01"",""validUntil"":""1946-01-01""}],""identifiers"":{}}","[""Snapshot context is not observation date or boundary date."",""Map geometry does not establish sovereignty or succession."",""Existing applicability intervals: []""]","49dbdde7b4019b3cfa77f8a9d410bf278b6401fdb2f53a1bc0705f77d4027bbb",""
"entity-madagascar-france@1920/leadership","entity-madagascar-france@1920","b20-madagascar-french-colony","Madagascar — French colony","1920","leadership","MISSING","B","partially-supported","dependent-administration","false","[]","[]","[]","[]","{""map_identity_id"":""entity-madagascar-france"",""aliases"":[],""historical_names"":[{""value"":""Madagascar — French colony"",""kind"":""primary"",""validFrom"":""1900-01-01"",""validUntil"":""1939-01-01""},{""value"":""Madagascar — French colonial administration"",""kind"":""primary"",""validFrom"":""1945-01-01"",""validUntil"":""1946-01-01""}],""identifiers"":{}}","[""Snapshot context is not observation date or boundary date."",""Map geometry does not establish sovereignty or succession."",""Existing applicability intervals: []""]","49dbdde7b4019b3cfa77f8a9d410bf278b6401fdb2f53a1bc0705f77d4027bbb",""
"entity-madagascar-france@1930/leadership","entity-madagascar-france@1930","b20-madagascar-french-colony","Madagascar — French colony","1930","leadership","MISSING","B","partially-supported","dependent-administration","false","[]","[]","[]","[]","{""map_identity_id"":""entity-madagascar-france"",""aliases"":[],""historical_names"":[{""value"":""Madagascar — French colony"",""kind"":""primary"",""validFrom"":""1900-01-01"",""validUntil"":""1939-01-01""},{""value"":""Madagascar — French colonial administration"",""kind"":""primary"",""validFrom"":""1945-01-01"",""validUntil"":""1946-01-01""}],""identifiers"":{}}","[""Snapshot context is not observation date or boundary date."",""Map geometry does not establish sovereignty or succession."",""Existing applicability intervals: []""]","49dbdde7b4019b3cfa77f8a9d410bf278b6401fdb2f53a1bc0705f77d4027bbb",""
"entity-madagascar-france@1938/leadership","entity-madagascar-france@1938","b20-madagascar-french-colony","Madagascar — French colony","1938","leadership","MISSING","B","partially-supported","dependent-administration","false","[]","[]","[]","[]","{""map_identity_id"":""entity-madagascar-france"",""aliases"":[],""historical_names"":[{""value"":""Madagascar — French colony"",""kind"":""primary"",""validFrom"":""1900-01-01"",""validUntil"":""1939-01-01""},{""value"":""Madagascar — French colonial administration"",""kind"":""primary"",""validFrom"":""1945-01-01"",""validUntil"":""1946-01-01""}],""identifiers"":{}}","[""Snapshot context is not observation date or boundary date."",""Map geometry does not establish sovereignty or succession."",""Existing applicability intervals: []""]","49dbdde7b4019b3cfa77f8a9d410bf278b6401fdb2f53a1bc0705f77d4027bbb",""
"entity-madagascar-france@1945/leadership","entity-madagascar-france@1945","b20-madagascar-french-colony","Madagascar — French colonial administration","1945","leadership","MISSING","B","partially-supported","dependent-administration","false","[]","[]","[]","[]","{""map_identity_id"":""entity-madagascar-france"",""aliases"":[],""historical_names"":[{""value"":""Madagascar — French colony"",""kind"":""primary"",""validFrom"":""1900-01-01"",""validUntil"":""1939-01-01""},{""value"":""Madagascar — French colonial administration"",""kind"":""primary"",""validFrom"":""1945-01-01"",""validUntil"":""1946-01-01""}],""identifiers"":{}}","[""Snapshot context is not observation date or boundary date."",""Map geometry does not establish sovereignty or succession."",""Existing applicability intervals: []""]","49dbdde7b4019b3cfa77f8a9d410bf278b6401fdb2f53a1bc0705f77d4027bbb",""
"entity-mesopotamia-gb@1920/leadership","entity-mesopotamia-gb@1920","","Mesopotamia (GB)","1920","leadership","MISSING","B","held-ambiguous","dependent-administration","true","[]","[]","[]","[]","{""map_identity_id"":""entity-mesopotamia-gb"",""aliases"":[],""historical_names"":[],""identifiers"":{}}","[""Snapshot context is not observation date or boundary date."",""Map geometry does not establish sovereignty or succession."",""Resolve historical identity before proposing entity-specific facts."",""Existing applicability intervals: []""]","49dbdde7b4019b3cfa77f8a9d410bf278b6401fdb2f53a1bc0705f77d4027bbb",""
"entity-mesopotamia-gb@1930/leadership","entity-mesopotamia-gb@1930","iraq-1930-british-protection-core","Iraq — 1930 British mandate relationship","1930","leadership","MISSING","B","partially-supported","dependent-administration","false","[]","[]","[]","[]","{""map_identity_id"":""entity-mesopotamia-gb"",""aliases"":[],""historical_names"":[{""value"":""Iraq — 1930 British mandate relationship"",""kind"":""primary"",""validFrom"":""1930-01-01"",""validUntil"":""1932-01-01""}],""identifiers"":{}}","[""Snapshot context is not observation date or boundary date."",""Map geometry does not establish sovereignty or succession."",""Existing applicability intervals: []""]","49dbdde7b4019b3cfa77f8a9d410bf278b6401fdb2f53a1bc0705f77d4027bbb",""
"entity-mesopotamia-gb@1938/leadership","entity-mesopotamia-gb@1938","","Mesopotamia (GB)","1938","leadership","MISSING","B","held-ambiguous","dependent-administration","true","[]","[]","[]","[]","{""map_identity_id"":""entity-mesopotamia-gb"",""aliases"":[],""historical_names"":[],""identifiers"":{}}","[""Snapshot context is not observation date or boundary date."",""Map geometry does not establish sovereignty or succession."",""Resolve historical identity before proposing entity-specific facts."",""Existing applicability intervals: []""]","49dbdde7b4019b3cfa77f8a9d410bf278b6401fdb2f53a1bc0705f77d4027bbb",""
"entity-syria-france@1920/leadership","entity-syria-france@1920","","Syria (France)","1920","leadership","MISSING","B","completely-empty","dependent-administration","true","[]","[]","[]","[]","{""map_identity_id"":""entity-syria-france"",""aliases"":[],""historical_names"":[],""identifiers"":{}}","[""Snapshot context is not observation date or boundary date."",""Map geometry does not establish sovereignty or succession."",""Resolve historical identity before proposing entity-specific facts."",""Existing applicability intervals: []""]","49dbdde7b4019b3cfa77f8a9d410bf278b6401fdb2f53a1bc0705f77d4027bbb",""
"entity-syria-france@1930/leadership","entity-syria-france@1930","","Syria (France)","1930","leadership","MISSING","B","completely-empty","dependent-administration","true","[]","[]","[]","[]","{""map_identity_id"":""entity-syria-france"",""aliases"":[],""historical_names"":[],""identifiers"":{}}","[""Snapshot context is not observation date or boundary date."",""Map geometry does not establish sovereignty or succession."",""Resolve historical identity before proposing entity-specific facts."",""Existing applicability intervals: []""]","49dbdde7b4019b3cfa77f8a9d410bf278b6401fdb2f53a1bc0705f77d4027bbb",""
"entity-syria-france@1938/leadership","entity-syria-france@1938","syria-french-1930-constitutional-core","Syria — imposed 1930 constitution","1938","leadership","MISSING","B","partially-supported","dependent-administration","false","[]","[]","[]","[]","{""map_identity_id"":""entity-syria-france"",""aliases"":[],""historical_names"":[{""value"":""Syria — imposed 1930 constitution"",""kind"":""primary"",""validFrom"":""1931-01-01"",""validUntil"":""1939-01-01""}],""identifiers"":{}}","[""Snapshot context is not observation date or boundary date."",""Map geometry does not establish sovereignty or succession."",""Existing applicability intervals: []""]","49dbdde7b4019b3cfa77f8a9d410bf278b6401fdb2f53a1bc0705f77d4027bbb",""
"entity-serbia@1878/leadership","entity-serbia@1878","serbian-independent-principality-framework","Principality of Serbia — independent framework","1878","leadership","MISSING","B","partially-supported","political-polity","false","[]","[]","[]","[]","{""map_identity_id"":""entity-serbia"",""aliases"":[],""historical_names"":[{""value"":""Principality of Serbia — independent framework"",""kind"":""primary"",""validFrom"":""1878-07-13"",""validUntil"":""1881-01-01""}],""identifiers"":{}}","[""Snapshot context is not observation date or boundary date."",""Map geometry does not establish sovereignty or succession."",""Existing applicability intervals: []""]","49dbdde7b4019b3cfa77f8a9d410bf278b6401fdb2f53a1bc0705f77d4027bbb",""
"entity-serbia@1880/leadership","entity-serbia@1880","serbian-independent-principality-framework","Principality of Serbia — independent framework","1880","leadership","MISSING","B","partially-supported","political-polity","false","[]","[]","[]","[]","{""map_identity_id"":""entity-serbia"",""aliases"":[],""historical_names"":[{""value"":""Principality of Serbia — independent framework"",""kind"":""primary"",""validFrom"":""1878-07-13"",""validUntil"":""1881-01-01""}],""identifiers"":{}}","[""Snapshot context is not observation date or boundary date."",""Map geometry does not establish sovereignty or succession."",""Existing applicability intervals: []""]","49dbdde7b4019b3cfa77f8a9d410bf278b6401fdb2f53a1bc0705f77d4027bbb",""
"entity-serbia@1900/leadership","entity-serbia@1900","","Serbia","1900","leadership","MISSING","B","completely-empty","political-polity","true","[]","[]","[]","[]","{""map_identity_id"":""entity-serbia"",""aliases"":[],""historical_names"":[],""identifiers"":{}}","[""Snapshot context is not observation date or boundary date."",""Map geometry does not establish sovereignty or succession."",""Resolve historical identity before proposing entity-specific facts."",""Existing applicability intervals: []""]","49dbdde7b4019b3cfa77f8a9d410bf278b6401fdb2f53a1bc0705f77d4027bbb",""
"entity-dahomey@1800/leadership","entity-dahomey@1800","dahomey-1800-royal-core","Dahomey — royal polity in 1800","1800","leadership","MISSING","B","partially-supported","political-polity","false","[]","[]","[]","[]","{""map_identity_id"":""entity-dahomey"",""aliases"":[],""historical_names"":[{""value"":""Dahomey — royal polity in 1800"",""kind"":""primary"",""validFrom"":""1800-01-01"",""validUntil"":""1801-01-01""}],""identifiers"":{}}","[""Snapshot context is not observation date or boundary date."",""Map geometry does not establish sovereignty or succession."",""Existing applicability intervals: []""]","49dbdde7b4019b3cfa77f8a9d410bf278b6401fdb2f53a1bc0705f77d4027bbb",""
"entity-dahomey@1878/leadership","entity-dahomey@1878","dahomey-1880-royal-core","Dahomey — kingdom around 1880","1878","leadership","PARTIAL","B","partially-supported","political-polity","false","[""Glélé""]","[]","[{""id"":""dahomey-1880-royal-core-glele-1878-1880"",""description"":""Named historical administration or royal polity; no geometry-derived sovereignty or modern-country backprojection."",""relationship"":""same""}]","[]","{""map_identity_id"":""entity-dahomey"",""aliases"":[],""historical_names"":[{""value"":""Dahomey — kingdom around 1880"",""kind"":""primary"",""validFrom"":""1878-01-01"",""validUntil"":""1881-01-01""}],""identifiers"":{}}","[""Snapshot context is not observation date or boundary date."",""Map geometry does not establish sovereignty or succession."",""Existing applicability intervals: [{\""kind\"":\""interval\"",\""from\"":\""1878\"",\""until\"":\""1880\"",\""certainty\"":\""exact\""}]""]","49dbdde7b4019b3cfa77f8a9d410bf278b6401fdb2f53a1bc0705f77d4027bbb",""
"entity-dahomey@1880/leadership","entity-dahomey@1880","dahomey-1880-royal-core","Dahomey — kingdom around 1880","1880","leadership","PARTIAL","B","partially-supported","political-polity","false","[""Glélé""]","[]","[{""id"":""dahomey-1880-royal-core-glele-1878-1880"",""description"":""Named historical administration or royal polity; no geometry-derived sovereignty or modern-country backprojection."",""relationship"":""same""}]","[]","{""map_identity_id"":""entity-dahomey"",""aliases"":[],""historical_names"":[{""value"":""Dahomey — kingdom around 1880"",""kind"":""primary"",""validFrom"":""1878-01-01"",""validUntil"":""1881-01-01""}],""identifiers"":{}}","[""Snapshot context is not observation date or boundary date."",""Map geometry does not establish sovereignty or succession."",""Existing applicability intervals: [{\""kind\"":\""interval\"",\""from\"":\""1878\"",\""until\"":\""1880\"",\""certainty\"":\""exact\""}]""]","49dbdde7b4019b3cfa77f8a9d410bf278b6401fdb2f53a1bc0705f77d4027bbb",""
"entity-dahomey@1900/leadership","entity-dahomey@1900","dahomey-1900-french-core","Dahomey — French colonial administration around 1900","1900","leadership","MISSING","B","partially-supported","political-polity","false","[]","[]","[]","[]","{""map_identity_id"":""entity-dahomey"",""aliases"":[],""historical_names"":[{""value"":""Dahomey — French colonial administration around 1900"",""kind"":""primary"",""validFrom"":""1900-01-01"",""validUntil"":""1901-01-01""}],""identifiers"":{}}","[""Snapshot context is not observation date or boundary date."",""Map geometry does not establish sovereignty or succession."",""Existing applicability intervals: []""]","49dbdde7b4019b3cfa77f8a9d410bf278b6401fdb2f53a1bc0705f77d4027bbb",""
"entity-switzerland@1815/leadership","entity-switzerland@1815","swiss-confederation-1815","Swiss Confederation","1815","leadership","MISSING","B","partially-supported","political-polity","false","[]","[]","[]","[]","{""map_identity_id"":""entity-switzerland"",""aliases"":[],""historical_names"":[{""value"":""Swiss Confederation"",""kind"":""primary"",""validFrom"":""1815-08-07"",""validUntil"":""1848""}],""identifiers"":{}}","[""Snapshot context is not observation date or boundary date."",""Map geometry does not establish sovereignty or succession."",""Existing applicability intervals: []""]","49dbdde7b4019b3cfa77f8a9d410bf278b6401fdb2f53a1bc0705f77d4027bbb",""
"entity-rhodesia@1914/leadership","entity-rhodesia@1914","","Rhodesia","1914","leadership","MISSING","B","held-ambiguous","dependent-administration","true","[]","[]","[]","[]","{""map_identity_id"":""entity-rhodesia"",""aliases"":[],""historical_names"":[],""identifiers"":{}}","[""Snapshot context is not observation date or boundary date."",""Map geometry does not establish sovereignty or succession."",""Resolve historical identity before proposing entity-specific facts."",""Existing applicability intervals: []""]","49dbdde7b4019b3cfa77f8a9d410bf278b6401fdb2f53a1bc0705f77d4027bbb",""
"entity-rhodesia@1945/leadership","entity-rhodesia@1945","","Rhodesia","1945","leadership","MISSING","B","held-ambiguous","dependent-administration","true","[]","[]","[]","[]","{""map_identity_id"":""entity-rhodesia"",""aliases"":[],""historical_names"":[],""identifiers"":{}}","[""Snapshot context is not observation date or boundary date."",""Map geometry does not establish sovereignty or succession."",""Resolve historical identity before proposing entity-specific facts."",""Existing applicability intervals: []""]","49dbdde7b4019b3cfa77f8a9d410bf278b6401fdb2f53a1bc0705f77d4027bbb",""
"entity-mongolia@1920/leadership","entity-mongolia@1920","mongolia-chinese-occupation","Outer Mongolia — Chinese military occupation","1920","leadership","MISSING","B","partially-supported","political-polity","false","[]","[]","[]","[]","{""map_identity_id"":""entity-mongolia"",""aliases"":[],""historical_names"":[{""value"":""Outer Mongolia — Chinese military occupation"",""kind"":""primary"",""validFrom"":""1919-10"",""validUntil"":""1921-02""}],""identifiers"":{}}","[""Snapshot context is not observation date or boundary date."",""Map geometry does not establish sovereignty or succession."",""Existing applicability intervals: []""]","49dbdde7b4019b3cfa77f8a9d410bf278b6401fdb2f53a1bc0705f77d4027bbb",""
"entity-libya@1914/leadership","entity-libya@1914","libya-italian-claims-1914-framework","Libya — contested Italian colonial claims","1914","leadership","MISSING","B","partially-supported","political-polity","false","[]","[]","[]","[]","{""map_identity_id"":""entity-libya"",""aliases"":[],""historical_names"":[{""value"":""Libya — contested Italian colonial claims"",""kind"":""primary"",""validFrom"":""1913-01-01"",""validUntil"":""1915-01-01""}],""identifiers"":{}}","[""Snapshot context is not observation date or boundary date."",""Map geometry does not establish sovereignty or succession."",""Existing applicability intervals: []""]","49dbdde7b4019b3cfa77f8a9d410bf278b6401fdb2f53a1bc0705f77d4027bbb",""
"entity-libya@1938/leadership","entity-libya@1938","libya-italian-unified-colony-framework","Libya — Italian unified colony","1938","leadership","MISSING","B","partially-supported","political-polity","false","[]","[]","[]","[]","{""map_identity_id"":""entity-libya"",""aliases"":[],""historical_names"":[{""value"":""Libya — Italian unified colony"",""kind"":""primary"",""validFrom"":""1935-01-01"",""validUntil"":""1939-01-01""}],""identifiers"":{}}","[""Snapshot context is not observation date or boundary date."",""Map geometry does not establish sovereignty or succession."",""Existing applicability intervals: []""]","49dbdde7b4019b3cfa77f8a9d410bf278b6401fdb2f53a1bc0705f77d4027bbb",""
"entity-niger@1945/leadership","entity-niger@1945","","Niger","1945","leadership","MISSING","B","completely-empty","dependent-administration","true","[]","[]","[]","[]","{""map_identity_id"":""entity-niger"",""aliases"":[],""historical_names"":[],""identifiers"":{}}","[""Snapshot context is not observation date or boundary date."",""Map geometry does not establish sovereignty or succession."",""Resolve historical identity before proposing entity-specific facts."",""Existing applicability intervals: []""]","49dbdde7b4019b3cfa77f8a9d410bf278b6401fdb2f53a1bc0705f77d4027bbb",""
"entity-niger@1960/leadership","entity-niger@1960","b16-niger-independence","Republic of Niger — independence period","1960","leadership","PARTIAL","B","partially-supported","dependent-administration","false","[""Hamani Diori""]","[]","[]","[]","{""map_identity_id"":""entity-niger"",""aliases"":[],""historical_names"":[{""value"":""Republic of Niger — independence period"",""kind"":""primary"",""validFrom"":""1960-08-03"",""validUntil"":""1961-01-01""}],""identifiers"":{}}","[""Snapshot context is not observation date or boundary date."",""Map geometry does not establish sovereignty or succession."",""Existing applicability intervals: [{\""kind\"":\""interval\"",\""from\"":\""1960-08-03\"",\""until\"":\""1960-08-04\""}]""]","49dbdde7b4019b3cfa77f8a9d410bf278b6401fdb2f53a1bc0705f77d4027bbb",""
"entity-viceroyalty-of-new-granada@1800/leadership","entity-viceroyalty-of-new-granada@1800","new-granada-recovery-1800","Viceroyalty of New Granada — institutional context","1800","leadership","MISSING","B","partially-supported","dependent-administration","false","[]","[]","[]","[]","{""map_identity_id"":""entity-viceroyalty-of-new-granada"",""aliases"":[],""historical_names"":[{""value"":""Viceroyalty of New Granada — institutional context"",""kind"":""primary"",""validFrom"":""1800-01-01"",""validUntil"":""1801-01-01""}],""identifiers"":{}}","[""Snapshot context is not observation date or boundary date."",""Map geometry does not establish sovereignty or succession."",""Existing applicability intervals: []""]","49dbdde7b4019b3cfa77f8a9d410bf278b6401fdb2f53a1bc0705f77d4027bbb",""
"entity-viceroyalty-of-new-granada@1815/leadership","entity-viceroyalty-of-new-granada@1815","new-granada-recovery-1815","New Granada — fragmented authority and reconquest context","1815","leadership","MISSING","B","partially-supported","composite-political-region","false","[]","[]","[]","[]","{""map_identity_id"":""entity-viceroyalty-of-new-granada"",""aliases"":[],""historical_names"":[{""value"":""New Granada — fragmented authority and reconquest context"",""kind"":""primary"",""validFrom"":""1815-01-01"",""validUntil"":""1816-01-01""}],""identifiers"":{}}","[""Snapshot context is not observation date or boundary date."",""Map geometry does not establish sovereignty or succession."",""Existing applicability intervals: []""]","49dbdde7b4019b3cfa77f8a9d410bf278b6401fdb2f53a1bc0705f77d4027bbb",""
"entity-libya-it@1920/leadership","entity-libya-it@1920","","Libya (IT)","1920","leadership","MISSING","B","completely-empty","dependent-administration","true","[]","[]","[]","[]","{""map_identity_id"":""entity-libya-it"",""aliases"":[],""historical_names"":[],""identifiers"":{}}","[""Snapshot context is not observation date or boundary date."",""Map geometry does not establish sovereignty or succession."",""Resolve historical identity before proposing entity-specific facts."",""Existing applicability intervals: []""]","49dbdde7b4019b3cfa77f8a9d410bf278b6401fdb2f53a1bc0705f77d4027bbb",""
"entity-libya-it@1930/leadership","entity-libya-it@1930","libya-italian-reconquest-1930-framework","Libya — Italian colonial reconquest","1930","leadership","MISSING","B","partially-supported","dependent-administration","false","[]","[]","[]","[]","{""map_identity_id"":""entity-libya-it"",""aliases"":[],""historical_names"":[{""value"":""Libya — Italian colonial reconquest"",""kind"":""primary"",""validFrom"":""1930-01-01"",""validUntil"":""1931-01-01""}],""identifiers"":{}}","[""Snapshot context is not observation date or boundary date."",""Map geometry does not establish sovereignty or succession."",""Existing applicability intervals: []""]","49dbdde7b4019b3cfa77f8a9d410bf278b6401fdb2f53a1bc0705f77d4027bbb",""
"entity-portuguese-east-africa@1800/leadership","entity-portuguese-east-africa@1800","b20-portuguese-mozambique","Mozambique — Portuguese colonial administration","1800","leadership","MISSING","B","partially-supported","dependent-administration","false","[]","[]","[]","[]","{""map_identity_id"":""entity-portuguese-east-africa"",""aliases"":[],""historical_names"":[{""value"":""Mozambique — Portuguese colonial administration"",""kind"":""primary"",""validFrom"":""1800-01-01"",""validUntil"":""1816-01-01""},{""value"":""Mozambique — Portuguese colony"",""kind"":""primary"",""validFrom"":""1878-01-01"",""validUntil"":""1946-01-01""},{""value"":""Mozambique — Portuguese overseas province"",""kind"":""primary"",""validFrom"":""1960-01-01"",""validUntil"":""1961-01-01""}],""identifiers"":{}}","[""Snapshot context is not observation date or boundary date."",""Map geometry does not establish sovereignty or succession."",""Existing applicability intervals: []""]","49dbdde7b4019b3cfa77f8a9d410bf278b6401fdb2f53a1bc0705f77d4027bbb",""
"entity-portuguese-east-africa@1815/leadership","entity-portuguese-east-africa@1815","b20-portuguese-mozambique","Mozambique — Portuguese colonial administration","1815","leadership","MISSING","B","partially-supported","dependent-administration","false","[]","[]","[]","[]","{""map_identity_id"":""entity-portuguese-east-africa"",""aliases"":[],""historical_names"":[{""value"":""Mozambique — Portuguese colonial administration"",""kind"":""primary"",""validFrom"":""1800-01-01"",""validUntil"":""1816-01-01""},{""value"":""Mozambique — Portuguese colony"",""kind"":""primary"",""validFrom"":""1878-01-01"",""validUntil"":""1946-01-01""},{""value"":""Mozambique — Portuguese overseas province"",""kind"":""primary"",""validFrom"":""1960-01-01"",""validUntil"":""1961-01-01""}],""identifiers"":{}}","[""Snapshot context is not observation date or boundary date."",""Map geometry does not establish sovereignty or succession."",""Existing applicability intervals: []""]","49dbdde7b4019b3cfa77f8a9d410bf278b6401fdb2f53a1bc0705f77d4027bbb",""
"entity-portuguese-east-africa@1900/leadership","entity-portuguese-east-africa@1900","b20-portuguese-mozambique","Mozambique — Portuguese colony","1900","leadership","MISSING","B","partially-supported","dependent-administration","false","[]","[]","[]","[]","{""map_identity_id"":""entity-portuguese-east-africa"",""aliases"":[],""historical_names"":[{""value"":""Mozambique — Portuguese colonial administration"",""kind"":""primary"",""validFrom"":""1800-01-01"",""validUntil"":""1816-01-01""},{""value"":""Mozambique — Portuguese colony"",""kind"":""primary"",""validFrom"":""1878-01-01"",""validUntil"":""1946-01-01""},{""value"":""Mozambique — Portuguese overseas province"",""kind"":""primary"",""validFrom"":""1960-01-01"",""validUntil"":""1961-01-01""}],""identifiers"":{}}","[""Snapshot context is not observation date or boundary date."",""Map geometry does not establish sovereignty or succession."",""Existing applicability intervals: []""]","49dbdde7b4019b3cfa77f8a9d410bf278b6401fdb2f53a1bc0705f77d4027bbb",""
"entity-sokoto-caliphate@1878/leadership","entity-sokoto-caliphate@1878","sokoto-late-nineteenth-caliphate-core","Sokoto — late nineteenth-century caliphate","1878","leadership","MISSING","B","partially-supported","political-polity","false","[]","[]","[]","[]","{""map_identity_id"":""entity-sokoto-caliphate"",""aliases"":[],""historical_names"":[{""value"":""Sokoto — late nineteenth-century caliphate"",""kind"":""primary"",""validFrom"":""1878-01-01"",""validUntil"":""1901-01-01""},{""value"":""Sokoto Caliphate — early confederation"",""kind"":""primary"",""validFrom"":""1810-01-01"",""validUntil"":""1817-01-01""}],""identifiers"":{}}","[""Snapshot context is not observation date or boundary date."",""Map geometry does not establish sovereignty or succession."",""Existing applicability intervals: []""]","49dbdde7b4019b3cfa77f8a9d410bf278b6401fdb2f53a1bc0705f77d4027bbb",""
"entity-sokoto-caliphate@1880/leadership","entity-sokoto-caliphate@1880","sokoto-late-nineteenth-caliphate-core","Sokoto — late nineteenth-century caliphate","1880","leadership","MISSING","B","partially-supported","political-polity","false","[]","[]","[]","[]","{""map_identity_id"":""entity-sokoto-caliphate"",""aliases"":[],""historical_names"":[{""value"":""Sokoto — late nineteenth-century caliphate"",""kind"":""primary"",""validFrom"":""1878-01-01"",""validUntil"":""1901-01-01""},{""value"":""Sokoto Caliphate — early confederation"",""kind"":""primary"",""validFrom"":""1810-01-01"",""validUntil"":""1817-01-01""}],""identifiers"":{}}","[""Snapshot context is not observation date or boundary date."",""Map geometry does not establish sovereignty or succession."",""Existing applicability intervals: []""]","49dbdde7b4019b3cfa77f8a9d410bf278b6401fdb2f53a1bc0705f77d4027bbb",""
"entity-sokoto-caliphate@1900/leadership","entity-sokoto-caliphate@1900","sokoto-late-nineteenth-caliphate-core","Sokoto — late nineteenth-century caliphate","1900","leadership","MISSING","B","partially-supported","political-polity","false","[]","[]","[]","[]","{""map_identity_id"":""entity-sokoto-caliphate"",""aliases"":[],""historical_names"":[{""value"":""Sokoto — late nineteenth-century caliphate"",""kind"":""primary"",""validFrom"":""1878-01-01"",""validUntil"":""1901-01-01""},{""value"":""Sokoto Caliphate — early confederation"",""kind"":""primary"",""validFrom"":""1810-01-01"",""validUntil"":""1817-01-01""}],""identifiers"":{}}","[""Snapshot context is not observation date or boundary date."",""Map geometry does not establish sovereignty or succession."",""Existing applicability intervals: []""]","49dbdde7b4019b3cfa77f8a9d410bf278b6401fdb2f53a1bc0705f77d4027bbb",""
"entity-pakistan@1945/leadership","entity-pakistan@1945","","Pakistan","1945","leadership","MISSING","B","held-ambiguous","political-polity","true","[]","[]","[]","[]","{""map_identity_id"":""entity-pakistan"",""aliases"":[],""historical_names"":[],""identifiers"":{}}","[""Snapshot context is not observation date or boundary date."",""Map geometry does not establish sovereignty or succession."",""Resolve historical identity before proposing entity-specific facts."",""Existing applicability intervals: []""]","49dbdde7b4019b3cfa77f8a9d410bf278b6401fdb2f53a1bc0705f77d4027bbb",""
"entity-viceroyalty-of-peru@1800/leadership","entity-viceroyalty-of-peru@1800","peru-late-viceroyal-framework","Peru — Spanish viceroyal government","1800","leadership","MISSING","B","partially-supported","dependent-administration","false","[]","[]","[]","[]","{""map_identity_id"":""entity-viceroyalty-of-peru"",""aliases"":[],""historical_names"":[{""value"":""Peru — Spanish viceroyal government"",""kind"":""primary"",""validFrom"":""1800-01-01"",""validUntil"":""1820-01-01""}],""identifiers"":{}}","[""Snapshot context is not observation date or boundary date."",""Map geometry does not establish sovereignty or succession."",""Existing applicability intervals: []""]","49dbdde7b4019b3cfa77f8a9d410bf278b6401fdb2f53a1bc0705f77d4027bbb",""
"entity-viceroyalty-of-peru@1815/leadership","entity-viceroyalty-of-peru@1815","peru-late-viceroyal-framework","Peru — Spanish viceroyal government","1815","leadership","MISSING","B","partially-supported","dependent-administration","false","[]","[]","[]","[]","{""map_identity_id"":""entity-viceroyalty-of-peru"",""aliases"":[],""historical_names"":[{""value"":""Peru — Spanish viceroyal government"",""kind"":""primary"",""validFrom"":""1800-01-01"",""validUntil"":""1820-01-01""}],""identifiers"":{}}","[""Snapshot context is not observation date or boundary date."",""Map geometry does not establish sovereignty or succession."",""Existing applicability intervals: []""]","49dbdde7b4019b3cfa77f8a9d410bf278b6401fdb2f53a1bc0705f77d4027bbb",""
"entity-gold-coast@1914/leadership","entity-gold-coast@1914","gold-coast-pre1925-councils-core","Gold Coast — appointed colonial council order","1914","leadership","MISSING","B","partially-supported","dependent-administration","false","[]","[]","[]","[]","{""map_identity_id"":""entity-gold-coast"",""aliases"":[],""historical_names"":[{""value"":""Gold Coast — appointed colonial council order"",""kind"":""primary"",""validFrom"":""1903-01-01"",""validUntil"":""1925-01-01""}],""identifiers"":{}}","[""Snapshot context is not observation date or boundary date."",""Map geometry does not establish sovereignty or succession."",""Existing applicability intervals: []""]","49dbdde7b4019b3cfa77f8a9d410bf278b6401fdb2f53a1bc0705f77d4027bbb",""
"entity-gold-coast@1938/leadership","entity-gold-coast@1938","gold-coast-post1935-authorities-core","Gold Coast — appointed Native Authorities framework","1938","leadership","MISSING","B","partially-supported","dependent-administration","false","[]","[]","[]","[]","{""map_identity_id"":""entity-gold-coast"",""aliases"":[],""historical_names"":[{""value"":""Gold Coast — appointed Native Authorities framework"",""kind"":""primary"",""validFrom"":""1936-01-01"",""validUntil"":""1946-01-01""}],""identifiers"":{}}","[""Snapshot context is not observation date or boundary date."",""Map geometry does not establish sovereignty or succession."",""Existing applicability intervals: []""]","49dbdde7b4019b3cfa77f8a9d410bf278b6401fdb2f53a1bc0705f77d4027bbb",""
"entity-gold-coast@1945/leadership","entity-gold-coast@1945","gold-coast-post1935-authorities-core","Gold Coast — appointed Native Authorities framework","1945","leadership","MISSING","B","partially-supported","dependent-administration","false","[]","[]","[]","[]","{""map_identity_id"":""entity-gold-coast"",""aliases"":[],""historical_names"":[{""value"":""Gold Coast — appointed Native Authorities framework"",""kind"":""primary"",""validFrom"":""1936-01-01"",""validUntil"":""1946-01-01""}],""identifiers"":{}}","[""Snapshot context is not observation date or boundary date."",""Map geometry does not establish sovereignty or succession."",""Existing applicability intervals: []""]","49dbdde7b4019b3cfa77f8a9d410bf278b6401fdb2f53a1bc0705f77d4027bbb",""
"entity-chad@1945/leadership","entity-chad@1945","b17-chad-1945","Chad — French colonial administration","1945","leadership","MISSING","B","partially-supported","dependent-administration","false","[]","[]","[]","[]","{""map_identity_id"":""entity-chad"",""aliases"":[],""historical_names"":[{""value"":""Chad — French colonial administration"",""kind"":""primary"",""validFrom"":""1945-01-01"",""validUntil"":""1946-01-01""}],""identifiers"":{}}","[""Snapshot context is not observation date or boundary date."",""Map geometry does not establish sovereignty or succession."",""Existing applicability intervals: []""]","49dbdde7b4019b3cfa77f8a9d410bf278b6401fdb2f53a1bc0705f77d4027bbb",""
"entity-chad@1960/leadership","entity-chad@1960","","Chad","1960","leadership","MISSING","B","held-ambiguous","dependent-administration","true","[]","[]","[]","[]","{""map_identity_id"":""entity-chad"",""aliases"":[],""historical_names"":[],""identifiers"":{}}","[""Snapshot context is not observation date or boundary date."",""Map geometry does not establish sovereignty or succession."",""Resolve historical identity before proposing entity-specific facts."",""Existing applicability intervals: []""]","49dbdde7b4019b3cfa77f8a9d410bf278b6401fdb2f53a1bc0705f77d4027bbb",""
"entity-finland@1914/leadership","entity-finland@1914","finland-grand-duchy","Grand Duchy of Finland","1914","leadership","MISSING","B","partially-supported","political-polity","false","[]","[]","[]","[]","{""map_identity_id"":""entity-finland"",""aliases"":[],""historical_names"":[{""value"":""Grand Duchy of Finland"",""kind"":""primary"",""validFrom"":""1809"",""validUntil"":""1917""}],""identifiers"":{}}","[""Snapshot context is not observation date or boundary date."",""Map geometry does not establish sovereignty or succession."",""Existing applicability intervals: []""]","49dbdde7b4019b3cfa77f8a9d410bf278b6401fdb2f53a1bc0705f77d4027bbb",""
"entity-new-zealand@1930/leadership","entity-new-zealand@1930","new-zealand-preadoption-dominion-core","New Zealand — Dominion parliamentary framework","1930","leadership","PARTIAL","B","partially-supported","political-polity","false","[""Ward"",""Forbes""]","[]","[{""id"":""new-zealand-preadoption-dominion-core-central-office"",""description"":""Entity-associated effective central political leadership according to Archigos, within New Zealand — Dominion parliamentary framework; country coding does not establish polygon-wide authority."",""relationship"":""same""},{""id"":""new-zealand-preadoption-dominion-core-central-office"",""description"":""Entity-associated effective central political leadership according to Archigos, within New Zealand — Dominion parliamentary framework; country coding does not establish polygon-wide authority."",""relationship"":""same""}]","[]","{""map_identity_id"":""entity-new-zealand"",""aliases"":[],""historical_names"":[{""value"":""New Zealand — Dominion parliamentary framework"",""kind"":""primary"",""validFrom"":""1914-01-01"",""validUntil"":""1947-11-25""}],""identifiers"":{}}","[""Snapshot context is not observation date or boundary date."",""Map geometry does not establish sovereignty or succession."",""Existing applicability intervals: [{\""kind\"":\""interval\"",\""from\"":\""1928-12-10\"",\""until\"":\""1930-05-15\"",\""certainty\"":\""exact\""},{\""kind\"":\""interval\"",\""from\"":\""1930-05-28\"",\""until\"":\""1935-11-27\"",\""certainty\"":\""exact\""}]""]","49dbdde7b4019b3cfa77f8a9d410bf278b6401fdb2f53a1bc0705f77d4027bbb",""
"entity-mauritania@1945/leadership","entity-mauritania@1945","mauritania-french-colonial-1945-framework","Mauritania — French West African colonial administration","1945","leadership","MISSING","B","partially-supported","dependent-administration","false","[]","[]","[]","[]","{""map_identity_id"":""entity-mauritania"",""aliases"":[],""historical_names"":[{""value"":""Mauritania — French West African colonial administration"",""kind"":""primary"",""validFrom"":""1945-01-01"",""validUntil"":""1946-01-01""}],""identifiers"":{}}","[""Snapshot context is not observation date or boundary date."",""Map geometry does not establish sovereignty or succession."",""Existing applicability intervals: []""]","49dbdde7b4019b3cfa77f8a9d410bf278b6401fdb2f53a1bc0705f77d4027bbb",""
"entity-mauritania@1960/leadership","entity-mauritania@1960","","Mauritania","1960","leadership","MISSING","B","held-ambiguous","dependent-administration","true","[]","[]","[]","[]","{""map_identity_id"":""entity-mauritania"",""aliases"":[],""historical_names"":[],""identifiers"":{}}","[""Snapshot context is not observation date or boundary date."",""Map geometry does not establish sovereignty or succession."",""Resolve historical identity before proposing entity-specific facts."",""Existing applicability intervals: []""]","49dbdde7b4019b3cfa77f8a9d410bf278b6401fdb2f53a1bc0705f77d4027bbb",""
"entity-tunis@1800/leadership","entity-tunis@1800","tunis-beylical-1800-framework","Tunis — Beylical Regency","1800","leadership","MISSING","B","partially-supported","political-polity","false","[]","[]","[]","[]","{""map_identity_id"":""entity-tunis"",""aliases"":[],""historical_names"":[{""value"":""Tunis — Beylical Regency"",""kind"":""primary"",""validFrom"":""1800-01-01"",""validUntil"":""1801-01-01""}],""identifiers"":{}}","[""Snapshot context is not observation date or boundary date."",""Map geometry does not establish sovereignty or succession."",""Existing applicability intervals: []""]","49dbdde7b4019b3cfa77f8a9d410bf278b6401fdb2f53a1bc0705f77d4027bbb",""
"entity-tunis@1815/leadership","entity-tunis@1815","tunis-beylical-1815-framework","Tunis — Beylical Regency in 1815","1815","leadership","MISSING","B","partially-supported","political-polity","false","[]","[]","[]","[]","{""map_identity_id"":""entity-tunis"",""aliases"":[],""historical_names"":[{""value"":""Tunis — Beylical Regency in 1815"",""kind"":""primary"",""validFrom"":""1815-07-26"",""validUntil"":""1815-07-27""}],""identifiers"":{}}","[""Snapshot context is not observation date or boundary date."",""Map geometry does not establish sovereignty or succession."",""Existing applicability intervals: []""]","49dbdde7b4019b3cfa77f8a9d410bf278b6401fdb2f53a1bc0705f77d4027bbb",""
"entity-mozambique-portugal@1938/leadership","entity-mozambique-portugal@1938","b20-portuguese-mozambique","Mozambique — Portuguese colony","1938","leadership","MISSING","B","partially-supported","dependent-administration","false","[]","[]","[]","[]","{""map_identity_id"":""entity-mozambique-portugal"",""aliases"":[],""historical_names"":[{""value"":""Mozambique — Portuguese colonial administration"",""kind"":""primary"",""validFrom"":""1800-01-01"",""validUntil"":""1816-01-01""},{""value"":""Mozambique — Portuguese colony"",""kind"":""primary"",""validFrom"":""1878-01-01"",""validUntil"":""1946-01-01""},{""value"":""Mozambique — Portuguese overseas province"",""kind"":""primary"",""validFrom"":""1960-01-01"",""validUntil"":""1961-01-01""}],""identifiers"":{}}","[""Snapshot context is not observation date or boundary date."",""Map geometry does not establish sovereignty or succession."",""Existing applicability intervals: []""]","49dbdde7b4019b3cfa77f8a9d410bf278b6401fdb2f53a1bc0705f77d4027bbb",""
"entity-mozambique-portugal@1945/leadership","entity-mozambique-portugal@1945","b20-portuguese-mozambique","Mozambique — Portuguese colony","1945","leadership","MISSING","B","partially-supported","dependent-administration","false","[]","[]","[]","[]","{""map_identity_id"":""entity-mozambique-portugal"",""aliases"":[],""historical_names"":[{""value"":""Mozambique — Portuguese colonial administration"",""kind"":""primary"",""validFrom"":""1800-01-01"",""validUntil"":""1816-01-01""},{""value"":""Mozambique — Portuguese colony"",""kind"":""primary"",""validFrom"":""1878-01-01"",""validUntil"":""1946-01-01""},{""value"":""Mozambique — Portuguese overseas province"",""kind"":""primary"",""validFrom"":""1960-01-01"",""validUntil"":""1961-01-01""}],""identifiers"":{}}","[""Snapshot context is not observation date or boundary date."",""Map geometry does not establish sovereignty or succession."",""Existing applicability intervals: []""]","49dbdde7b4019b3cfa77f8a9d410bf278b6401fdb2f53a1bc0705f77d4027bbb",""
"entity-algeria-fr@1878/leadership","entity-algeria-fr@1878","algeria-french-colonial-framework","Algeria — French colonial framework","1878","leadership","MISSING","B","partially-supported","dependent-administration","false","[]","[]","[]","[]","{""map_identity_id"":""entity-algeria-fr"",""aliases"":[],""historical_names"":[{""value"":""Algeria — French colonial framework"",""kind"":""primary"",""validFrom"":""1875-01-01"",""validUntil"":""1939-01-01""}],""identifiers"":{}}","[""Snapshot context is not observation date or boundary date."",""Map geometry does not establish sovereignty or succession."",""Existing applicability intervals: []""]","49dbdde7b4019b3cfa77f8a9d410bf278b6401fdb2f53a1bc0705f77d4027bbb",""
"entity-algeria-fr@1880/leadership","entity-algeria-fr@1880","algeria-french-colonial-framework","Algeria — French colonial framework","1880","leadership","MISSING","B","partially-supported","dependent-administration","false","[]","[]","[]","[]","{""map_identity_id"":""entity-algeria-fr"",""aliases"":[],""historical_names"":[{""value"":""Algeria — French colonial framework"",""kind"":""primary"",""validFrom"":""1875-01-01"",""validUntil"":""1939-01-01""}],""identifiers"":{}}","[""Snapshot context is not observation date or boundary date."",""Map geometry does not establish sovereignty or succession."",""Existing applicability intervals: []""]","49dbdde7b4019b3cfa77f8a9d410bf278b6401fdb2f53a1bc0705f77d4027bbb",""
"entity-syria@1945/leadership","entity-syria@1945","syria-1945-independence-contested-core","Syria — 1945 government and French presence","1945","leadership","MISSING","B","partially-supported","political-polity","false","[]","[]","[]","[]","{""map_identity_id"":""entity-syria"",""aliases"":[],""historical_names"":[{""value"":""Syria — 1945 government and French presence"",""kind"":""primary"",""validFrom"":""1945-01-01"",""validUntil"":""1946-01-01""}],""identifiers"":{}}","[""Snapshot context is not observation date or boundary date."",""Map geometry does not establish sovereignty or succession."",""Existing applicability intervals: []""]","49dbdde7b4019b3cfa77f8a9d410bf278b6401fdb2f53a1bc0705f77d4027bbb",""
"entity-syria@1960/leadership","entity-syria@1960","syria-uar-regional-core","Syria — northern region of United Arab Republic","1960","leadership","MISSING","B","partially-supported","political-polity","false","[]","[]","[]","[]","{""map_identity_id"":""entity-syria"",""aliases"":[],""historical_names"":[{""value"":""Syria — northern region of United Arab Republic"",""kind"":""primary"",""validFrom"":""1959-01-01"",""validUntil"":""1961-01-01""}],""identifiers"":{}}","[""Snapshot context is not observation date or boundary date."",""Map geometry does not establish sovereignty or succession."",""Existing applicability intervals: []""]","49dbdde7b4019b3cfa77f8a9d410bf278b6401fdb2f53a1bc0705f77d4027bbb",""
"entity-merina-kingdom@1800/leadership","entity-merina-kingdom@1800","b20-merina-royal","Merina kingdom","1800","leadership","MISSING","B","partially-supported","political-polity","false","[]","[]","[]","[]","{""map_identity_id"":""entity-merina-kingdom"",""aliases"":[],""historical_names"":[{""value"":""Merina kingdom"",""kind"":""primary"",""validFrom"":""1800-01-01"",""validUntil"":""1816-01-01""},{""value"":""Madagascar — Merina royal government"",""kind"":""primary"",""validFrom"":""1878-01-01"",""validUntil"":""1881-01-01""}],""identifiers"":{}}","[""Snapshot context is not observation date or boundary date."",""Map geometry does not establish sovereignty or succession."",""Existing applicability intervals: []""]","49dbdde7b4019b3cfa77f8a9d410bf278b6401fdb2f53a1bc0705f77d4027bbb",""
"entity-merina-kingdom@1815/leadership","entity-merina-kingdom@1815","b20-merina-royal","Merina kingdom","1815","leadership","MISSING","B","partially-supported","political-polity","false","[]","[]","[]","[]","{""map_identity_id"":""entity-merina-kingdom"",""aliases"":[],""historical_names"":[{""value"":""Merina kingdom"",""kind"":""primary"",""validFrom"":""1800-01-01"",""validUntil"":""1816-01-01""},{""value"":""Madagascar — Merina royal government"",""kind"":""primary"",""validFrom"":""1878-01-01"",""validUntil"":""1881-01-01""}],""identifiers"":{}}","[""Snapshot context is not observation date or boundary date."",""Map geometry does not establish sovereignty or succession."",""Existing applicability intervals: []""]","49dbdde7b4019b3cfa77f8a9d410bf278b6401fdb2f53a1bc0705f77d4027bbb",""
"entity-anglo-egyptian-sudan@1914/leadership","entity-anglo-egyptian-sudan@1914","b17-sudan-condominium","Anglo-Egyptian Sudan — formal joint authority and British administration","1914","leadership","MISSING","B","partially-supported","dependent-administration","false","[]","[]","[]","[]","{""map_identity_id"":""entity-anglo-egyptian-sudan"",""aliases"":[],""historical_names"":[{""value"":""Anglo-Egyptian Sudan — formal joint authority and British administration"",""kind"":""primary"",""validFrom"":""1914-01-01"",""validUntil"":""1946-01-01""}],""identifiers"":{}}","[""Snapshot context is not observation date or boundary date."",""Map geometry does not establish sovereignty or succession."",""Existing applicability intervals: []""]","49dbdde7b4019b3cfa77f8a9d410bf278b6401fdb2f53a1bc0705f77d4027bbb",""
"entity-gold-coast-gb@1878/leadership","entity-gold-coast-gb@1878","b16-gold-coast-1878","Gold Coast — governor and councils","1878","leadership","MISSING","B","partially-supported","dependent-administration","false","[]","[]","[]","[]","{""map_identity_id"":""entity-gold-coast-gb"",""aliases"":[],""historical_names"":[{""value"":""Gold Coast — governor and councils"",""kind"":""primary"",""validFrom"":""1878-01-01"",""validUntil"":""1886-01-01""}],""identifiers"":{}}","[""Snapshot context is not observation date or boundary date."",""Map geometry does not establish sovereignty or succession."",""Existing applicability intervals: []""]","49dbdde7b4019b3cfa77f8a9d410bf278b6401fdb2f53a1bc0705f77d4027bbb",""
"entity-gold-coast-gb@1880/leadership","entity-gold-coast-gb@1880","b16-gold-coast-1878","Gold Coast — governor and councils","1880","leadership","MISSING","B","partially-supported","dependent-administration","false","[]","[]","[]","[]","{""map_identity_id"":""entity-gold-coast-gb"",""aliases"":[],""historical_names"":[{""value"":""Gold Coast — governor and councils"",""kind"":""primary"",""validFrom"":""1878-01-01"",""validUntil"":""1886-01-01""}],""identifiers"":{}}","[""Snapshot context is not observation date or boundary date."",""Map geometry does not establish sovereignty or succession."",""Existing applicability intervals: []""]","49dbdde7b4019b3cfa77f8a9d410bf278b6401fdb2f53a1bc0705f77d4027bbb",""
"entity-algeria-france@1938/leadership","entity-algeria-france@1938","algeria-french-colonial-framework","Algeria — French colonial framework","1938","leadership","MISSING","B","partially-supported","dependent-administration","false","[]","[]","[]","[]","{""map_identity_id"":""entity-algeria-france"",""aliases"":[],""historical_names"":[{""value"":""Algeria — French colonial framework"",""kind"":""primary"",""validFrom"":""1875-01-01"",""validUntil"":""1939-01-01""}],""identifiers"":{}}","[""Snapshot context is not observation date or boundary date."",""Map geometry does not establish sovereignty or succession."",""Existing applicability intervals: []""]","49dbdde7b4019b3cfa77f8a9d410bf278b6401fdb2f53a1bc0705f77d4027bbb",""
"entity-ireland@1938/leadership","entity-ireland@1938","ireland-independent","Ireland","1938","leadership","PARTIAL","B","partially-supported","political-polity","false","[""Douglas Hyde""]","[]","[]","[]","{""map_identity_id"":""entity-ireland"",""aliases"":[{""value"":""Saorstát Éireann"",""validFrom"":""1922-12-06"",""validUntil"":""1937-12-29"",""sourceIds"":[""b01-irish-constitution-1922""],""confidence"":""documented""}],""historical_names"":[{""value"":""Irish Free State"",""kind"":""primary"",""validFrom"":""1922-12-06"",""validUntil"":""1937-12-29""},{""value"":""Ireland"",""kind"":""primary"",""validFrom"":""1937-12-29"",""validUntil"":""1961-01-01""},{""value"":""Éire"",""kind"":""formal"",""validFrom"":""1937-12-29"",""validUntil"":""1961-01-01""},{""value"":""Republic of Ireland"",""kind"":""alternate"",""validFrom"":""1949-04-18"",""validUntil"":""1961-01-01""}],""identifiers"":{}}","[""Snapshot context is not observation date or boundary date."",""Map geometry does not establish sovereignty or succession."",""Existing applicability intervals: [{\""kind\"":\""interval\"",\""from\"":\""1938-06-25\"",\""until\"":\""1945-06-25\""}]""]","49dbdde7b4019b3cfa77f8a9d410bf278b6401fdb2f53a1bc0705f77d4027bbb",""
"entity-german-e-africa-tanganyika@1914/leadership","entity-german-e-africa-tanganyika@1914","german-east-africa-1914-core","German East Africa — colonial administration in 1914","1914","leadership","MISSING","B","partially-supported","dependent-administration","false","[]","[]","[]","[]","{""map_identity_id"":""entity-german-e-africa-tanganyika"",""aliases"":[],""historical_names"":[{""value"":""German East Africa — colonial administration in 1914"",""kind"":""primary"",""validFrom"":""1914-01-01"",""validUntil"":""1915-01-01""}],""identifiers"":{}}","[""Snapshot context is not observation date or boundary date."",""Map geometry does not establish sovereignty or succession."",""Existing applicability intervals: []""]","49dbdde7b4019b3cfa77f8a9d410bf278b6401fdb2f53a1bc0705f77d4027bbb",""
"entity-cyraneica-uk-lybia@1945/leadership","entity-cyraneica-uk-lybia@1945","cyrenaica-british-military-1945-framework","Cyrenaica — British military administration","1945","leadership","MISSING","B","partially-supported","dependent-administration","false","[]","[]","[]","[]","{""map_identity_id"":""entity-cyraneica-uk-lybia"",""aliases"":[],""historical_names"":[{""value"":""Cyrenaica — British military administration"",""kind"":""primary"",""validFrom"":""1945-01-01"",""validUntil"":""1946-01-01""}],""identifiers"":{}}","[""Snapshot context is not observation date or boundary date."",""Map geometry does not establish sovereignty or succession."",""Existing applicability intervals: []""]","49dbdde7b4019b3cfa77f8a9d410bf278b6401fdb2f53a1bc0705f77d4027bbb",""
"entity-kamerun@1914/leadership","entity-kamerun@1914","b17-kamerun-german","Kamerun — German colonial protectorate","1914","leadership","MISSING","B","partially-supported","dependent-administration","false","[]","[]","[]","[]","{""map_identity_id"":""entity-kamerun"",""aliases"":[],""historical_names"":[{""value"":""Kamerun — German colonial protectorate"",""kind"":""primary"",""validFrom"":""1914-01-01"",""validUntil"":""1915-01-01""}],""identifiers"":{}}","[""Snapshot context is not observation date or boundary date."",""Map geometry does not establish sovereignty or succession."",""Existing applicability intervals: []""]","49dbdde7b4019b3cfa77f8a9d410bf278b6401fdb2f53a1bc0705f77d4027bbb",""
"entity-fulani-empire@1815/leadership","entity-fulani-empire@1815","sokoto-late-nineteenth-caliphate-core","Sokoto Caliphate — early confederation","1815","leadership","MISSING","B","partially-supported","political-polity","false","[]","[]","[]","[]","{""map_identity_id"":""entity-fulani-empire"",""aliases"":[],""historical_names"":[{""value"":""Sokoto — late nineteenth-century caliphate"",""kind"":""primary"",""validFrom"":""1878-01-01"",""validUntil"":""1901-01-01""},{""value"":""Sokoto Caliphate — early confederation"",""kind"":""primary"",""validFrom"":""1810-01-01"",""validUntil"":""1817-01-01""}],""identifiers"":{}}","[""Snapshot context is not observation date or boundary date."",""Map geometry does not establish sovereignty or succession."",""Existing applicability intervals: []""]","49dbdde7b4019b3cfa77f8a9d410bf278b6401fdb2f53a1bc0705f77d4027bbb",""
"entity-sri-lanka@1960/leadership","entity-sri-lanka@1960","ceylon-independent-parliamentary-framework","Ceylon — independent parliamentary framework","1960","leadership","PARTIAL","B","partially-supported","political-polity","false","[""Wijayananda Dahanayake"",""Dudley Shelton Senanayake"",""Sirima Ratwatte Dias Bandaranaike"",""Senanayake, Dudley"",""Bandaranaike, S""]","[]","[{""id"":""ceylon-independent-parliamentary-framework-institutional"",""description"":""Historical institutions and entity-associated activity; no inference of uniform polygon control."",""relationship"":""same""},{""id"":""ceylon-independent-parliamentary-framework-institutional"",""description"":""Historical institutions and entity-associated activity; no inference of uniform polygon control."",""relationship"":""same""},{""id"":""ceylon-independent-parliamentary-framework-institutional"",""description"":""Historical institutions and entity-associated activity; no inference of uniform polygon control."",""relationship"":""same""},{""id"":""ceylon-independent-parliamentary-framework-central-office"",""description"":""Entity-associated effective central political leadership according to Archigos, within Ceylon — independent parliamentary framework; country coding does not establish polygon-wide authority."",""relationship"":""same""},{""id"":""ceylon-independent-parliamentary-framework-central-office"",""description"":""Entity-associated effective central political leadership according to Archigos, within Ceylon — independent parliamentary framework; country coding does not establish polygon-wide authority."",""relationship"":""same""}]","[]","{""map_identity_id"":""entity-sri-lanka"",""aliases"":[],""historical_names"":[{""value"":""Ceylon — independent parliamentary framework"",""kind"":""primary"",""validFrom"":""1948-02-04"",""validUntil"":""1961-01-01""}],""identifiers"":{}}","[""Snapshot context is not observation date or boundary date."",""Map geometry does not establish sovereignty or succession."",""Existing applicability intervals: [{\""kind\"":\""interval\"",\""from\"":\""1959-09-26\"",\""until\"":\""1960-03-20\"",\""certainty\"":\""exact\""},{\""kind\"":\""interval\"",\""from\"":\""1960-03-21\"",\""until\"":\""1960-07-21\"",\""certainty\"":\""exact\""},{\""kind\"":\""interval\"",\""from\"":\""1960-07-21\"",\""until\"":\""1961-01-01\"",\""certainty\"":\""exact\""},{\""kind\"":\""interval\"",\""from\"":\""1960-03-21\"",\""until\"":\""1960-07-22\"",\""certainty\"":\""exact\""},{\""kind\"":\""interval\"",\""from\"":\""1960-07-22\"",\""until\"":\""1961-01-01\"",\""certainty\"":\""exact\""}]""]","49dbdde7b4019b3cfa77f8a9d410bf278b6401fdb2f53a1bc0705f77d4027bbb",""
