"cell_id","occurrence_id","atlas_entity_id","atlas_display_name","snapshot_year","dossier_category","current_status","research_priority","mapping_status","eligibility_classification","identity_review_required","current_values","observation_dates","territorial_scopes","held_reasons","known_aliases_identifiers","notes","production_fingerprint","proposals_json"
"entity-saint-martin@1800/overview","entity-saint-martin@1800","","Saint Martin","1800","overview","MISSING","C","held-ambiguous","dependent-administration","true","[]","[]","[]","[]","{""map_identity_id"":""entity-saint-martin"",""aliases"":[],""historical_names"":[],""identifiers"":{}}","[""Snapshot context is not observation date or boundary date."",""Map geometry does not establish sovereignty or succession."",""Resolve historical identity before proposing entity-specific facts."",""Existing applicability intervals: []""]","35c5a20cdfaf4e7e7a788fd82d4c2b997e0fe878efe2392487968b8d61b9029f",""
"entity-saint-martin@1815/overview","entity-saint-martin@1815","","Saint Martin","1815","overview","MISSING","C","held-ambiguous","dependent-administration","true","[]","[]","[]","[]","{""map_identity_id"":""entity-saint-martin"",""aliases"":[],""historical_names"":[],""identifiers"":{}}","[""Snapshot context is not observation date or boundary date."",""Map geometry does not establish sovereignty or succession."",""Resolve historical identity before proposing entity-specific facts."",""Existing applicability intervals: []""]","35c5a20cdfaf4e7e7a788fd82d4c2b997e0fe878efe2392487968b8d61b9029f",""
"entity-saint-martin@1878/overview","entity-saint-martin@1878","","Saint Martin","1878","overview","MISSING","C","held-ambiguous","dependent-administration","true","[]","[]","[]","[]","{""map_identity_id"":""entity-saint-martin"",""aliases"":[],""historical_names"":[],""identifiers"":{}}","[""Snapshot context is not observation date or boundary date."",""Map geometry does not establish sovereignty or succession."",""Resolve historical identity before proposing entity-specific facts."",""Existing applicability intervals: []""]","35c5a20cdfaf4e7e7a788fd82d4c2b997e0fe878efe2392487968b8d61b9029f",""
"entity-saint-martin@1880/overview","entity-saint-martin@1880","","Saint Martin","1880","overview","MISSING","C","held-ambiguous","dependent-administration","true","[]","[]","[]","[]","{""map_identity_id"":""entity-saint-martin"",""aliases"":[],""historical_names"":[],""identifiers"":{}}","[""Snapshot context is not observation date or boundary date."",""Map geometry does not establish sovereignty or succession."",""Resolve historical identity before proposing entity-specific facts."",""Existing applicability intervals: []""]","35c5a20cdfaf4e7e7a788fd82d4c2b997e0fe878efe2392487968b8d61b9029f",""
"entity-saint-martin@1900/overview","entity-saint-martin@1900","","Saint Martin","1900","overview","MISSING","C","held-ambiguous","dependent-administration","true","[]","[]","[]","[]","{""map_identity_id"":""entity-saint-martin"",""aliases"":[],""historical_names"":[],""identifiers"":{}}","[""Snapshot context is not observation date or boundary date."",""Map geometry does not establish sovereignty or succession."",""Resolve historical identity before proposing entity-specific facts."",""Existing applicability intervals: []""]","35c5a20cdfaf4e7e7a788fd82d4c2b997e0fe878efe2392487968b8d61b9029f",""
"entity-saint-martin@1914/overview","entity-saint-martin@1914","","Saint Martin","1914","overview","MISSING","C","held-ambiguous","dependent-administration","true","[]","[]","[]","[]","{""map_identity_id"":""entity-saint-martin"",""aliases"":[],""historical_names"":[],""identifiers"":{}}","[""Snapshot context is not observation date or boundary date."",""Map geometry does not establish sovereignty or succession."",""Resolve historical identity before proposing entity-specific facts."",""Existing applicability intervals: []""]","35c5a20cdfaf4e7e7a788fd82d4c2b997e0fe878efe2392487968b8d61b9029f",""
"entity-saint-martin@1920/overview","entity-saint-martin@1920","","Saint Martin","1920","overview","MISSING","C","held-ambiguous","dependent-administration","true","[]","[]","[]","[]","{""map_identity_id"":""entity-saint-martin"",""aliases"":[],""historical_names"":[],""identifiers"":{}}","[""Snapshot context is not observation date or boundary date."",""Map geometry does not establish sovereignty or succession."",""Resolve historical identity before proposing entity-specific facts."",""Existing applicability intervals: []""]","35c5a20cdfaf4e7e7a788fd82d4c2b997e0fe878efe2392487968b8d61b9029f",""
"entity-saint-martin@1930/overview","entity-saint-martin@1930","","Saint Martin","1930","overview","MISSING","C","held-ambiguous","dependent-administration","true","[]","[]","[]","[]","{""map_identity_id"":""entity-saint-martin"",""aliases"":[],""historical_names"":[],""identifiers"":{}}","[""Snapshot context is not observation date or boundary date."",""Map geometry does not establish sovereignty or succession."",""Resolve historical identity before proposing entity-specific facts."",""Existing applicability intervals: []""]","35c5a20cdfaf4e7e7a788fd82d4c2b997e0fe878efe2392487968b8d61b9029f",""
"entity-saint-martin@1938/overview","entity-saint-martin@1938","","Saint Martin","1938","overview","MISSING","C","held-ambiguous","dependent-administration","true","[]","[]","[]","[]","{""map_identity_id"":""entity-saint-martin"",""aliases"":[],""historical_names"":[],""identifiers"":{}}","[""Snapshot context is not observation date or boundary date."",""Map geometry does not establish sovereignty or succession."",""Resolve historical identity before proposing entity-specific facts."",""Existing applicability intervals: []""]","35c5a20cdfaf4e7e7a788fd82d4c2b997e0fe878efe2392487968b8d61b9029f",""
"entity-saint-martin@1945/overview","entity-saint-martin@1945","","Saint Martin","1945","overview","MISSING","C","held-ambiguous","dependent-administration","true","[]","[]","[]","[]","{""map_identity_id"":""entity-saint-martin"",""aliases"":[],""historical_names"":[],""identifiers"":{}}","[""Snapshot context is not observation date or boundary date."",""Map geometry does not establish sovereignty or succession."",""Resolve historical identity before proposing entity-specific facts."",""Existing applicability intervals: []""]","35c5a20cdfaf4e7e7a788fd82d4c2b997e0fe878efe2392487968b8d61b9029f",""
"entity-papua-new-guinea@1800/overview","entity-papua-new-guinea@1800","","Papua New Guinea","1800","overview","MISSING","C","held-ambiguous","dependent-administration","true","[]","[]","[]","[]","{""map_identity_id"":""entity-papua-new-guinea"",""aliases"":[],""historical_names"":[],""identifiers"":{}}","[""Snapshot context is not observation date or boundary date."",""Map geometry does not establish sovereignty or succession."",""Resolve historical identity before proposing entity-specific facts."",""Existing applicability intervals: []""]","35c5a20cdfaf4e7e7a788fd82d4c2b997e0fe878efe2392487968b8d61b9029f",""
"entity-papua-new-guinea@1878/overview","entity-papua-new-guinea@1878","","Papua New Guinea","1878","overview","MISSING","C","held-ambiguous","dependent-administration","true","[]","[]","[]","[]","{""map_identity_id"":""entity-papua-new-guinea"",""aliases"":[],""historical_names"":[],""identifiers"":{}}","[""Snapshot context is not observation date or boundary date."",""Map geometry does not establish sovereignty or succession."",""Resolve historical identity before proposing entity-specific facts."",""Existing applicability intervals: []""]","35c5a20cdfaf4e7e7a788fd82d4c2b997e0fe878efe2392487968b8d61b9029f",""
"entity-papua-new-guinea@1880/overview","entity-papua-new-guinea@1880","","Papua New Guinea","1880","overview","MISSING","C","held-ambiguous","dependent-administration","true","[]","[]","[]","[]","{""map_identity_id"":""entity-papua-new-guinea"",""aliases"":[],""historical_names"":[],""identifiers"":{}}","[""Snapshot context is not observation date or boundary date."",""Map geometry does not establish sovereignty or succession."",""Resolve historical identity before proposing entity-specific facts."",""Existing applicability intervals: []""]","35c5a20cdfaf4e7e7a788fd82d4c2b997e0fe878efe2392487968b8d61b9029f",""
"entity-papua-new-guinea@1900/overview","entity-papua-new-guinea@1900","","Papua New Guinea","1900","overview","MISSING","C","held-ambiguous","dependent-administration","true","[]","[]","[]","[]","{""map_identity_id"":""entity-papua-new-guinea"",""aliases"":[],""historical_names"":[],""identifiers"":{}}","[""Snapshot context is not observation date or boundary date."",""Map geometry does not establish sovereignty or succession."",""Resolve historical identity before proposing entity-specific facts."",""Existing applicability intervals: []""]","35c5a20cdfaf4e7e7a788fd82d4c2b997e0fe878efe2392487968b8d61b9029f",""
"entity-papua-new-guinea@1914/overview","entity-papua-new-guinea@1914","","Papua New Guinea","1914","overview","MISSING","C","held-ambiguous","dependent-administration","true","[]","[]","[]","[]","{""map_identity_id"":""entity-papua-new-guinea"",""aliases"":[],""historical_names"":[],""identifiers"":{}}","[""Snapshot context is not observation date or boundary date."",""Map geometry does not establish sovereignty or succession."",""Resolve historical identity before proposing entity-specific facts."",""Existing applicability intervals: []""]","35c5a20cdfaf4e7e7a788fd82d4c2b997e0fe878efe2392487968b8d61b9029f",""
"entity-papua-new-guinea@1920/overview","entity-papua-new-guinea@1920","","Papua New Guinea","1920","overview","MISSING","C","held-ambiguous","dependent-administration","true","[]","[]","[]","[]","{""map_identity_id"":""entity-papua-new-guinea"",""aliases"":[],""historical_names"":[],""identifiers"":{}}","[""Snapshot context is not observation date or boundary date."",""Map geometry does not establish sovereignty or succession."",""Resolve historical identity before proposing entity-specific facts."",""Existing applicability intervals: []""]","35c5a20cdfaf4e7e7a788fd82d4c2b997e0fe878efe2392487968b8d61b9029f",""
"entity-papua-new-guinea@1930/overview","entity-papua-new-guinea@1930","","Papua New Guinea","1930","overview","MISSING","C","held-ambiguous","dependent-administration","true","[]","[]","[]","[]","{""map_identity_id"":""entity-papua-new-guinea"",""aliases"":[],""historical_names"":[],""identifiers"":{}}","[""Snapshot context is not observation date or boundary date."",""Map geometry does not establish sovereignty or succession."",""Resolve historical identity before proposing entity-specific facts."",""Existing applicability intervals: []""]","35c5a20cdfaf4e7e7a788fd82d4c2b997e0fe878efe2392487968b8d61b9029f",""
"entity-papua-new-guinea@1945/overview","entity-papua-new-guinea@1945","","Papua New Guinea","1945","overview","MISSING","C","held-ambiguous","dependent-administration","true","[]","[]","[]","[]","{""map_identity_id"":""entity-papua-new-guinea"",""aliases"":[],""historical_names"":[],""identifiers"":{}}","[""Snapshot context is not observation date or boundary date."",""Map geometry does not establish sovereignty or succession."",""Resolve historical identity before proposing entity-specific facts."",""Existing applicability intervals: []""]","35c5a20cdfaf4e7e7a788fd82d4c2b997e0fe878efe2392487968b8d61b9029f",""
"entity-brunei@1800/overview","entity-brunei@1800","","Brunei","1800","overview","MISSING","C","completely-empty","political-polity","true","[]","[]","[]","[]","{""map_identity_id"":""entity-brunei"",""aliases"":[],""historical_names"":[],""identifiers"":{}}","[""Snapshot context is not observation date or boundary date."",""Map geometry does not establish sovereignty or succession."",""Resolve historical identity before proposing entity-specific facts."",""Existing applicability intervals: []""]","35c5a20cdfaf4e7e7a788fd82d4c2b997e0fe878efe2392487968b8d61b9029f",""
"entity-brunei@1815/overview","entity-brunei@1815","","Brunei","1815","overview","MISSING","C","completely-empty","political-polity","true","[]","[]","[]","[]","{""map_identity_id"":""entity-brunei"",""aliases"":[],""historical_names"":[],""identifiers"":{}}","[""Snapshot context is not observation date or boundary date."",""Map geometry does not establish sovereignty or succession."",""Resolve historical identity before proposing entity-specific facts."",""Existing applicability intervals: []""]","35c5a20cdfaf4e7e7a788fd82d4c2b997e0fe878efe2392487968b8d61b9029f",""
"entity-brunei@1878/overview","entity-brunei@1878","","Brunei","1878","overview","MISSING","C","completely-empty","political-polity","true","[]","[]","[]","[]","{""map_identity_id"":""entity-brunei"",""aliases"":[],""historical_names"":[],""identifiers"":{}}","[""Snapshot context is not observation date or boundary date."",""Map geometry does not establish sovereignty or succession."",""Resolve historical identity before proposing entity-specific facts."",""Existing applicability intervals: []""]","35c5a20cdfaf4e7e7a788fd82d4c2b997e0fe878efe2392487968b8d61b9029f",""
"entity-brunei@1880/overview","entity-brunei@1880","","Brunei","1880","overview","MISSING","C","completely-empty","political-polity","true","[]","[]","[]","[]","{""map_identity_id"":""entity-brunei"",""aliases"":[],""historical_names"":[],""identifiers"":{}}","[""Snapshot context is not observation date or boundary date."",""Map geometry does not establish sovereignty or succession."",""Resolve historical identity before proposing entity-specific facts."",""Existing applicability intervals: []""]","35c5a20cdfaf4e7e7a788fd82d4c2b997e0fe878efe2392487968b8d61b9029f",""
"entity-brunei@1945/overview","entity-brunei@1945","","Brunei","1945","overview","MISSING","C","completely-empty","political-polity","true","[]","[]","[]","[]","{""map_identity_id"":""entity-brunei"",""aliases"":[],""historical_names"":[],""identifiers"":{}}","[""Snapshot context is not observation date or boundary date."",""Map geometry does not establish sovereignty or succession."",""Resolve historical identity before proposing entity-specific facts."",""Existing applicability intervals: []""]","35c5a20cdfaf4e7e7a788fd82d4c2b997e0fe878efe2392487968b8d61b9029f",""
"entity-guatemala@1878/overview","entity-guatemala@1878","","Guatemala","1878","overview","MISSING","C","completely-empty","political-polity","true","[]","[]","[]","[]","{""map_identity_id"":""entity-guatemala"",""aliases"":[],""historical_names"":[],""identifiers"":{}}","[""Snapshot context is not observation date or boundary date."",""Map geometry does not establish sovereignty or succession."",""Resolve historical identity before proposing entity-specific facts."",""Existing applicability intervals: []""]","35c5a20cdfaf4e7e7a788fd82d4c2b997e0fe878efe2392487968b8d61b9029f",""
"entity-guatemala@1880/overview","entity-guatemala@1880","","Guatemala","1880","overview","MISSING","C","completely-empty","political-polity","true","[]","[]","[]","[]","{""map_identity_id"":""entity-guatemala"",""aliases"":[],""historical_names"":[],""identifiers"":{}}","[""Snapshot context is not observation date or boundary date."",""Map geometry does not establish sovereignty or succession."",""Resolve historical identity before proposing entity-specific facts."",""Existing applicability intervals: []""]","35c5a20cdfaf4e7e7a788fd82d4c2b997e0fe878efe2392487968b8d61b9029f",""
"entity-guatemala@1900/overview","entity-guatemala@1900","","Guatemala","1900","overview","MISSING","C","completely-empty","political-polity","true","[]","[]","[]","[]","{""map_identity_id"":""entity-guatemala"",""aliases"":[],""historical_names"":[],""identifiers"":{}}","[""Snapshot context is not observation date or boundary date."",""Map geometry does not establish sovereignty or succession."",""Resolve historical identity before proposing entity-specific facts."",""Existing applicability intervals: []""]","35c5a20cdfaf4e7e7a788fd82d4c2b997e0fe878efe2392487968b8d61b9029f",""
"entity-guatemala@1914/overview","entity-guatemala@1914","","Guatemala","1914","overview","MISSING","C","completely-empty","political-polity","true","[]","[]","[]","[]","{""map_identity_id"":""entity-guatemala"",""aliases"":[],""historical_names"":[],""identifiers"":{}}","[""Snapshot context is not observation date or boundary date."",""Map geometry does not establish sovereignty or succession."",""Resolve historical identity before proposing entity-specific facts."",""Existing applicability intervals: []""]","35c5a20cdfaf4e7e7a788fd82d4c2b997e0fe878efe2392487968b8d61b9029f",""
"entity-guatemala@1920/overview","entity-guatemala@1920","","Guatemala","1920","overview","MISSING","C","completely-empty","political-polity","true","[]","[]","[]","[]","{""map_identity_id"":""entity-guatemala"",""aliases"":[],""historical_names"":[],""identifiers"":{}}","[""Snapshot context is not observation date or boundary date."",""Map geometry does not establish sovereignty or succession."",""Resolve historical identity before proposing entity-specific facts."",""Existing applicability intervals: []""]","35c5a20cdfaf4e7e7a788fd82d4c2b997e0fe878efe2392487968b8d61b9029f",""
"entity-guatemala@1930/overview","entity-guatemala@1930","","Guatemala","1930","overview","MISSING","C","completely-empty","political-polity","true","[]","[]","[]","[]","{""map_identity_id"":""entity-guatemala"",""aliases"":[],""historical_names"":[],""identifiers"":{}}","[""Snapshot context is not observation date or boundary date."",""Map geometry does not establish sovereignty or succession."",""Resolve historical identity before proposing entity-specific facts."",""Existing applicability intervals: []""]","35c5a20cdfaf4e7e7a788fd82d4c2b997e0fe878efe2392487968b8d61b9029f",""
"entity-guatemala@1945/overview","entity-guatemala@1945","","Guatemala","1945","overview","MISSING","C","completely-empty","political-polity","true","[]","[]","[]","[]","{""map_identity_id"":""entity-guatemala"",""aliases"":[],""historical_names"":[],""identifiers"":{}}","[""Snapshot context is not observation date or boundary date."",""Map geometry does not establish sovereignty or succession."",""Resolve historical identity before proposing entity-specific facts."",""Existing applicability intervals: []""]","35c5a20cdfaf4e7e7a788fd82d4c2b997e0fe878efe2392487968b8d61b9029f",""
"entity-guatemala@1960/overview","entity-guatemala@1960","","Guatemala","1960","overview","MISSING","C","completely-empty","political-polity","true","[]","[]","[]","[]","{""map_identity_id"":""entity-guatemala"",""aliases"":[],""historical_names"":[],""identifiers"":{}}","[""Snapshot context is not observation date or boundary date."",""Map geometry does not establish sovereignty or succession."",""Resolve historical identity before proposing entity-specific facts."",""Existing applicability intervals: []""]","35c5a20cdfaf4e7e7a788fd82d4c2b997e0fe878efe2392487968b8d61b9029f",""
"entity-costa-rica@1878/overview","entity-costa-rica@1878","","Costa Rica","1878","overview","MISSING","C","completely-empty","political-polity","true","[]","[]","[]","[]","{""map_identity_id"":""entity-costa-rica"",""aliases"":[],""historical_names"":[],""identifiers"":{}}","[""Snapshot context is not observation date or boundary date."",""Map geometry does not establish sovereignty or succession."",""Resolve historical identity before proposing entity-specific facts."",""Existing applicability intervals: []""]","35c5a20cdfaf4e7e7a788fd82d4c2b997e0fe878efe2392487968b8d61b9029f",""
"entity-costa-rica@1880/overview","entity-costa-rica@1880","","Costa Rica","1880","overview","MISSING","C","completely-empty","political-polity","true","[]","[]","[]","[]","{""map_identity_id"":""entity-costa-rica"",""aliases"":[],""historical_names"":[],""identifiers"":{}}","[""Snapshot context is not observation date or boundary date."",""Map geometry does not establish sovereignty or succession."",""Resolve historical identity before proposing entity-specific facts."",""Existing applicability intervals: []""]","35c5a20cdfaf4e7e7a788fd82d4c2b997e0fe878efe2392487968b8d61b9029f",""
"entity-costa-rica@1900/overview","entity-costa-rica@1900","","Costa Rica","1900","overview","MISSING","C","completely-empty","political-polity","true","[]","[]","[]","[]","{""map_identity_id"":""entity-costa-rica"",""aliases"":[],""historical_names"":[],""identifiers"":{}}","[""Snapshot context is not observation date or boundary date."",""Map geometry does not establish sovereignty or succession."",""Resolve historical identity before proposing entity-specific facts."",""Existing applicability intervals: []""]","35c5a20cdfaf4e7e7a788fd82d4c2b997e0fe878efe2392487968b8d61b9029f",""
"entity-costa-rica@1914/overview","entity-costa-rica@1914","","Costa Rica","1914","overview","MISSING","C","completely-empty","political-polity","true","[]","[]","[]","[]","{""map_identity_id"":""entity-costa-rica"",""aliases"":[],""historical_names"":[],""identifiers"":{}}","[""Snapshot context is not observation date or boundary date."",""Map geometry does not establish sovereignty or succession."",""Resolve historical identity before proposing entity-specific facts."",""Existing applicability intervals: []""]","35c5a20cdfaf4e7e7a788fd82d4c2b997e0fe878efe2392487968b8d61b9029f",""
"entity-costa-rica@1920/overview","entity-costa-rica@1920","","Costa Rica","1920","overview","MISSING","C","completely-empty","political-polity","true","[]","[]","[]","[]","{""map_identity_id"":""entity-costa-rica"",""aliases"":[],""historical_names"":[],""identifiers"":{}}","[""Snapshot context is not observation date or boundary date."",""Map geometry does not establish sovereignty or succession."",""Resolve historical identity before proposing entity-specific facts."",""Existing applicability intervals: []""]","35c5a20cdfaf4e7e7a788fd82d4c2b997e0fe878efe2392487968b8d61b9029f",""
"entity-costa-rica@1930/overview","entity-costa-rica@1930","","Costa Rica","1930","overview","MISSING","C","completely-empty","political-polity","true","[]","[]","[]","[]","{""map_identity_id"":""entity-costa-rica"",""aliases"":[],""historical_names"":[],""identifiers"":{}}","[""Snapshot context is not observation date or boundary date."",""Map geometry does not establish sovereignty or succession."",""Resolve historical identity before proposing entity-specific facts."",""Existing applicability intervals: []""]","35c5a20cdfaf4e7e7a788fd82d4c2b997e0fe878efe2392487968b8d61b9029f",""
"entity-costa-rica@1938/overview","entity-costa-rica@1938","","Costa Rica","1938","overview","MISSING","C","completely-empty","political-polity","true","[]","[]","[]","[]","{""map_identity_id"":""entity-costa-rica"",""aliases"":[],""historical_names"":[],""identifiers"":{}}","[""Snapshot context is not observation date or boundary date."",""Map geometry does not establish sovereignty or succession."",""Resolve historical identity before proposing entity-specific facts."",""Existing applicability intervals: []""]","35c5a20cdfaf4e7e7a788fd82d4c2b997e0fe878efe2392487968b8d61b9029f",""
"entity-costa-rica@1945/overview","entity-costa-rica@1945","","Costa Rica","1945","overview","MISSING","C","completely-empty","political-polity","true","[]","[]","[]","[]","{""map_identity_id"":""entity-costa-rica"",""aliases"":[],""historical_names"":[],""identifiers"":{}}","[""Snapshot context is not observation date or boundary date."",""Map geometry does not establish sovereignty or succession."",""Resolve historical identity before proposing entity-specific facts."",""Existing applicability intervals: []""]","35c5a20cdfaf4e7e7a788fd82d4c2b997e0fe878efe2392487968b8d61b9029f",""
"entity-el-salvador@1878/overview","entity-el-salvador@1878","","El Salvador","1878","overview","MISSING","C","completely-empty","political-polity","true","[]","[]","[]","[]","{""map_identity_id"":""entity-el-salvador"",""aliases"":[],""historical_names"":[],""identifiers"":{}}","[""Snapshot context is not observation date or boundary date."",""Map geometry does not establish sovereignty or succession."",""Resolve historical identity before proposing entity-specific facts."",""Existing applicability intervals: []""]","35c5a20cdfaf4e7e7a788fd82d4c2b997e0fe878efe2392487968b8d61b9029f",""
"entity-el-salvador@1880/overview","entity-el-salvador@1880","","El Salvador","1880","overview","MISSING","C","completely-empty","political-polity","true","[]","[]","[]","[]","{""map_identity_id"":""entity-el-salvador"",""aliases"":[],""historical_names"":[],""identifiers"":{}}","[""Snapshot context is not observation date or boundary date."",""Map geometry does not establish sovereignty or succession."",""Resolve historical identity before proposing entity-specific facts."",""Existing applicability intervals: []""]","35c5a20cdfaf4e7e7a788fd82d4c2b997e0fe878efe2392487968b8d61b9029f",""
"entity-el-salvador@1900/overview","entity-el-salvador@1900","","El Salvador","1900","overview","MISSING","C","completely-empty","political-polity","true","[]","[]","[]","[]","{""map_identity_id"":""entity-el-salvador"",""aliases"":[],""historical_names"":[],""identifiers"":{}}","[""Snapshot context is not observation date or boundary date."",""Map geometry does not establish sovereignty or succession."",""Resolve historical identity before proposing entity-specific facts."",""Existing applicability intervals: []""]","35c5a20cdfaf4e7e7a788fd82d4c2b997e0fe878efe2392487968b8d61b9029f",""
"entity-el-salvador@1914/overview","entity-el-salvador@1914","","El Salvador","1914","overview","MISSING","C","completely-empty","political-polity","true","[]","[]","[]","[]","{""map_identity_id"":""entity-el-salvador"",""aliases"":[],""historical_names"":[],""identifiers"":{}}","[""Snapshot context is not observation date or boundary date."",""Map geometry does not establish sovereignty or succession."",""Resolve historical identity before proposing entity-specific facts."",""Existing applicability intervals: []""]","35c5a20cdfaf4e7e7a788fd82d4c2b997e0fe878efe2392487968b8d61b9029f",""
"entity-el-salvador@1920/overview","entity-el-salvador@1920","","El Salvador","1920","overview","MISSING","C","completely-empty","political-polity","true","[]","[]","[]","[]","{""map_identity_id"":""entity-el-salvador"",""aliases"":[],""historical_names"":[],""identifiers"":{}}","[""Snapshot context is not observation date or boundary date."",""Map geometry does not establish sovereignty or succession."",""Resolve historical identity before proposing entity-specific facts."",""Existing applicability intervals: []""]","35c5a20cdfaf4e7e7a788fd82d4c2b997e0fe878efe2392487968b8d61b9029f",""
"entity-el-salvador@1930/overview","entity-el-salvador@1930","","El Salvador","1930","overview","MISSING","C","completely-empty","political-polity","true","[]","[]","[]","[]","{""map_identity_id"":""entity-el-salvador"",""aliases"":[],""historical_names"":[],""identifiers"":{}}","[""Snapshot context is not observation date or boundary date."",""Map geometry does not establish sovereignty or succession."",""Resolve historical identity before proposing entity-specific facts."",""Existing applicability intervals: []""]","35c5a20cdfaf4e7e7a788fd82d4c2b997e0fe878efe2392487968b8d61b9029f",""
"entity-el-salvador@1945/overview","entity-el-salvador@1945","","El Salvador","1945","overview","MISSING","C","completely-empty","political-polity","true","[]","[]","[]","[]","{""map_identity_id"":""entity-el-salvador"",""aliases"":[],""historical_names"":[],""identifiers"":{}}","[""Snapshot context is not observation date or boundary date."",""Map geometry does not establish sovereignty or succession."",""Resolve historical identity before proposing entity-specific facts."",""Existing applicability intervals: []""]","35c5a20cdfaf4e7e7a788fd82d4c2b997e0fe878efe2392487968b8d61b9029f",""
"entity-el-salvador@1960/overview","entity-el-salvador@1960","","El Salvador","1960","overview","MISSING","C","completely-empty","political-polity","true","[]","[]","[]","[]","{""map_identity_id"":""entity-el-salvador"",""aliases"":[],""historical_names"":[],""identifiers"":{}}","[""Snapshot context is not observation date or boundary date."",""Map geometry does not establish sovereignty or succession."",""Resolve historical identity before proposing entity-specific facts."",""Existing applicability intervals: []""]","35c5a20cdfaf4e7e7a788fd82d4c2b997e0fe878efe2392487968b8d61b9029f",""
"entity-bhutan@1800/overview","entity-bhutan@1800","","Bhutan","1800","overview","MISSING","C","completely-empty","political-polity","true","[]","[]","[]","[]","{""map_identity_id"":""entity-bhutan"",""aliases"":[],""historical_names"":[],""identifiers"":{}}","[""Snapshot context is not observation date or boundary date."",""Map geometry does not establish sovereignty or succession."",""Resolve historical identity before proposing entity-specific facts."",""Existing applicability intervals: []""]","35c5a20cdfaf4e7e7a788fd82d4c2b997e0fe878efe2392487968b8d61b9029f",""
"entity-bhutan@1815/overview","entity-bhutan@1815","","Bhutan","1815","overview","MISSING","C","completely-empty","political-polity","true","[]","[]","[]","[]","{""map_identity_id"":""entity-bhutan"",""aliases"":[],""historical_names"":[],""identifiers"":{}}","[""Snapshot context is not observation date or boundary date."",""Map geometry does not establish sovereignty or succession."",""Resolve historical identity before proposing entity-specific facts."",""Existing applicability intervals: []""]","35c5a20cdfaf4e7e7a788fd82d4c2b997e0fe878efe2392487968b8d61b9029f",""
"entity-bhutan@1878/overview","entity-bhutan@1878","","Bhutan","1878","overview","MISSING","C","completely-empty","political-polity","true","[]","[]","[]","[]","{""map_identity_id"":""entity-bhutan"",""aliases"":[],""historical_names"":[],""identifiers"":{}}","[""Snapshot context is not observation date or boundary date."",""Map geometry does not establish sovereignty or succession."",""Resolve historical identity before proposing entity-specific facts."",""Existing applicability intervals: []""]","35c5a20cdfaf4e7e7a788fd82d4c2b997e0fe878efe2392487968b8d61b9029f",""
"entity-bhutan@1880/overview","entity-bhutan@1880","","Bhutan","1880","overview","MISSING","C","completely-empty","political-polity","true","[]","[]","[]","[]","{""map_identity_id"":""entity-bhutan"",""aliases"":[],""historical_names"":[],""identifiers"":{}}","[""Snapshot context is not observation date or boundary date."",""Map geometry does not establish sovereignty or succession."",""Resolve historical identity before proposing entity-specific facts."",""Existing applicability intervals: []""]","35c5a20cdfaf4e7e7a788fd82d4c2b997e0fe878efe2392487968b8d61b9029f",""
"entity-bhutan@1900/overview","entity-bhutan@1900","","Bhutan","1900","overview","MISSING","C","completely-empty","political-polity","true","[]","[]","[]","[]","{""map_identity_id"":""entity-bhutan"",""aliases"":[],""historical_names"":[],""identifiers"":{}}","[""Snapshot context is not observation date or boundary date."",""Map geometry does not establish sovereignty or succession."",""Resolve historical identity before proposing entity-specific facts."",""Existing applicability intervals: []""]","35c5a20cdfaf4e7e7a788fd82d4c2b997e0fe878efe2392487968b8d61b9029f",""
"entity-dominican-republic@1878/overview","entity-dominican-republic@1878","","Dominican Republic","1878","overview","MISSING","C","completely-empty","political-polity","true","[]","[]","[]","[]","{""map_identity_id"":""entity-dominican-republic"",""aliases"":[],""historical_names"":[],""identifiers"":{}}","[""Snapshot context is not observation date or boundary date."",""Map geometry does not establish sovereignty or succession."",""Resolve historical identity before proposing entity-specific facts."",""Existing applicability intervals: []""]","35c5a20cdfaf4e7e7a788fd82d4c2b997e0fe878efe2392487968b8d61b9029f",""
"entity-dominican-republic@1880/overview","entity-dominican-republic@1880","","Dominican Republic","1880","overview","MISSING","C","completely-empty","political-polity","true","[]","[]","[]","[]","{""map_identity_id"":""entity-dominican-republic"",""aliases"":[],""historical_names"":[],""identifiers"":{}}","[""Snapshot context is not observation date or boundary date."",""Map geometry does not establish sovereignty or succession."",""Resolve historical identity before proposing entity-specific facts."",""Existing applicability intervals: []""]","35c5a20cdfaf4e7e7a788fd82d4c2b997e0fe878efe2392487968b8d61b9029f",""
"entity-dominican-republic@1900/overview","entity-dominican-republic@1900","","Dominican Republic","1900","overview","MISSING","C","completely-empty","political-polity","true","[]","[]","[]","[]","{""map_identity_id"":""entity-dominican-republic"",""aliases"":[],""historical_names"":[],""identifiers"":{}}","[""Snapshot context is not observation date or boundary date."",""Map geometry does not establish sovereignty or succession."",""Resolve historical identity before proposing entity-specific facts."",""Existing applicability intervals: []""]","35c5a20cdfaf4e7e7a788fd82d4c2b997e0fe878efe2392487968b8d61b9029f",""
"entity-dominican-republic@1914/overview","entity-dominican-republic@1914","","Dominican Republic","1914","overview","MISSING","C","completely-empty","political-polity","true","[]","[]","[]","[]","{""map_identity_id"":""entity-dominican-republic"",""aliases"":[],""historical_names"":[],""identifiers"":{}}","[""Snapshot context is not observation date or boundary date."",""Map geometry does not establish sovereignty or succession."",""Resolve historical identity before proposing entity-specific facts."",""Existing applicability intervals: []""]","35c5a20cdfaf4e7e7a788fd82d4c2b997e0fe878efe2392487968b8d61b9029f",""
"entity-dominican-republic@1930/overview","entity-dominican-republic@1930","","Dominican Republic","1930","overview","MISSING","C","completely-empty","political-polity","true","[]","[]","[]","[]","{""map_identity_id"":""entity-dominican-republic"",""aliases"":[],""historical_names"":[],""identifiers"":{}}","[""Snapshot context is not observation date or boundary date."",""Map geometry does not establish sovereignty or succession."",""Resolve historical identity before proposing entity-specific facts."",""Existing applicability intervals: []""]","35c5a20cdfaf4e7e7a788fd82d4c2b997e0fe878efe2392487968b8d61b9029f",""
"entity-dominican-republic@1960/overview","entity-dominican-republic@1960","","Dominican Republic","1960","overview","MISSING","C","completely-empty","political-polity","true","[]","[]","[]","[]","{""map_identity_id"":""entity-dominican-republic"",""aliases"":[],""historical_names"":[],""identifiers"":{}}","[""Snapshot context is not observation date or boundary date."",""Map geometry does not establish sovereignty or succession."",""Resolve historical identity before proposing entity-specific facts."",""Existing applicability intervals: []""]","35c5a20cdfaf4e7e7a788fd82d4c2b997e0fe878efe2392487968b8d61b9029f",""
"entity-netherlands-antilles@1800/overview","entity-netherlands-antilles@1800","","Netherlands Antilles","1800","overview","MISSING","C","held-ambiguous","dependent-administration","true","[]","[]","[]","[]","{""map_identity_id"":""entity-netherlands-antilles"",""aliases"":[],""historical_names"":[],""identifiers"":{}}","[""Snapshot context is not observation date or boundary date."",""Map geometry does not establish sovereignty or succession."",""Resolve historical identity before proposing entity-specific facts."",""Existing applicability intervals: []""]","35c5a20cdfaf4e7e7a788fd82d4c2b997e0fe878efe2392487968b8d61b9029f",""
"entity-netherlands-antilles@1815/overview","entity-netherlands-antilles@1815","","Netherlands Antilles","1815","overview","MISSING","C","held-ambiguous","dependent-administration","true","[]","[]","[]","[]","{""map_identity_id"":""entity-netherlands-antilles"",""aliases"":[],""historical_names"":[],""identifiers"":{}}","[""Snapshot context is not observation date or boundary date."",""Map geometry does not establish sovereignty or succession."",""Resolve historical identity before proposing entity-specific facts."",""Existing applicability intervals: []""]","35c5a20cdfaf4e7e7a788fd82d4c2b997e0fe878efe2392487968b8d61b9029f",""
"entity-netherlands-antilles@1938/overview","entity-netherlands-antilles@1938","","Netherlands Antilles","1938","overview","MISSING","C","held-ambiguous","dependent-administration","true","[]","[]","[]","[]","{""map_identity_id"":""entity-netherlands-antilles"",""aliases"":[],""historical_names"":[],""identifiers"":{}}","[""Snapshot context is not observation date or boundary date."",""Map geometry does not establish sovereignty or succession."",""Resolve historical identity before proposing entity-specific facts."",""Existing applicability intervals: []""]","35c5a20cdfaf4e7e7a788fd82d4c2b997e0fe878efe2392487968b8d61b9029f",""
"entity-netherlands-antilles@1945/overview","entity-netherlands-antilles@1945","","Netherlands Antilles","1945","overview","MISSING","C","held-ambiguous","dependent-administration","true","[]","[]","[]","[]","{""map_identity_id"":""entity-netherlands-antilles"",""aliases"":[],""historical_names"":[],""identifiers"":{}}","[""Snapshot context is not observation date or boundary date."",""Map geometry does not establish sovereignty or succession."",""Resolve historical identity before proposing entity-specific facts."",""Existing applicability intervals: []""]","35c5a20cdfaf4e7e7a788fd82d4c2b997e0fe878efe2392487968b8d61b9029f",""
"entity-anguilla@1800/overview","entity-anguilla@1800","","Anguilla","1800","overview","MISSING","C","completely-empty","dependent-administration","true","[]","[]","[]","[]","{""map_identity_id"":""entity-anguilla"",""aliases"":[],""historical_names"":[],""identifiers"":{}}","[""Snapshot context is not observation date or boundary date."",""Map geometry does not establish sovereignty or succession."",""Resolve historical identity before proposing entity-specific facts."",""Existing applicability intervals: []""]","35c5a20cdfaf4e7e7a788fd82d4c2b997e0fe878efe2392487968b8d61b9029f",""
"entity-anguilla@1815/overview","entity-anguilla@1815","","Anguilla","1815","overview","MISSING","C","completely-empty","dependent-administration","true","[]","[]","[]","[]","{""map_identity_id"":""entity-anguilla"",""aliases"":[],""historical_names"":[],""identifiers"":{}}","[""Snapshot context is not observation date or boundary date."",""Map geometry does not establish sovereignty or succession."",""Resolve historical identity before proposing entity-specific facts."",""Existing applicability intervals: []""]","35c5a20cdfaf4e7e7a788fd82d4c2b997e0fe878efe2392487968b8d61b9029f",""
"entity-anguilla@1878/overview","entity-anguilla@1878","","Anguilla","1878","overview","MISSING","C","completely-empty","dependent-administration","true","[]","[]","[]","[]","{""map_identity_id"":""entity-anguilla"",""aliases"":[],""historical_names"":[],""identifiers"":{}}","[""Snapshot context is not observation date or boundary date."",""Map geometry does not establish sovereignty or succession."",""Resolve historical identity before proposing entity-specific facts."",""Existing applicability intervals: []""]","35c5a20cdfaf4e7e7a788fd82d4c2b997e0fe878efe2392487968b8d61b9029f",""
"entity-anguilla@1880/overview","entity-anguilla@1880","","Anguilla","1880","overview","MISSING","C","completely-empty","dependent-administration","true","[]","[]","[]","[]","{""map_identity_id"":""entity-anguilla"",""aliases"":[],""historical_names"":[],""identifiers"":{}}","[""Snapshot context is not observation date or boundary date."",""Map geometry does not establish sovereignty or succession."",""Resolve historical identity before proposing entity-specific facts."",""Existing applicability intervals: []""]","35c5a20cdfaf4e7e7a788fd82d4c2b997e0fe878efe2392487968b8d61b9029f",""
"entity-nicaragua@1878/overview","entity-nicaragua@1878","","Nicaragua","1878","overview","MISSING","C","completely-empty","political-polity","true","[]","[]","[]","[]","{""map_identity_id"":""entity-nicaragua"",""aliases"":[],""historical_names"":[],""identifiers"":{}}","[""Snapshot context is not observation date or boundary date."",""Map geometry does not establish sovereignty or succession."",""Resolve historical identity before proposing entity-specific facts."",""Existing applicability intervals: []""]","35c5a20cdfaf4e7e7a788fd82d4c2b997e0fe878efe2392487968b8d61b9029f",""
"entity-nicaragua@1880/overview","entity-nicaragua@1880","","Nicaragua","1880","overview","MISSING","C","completely-empty","political-polity","true","[]","[]","[]","[]","{""map_identity_id"":""entity-nicaragua"",""aliases"":[],""historical_names"":[],""identifiers"":{}}","[""Snapshot context is not observation date or boundary date."",""Map geometry does not establish sovereignty or succession."",""Resolve historical identity before proposing entity-specific facts."",""Existing applicability intervals: []""]","35c5a20cdfaf4e7e7a788fd82d4c2b997e0fe878efe2392487968b8d61b9029f",""
"entity-nicaragua@1900/overview","entity-nicaragua@1900","","Nicaragua","1900","overview","MISSING","C","completely-empty","political-polity","true","[]","[]","[]","[]","{""map_identity_id"":""entity-nicaragua"",""aliases"":[],""historical_names"":[],""identifiers"":{}}","[""Snapshot context is not observation date or boundary date."",""Map geometry does not establish sovereignty or succession."",""Resolve historical identity before proposing entity-specific facts."",""Existing applicability intervals: []""]","35c5a20cdfaf4e7e7a788fd82d4c2b997e0fe878efe2392487968b8d61b9029f",""
"entity-nicaragua@1914/overview","entity-nicaragua@1914","","Nicaragua","1914","overview","MISSING","C","completely-empty","political-polity","true","[]","[]","[]","[]","{""map_identity_id"":""entity-nicaragua"",""aliases"":[],""historical_names"":[],""identifiers"":{}}","[""Snapshot context is not observation date or boundary date."",""Map geometry does not establish sovereignty or succession."",""Resolve historical identity before proposing entity-specific facts."",""Existing applicability intervals: []""]","35c5a20cdfaf4e7e7a788fd82d4c2b997e0fe878efe2392487968b8d61b9029f",""
"entity-nicaragua@1920/overview","entity-nicaragua@1920","","Nicaragua","1920","overview","MISSING","C","completely-empty","political-polity","true","[]","[]","[]","[]","{""map_identity_id"":""entity-nicaragua"",""aliases"":[],""historical_names"":[],""identifiers"":{}}","[""Snapshot context is not observation date or boundary date."",""Map geometry does not establish sovereignty or succession."",""Resolve historical identity before proposing entity-specific facts."",""Existing applicability intervals: []""]","35c5a20cdfaf4e7e7a788fd82d4c2b997e0fe878efe2392487968b8d61b9029f",""
"entity-nicaragua@1930/overview","entity-nicaragua@1930","","Nicaragua","1930","overview","MISSING","C","completely-empty","political-polity","true","[]","[]","[]","[]","{""map_identity_id"":""entity-nicaragua"",""aliases"":[],""historical_names"":[],""identifiers"":{}}","[""Snapshot context is not observation date or boundary date."",""Map geometry does not establish sovereignty or succession."",""Resolve historical identity before proposing entity-specific facts."",""Existing applicability intervals: []""]","35c5a20cdfaf4e7e7a788fd82d4c2b997e0fe878efe2392487968b8d61b9029f",""
"entity-nicaragua@1960/overview","entity-nicaragua@1960","","Nicaragua","1960","overview","MISSING","C","completely-empty","political-polity","true","[]","[]","[]","[]","{""map_identity_id"":""entity-nicaragua"",""aliases"":[],""historical_names"":[],""identifiers"":{}}","[""Snapshot context is not observation date or boundary date."",""Map geometry does not establish sovereignty or succession."",""Resolve historical identity before proposing entity-specific facts."",""Existing applicability intervals: []""]","35c5a20cdfaf4e7e7a788fd82d4c2b997e0fe878efe2392487968b8d61b9029f",""
"entity-honduras@1878/overview","entity-honduras@1878","","Honduras","1878","overview","MISSING","C","completely-empty","political-polity","true","[]","[]","[]","[]","{""map_identity_id"":""entity-honduras"",""aliases"":[],""historical_names"":[],""identifiers"":{}}","[""Snapshot context is not observation date or boundary date."",""Map geometry does not establish sovereignty or succession."",""Resolve historical identity before proposing entity-specific facts."",""Existing applicability intervals: []""]","35c5a20cdfaf4e7e7a788fd82d4c2b997e0fe878efe2392487968b8d61b9029f",""
"entity-honduras@1880/overview","entity-honduras@1880","","Honduras","1880","overview","MISSING","C","completely-empty","political-polity","true","[]","[]","[]","[]","{""map_identity_id"":""entity-honduras"",""aliases"":[],""historical_names"":[],""identifiers"":{}}","[""Snapshot context is not observation date or boundary date."",""Map geometry does not establish sovereignty or succession."",""Resolve historical identity before proposing entity-specific facts."",""Existing applicability intervals: []""]","35c5a20cdfaf4e7e7a788fd82d4c2b997e0fe878efe2392487968b8d61b9029f",""
"entity-honduras@1900/overview","entity-honduras@1900","","Honduras","1900","overview","MISSING","C","completely-empty","political-polity","true","[]","[]","[]","[]","{""map_identity_id"":""entity-honduras"",""aliases"":[],""historical_names"":[],""identifiers"":{}}","[""Snapshot context is not observation date or boundary date."",""Map geometry does not establish sovereignty or succession."",""Resolve historical identity before proposing entity-specific facts."",""Existing applicability intervals: []""]","35c5a20cdfaf4e7e7a788fd82d4c2b997e0fe878efe2392487968b8d61b9029f",""
"entity-honduras@1914/overview","entity-honduras@1914","","Honduras","1914","overview","MISSING","C","completely-empty","political-polity","true","[]","[]","[]","[]","{""map_identity_id"":""entity-honduras"",""aliases"":[],""historical_names"":[],""identifiers"":{}}","[""Snapshot context is not observation date or boundary date."",""Map geometry does not establish sovereignty or succession."",""Resolve historical identity before proposing entity-specific facts."",""Existing applicability intervals: []""]","35c5a20cdfaf4e7e7a788fd82d4c2b997e0fe878efe2392487968b8d61b9029f",""
"entity-honduras@1920/overview","entity-honduras@1920","","Honduras","1920","overview","MISSING","C","completely-empty","political-polity","true","[]","[]","[]","[]","{""map_identity_id"":""entity-honduras"",""aliases"":[],""historical_names"":[],""identifiers"":{}}","[""Snapshot context is not observation date or boundary date."",""Map geometry does not establish sovereignty or succession."",""Resolve historical identity before proposing entity-specific facts."",""Existing applicability intervals: []""]","35c5a20cdfaf4e7e7a788fd82d4c2b997e0fe878efe2392487968b8d61b9029f",""
"entity-honduras@1930/overview","entity-honduras@1930","","Honduras","1930","overview","MISSING","C","completely-empty","political-polity","true","[]","[]","[]","[]","{""map_identity_id"":""entity-honduras"",""aliases"":[],""historical_names"":[],""identifiers"":{}}","[""Snapshot context is not observation date or boundary date."",""Map geometry does not establish sovereignty or succession."",""Resolve historical identity before proposing entity-specific facts."",""Existing applicability intervals: []""]","35c5a20cdfaf4e7e7a788fd82d4c2b997e0fe878efe2392487968b8d61b9029f",""
"entity-honduras@1960/overview","entity-honduras@1960","","Honduras","1960","overview","MISSING","C","completely-empty","political-polity","true","[]","[]","[]","[]","{""map_identity_id"":""entity-honduras"",""aliases"":[],""historical_names"":[],""identifiers"":{}}","[""Snapshot context is not observation date or boundary date."",""Map geometry does not establish sovereignty or succession."",""Resolve historical identity before proposing entity-specific facts."",""Existing applicability intervals: []""]","35c5a20cdfaf4e7e7a788fd82d4c2b997e0fe878efe2392487968b8d61b9029f",""
"entity-hong-kong@1800/overview","entity-hong-kong@1800","","Hong Kong","1800","overview","MISSING","C","completely-empty","dependent-administration","true","[]","[]","[]","[]","{""map_identity_id"":""entity-hong-kong"",""aliases"":[],""historical_names"":[],""identifiers"":{}}","[""Snapshot context is not observation date or boundary date."",""Map geometry does not establish sovereignty or succession."",""Resolve historical identity before proposing entity-specific facts."",""Existing applicability intervals: []""]","35c5a20cdfaf4e7e7a788fd82d4c2b997e0fe878efe2392487968b8d61b9029f",""
"entity-hong-kong@1815/overview","entity-hong-kong@1815","","Hong Kong","1815","overview","MISSING","C","completely-empty","dependent-administration","true","[]","[]","[]","[]","{""map_identity_id"":""entity-hong-kong"",""aliases"":[],""historical_names"":[],""identifiers"":{}}","[""Snapshot context is not observation date or boundary date."",""Map geometry does not establish sovereignty or succession."",""Resolve historical identity before proposing entity-specific facts."",""Existing applicability intervals: []""]","35c5a20cdfaf4e7e7a788fd82d4c2b997e0fe878efe2392487968b8d61b9029f",""
"entity-dominica@1800/overview","entity-dominica@1800","","Dominica","1800","overview","MISSING","C","completely-empty","dependent-administration","true","[]","[]","[]","[]","{""map_identity_id"":""entity-dominica"",""aliases"":[],""historical_names"":[],""identifiers"":{}}","[""Snapshot context is not observation date or boundary date."",""Map geometry does not establish sovereignty or succession."",""Resolve historical identity before proposing entity-specific facts."",""Existing applicability intervals: []""]","35c5a20cdfaf4e7e7a788fd82d4c2b997e0fe878efe2392487968b8d61b9029f",""
"entity-dominica@1815/overview","entity-dominica@1815","","Dominica","1815","overview","MISSING","C","completely-empty","dependent-administration","true","[]","[]","[]","[]","{""map_identity_id"":""entity-dominica"",""aliases"":[],""historical_names"":[],""identifiers"":{}}","[""Snapshot context is not observation date or boundary date."",""Map geometry does not establish sovereignty or succession."",""Resolve historical identity before proposing entity-specific facts."",""Existing applicability intervals: []""]","35c5a20cdfaf4e7e7a788fd82d4c2b997e0fe878efe2392487968b8d61b9029f",""
"entity-dominica@1945/overview","entity-dominica@1945","","Dominica","1945","overview","MISSING","C","completely-empty","dependent-administration","true","[]","[]","[]","[]","{""map_identity_id"":""entity-dominica"",""aliases"":[],""historical_names"":[],""identifiers"":{}}","[""Snapshot context is not observation date or boundary date."",""Map geometry does not establish sovereignty or succession."",""Resolve historical identity before proposing entity-specific facts."",""Existing applicability intervals: []""]","35c5a20cdfaf4e7e7a788fd82d4c2b997e0fe878efe2392487968b8d61b9029f",""
"entity-samoa@1878/overview","entity-samoa@1878","","Samoa","1878","overview","MISSING","C","held-ambiguous","dependent-administration","true","[]","[]","[]","[]","{""map_identity_id"":""entity-samoa"",""aliases"":[],""historical_names"":[],""identifiers"":{}}","[""Snapshot context is not observation date or boundary date."",""Map geometry does not establish sovereignty or succession."",""Resolve historical identity before proposing entity-specific facts."",""Existing applicability intervals: []""]","35c5a20cdfaf4e7e7a788fd82d4c2b997e0fe878efe2392487968b8d61b9029f",""
"entity-samoa@1880/overview","entity-samoa@1880","","Samoa","1880","overview","MISSING","C","held-ambiguous","dependent-administration","true","[]","[]","[]","[]","{""map_identity_id"":""entity-samoa"",""aliases"":[],""historical_names"":[],""identifiers"":{}}","[""Snapshot context is not observation date or boundary date."",""Map geometry does not establish sovereignty or succession."",""Resolve historical identity before proposing entity-specific facts."",""Existing applicability intervals: []""]","35c5a20cdfaf4e7e7a788fd82d4c2b997e0fe878efe2392487968b8d61b9029f",""
"entity-samoa@1900/overview","entity-samoa@1900","","Samoa","1900","overview","MISSING","C","held-ambiguous","dependent-administration","true","[]","[]","[]","[]","{""map_identity_id"":""entity-samoa"",""aliases"":[],""historical_names"":[],""identifiers"":{}}","[""Snapshot context is not observation date or boundary date."",""Map geometry does not establish sovereignty or succession."",""Resolve historical identity before proposing entity-specific facts."",""Existing applicability intervals: []""]","35c5a20cdfaf4e7e7a788fd82d4c2b997e0fe878efe2392487968b8d61b9029f",""
"entity-samoa@1914/overview","entity-samoa@1914","","Samoa","1914","overview","MISSING","C","held-ambiguous","dependent-administration","true","[]","[]","[]","[]","{""map_identity_id"":""entity-samoa"",""aliases"":[],""historical_names"":[],""identifiers"":{}}","[""Snapshot context is not observation date or boundary date."",""Map geometry does not establish sovereignty or succession."",""Resolve historical identity before proposing entity-specific facts."",""Existing applicability intervals: []""]","35c5a20cdfaf4e7e7a788fd82d4c2b997e0fe878efe2392487968b8d61b9029f",""
"entity-samoa@1920/overview","entity-samoa@1920","samoa-nz-military-core","Western Samoa — New Zealand military occupation","1920","overview","MISSING","C","held-ambiguous","dependent-administration","false","[]","[]","[]","[]","{""map_identity_id"":""entity-samoa"",""aliases"":[],""historical_names"":[{""value"":""Western Samoa — New Zealand military occupation"",""kind"":""primary"",""validFrom"":""1914-08-29"",""validUntil"":""1920-05-01""}],""identifiers"":{}}","[""Snapshot context is not observation date or boundary date."",""Map geometry does not establish sovereignty or succession."",""Existing applicability intervals: []""]","35c5a20cdfaf4e7e7a788fd82d4c2b997e0fe878efe2392487968b8d61b9029f",""
"entity-saint-kitts-and-nevis@1815/overview","entity-saint-kitts-and-nevis@1815","","Saint Kitts and Nevis","1815","overview","MISSING","C","held-ambiguous","dependent-administration","true","[]","[]","[]","[]","{""map_identity_id"":""entity-saint-kitts-and-nevis"",""aliases"":[],""historical_names"":[],""identifiers"":{}}","[""Snapshot context is not observation date or boundary date."",""Map geometry does not establish sovereignty or succession."",""Resolve historical identity before proposing entity-specific facts."",""Existing applicability intervals: []""]","35c5a20cdfaf4e7e7a788fd82d4c2b997e0fe878efe2392487968b8d61b9029f",""
"entity-saint-kitts-and-nevis@1878/overview","entity-saint-kitts-and-nevis@1878","","Saint Kitts and Nevis","1878","overview","MISSING","C","held-ambiguous","dependent-administration","true","[]","[]","[]","[]","{""map_identity_id"":""entity-saint-kitts-and-nevis"",""aliases"":[],""historical_names"":[],""identifiers"":{}}","[""Snapshot context is not observation date or boundary date."",""Map geometry does not establish sovereignty or succession."",""Resolve historical identity before proposing entity-specific facts."",""Existing applicability intervals: []""]","35c5a20cdfaf4e7e7a788fd82d4c2b997e0fe878efe2392487968b8d61b9029f",""
"entity-saint-kitts-and-nevis@1880/overview","entity-saint-kitts-and-nevis@1880","","Saint Kitts and Nevis","1880","overview","MISSING","C","held-ambiguous","dependent-administration","true","[]","[]","[]","[]","{""map_identity_id"":""entity-saint-kitts-and-nevis"",""aliases"":[],""historical_names"":[],""identifiers"":{}}","[""Snapshot context is not observation date or boundary date."",""Map geometry does not establish sovereignty or succession."",""Resolve historical identity before proposing entity-specific facts."",""Existing applicability intervals: []""]","35c5a20cdfaf4e7e7a788fd82d4c2b997e0fe878efe2392487968b8d61b9029f",""
"entity-niue@1878/overview","entity-niue@1878","","Niue","1878","overview","MISSING","C","held-ambiguous","dependent-administration","true","[]","[]","[]","[]","{""map_identity_id"":""entity-niue"",""aliases"":[],""historical_names"":[],""identifiers"":{}}","[""Snapshot context is not observation date or boundary date."",""Map geometry does not establish sovereignty or succession."",""Resolve historical identity before proposing entity-specific facts."",""Existing applicability intervals: []""]","35c5a20cdfaf4e7e7a788fd82d4c2b997e0fe878efe2392487968b8d61b9029f",""
"entity-niue@1880/overview","entity-niue@1880","","Niue","1880","overview","MISSING","C","held-ambiguous","dependent-administration","true","[]","[]","[]","[]","{""map_identity_id"":""entity-niue"",""aliases"":[],""historical_names"":[],""identifiers"":{}}","[""Snapshot context is not observation date or boundary date."",""Map geometry does not establish sovereignty or succession."",""Resolve historical identity before proposing entity-specific facts."",""Existing applicability intervals: []""]","35c5a20cdfaf4e7e7a788fd82d4c2b997e0fe878efe2392487968b8d61b9029f",""
"entity-niue@1900/overview","entity-niue@1900","","Niue","1900","overview","MISSING","C","held-ambiguous","dependent-administration","true","[]","[]","[]","[]","{""map_identity_id"":""entity-niue"",""aliases"":[],""historical_names"":[],""identifiers"":{}}","[""Snapshot context is not observation date or boundary date."",""Map geometry does not establish sovereignty or succession."",""Resolve historical identity before proposing entity-specific facts."",""Existing applicability intervals: []""]","35c5a20cdfaf4e7e7a788fd82d4c2b997e0fe878efe2392487968b8d61b9029f",""
"entity-american-samoa@1878/overview","entity-american-samoa@1878","","American Samoa","1878","overview","MISSING","C","held-ambiguous","dependent-administration","true","[]","[]","[]","[]","{""map_identity_id"":""entity-american-samoa"",""aliases"":[],""historical_names"":[],""identifiers"":{}}","[""Snapshot context is not observation date or boundary date."",""Map geometry does not establish sovereignty or succession."",""Resolve historical identity before proposing entity-specific facts."",""Existing applicability intervals: []""]","35c5a20cdfaf4e7e7a788fd82d4c2b997e0fe878efe2392487968b8d61b9029f",""
"entity-american-samoa@1880/overview","entity-american-samoa@1880","","American Samoa","1880","overview","MISSING","C","held-ambiguous","dependent-administration","true","[]","[]","[]","[]","{""map_identity_id"":""entity-american-samoa"",""aliases"":[],""historical_names"":[],""identifiers"":{}}","[""Snapshot context is not observation date or boundary date."",""Map geometry does not establish sovereignty or succession."",""Resolve historical identity before proposing entity-specific facts."",""Existing applicability intervals: []""]","35c5a20cdfaf4e7e7a788fd82d4c2b997e0fe878efe2392487968b8d61b9029f",""
"entity-american-samoa@1900/overview","entity-american-samoa@1900","","American Samoa","1900","overview","MISSING","C","held-ambiguous","dependent-administration","true","[]","[]","[]","[]","{""map_identity_id"":""entity-american-samoa"",""aliases"":[],""historical_names"":[],""identifiers"":{}}","[""Snapshot context is not observation date or boundary date."",""Map geometry does not establish sovereignty or succession."",""Resolve historical identity before proposing entity-specific facts."",""Existing applicability intervals: []""]","35c5a20cdfaf4e7e7a788fd82d4c2b997e0fe878efe2392487968b8d61b9029f",""
"entity-french-guiana@1930/overview","entity-french-guiana@1930","","French Guiana","1930","overview","MISSING","C","completely-empty","dependent-administration","true","[]","[]","[]","[]","{""map_identity_id"":""entity-french-guiana"",""aliases"":[],""historical_names"":[],""identifiers"":{}}","[""Snapshot context is not observation date or boundary date."",""Map geometry does not establish sovereignty or succession."",""Resolve historical identity before proposing entity-specific facts."",""Existing applicability intervals: []""]","35c5a20cdfaf4e7e7a788fd82d4c2b997e0fe878efe2392487968b8d61b9029f",""
"entity-french-guiana@1938/overview","entity-french-guiana@1938","","French Guiana","1938","overview","MISSING","C","completely-empty","dependent-administration","true","[]","[]","[]","[]","{""map_identity_id"":""entity-french-guiana"",""aliases"":[],""historical_names"":[],""identifiers"":{}}","[""Snapshot context is not observation date or boundary date."",""Map geometry does not establish sovereignty or succession."",""Resolve historical identity before proposing entity-specific facts."",""Existing applicability intervals: []""]","35c5a20cdfaf4e7e7a788fd82d4c2b997e0fe878efe2392487968b8d61b9029f",""
"entity-french-guiana@1945/overview","entity-french-guiana@1945","","French Guiana","1945","overview","MISSING","C","completely-empty","dependent-administration","true","[]","[]","[]","[]","{""map_identity_id"":""entity-french-guiana"",""aliases"":[],""historical_names"":[],""identifiers"":{}}","[""Snapshot context is not observation date or boundary date."",""Map geometry does not establish sovereignty or succession."",""Resolve historical identity before proposing entity-specific facts."",""Existing applicability intervals: []""]","35c5a20cdfaf4e7e7a788fd82d4c2b997e0fe878efe2392487968b8d61b9029f",""
"entity-saint-barthelemy@1800/overview","entity-saint-barthelemy@1800","","Saint Barthelemy","1800","overview","MISSING","C","completely-empty","dependent-administration","true","[]","[]","[]","[]","{""map_identity_id"":""entity-saint-barthelemy"",""aliases"":[],""historical_names"":[],""identifiers"":{}}","[""Snapshot context is not observation date or boundary date."",""Map geometry does not establish sovereignty or succession."",""Resolve historical identity before proposing entity-specific facts."",""Existing applicability intervals: []""]","35c5a20cdfaf4e7e7a788fd82d4c2b997e0fe878efe2392487968b8d61b9029f",""
"entity-saint-barthelemy@1878/overview","entity-saint-barthelemy@1878","","Saint Barthelemy","1878","overview","MISSING","C","held-ambiguous","dependent-administration","true","[]","[]","[]","[]","{""map_identity_id"":""entity-saint-barthelemy"",""aliases"":[],""historical_names"":[],""identifiers"":{}}","[""Snapshot context is not observation date or boundary date."",""Map geometry does not establish sovereignty or succession."",""Resolve historical identity before proposing entity-specific facts."",""Existing applicability intervals: []""]","35c5a20cdfaf4e7e7a788fd82d4c2b997e0fe878efe2392487968b8d61b9029f",""
"entity-belize@1938/overview","entity-belize@1938","","Belize","1938","overview","MISSING","C","completely-empty","dependent-administration","true","[]","[]","[]","[]","{""map_identity_id"":""entity-belize"",""aliases"":[],""historical_names"":[],""identifiers"":{}}","[""Snapshot context is not observation date or boundary date."",""Map geometry does not establish sovereignty or succession."",""Resolve historical identity before proposing entity-specific facts."",""Existing applicability intervals: []""]","35c5a20cdfaf4e7e7a788fd82d4c2b997e0fe878efe2392487968b8d61b9029f",""
"entity-belize@1945/overview","entity-belize@1945","","Belize","1945","overview","MISSING","C","completely-empty","dependent-administration","true","[]","[]","[]","[]","{""map_identity_id"":""entity-belize"",""aliases"":[],""historical_names"":[],""identifiers"":{}}","[""Snapshot context is not observation date or boundary date."",""Map geometry does not establish sovereignty or succession."",""Resolve historical identity before proposing entity-specific facts."",""Existing applicability intervals: []""]","35c5a20cdfaf4e7e7a788fd82d4c2b997e0fe878efe2392487968b8d61b9029f",""
"entity-belize@1960/overview","entity-belize@1960","","Belize","1960","overview","MISSING","C","completely-empty","dependent-administration","true","[]","[]","[]","[]","{""map_identity_id"":""entity-belize"",""aliases"":[],""historical_names"":[],""identifiers"":{}}","[""Snapshot context is not observation date or boundary date."",""Map geometry does not establish sovereignty or succession."",""Resolve historical identity before proposing entity-specific facts."",""Existing applicability intervals: []""]","35c5a20cdfaf4e7e7a788fd82d4c2b997e0fe878efe2392487968b8d61b9029f",""
"entity-qatar@1900/overview","entity-qatar@1900","","Qatar","1900","overview","MISSING","C","completely-empty","political-polity","true","[]","[]","[]","[]","{""map_identity_id"":""entity-qatar"",""aliases"":[],""historical_names"":[],""identifiers"":{}}","[""Snapshot context is not observation date or boundary date."",""Map geometry does not establish sovereignty or succession."",""Resolve historical identity before proposing entity-specific facts."",""Existing applicability intervals: []""]","35c5a20cdfaf4e7e7a788fd82d4c2b997e0fe878efe2392487968b8d61b9029f",""
"entity-qatar@1914/overview","entity-qatar@1914","","Qatar","1914","overview","MISSING","C","completely-empty","political-polity","true","[]","[]","[]","[]","{""map_identity_id"":""entity-qatar"",""aliases"":[],""historical_names"":[],""identifiers"":{}}","[""Snapshot context is not observation date or boundary date."",""Map geometry does not establish sovereignty or succession."",""Resolve historical identity before proposing entity-specific facts."",""Existing applicability intervals: []""]","35c5a20cdfaf4e7e7a788fd82d4c2b997e0fe878efe2392487968b8d61b9029f",""
"entity-wallis-and-futuna-islands@1878/overview","entity-wallis-and-futuna-islands@1878","","Wallis and Futuna Islands","1878","overview","MISSING","C","held-ambiguous","dependent-administration","true","[]","[]","[]","[]","{""map_identity_id"":""entity-wallis-and-futuna-islands"",""aliases"":[],""historical_names"":[],""identifiers"":{}}","[""Snapshot context is not observation date or boundary date."",""Map geometry does not establish sovereignty or succession."",""Resolve historical identity before proposing entity-specific facts."",""Existing applicability intervals: []""]","35c5a20cdfaf4e7e7a788fd82d4c2b997e0fe878efe2392487968b8d61b9029f",""
"entity-wallis-and-futuna-islands@1880/overview","entity-wallis-and-futuna-islands@1880","","Wallis and Futuna Islands","1880","overview","MISSING","C","held-ambiguous","dependent-administration","true","[]","[]","[]","[]","{""map_identity_id"":""entity-wallis-and-futuna-islands"",""aliases"":[],""historical_names"":[],""identifiers"":{}}","[""Snapshot context is not observation date or boundary date."",""Map geometry does not establish sovereignty or succession."",""Resolve historical identity before proposing entity-specific facts."",""Existing applicability intervals: []""]","35c5a20cdfaf4e7e7a788fd82d4c2b997e0fe878efe2392487968b8d61b9029f",""
"entity-burundi@1920/overview","entity-burundi@1920","","Burundi","1920","overview","MISSING","C","completely-empty","political-polity","true","[]","[]","[]","[]","{""map_identity_id"":""entity-burundi"",""aliases"":[],""historical_names"":[],""identifiers"":{}}","[""Snapshot context is not observation date or boundary date."",""Map geometry does not establish sovereignty or succession."",""Resolve historical identity before proposing entity-specific facts."",""Existing applicability intervals: []""]","35c5a20cdfaf4e7e7a788fd82d4c2b997e0fe878efe2392487968b8d61b9029f",""
"entity-swaziland@1900/overview","entity-swaziland@1900","","Swaziland","1900","overview","MISSING","C","completely-empty","political-polity","true","[]","[]","[]","[]","{""map_identity_id"":""entity-swaziland"",""aliases"":[],""historical_names"":[],""identifiers"":{}}","[""Snapshot context is not observation date or boundary date."",""Map geometry does not establish sovereignty or succession."",""Resolve historical identity before proposing entity-specific facts."",""Existing applicability intervals: []""]","35c5a20cdfaf4e7e7a788fd82d4c2b997e0fe878efe2392487968b8d61b9029f",""
"entity-antigua-and-barbuda@1815/overview","entity-antigua-and-barbuda@1815","","Antigua and Barbuda","1815","overview","MISSING","C","completely-empty","dependent-administration","true","[]","[]","[]","[]","{""map_identity_id"":""entity-antigua-and-barbuda"",""aliases"":[],""historical_names"":[],""identifiers"":{}}","[""Snapshot context is not observation date or boundary date."",""Map geometry does not establish sovereignty or succession."",""Resolve historical identity before proposing entity-specific facts."",""Existing applicability intervals: []""]","35c5a20cdfaf4e7e7a788fd82d4c2b997e0fe878efe2392487968b8d61b9029f",""
"entity-montserrat@1815/overview","entity-montserrat@1815","","Montserrat","1815","overview","MISSING","C","completely-empty","dependent-administration","true","[]","[]","[]","[]","{""map_identity_id"":""entity-montserrat"",""aliases"":[],""historical_names"":[],""identifiers"":{}}","[""Snapshot context is not observation date or boundary date."",""Map geometry does not establish sovereignty or succession."",""Resolve historical identity before proposing entity-specific facts."",""Existing applicability intervals: []""]","35c5a20cdfaf4e7e7a788fd82d4c2b997e0fe878efe2392487968b8d61b9029f",""
"entity-panama@1920/overview","entity-panama@1920","","Panama","1920","overview","MISSING","C","completely-empty","political-polity","true","[]","[]","[]","[]","{""map_identity_id"":""entity-panama"",""aliases"":[],""historical_names"":[],""identifiers"":{}}","[""Snapshot context is not observation date or boundary date."",""Map geometry does not establish sovereignty or succession."",""Resolve historical identity before proposing entity-specific facts."",""Existing applicability intervals: []""]","35c5a20cdfaf4e7e7a788fd82d4c2b997e0fe878efe2392487968b8d61b9029f",""
"entity-panama@1930/overview","entity-panama@1930","","Panama","1930","overview","MISSING","C","completely-empty","political-polity","true","[]","[]","[]","[]","{""map_identity_id"":""entity-panama"",""aliases"":[],""historical_names"":[],""identifiers"":{}}","[""Snapshot context is not observation date or boundary date."",""Map geometry does not establish sovereignty or succession."",""Resolve historical identity before proposing entity-specific facts."",""Existing applicability intervals: []""]","35c5a20cdfaf4e7e7a788fd82d4c2b997e0fe878efe2392487968b8d61b9029f",""
"entity-panama@1938/overview","entity-panama@1938","","Panama","1938","overview","MISSING","C","completely-empty","political-polity","true","[]","[]","[]","[]","{""map_identity_id"":""entity-panama"",""aliases"":[],""historical_names"":[],""identifiers"":{}}","[""Snapshot context is not observation date or boundary date."",""Map geometry does not establish sovereignty or succession."",""Resolve historical identity before proposing entity-specific facts."",""Existing applicability intervals: []""]","35c5a20cdfaf4e7e7a788fd82d4c2b997e0fe878efe2392487968b8d61b9029f",""
"entity-panama@1945/overview","entity-panama@1945","","Panama","1945","overview","MISSING","C","completely-empty","political-polity","true","[]","[]","[]","[]","{""map_identity_id"":""entity-panama"",""aliases"":[],""historical_names"":[],""identifiers"":{}}","[""Snapshot context is not observation date or boundary date."",""Map geometry does not establish sovereignty or succession."",""Resolve historical identity before proposing entity-specific facts."",""Existing applicability intervals: []""]","35c5a20cdfaf4e7e7a788fd82d4c2b997e0fe878efe2392487968b8d61b9029f",""
"entity-panama@1960/overview","entity-panama@1960","","Panama","1960","overview","MISSING","C","completely-empty","political-polity","true","[]","[]","[]","[]","{""map_identity_id"":""entity-panama"",""aliases"":[],""historical_names"":[],""identifiers"":{}}","[""Snapshot context is not observation date or boundary date."",""Map geometry does not establish sovereignty or succession."",""Resolve historical identity before proposing entity-specific facts."",""Existing applicability intervals: []""]","35c5a20cdfaf4e7e7a788fd82d4c2b997e0fe878efe2392487968b8d61b9029f",""
"entity-equatorial-guinea@1914/overview","entity-equatorial-guinea@1914","","Equatorial Guinea","1914","overview","MISSING","C","completely-empty","dependent-administration","true","[]","[]","[]","[]","{""map_identity_id"":""entity-equatorial-guinea"",""aliases"":[],""historical_names"":[],""identifiers"":{}}","[""Snapshot context is not observation date or boundary date."",""Map geometry does not establish sovereignty or succession."",""Resolve historical identity before proposing entity-specific facts."",""Existing applicability intervals: []""]","35c5a20cdfaf4e7e7a788fd82d4c2b997e0fe878efe2392487968b8d61b9029f",""
"entity-equatorial-guinea@1920/overview","entity-equatorial-guinea@1920","","Equatorial Guinea","1920","overview","MISSING","C","completely-empty","dependent-administration","true","[]","[]","[]","[]","{""map_identity_id"":""entity-equatorial-guinea"",""aliases"":[],""historical_names"":[],""identifiers"":{}}","[""Snapshot context is not observation date or boundary date."",""Map geometry does not establish sovereignty or succession."",""Resolve historical identity before proposing entity-specific facts."",""Existing applicability intervals: []""]","35c5a20cdfaf4e7e7a788fd82d4c2b997e0fe878efe2392487968b8d61b9029f",""
"entity-equatorial-guinea@1930/overview","entity-equatorial-guinea@1930","","Equatorial Guinea","1930","overview","MISSING","C","completely-empty","dependent-administration","true","[]","[]","[]","[]","{""map_identity_id"":""entity-equatorial-guinea"",""aliases"":[],""historical_names"":[],""identifiers"":{}}","[""Snapshot context is not observation date or boundary date."",""Map geometry does not establish sovereignty or succession."",""Resolve historical identity before proposing entity-specific facts."",""Existing applicability intervals: []""]","35c5a20cdfaf4e7e7a788fd82d4c2b997e0fe878efe2392487968b8d61b9029f",""
"entity-equatorial-guinea@1938/overview","entity-equatorial-guinea@1938","","Equatorial Guinea","1938","overview","MISSING","C","completely-empty","dependent-administration","true","[]","[]","[]","[]","{""map_identity_id"":""entity-equatorial-guinea"",""aliases"":[],""historical_names"":[],""identifiers"":{}}","[""Snapshot context is not observation date or boundary date."",""Map geometry does not establish sovereignty or succession."",""Resolve historical identity before proposing entity-specific facts."",""Existing applicability intervals: []""]","35c5a20cdfaf4e7e7a788fd82d4c2b997e0fe878efe2392487968b8d61b9029f",""
"entity-equatorial-guinea@1945/overview","entity-equatorial-guinea@1945","","Equatorial Guinea","1945","overview","MISSING","C","completely-empty","dependent-administration","true","[]","[]","[]","[]","{""map_identity_id"":""entity-equatorial-guinea"",""aliases"":[],""historical_names"":[],""identifiers"":{}}","[""Snapshot context is not observation date or boundary date."",""Map geometry does not establish sovereignty or succession."",""Resolve historical identity before proposing entity-specific facts."",""Existing applicability intervals: []""]","35c5a20cdfaf4e7e7a788fd82d4c2b997e0fe878efe2392487968b8d61b9029f",""
"entity-tonga@1900/overview","entity-tonga@1900","","Tonga","1900","overview","MISSING","C","completely-empty","political-polity","true","[]","[]","[]","[]","{""map_identity_id"":""entity-tonga"",""aliases"":[],""historical_names"":[],""identifiers"":{}}","[""Snapshot context is not observation date or boundary date."",""Map geometry does not establish sovereignty or succession."",""Resolve historical identity before proposing entity-specific facts."",""Existing applicability intervals: []""]","35c5a20cdfaf4e7e7a788fd82d4c2b997e0fe878efe2392487968b8d61b9029f",""
"entity-guadeloupe@1815/overview","entity-guadeloupe@1815","","Guadeloupe","1815","overview","MISSING","C","completely-empty","dependent-administration","true","[]","[]","[]","[]","{""map_identity_id"":""entity-guadeloupe"",""aliases"":[],""historical_names"":[],""identifiers"":{}}","[""Snapshot context is not observation date or boundary date."",""Map geometry does not establish sovereignty or succession."",""Resolve historical identity before proposing entity-specific facts."",""Existing applicability intervals: []""]","35c5a20cdfaf4e7e7a788fd82d4c2b997e0fe878efe2392487968b8d61b9029f",""
"entity-saint-vincent-and-the-grenadines@1815/overview","entity-saint-vincent-and-the-grenadines@1815","","Saint Vincent and the Grenadines","1815","overview","MISSING","C","completely-empty","dependent-administration","true","[]","[]","[]","[]","{""map_identity_id"":""entity-saint-vincent-and-the-grenadines"",""aliases"":[],""historical_names"":[],""identifiers"":{}}","[""Snapshot context is not observation date or boundary date."",""Map geometry does not establish sovereignty or succession."",""Resolve historical identity before proposing entity-specific facts."",""Existing applicability intervals: []""]","35c5a20cdfaf4e7e7a788fd82d4c2b997e0fe878efe2392487968b8d61b9029f",""
"entity-saint-vincent-and-the-grenadines@1914/overview","entity-saint-vincent-and-the-grenadines@1914","","Saint Vincent and the Grenadines","1914","overview","MISSING","C","completely-empty","dependent-administration","true","[]","[]","[]","[]","{""map_identity_id"":""entity-saint-vincent-and-the-grenadines"",""aliases"":[],""historical_names"":[],""identifiers"":{}}","[""Snapshot context is not observation date or boundary date."",""Map geometry does not establish sovereignty or succession."",""Resolve historical identity before proposing entity-specific facts."",""Existing applicability intervals: []""]","35c5a20cdfaf4e7e7a788fd82d4c2b997e0fe878efe2392487968b8d61b9029f",""
"entity-saint-vincent-and-the-grenadines@1920/overview","entity-saint-vincent-and-the-grenadines@1920","","Saint Vincent and the Grenadines","1920","overview","MISSING","C","completely-empty","dependent-administration","true","[]","[]","[]","[]","{""map_identity_id"":""entity-saint-vincent-and-the-grenadines"",""aliases"":[],""historical_names"":[],""identifiers"":{}}","[""Snapshot context is not observation date or boundary date."",""Map geometry does not establish sovereignty or succession."",""Resolve historical identity before proposing entity-specific facts."",""Existing applicability intervals: []""]","35c5a20cdfaf4e7e7a788fd82d4c2b997e0fe878efe2392487968b8d61b9029f",""
"entity-saint-vincent-and-the-grenadines@1930/overview","entity-saint-vincent-and-the-grenadines@1930","","Saint Vincent and the Grenadines","1930","overview","MISSING","C","completely-empty","dependent-administration","true","[]","[]","[]","[]","{""map_identity_id"":""entity-saint-vincent-and-the-grenadines"",""aliases"":[],""historical_names"":[],""identifiers"":{}}","[""Snapshot context is not observation date or boundary date."",""Map geometry does not establish sovereignty or succession."",""Resolve historical identity before proposing entity-specific facts."",""Existing applicability intervals: []""]","35c5a20cdfaf4e7e7a788fd82d4c2b997e0fe878efe2392487968b8d61b9029f",""
"entity-botswana@1938/overview","entity-botswana@1938","","Botswana","1938","overview","MISSING","C","completely-empty","dependent-administration","true","[]","[]","[]","[]","{""map_identity_id"":""entity-botswana"",""aliases"":[],""historical_names"":[],""identifiers"":{}}","[""Snapshot context is not observation date or boundary date."",""Map geometry does not establish sovereignty or succession."",""Resolve historical identity before proposing entity-specific facts."",""Existing applicability intervals: []""]","35c5a20cdfaf4e7e7a788fd82d4c2b997e0fe878efe2392487968b8d61b9029f",""
"entity-botswana@1945/overview","entity-botswana@1945","","Botswana","1945","overview","MISSING","C","completely-empty","dependent-administration","true","[]","[]","[]","[]","{""map_identity_id"":""entity-botswana"",""aliases"":[],""historical_names"":[],""identifiers"":{}}","[""Snapshot context is not observation date or boundary date."",""Map geometry does not establish sovereignty or succession."",""Resolve historical identity before proposing entity-specific facts."",""Existing applicability intervals: []""]","35c5a20cdfaf4e7e7a788fd82d4c2b997e0fe878efe2392487968b8d61b9029f",""
"entity-botswana@1960/overview","entity-botswana@1960","","Botswana","1960","overview","MISSING","C","completely-empty","dependent-administration","true","[]","[]","[]","[]","{""map_identity_id"":""entity-botswana"",""aliases"":[],""historical_names"":[],""identifiers"":{}}","[""Snapshot context is not observation date or boundary date."",""Map geometry does not establish sovereignty or succession."",""Resolve historical identity before proposing entity-specific facts."",""Existing applicability intervals: []""]","35c5a20cdfaf4e7e7a788fd82d4c2b997e0fe878efe2392487968b8d61b9029f",""
"entity-rwanda@1815/overview","entity-rwanda@1815","","Rwanda","1815","overview","MISSING","C","completely-empty","political-polity","true","[]","[]","[]","[]","{""map_identity_id"":""entity-rwanda"",""aliases"":[],""historical_names"":[],""identifiers"":{}}","[""Snapshot context is not observation date or boundary date."",""Map geometry does not establish sovereignty or succession."",""Resolve historical identity before proposing entity-specific facts."",""Existing applicability intervals: []""]","35c5a20cdfaf4e7e7a788fd82d4c2b997e0fe878efe2392487968b8d61b9029f",""
"entity-rwanda@1878/overview","entity-rwanda@1878","","Rwanda","1878","overview","MISSING","C","completely-empty","political-polity","true","[]","[]","[]","[]","{""map_identity_id"":""entity-rwanda"",""aliases"":[],""historical_names"":[],""identifiers"":{}}","[""Snapshot context is not observation date or boundary date."",""Map geometry does not establish sovereignty or succession."",""Resolve historical identity before proposing entity-specific facts."",""Existing applicability intervals: []""]","35c5a20cdfaf4e7e7a788fd82d4c2b997e0fe878efe2392487968b8d61b9029f",""
"entity-rwanda@1880/overview","entity-rwanda@1880","","Rwanda","1880","overview","MISSING","C","completely-empty","political-polity","true","[]","[]","[]","[]","{""map_identity_id"":""entity-rwanda"",""aliases"":[],""historical_names"":[],""identifiers"":{}}","[""Snapshot context is not observation date or boundary date."",""Map geometry does not establish sovereignty or succession."",""Resolve historical identity before proposing entity-specific facts."",""Existing applicability intervals: []""]","35c5a20cdfaf4e7e7a788fd82d4c2b997e0fe878efe2392487968b8d61b9029f",""
"entity-lesotho@1938/overview","entity-lesotho@1938","","Lesotho","1938","overview","MISSING","C","completely-empty","dependent-administration","true","[]","[]","[]","[]","{""map_identity_id"":""entity-lesotho"",""aliases"":[],""historical_names"":[],""identifiers"":{}}","[""Snapshot context is not observation date or boundary date."",""Map geometry does not establish sovereignty or succession."",""Resolve historical identity before proposing entity-specific facts."",""Existing applicability intervals: []""]","35c5a20cdfaf4e7e7a788fd82d4c2b997e0fe878efe2392487968b8d61b9029f",""
"entity-lesotho@1945/overview","entity-lesotho@1945","","Lesotho","1945","overview","MISSING","C","completely-empty","dependent-administration","true","[]","[]","[]","[]","{""map_identity_id"":""entity-lesotho"",""aliases"":[],""historical_names"":[],""identifiers"":{}}","[""Snapshot context is not observation date or boundary date."",""Map geometry does not establish sovereignty or succession."",""Resolve historical identity before proposing entity-specific facts."",""Existing applicability intervals: []""]","35c5a20cdfaf4e7e7a788fd82d4c2b997e0fe878efe2392487968b8d61b9029f",""
"entity-lesotho@1960/overview","entity-lesotho@1960","","Lesotho","1960","overview","MISSING","C","completely-empty","dependent-administration","true","[]","[]","[]","[]","{""map_identity_id"":""entity-lesotho"",""aliases"":[],""historical_names"":[],""identifiers"":{}}","[""Snapshot context is not observation date or boundary date."",""Map geometry does not establish sovereignty or succession."",""Resolve historical identity before proposing entity-specific facts."",""Existing applicability intervals: []""]","35c5a20cdfaf4e7e7a788fd82d4c2b997e0fe878efe2392487968b8d61b9029f",""
"entity-yemen@1800/overview","entity-yemen@1800","","Yemen","1800","overview","MISSING","C","completely-empty","political-polity","true","[]","[]","[]","[]","{""map_identity_id"":""entity-yemen"",""aliases"":[],""historical_names"":[],""identifiers"":{}}","[""Snapshot context is not observation date or boundary date."",""Map geometry does not establish sovereignty or succession."",""Resolve historical identity before proposing entity-specific facts."",""Existing applicability intervals: []""]","35c5a20cdfaf4e7e7a788fd82d4c2b997e0fe878efe2392487968b8d61b9029f",""
"entity-yemen@1815/overview","entity-yemen@1815","","Yemen","1815","overview","MISSING","C","completely-empty","political-polity","true","[]","[]","[]","[]","{""map_identity_id"":""entity-yemen"",""aliases"":[],""historical_names"":[],""identifiers"":{}}","[""Snapshot context is not observation date or boundary date."",""Map geometry does not establish sovereignty or succession."",""Resolve historical identity before proposing entity-specific facts."",""Existing applicability intervals: []""]","35c5a20cdfaf4e7e7a788fd82d4c2b997e0fe878efe2392487968b8d61b9029f",""
"entity-cambodia@1800/overview","entity-cambodia@1800","","Cambodia","1800","overview","MISSING","C","completely-empty","political-polity","true","[]","[]","[]","[]","{""map_identity_id"":""entity-cambodia"",""aliases"":[],""historical_names"":[],""identifiers"":{}}","[""Snapshot context is not observation date or boundary date."",""Map geometry does not establish sovereignty or succession."",""Resolve historical identity before proposing entity-specific facts."",""Existing applicability intervals: []""]","35c5a20cdfaf4e7e7a788fd82d4c2b997e0fe878efe2392487968b8d61b9029f",""
"entity-cambodia@1815/overview","entity-cambodia@1815","","Cambodia","1815","overview","MISSING","C","completely-empty","political-polity","true","[]","[]","[]","[]","{""map_identity_id"":""entity-cambodia"",""aliases"":[],""historical_names"":[],""identifiers"":{}}","[""Snapshot context is not observation date or boundary date."",""Map geometry does not establish sovereignty or succession."",""Resolve historical identity before proposing entity-specific facts."",""Existing applicability intervals: []""]","35c5a20cdfaf4e7e7a788fd82d4c2b997e0fe878efe2392487968b8d61b9029f",""
"entity-cambodia@1945/overview","entity-cambodia@1945","","Cambodia","1945","overview","MISSING","C","completely-empty","political-polity","true","[]","[]","[]","[]","{""map_identity_id"":""entity-cambodia"",""aliases"":[],""historical_names"":[],""identifiers"":{}}","[""Snapshot context is not observation date or boundary date."",""Map geometry does not establish sovereignty or succession."",""Resolve historical identity before proposing entity-specific facts."",""Existing applicability intervals: []""]","35c5a20cdfaf4e7e7a788fd82d4c2b997e0fe878efe2392487968b8d61b9029f",""
"entity-cambodia@1960/overview","entity-cambodia@1960","","Cambodia","1960","overview","MISSING","C","completely-empty","political-polity","true","[]","[]","[]","[]","{""map_identity_id"":""entity-cambodia"",""aliases"":[],""historical_names"":[],""identifiers"":{}}","[""Snapshot context is not observation date or boundary date."",""Map geometry does not establish sovereignty or succession."",""Resolve historical identity before proposing entity-specific facts."",""Existing applicability intervals: []""]","35c5a20cdfaf4e7e7a788fd82d4c2b997e0fe878efe2392487968b8d61b9029f",""
"entity-oman@1945/overview","entity-oman@1945","","Oman","1945","overview","MISSING","C","held-ambiguous","political-polity","true","[]","[]","[]","[]","{""map_identity_id"":""entity-oman"",""aliases"":[],""historical_names"":[],""identifiers"":{}}","[""Snapshot context is not observation date or boundary date."",""Map geometry does not establish sovereignty or succession."",""Resolve historical identity before proposing entity-specific facts."",""Existing applicability intervals: []""]","35c5a20cdfaf4e7e7a788fd82d4c2b997e0fe878efe2392487968b8d61b9029f",""
"entity-lunda@1878/overview","entity-lunda@1878","","Lunda","1878","overview","MISSING","C","completely-empty","political-polity","true","[]","[]","[]","[]","{""map_identity_id"":""entity-lunda"",""aliases"":[],""historical_names"":[],""identifiers"":{}}","[""Snapshot context is not observation date or boundary date."",""Map geometry does not establish sovereignty or succession."",""Resolve historical identity before proposing entity-specific facts."",""Existing applicability intervals: []""]","35c5a20cdfaf4e7e7a788fd82d4c2b997e0fe878efe2392487968b8d61b9029f",""
"entity-lunda@1880/overview","entity-lunda@1880","","Lunda","1880","overview","MISSING","C","completely-empty","political-polity","true","[]","[]","[]","[]","{""map_identity_id"":""entity-lunda"",""aliases"":[],""historical_names"":[],""identifiers"":{}}","[""Snapshot context is not observation date or boundary date."",""Map geometry does not establish sovereignty or succession."",""Resolve historical identity before proposing entity-specific facts."",""Existing applicability intervals: []""]","35c5a20cdfaf4e7e7a788fd82d4c2b997e0fe878efe2392487968b8d61b9029f",""
"entity-lunda@1900/overview","entity-lunda@1900","","Lunda","1900","overview","MISSING","C","completely-empty","political-polity","true","[]","[]","[]","[]","{""map_identity_id"":""entity-lunda"",""aliases"":[],""historical_names"":[],""identifiers"":{}}","[""Snapshot context is not observation date or boundary date."",""Map geometry does not establish sovereignty or succession."",""Resolve historical identity before proposing entity-specific facts."",""Existing applicability intervals: []""]","35c5a20cdfaf4e7e7a788fd82d4c2b997e0fe878efe2392487968b8d61b9029f",""
"entity-oyo@1878/overview","entity-oyo@1878","","Oyo","1878","overview","MISSING","C","held-ambiguous","political-polity","true","[]","[]","[]","[]","{""map_identity_id"":""entity-oyo"",""aliases"":[],""historical_names"":[],""identifiers"":{}}","[""Snapshot context is not observation date or boundary date."",""Map geometry does not establish sovereignty or succession."",""Resolve historical identity before proposing entity-specific facts."",""Existing applicability intervals: []""]","35c5a20cdfaf4e7e7a788fd82d4c2b997e0fe878efe2392487968b8d61b9029f",""
"entity-oyo@1880/overview","entity-oyo@1880","","Oyo","1880","overview","MISSING","C","held-ambiguous","political-polity","true","[]","[]","[]","[]","{""map_identity_id"":""entity-oyo"",""aliases"":[],""historical_names"":[],""identifiers"":{}}","[""Snapshot context is not observation date or boundary date."",""Map geometry does not establish sovereignty or succession."",""Resolve historical identity before proposing entity-specific facts."",""Existing applicability intervals: []""]","35c5a20cdfaf4e7e7a788fd82d4c2b997e0fe878efe2392487968b8d61b9029f",""
"entity-oyo@1900/overview","entity-oyo@1900","","Oyo","1900","overview","MISSING","C","held-ambiguous","political-polity","true","[]","[]","[]","[]","{""map_identity_id"":""entity-oyo"",""aliases"":[],""historical_names"":[],""identifiers"":{}}","[""Snapshot context is not observation date or boundary date."",""Map geometry does not establish sovereignty or succession."",""Resolve historical identity before proposing entity-specific facts."",""Existing applicability intervals: []""]","35c5a20cdfaf4e7e7a788fd82d4c2b997e0fe878efe2392487968b8d61b9029f",""
"entity-gabon@1878/overview","entity-gabon@1878","","Gabon","1878","overview","MISSING","C","completely-empty","dependent-administration","true","[]","[]","[]","[]","{""map_identity_id"":""entity-gabon"",""aliases"":[],""historical_names"":[],""identifiers"":{}}","[""Snapshot context is not observation date or boundary date."",""Map geometry does not establish sovereignty or succession."",""Resolve historical identity before proposing entity-specific facts."",""Existing applicability intervals: []""]","35c5a20cdfaf4e7e7a788fd82d4c2b997e0fe878efe2392487968b8d61b9029f",""
"entity-gabon@1880/overview","entity-gabon@1880","","Gabon","1880","overview","MISSING","C","completely-empty","dependent-administration","true","[]","[]","[]","[]","{""map_identity_id"":""entity-gabon"",""aliases"":[],""historical_names"":[],""identifiers"":{}}","[""Snapshot context is not observation date or boundary date."",""Map geometry does not establish sovereignty or succession."",""Resolve historical identity before proposing entity-specific facts."",""Existing applicability intervals: []""]","35c5a20cdfaf4e7e7a788fd82d4c2b997e0fe878efe2392487968b8d61b9029f",""
"entity-gabon@1900/overview","entity-gabon@1900","","Gabon","1900","overview","MISSING","C","completely-empty","dependent-administration","true","[]","[]","[]","[]","{""map_identity_id"":""entity-gabon"",""aliases"":[],""historical_names"":[],""identifiers"":{}}","[""Snapshot context is not observation date or boundary date."",""Map geometry does not establish sovereignty or succession."",""Resolve historical identity before proposing entity-specific facts."",""Existing applicability intervals: []""]","35c5a20cdfaf4e7e7a788fd82d4c2b997e0fe878efe2392487968b8d61b9029f",""
"entity-gabon@1960/overview","entity-gabon@1960","","Gabon","1960","overview","MISSING","C","held-ambiguous","dependent-administration","true","[]","[]","[]","[]","{""map_identity_id"":""entity-gabon"",""aliases"":[],""historical_names"":[],""identifiers"":{}}","[""Snapshot context is not observation date or boundary date."",""Map geometry does not establish sovereignty or succession."",""Resolve historical identity before proposing entity-specific facts."",""Existing applicability intervals: []""]","35c5a20cdfaf4e7e7a788fd82d4c2b997e0fe878efe2392487968b8d61b9029f",""
"entity-suriname@1938/overview","entity-suriname@1938","","Suriname","1938","overview","MISSING","C","completely-empty","dependent-administration","true","[]","[]","[]","[]","{""map_identity_id"":""entity-suriname"",""aliases"":[],""historical_names"":[],""identifiers"":{}}","[""Snapshot context is not observation date or boundary date."",""Map geometry does not establish sovereignty or succession."",""Resolve historical identity before proposing entity-specific facts."",""Existing applicability intervals: []""]","35c5a20cdfaf4e7e7a788fd82d4c2b997e0fe878efe2392487968b8d61b9029f",""
"entity-suriname@1945/overview","entity-suriname@1945","","Suriname","1945","overview","MISSING","C","completely-empty","dependent-administration","true","[]","[]","[]","[]","{""map_identity_id"":""entity-suriname"",""aliases"":[],""historical_names"":[],""identifiers"":{}}","[""Snapshot context is not observation date or boundary date."",""Map geometry does not establish sovereignty or succession."",""Resolve historical identity before proposing entity-specific facts."",""Existing applicability intervals: []""]","35c5a20cdfaf4e7e7a788fd82d4c2b997e0fe878efe2392487968b8d61b9029f",""
"entity-trinidad@1945/overview","entity-trinidad@1945","","Trinidad","1945","overview","MISSING","C","completely-empty","dependent-administration","true","[]","[]","[]","[]","{""map_identity_id"":""entity-trinidad"",""aliases"":[],""historical_names"":[],""identifiers"":{}}","[""Snapshot context is not observation date or boundary date."",""Map geometry does not establish sovereignty or succession."",""Resolve historical identity before proposing entity-specific facts."",""Existing applicability intervals: []""]","35c5a20cdfaf4e7e7a788fd82d4c2b997e0fe878efe2392487968b8d61b9029f",""
"entity-trinidad@1960/overview","entity-trinidad@1960","","Trinidad","1960","overview","MISSING","C","completely-empty","dependent-administration","true","[]","[]","[]","[]","{""map_identity_id"":""entity-trinidad"",""aliases"":[],""historical_names"":[],""identifiers"":{}}","[""Snapshot context is not observation date or boundary date."",""Map geometry does not establish sovereignty or succession."",""Resolve historical identity before proposing entity-specific facts."",""Existing applicability intervals: []""]","35c5a20cdfaf4e7e7a788fd82d4c2b997e0fe878efe2392487968b8d61b9029f",""
"entity-senegal@1800/overview","entity-senegal@1800","","Senegal","1800","overview","MISSING","C","held-ambiguous","dependent-administration","true","[]","[]","[]","[]","{""map_identity_id"":""entity-senegal"",""aliases"":[],""historical_names"":[],""identifiers"":{}}","[""Snapshot context is not observation date or boundary date."",""Map geometry does not establish sovereignty or succession."",""Resolve historical identity before proposing entity-specific facts."",""Existing applicability intervals: []""]","35c5a20cdfaf4e7e7a788fd82d4c2b997e0fe878efe2392487968b8d61b9029f",""
"entity-senegal@1815/overview","entity-senegal@1815","","Senegal","1815","overview","MISSING","C","held-ambiguous","dependent-administration","true","[]","[]","[]","[]","{""map_identity_id"":""entity-senegal"",""aliases"":[],""historical_names"":[],""identifiers"":{}}","[""Snapshot context is not observation date or boundary date."",""Map geometry does not establish sovereignty or succession."",""Resolve historical identity before proposing entity-specific facts."",""Existing applicability intervals: []""]","35c5a20cdfaf4e7e7a788fd82d4c2b997e0fe878efe2392487968b8d61b9029f",""
"entity-senegal@1960/overview","entity-senegal@1960","senegal-1960-parliamentary-core","Senegal —1960 parliamentary republic","1960","overview","MISSING","C","held-ambiguous","dependent-administration","false","[]","[]","[]","[]","{""map_identity_id"":""entity-senegal"",""aliases"":[],""historical_names"":[{""value"":""Senegal —1960 parliamentary republic"",""kind"":""primary"",""validFrom"":""1960-09-01"",""validUntil"":""1961-01-01""}],""identifiers"":{}}","[""Snapshot context is not observation date or boundary date."",""Map geometry does not establish sovereignty or succession."",""Existing applicability intervals: []""]","35c5a20cdfaf4e7e7a788fd82d4c2b997e0fe878efe2392487968b8d61b9029f",""
"entity-luxembourg@1800/overview","entity-luxembourg@1800","","Luxembourg","1800","overview","MISSING","C","completely-empty","political-polity","true","[]","[]","[]","[]","{""map_identity_id"":""entity-luxembourg"",""aliases"":[],""historical_names"":[],""identifiers"":{}}","[""Snapshot context is not observation date or boundary date."",""Map geometry does not establish sovereignty or succession."",""Resolve historical identity before proposing entity-specific facts."",""Existing applicability intervals: []""]","35c5a20cdfaf4e7e7a788fd82d4c2b997e0fe878efe2392487968b8d61b9029f",""
"entity-luxembourg@1815/overview","entity-luxembourg@1815","luxembourg-grand-duchy","Grand Duchy of Luxembourg","1815","overview","PARTIAL","C","partially-supported","political-polity","false","[""The Vienna settlement created the grand duchy in 1815 in personal union with the Dutch monarchy. The partition of 1839 and later constitutional development changed its circumstances. When Willem III died in 1890, Adolphe succeeded in Luxembourg, ending the personal union with the Netherlands.""]","[]","[]","[]","{""map_identity_id"":""entity-luxembourg"",""aliases"":[],""historical_names"":[{""value"":""Grand Duchy of Luxembourg"",""kind"":""primary"",""validFrom"":""1815""}],""identifiers"":{}}","[""Snapshot context is not observation date or boundary date."",""Map geometry does not establish sovereignty or succession."",""Existing applicability intervals: [{\""kind\"":\""interval\"",\""from\"":\""1815\"",\""until\"":\""1890-11-23\""}]""]","35c5a20cdfaf4e7e7a788fd82d4c2b997e0fe878efe2392487968b8d61b9029f",""
"entity-grenada@1815/overview","entity-grenada@1815","","Grenada","1815","overview","MISSING","C","completely-empty","dependent-administration","true","[]","[]","[]","[]","{""map_identity_id"":""entity-grenada"",""aliases"":[],""historical_names"":[],""identifiers"":{}}","[""Snapshot context is not observation date or boundary date."",""Map geometry does not establish sovereignty or succession."",""Resolve historical identity before proposing entity-specific facts."",""Existing applicability intervals: []""]","35c5a20cdfaf4e7e7a788fd82d4c2b997e0fe878efe2392487968b8d61b9029f",""
"entity-ivory-coast@1878/overview","entity-ivory-coast@1878","","Ivory Coast","1878","overview","MISSING","C","held-ambiguous","dependent-administration","true","[]","[]","[]","[]","{""map_identity_id"":""entity-ivory-coast"",""aliases"":[],""historical_names"":[],""identifiers"":{}}","[""Snapshot context is not observation date or boundary date."",""Map geometry does not establish sovereignty or succession."",""Resolve historical identity before proposing entity-specific facts."",""Existing applicability intervals: []""]","35c5a20cdfaf4e7e7a788fd82d4c2b997e0fe878efe2392487968b8d61b9029f",""
"entity-ivory-coast@1880/overview","entity-ivory-coast@1880","","Ivory Coast","1880","overview","MISSING","C","held-ambiguous","dependent-administration","true","[]","[]","[]","[]","{""map_identity_id"":""entity-ivory-coast"",""aliases"":[],""historical_names"":[],""identifiers"":{}}","[""Snapshot context is not observation date or boundary date."",""Map geometry does not establish sovereignty or succession."",""Resolve historical identity before proposing entity-specific facts."",""Existing applicability intervals: []""]","35c5a20cdfaf4e7e7a788fd82d4c2b997e0fe878efe2392487968b8d61b9029f",""
"entity-ivory-coast@1960/overview","entity-ivory-coast@1960","ivory-coast-1960-independent-core","Ivory Coast — independent republic in 1960","1960","overview","MISSING","C","held-ambiguous","dependent-administration","false","[]","[]","[]","[]","{""map_identity_id"":""entity-ivory-coast"",""aliases"":[],""historical_names"":[{""value"":""Ivory Coast — independent republic in 1960"",""kind"":""primary"",""validFrom"":""1960-08-07"",""validUntil"":""1960-08-08""}],""identifiers"":{}}","[""Snapshot context is not observation date or boundary date."",""Map geometry does not establish sovereignty or succession."",""Existing applicability intervals: []""]","35c5a20cdfaf4e7e7a788fd82d4c2b997e0fe878efe2392487968b8d61b9029f",""
"entity-armenia@1914/overview","entity-armenia@1914","","Armenia","1914","overview","MISSING","C","completely-empty","political-polity","true","[]","[]","[]","[]","{""map_identity_id"":""entity-armenia"",""aliases"":[],""historical_names"":[],""identifiers"":{}}","[""Snapshot context is not observation date or boundary date."",""Map geometry does not establish sovereignty or succession."",""Resolve historical identity before proposing entity-specific facts."",""Existing applicability intervals: []""]","35c5a20cdfaf4e7e7a788fd82d4c2b997e0fe878efe2392487968b8d61b9029f",""
"entity-armenia@1920/overview","entity-armenia@1920","armenian-first-republic-parliamentary-framework","Republic of Armenia — parliamentary framework","1920","overview","PARTIAL","C","partially-supported","political-polity","false","[""Recognition did not settle frontiers. Parliamentary institutions existed before the December 1920 Soviet agreement; Soviet republic membership is not projected into 1914.""]","[]","[]","[]","{""map_identity_id"":""entity-armenia"",""aliases"":[],""historical_names"":[{""value"":""Republic of Armenia — parliamentary framework"",""kind"":""primary"",""validFrom"":""1918-08-01"",""validUntil"":""1920-12-02""}],""identifiers"":{}}","[""Snapshot context is not observation date or boundary date."",""Map geometry does not establish sovereignty or succession."",""Existing applicability intervals: [{\""kind\"":\""interval\"",\""from\"":\""1918-08-01\"",\""until\"":\""1920-12-02\""}]""]","35c5a20cdfaf4e7e7a788fd82d4c2b997e0fe878efe2392487968b8d61b9029f",""
"entity-armenia@1930/overview","entity-armenia@1930","","Armenia","1930","overview","MISSING","C","completely-empty","political-polity","true","[]","[]","[]","[]","{""map_identity_id"":""entity-armenia"",""aliases"":[],""historical_names"":[],""identifiers"":{}}","[""Snapshot context is not observation date or boundary date."",""Map geometry does not establish sovereignty or succession."",""Resolve historical identity before proposing entity-specific facts."",""Existing applicability intervals: []""]","35c5a20cdfaf4e7e7a788fd82d4c2b997e0fe878efe2392487968b8d61b9029f",""
"entity-armenia@1938/overview","entity-armenia@1938","","Armenia","1938","overview","MISSING","C","completely-empty","political-polity","true","[]","[]","[]","[]","{""map_identity_id"":""entity-armenia"",""aliases"":[],""historical_names"":[],""identifiers"":{}}","[""Snapshot context is not observation date or boundary date."",""Map geometry does not establish sovereignty or succession."",""Resolve historical identity before proposing entity-specific facts."",""Existing applicability intervals: []""]","35c5a20cdfaf4e7e7a788fd82d4c2b997e0fe878efe2392487968b8d61b9029f",""
"entity-benin@1945/overview","entity-benin@1945","","Benin","1945","overview","MISSING","C","held-ambiguous","political-polity","true","[]","[]","[]","[]","{""map_identity_id"":""entity-benin"",""aliases"":[],""historical_names"":[],""identifiers"":{}}","[""Snapshot context is not observation date or boundary date."",""Map geometry does not establish sovereignty or succession."",""Resolve historical identity before proposing entity-specific facts."",""Existing applicability intervals: []""]","35c5a20cdfaf4e7e7a788fd82d4c2b997e0fe878efe2392487968b8d61b9029f",""
"entity-benin@1960/overview","entity-benin@1960","","Benin","1960","overview","MISSING","C","held-ambiguous","political-polity","true","[]","[]","[]","[]","{""map_identity_id"":""entity-benin"",""aliases"":[],""historical_names"":[],""identifiers"":{}}","[""Snapshot context is not observation date or boundary date."",""Map geometry does not establish sovereignty or succession."",""Resolve historical identity before proposing entity-specific facts."",""Existing applicability intervals: []""]","35c5a20cdfaf4e7e7a788fd82d4c2b997e0fe878efe2392487968b8d61b9029f",""
"entity-montenegro@1878/overview","entity-montenegro@1878","montenegrin-berlin-recognition-framework","Montenegro — Berlin recognition framework","1878","overview","PARTIAL","C","partially-supported","political-polity","false","[""The Berlin settlement recognized Montenegro’s independence. Named monarchy, offices, currency and governmental seat require further evidence; the later kingdom is not assumed.""]","[]","[]","[]","{""map_identity_id"":""entity-montenegro"",""aliases"":[],""historical_names"":[{""value"":""Montenegro — Berlin recognition framework"",""kind"":""primary"",""validFrom"":""1878-07-13"",""validUntil"":""1879-01-01""}],""identifiers"":{}}","[""Snapshot context is not observation date or boundary date."",""Map geometry does not establish sovereignty or succession."",""Existing applicability intervals: [{\""kind\"":\""interval\"",\""from\"":\""1878-07-13\"",\""until\"":\""1879-01-01\""}]""]","35c5a20cdfaf4e7e7a788fd82d4c2b997e0fe878efe2392487968b8d61b9029f",""
"entity-montenegro@1880/overview","entity-montenegro@1880","","Montenegro","1880","overview","MISSING","C","completely-empty","political-polity","true","[]","[]","[]","[]","{""map_identity_id"":""entity-montenegro"",""aliases"":[],""historical_names"":[],""identifiers"":{}}","[""Snapshot context is not observation date or boundary date."",""Map geometry does not establish sovereignty or succession."",""Resolve historical identity before proposing entity-specific facts."",""Existing applicability intervals: []""]","35c5a20cdfaf4e7e7a788fd82d4c2b997e0fe878efe2392487968b8d61b9029f",""
"entity-montenegro@1900/overview","entity-montenegro@1900","","Montenegro","1900","overview","MISSING","C","completely-empty","political-polity","true","[]","[]","[]","[]","{""map_identity_id"":""entity-montenegro"",""aliases"":[],""historical_names"":[],""identifiers"":{}}","[""Snapshot context is not observation date or boundary date."",""Map geometry does not establish sovereignty or succession."",""Resolve historical identity before proposing entity-specific facts."",""Existing applicability intervals: []""]","35c5a20cdfaf4e7e7a788fd82d4c2b997e0fe878efe2392487968b8d61b9029f",""
"entity-montenegro@1914/overview","entity-montenegro@1914","","Montenegro","1914","overview","MISSING","C","completely-empty","political-polity","true","[]","[]","[]","[]","{""map_identity_id"":""entity-montenegro"",""aliases"":[],""historical_names"":[],""identifiers"":{}}","[""Snapshot context is not observation date or boundary date."",""Map geometry does not establish sovereignty or succession."",""Resolve historical identity before proposing entity-specific facts."",""Existing applicability intervals: []""]","35c5a20cdfaf4e7e7a788fd82d4c2b997e0fe878efe2392487968b8d61b9029f",""
"entity-luba@1878/overview","entity-luba@1878","","Luba","1878","overview","MISSING","C","completely-empty","political-polity","true","[]","[]","[]","[]","{""map_identity_id"":""entity-luba"",""aliases"":[],""historical_names"":[],""identifiers"":{}}","[""Snapshot context is not observation date or boundary date."",""Map geometry does not establish sovereignty or succession."",""Resolve historical identity before proposing entity-specific facts."",""Existing applicability intervals: []""]","35c5a20cdfaf4e7e7a788fd82d4c2b997e0fe878efe2392487968b8d61b9029f",""
"entity-luba@1880/overview","entity-luba@1880","","Luba","1880","overview","MISSING","C","completely-empty","political-polity","true","[]","[]","[]","[]","{""map_identity_id"":""entity-luba"",""aliases"":[],""historical_names"":[],""identifiers"":{}}","[""Snapshot context is not observation date or boundary date."",""Map geometry does not establish sovereignty or succession."",""Resolve historical identity before proposing entity-specific facts."",""Existing applicability intervals: []""]","35c5a20cdfaf4e7e7a788fd82d4c2b997e0fe878efe2392487968b8d61b9029f",""
"entity-luba@1900/overview","entity-luba@1900","","Luba","1900","overview","MISSING","C","completely-empty","political-polity","true","[]","[]","[]","[]","{""map_identity_id"":""entity-luba"",""aliases"":[],""historical_names"":[],""identifiers"":{}}","[""Snapshot context is not observation date or boundary date."",""Map geometry does not establish sovereignty or succession."",""Resolve historical identity before proposing entity-specific facts."",""Existing applicability intervals: []""]","35c5a20cdfaf4e7e7a788fd82d4c2b997e0fe878efe2392487968b8d61b9029f",""
"entity-laos@1800/overview","entity-laos@1800","","Laos","1800","overview","MISSING","C","completely-empty","political-polity","true","[]","[]","[]","[]","{""map_identity_id"":""entity-laos"",""aliases"":[],""historical_names"":[],""identifiers"":{}}","[""Snapshot context is not observation date or boundary date."",""Map geometry does not establish sovereignty or succession."",""Resolve historical identity before proposing entity-specific facts."",""Existing applicability intervals: []""]","35c5a20cdfaf4e7e7a788fd82d4c2b997e0fe878efe2392487968b8d61b9029f",""
"entity-laos@1945/overview","entity-laos@1945","","Laos","1945","overview","MISSING","C","completely-empty","political-polity","true","[]","[]","[]","[]","{""map_identity_id"":""entity-laos"",""aliases"":[],""historical_names"":[],""identifiers"":{}}","[""Snapshot context is not observation date or boundary date."",""Map geometry does not establish sovereignty or succession."",""Resolve historical identity before proposing entity-specific facts."",""Existing applicability intervals: []""]","35c5a20cdfaf4e7e7a788fd82d4c2b997e0fe878efe2392487968b8d61b9029f",""
"entity-laos@1960/overview","entity-laos@1960","","Laos","1960","overview","MISSING","C","completely-empty","political-polity","true","[]","[]","[]","[]","{""map_identity_id"":""entity-laos"",""aliases"":[],""historical_names"":[],""identifiers"":{}}","[""Snapshot context is not observation date or boundary date."",""Map geometry does not establish sovereignty or succession."",""Resolve historical identity before proposing entity-specific facts."",""Existing applicability intervals: []""]","35c5a20cdfaf4e7e7a788fd82d4c2b997e0fe878efe2392487968b8d61b9029f",""
"entity-kanem-bornu@1900/overview","entity-kanem-bornu@1900","","Kanem-Bornu","1900","overview","MISSING","C","completely-empty","political-polity","true","[]","[]","[]","[]","{""map_identity_id"":""entity-kanem-bornu"",""aliases"":[],""historical_names"":[],""identifiers"":{}}","[""Snapshot context is not observation date or boundary date."",""Map geometry does not establish sovereignty or succession."",""Resolve historical identity before proposing entity-specific facts."",""Existing applicability intervals: []""]","35c5a20cdfaf4e7e7a788fd82d4c2b997e0fe878efe2392487968b8d61b9029f",""
"entity-eritrea@1930/overview","entity-eritrea@1930","","Eritrea","1930","overview","MISSING","C","completely-empty","dependent-administration","true","[]","[]","[]","[]","{""map_identity_id"":""entity-eritrea"",""aliases"":[],""historical_names"":[],""identifiers"":{}}","[""Snapshot context is not observation date or boundary date."",""Map geometry does not establish sovereignty or succession."",""Resolve historical identity before proposing entity-specific facts."",""Existing applicability intervals: []""]","35c5a20cdfaf4e7e7a788fd82d4c2b997e0fe878efe2392487968b8d61b9029f",""
"entity-albania@1914/overview","entity-albania@1914","","Albania","1914","overview","MISSING","C","completely-empty","political-polity","true","[]","[]","[]","[]","{""map_identity_id"":""entity-albania"",""aliases"":[],""historical_names"":[],""identifiers"":{}}","[""Snapshot context is not observation date or boundary date."",""Map geometry does not establish sovereignty or succession."",""Resolve historical identity before proposing entity-specific facts."",""Existing applicability intervals: []""]","35c5a20cdfaf4e7e7a788fd82d4c2b997e0fe878efe2392487968b8d61b9029f",""
"entity-albania@1920/overview","entity-albania@1920","albanian-national-council-1920-framework","Albanian State — National Council framework","1920","overview","PARTIAL","C","partially-supported","political-polity","false","[""The Council’s short legislative tenure differs from the 1914 Organic Statute and later Zogu institutions. The beginning of Council activity is not the date of the Lushnja Congress.""]","[]","[]","[]","{""map_identity_id"":""entity-albania"",""aliases"":[],""historical_names"":[{""value"":""Albanian State — National Council framework"",""kind"":""primary"",""validFrom"":""1920-03-27"",""validUntil"":""1920-12-20""}],""identifiers"":{}}","[""Snapshot context is not observation date or boundary date."",""Map geometry does not establish sovereignty or succession."",""Existing applicability intervals: [{\""kind\"":\""interval\"",\""from\"":\""1920-03-27\"",\""until\"":\""1920-12-20\""}]""]","35c5a20cdfaf4e7e7a788fd82d4c2b997e0fe878efe2392487968b8d61b9029f",""
"entity-albania@1945/overview","entity-albania@1945","","Albania","1945","overview","MISSING","C","completely-empty","political-polity","true","[]","[]","[]","[]","{""map_identity_id"":""entity-albania"",""aliases"":[],""historical_names"":[],""identifiers"":{}}","[""Snapshot context is not observation date or boundary date."",""Map geometry does not establish sovereignty or succession."",""Resolve historical identity before proposing entity-specific facts."",""Existing applicability intervals: []""]","35c5a20cdfaf4e7e7a788fd82d4c2b997e0fe878efe2392487968b8d61b9029f",""
"entity-turks-and-caicos-islands@1800/overview","entity-turks-and-caicos-islands@1800","","Turks and Caicos Islands","1800","overview","MISSING","C","completely-empty","dependent-administration","true","[]","[]","[]","[]","{""map_identity_id"":""entity-turks-and-caicos-islands"",""aliases"":[],""historical_names"":[],""identifiers"":{}}","[""Snapshot context is not observation date or boundary date."",""Map geometry does not establish sovereignty or succession."",""Resolve historical identity before proposing entity-specific facts."",""Existing applicability intervals: []""]","35c5a20cdfaf4e7e7a788fd82d4c2b997e0fe878efe2392487968b8d61b9029f",""
"entity-turks-and-caicos-islands@1960/overview","entity-turks-and-caicos-islands@1960","","Turks and Caicos Islands","1960","overview","MISSING","C","completely-empty","dependent-administration","true","[]","[]","[]","[]","{""map_identity_id"":""entity-turks-and-caicos-islands"",""aliases"":[],""historical_names"":[],""identifiers"":{}}","[""Snapshot context is not observation date or boundary date."",""Map geometry does not establish sovereignty or succession."",""Resolve historical identity before proposing entity-specific facts."",""Existing applicability intervals: []""]","35c5a20cdfaf4e7e7a788fd82d4c2b997e0fe878efe2392487968b8d61b9029f",""
"entity-kenya@1920/overview","entity-kenya@1920","","Kenya","1920","overview","MISSING","C","completely-empty","dependent-administration","true","[]","[]","[]","[]","{""map_identity_id"":""entity-kenya"",""aliases"":[],""historical_names"":[],""identifiers"":{}}","[""Snapshot context is not observation date or boundary date."",""Map geometry does not establish sovereignty or succession."",""Resolve historical identity before proposing entity-specific facts."",""Existing applicability intervals: []""]","35c5a20cdfaf4e7e7a788fd82d4c2b997e0fe878efe2392487968b8d61b9029f",""
"entity-tukular-caliphate@1878/overview","entity-tukular-caliphate@1878","","Tukular Caliphate","1878","overview","MISSING","C","held-ambiguous","political-polity","true","[]","[]","[]","[]","{""map_identity_id"":""entity-tukular-caliphate"",""aliases"":[],""historical_names"":[],""identifiers"":{}}","[""Snapshot context is not observation date or boundary date."",""Map geometry does not establish sovereignty or succession."",""Resolve historical identity before proposing entity-specific facts."",""Existing applicability intervals: []""]","35c5a20cdfaf4e7e7a788fd82d4c2b997e0fe878efe2392487968b8d61b9029f",""
"entity-tukular-caliphate@1880/overview","entity-tukular-caliphate@1880","","Tukular Caliphate","1880","overview","MISSING","C","held-ambiguous","political-polity","true","[]","[]","[]","[]","{""map_identity_id"":""entity-tukular-caliphate"",""aliases"":[],""historical_names"":[],""identifiers"":{}}","[""Snapshot context is not observation date or boundary date."",""Map geometry does not establish sovereignty or succession."",""Resolve historical identity before proposing entity-specific facts."",""Existing applicability intervals: []""]","35c5a20cdfaf4e7e7a788fd82d4c2b997e0fe878efe2392487968b8d61b9029f",""
"entity-tukular-caliphate@1900/overview","entity-tukular-caliphate@1900","","Tukular Caliphate","1900","overview","MISSING","C","held-ambiguous","political-polity","true","[]","[]","[]","[]","{""map_identity_id"":""entity-tukular-caliphate"",""aliases"":[],""historical_names"":[],""identifiers"":{}}","[""Snapshot context is not observation date or boundary date."",""Map geometry does not establish sovereignty or succession."",""Resolve historical identity before proposing entity-specific facts."",""Existing applicability intervals: []""]","35c5a20cdfaf4e7e7a788fd82d4c2b997e0fe878efe2392487968b8d61b9029f",""
"entity-sultanate-of-utetera@1878/overview","entity-sultanate-of-utetera@1878","","Sultanate of Utetera","1878","overview","MISSING","C","held-ambiguous","political-polity","true","[]","[]","[]","[]","{""map_identity_id"":""entity-sultanate-of-utetera"",""aliases"":[],""historical_names"":[],""identifiers"":{}}","[""Snapshot context is not observation date or boundary date."",""Map geometry does not establish sovereignty or succession."",""Resolve historical identity before proposing entity-specific facts."",""Existing applicability intervals: []""]","35c5a20cdfaf4e7e7a788fd82d4c2b997e0fe878efe2392487968b8d61b9029f",""
"entity-sultanate-of-utetera@1880/overview","entity-sultanate-of-utetera@1880","","Sultanate of Utetera","1880","overview","MISSING","C","held-ambiguous","political-polity","true","[]","[]","[]","[]","{""map_identity_id"":""entity-sultanate-of-utetera"",""aliases"":[],""historical_names"":[],""identifiers"":{}}","[""Snapshot context is not observation date or boundary date."",""Map geometry does not establish sovereignty or succession."",""Resolve historical identity before proposing entity-specific facts."",""Existing applicability intervals: []""]","35c5a20cdfaf4e7e7a788fd82d4c2b997e0fe878efe2392487968b8d61b9029f",""
"entity-sultanate-of-utetera@1900/overview","entity-sultanate-of-utetera@1900","","Sultanate of Utetera","1900","overview","MISSING","C","held-ambiguous","political-polity","true","[]","[]","[]","[]","{""map_identity_id"":""entity-sultanate-of-utetera"",""aliases"":[],""historical_names"":[],""identifiers"":{}}","[""Snapshot context is not observation date or boundary date."",""Map geometry does not establish sovereignty or succession."",""Resolve historical identity before proposing entity-specific facts."",""Existing applicability intervals: []""]","35c5a20cdfaf4e7e7a788fd82d4c2b997e0fe878efe2392487968b8d61b9029f",""
"entity-togo@1920/overview","entity-togo@1920","togo-1920-occupation-core","Togo — French occupation administration in 1920","1920","overview","PARTIAL","C","partially-supported","dependent-administration","false","[""September 1920 territorial transfer preceded legal 1922 mandate; coverage begins conservatively inOctober. British zone excluded.""]","[]","[]","[]","{""map_identity_id"":""entity-togo"",""aliases"":[],""historical_names"":[{""value"":""Togo — French occupation administration in 1920"",""kind"":""primary"",""validFrom"":""1920-10-01"",""validUntil"":""1921-01-01""}],""identifiers"":{}}","[""Snapshot context is not observation date or boundary date."",""Map geometry does not establish sovereignty or succession."",""Existing applicability intervals: [{\""kind\"":\""interval\"",\""from\"":\""1920-10-01\"",\""until\"":\""1921-01-01\""}]""]","35c5a20cdfaf4e7e7a788fd82d4c2b997e0fe878efe2392487968b8d61b9029f",""
"entity-togo@1960/overview","entity-togo@1960","togo-1960-independent-core","Togo — independent republic in 1960","1960","overview","PARTIAL","C","partially-supported","dependent-administration","false","[""Narrow 1960 core avoids retrojecting 1961 presidential constitution.""]","[]","[]","[]","{""map_identity_id"":""entity-togo"",""aliases"":[],""historical_names"":[{""value"":""Togo — independent republic in 1960"",""kind"":""primary"",""validFrom"":""1960-04-27"",""validUntil"":""1961-01-01""}],""identifiers"":{}}","[""Snapshot context is not observation date or boundary date."",""Map geometry does not establish sovereignty or succession."",""Existing applicability intervals: [{\""kind\"":\""interval\"",\""from\"":\""1960-04-27\"",\""until\"":\""1961-01-01\""}]""]","35c5a20cdfaf4e7e7a788fd82d4c2b997e0fe878efe2392487968b8d61b9029f",""
"entity-futa-toro@1878/overview","entity-futa-toro@1878","","Futa Toro","1878","overview","MISSING","C","held-ambiguous","political-polity","true","[]","[]","[]","[]","{""map_identity_id"":""entity-futa-toro"",""aliases"":[],""historical_names"":[],""identifiers"":{}}","[""Snapshot context is not observation date or boundary date."",""Map geometry does not establish sovereignty or succession."",""Resolve historical identity before proposing entity-specific facts."",""Existing applicability intervals: []""]","35c5a20cdfaf4e7e7a788fd82d4c2b997e0fe878efe2392487968b8d61b9029f",""
"entity-futa-toro@1880/overview","entity-futa-toro@1880","","Futa Toro","1880","overview","MISSING","C","held-ambiguous","political-polity","true","[]","[]","[]","[]","{""map_identity_id"":""entity-futa-toro"",""aliases"":[],""historical_names"":[],""identifiers"":{}}","[""Snapshot context is not observation date or boundary date."",""Map geometry does not establish sovereignty or succession."",""Resolve historical identity before proposing entity-specific facts."",""Existing applicability intervals: []""]","35c5a20cdfaf4e7e7a788fd82d4c2b997e0fe878efe2392487968b8d61b9029f",""
"entity-futa-toro@1900/overview","entity-futa-toro@1900","","Futa Toro","1900","overview","MISSING","C","held-ambiguous","political-polity","true","[]","[]","[]","[]","{""map_identity_id"":""entity-futa-toro"",""aliases"":[],""historical_names"":[],""identifiers"":{}}","[""Snapshot context is not observation date or boundary date."",""Map geometry does not establish sovereignty or succession."",""Resolve historical identity before proposing entity-specific facts."",""Existing applicability intervals: []""]","35c5a20cdfaf4e7e7a788fd82d4c2b997e0fe878efe2392487968b8d61b9029f",""
"entity-martinique@1815/overview","entity-martinique@1815","","Martinique","1815","overview","MISSING","C","completely-empty","dependent-administration","true","[]","[]","[]","[]","{""map_identity_id"":""entity-martinique"",""aliases"":[],""historical_names"":[],""identifiers"":{}}","[""Snapshot context is not observation date or boundary date."",""Map geometry does not establish sovereignty or succession."",""Resolve historical identity before proposing entity-specific facts."",""Existing applicability intervals: []""]","35c5a20cdfaf4e7e7a788fd82d4c2b997e0fe878efe2392487968b8d61b9029f",""
"entity-azerbaijan@1914/overview","entity-azerbaijan@1914","","Azerbaijan","1914","overview","MISSING","C","completely-empty","political-polity","true","[]","[]","[]","[]","{""map_identity_id"":""entity-azerbaijan"",""aliases"":[],""historical_names"":[],""identifiers"":{}}","[""Snapshot context is not observation date or boundary date."",""Map geometry does not establish sovereignty or succession."",""Resolve historical identity before proposing entity-specific facts."",""Existing applicability intervals: []""]","35c5a20cdfaf4e7e7a788fd82d4c2b997e0fe878efe2392487968b8d61b9029f",""
"entity-azerbaijan@1920/overview","entity-azerbaijan@1920","azerbaijan-first-republic-parliamentary-framework","Azerbaijan Democratic Republic — parliamentary framework","1920","overview","PARTIAL","C","partially-supported","political-polity","false","[""The parliament opened in Baku in December 1918; the April 1920 Bolshevik occupation ended the republic. Earlier and later frameworks remain uncurated.""]","[]","[]","[]","{""map_identity_id"":""entity-azerbaijan"",""aliases"":[],""historical_names"":[{""value"":""Azerbaijan Democratic Republic — parliamentary framework"",""kind"":""primary"",""validFrom"":""1918-12-07"",""validUntil"":""1920-04-28""}],""identifiers"":{}}","[""Snapshot context is not observation date or boundary date."",""Map geometry does not establish sovereignty or succession."",""Existing applicability intervals: [{\""kind\"":\""interval\"",\""from\"":\""1918-12-07\"",\""until\"":\""1920-04-28\""}]""]","35c5a20cdfaf4e7e7a788fd82d4c2b997e0fe878efe2392487968b8d61b9029f",""
"entity-azerbaijan@1930/overview","entity-azerbaijan@1930","","Azerbaijan","1930","overview","MISSING","C","completely-empty","political-polity","true","[]","[]","[]","[]","{""map_identity_id"":""entity-azerbaijan"",""aliases"":[],""historical_names"":[],""identifiers"":{}}","[""Snapshot context is not observation date or boundary date."",""Map geometry does not establish sovereignty or succession."",""Resolve historical identity before proposing entity-specific facts."",""Existing applicability intervals: []""]","35c5a20cdfaf4e7e7a788fd82d4c2b997e0fe878efe2392487968b8d61b9029f",""
"entity-buganda@1900/overview","entity-buganda@1900","","Buganda","1900","overview","MISSING","C","completely-empty","political-polity","true","[]","[]","[]","[]","{""map_identity_id"":""entity-buganda"",""aliases"":[],""historical_names"":[],""identifiers"":{}}","[""Snapshot context is not observation date or boundary date."",""Map geometry does not establish sovereignty or succession."",""Resolve historical identity before proposing entity-specific facts."",""Existing applicability intervals: []""]","35c5a20cdfaf4e7e7a788fd82d4c2b997e0fe878efe2392487968b8d61b9029f",""
"entity-kuwait@1938/overview","entity-kuwait@1938","","Kuwait","1938","overview","MISSING","C","completely-empty","political-polity","true","[]","[]","[]","[]","{""map_identity_id"":""entity-kuwait"",""aliases"":[],""historical_names"":[],""identifiers"":{}}","[""Snapshot context is not observation date or boundary date."",""Map geometry does not establish sovereignty or succession."",""Resolve historical identity before proposing entity-specific facts."",""Existing applicability intervals: []""]","35c5a20cdfaf4e7e7a788fd82d4c2b997e0fe878efe2392487968b8d61b9029f",""
"entity-spanish-guinea@1878/overview","entity-spanish-guinea@1878","b17-spanish-guinea-1878","Fernando Poo dependencies — Spanish colonial decree attestation","1878","overview","PARTIAL","C","partially-supported","dependent-administration","false","[""The 6 December decree published 26 December 1878 names colonial offices for the Gulf of Guinea archipelago. Only that attestation day is accepted; this island administration does not establish the later mainland Rio Muni treaty boundaries or cover all 1878.""]","[]","[]","[]","{""map_identity_id"":""entity-spanish-guinea"",""aliases"":[],""historical_names"":[{""value"":""Fernando Poo dependencies — Spanish colonial decree attestation"",""kind"":""primary"",""validFrom"":""1878-12-26"",""validUntil"":""1878-12-27""}],""identifiers"":{}}","[""Snapshot context is not observation date or boundary date."",""Map geometry does not establish sovereignty or succession."",""Existing applicability intervals: [{\""kind\"":\""interval\"",\""from\"":\""1878-12-26\"",\""until\"":\""1878-12-27\""}]""]","35c5a20cdfaf4e7e7a788fd82d4c2b997e0fe878efe2392487968b8d61b9029f",""
"entity-spanish-guinea@1880/overview","entity-spanish-guinea@1880","","Spanish Guinea","1880","overview","MISSING","C","completely-empty","dependent-administration","true","[]","[]","[]","[]","{""map_identity_id"":""entity-spanish-guinea"",""aliases"":[],""historical_names"":[],""identifiers"":{}}","[""Snapshot context is not observation date or boundary date."",""Map geometry does not establish sovereignty or succession."",""Resolve historical identity before proposing entity-specific facts."",""Existing applicability intervals: []""]","35c5a20cdfaf4e7e7a788fd82d4c2b997e0fe878efe2392487968b8d61b9029f",""
"entity-spanish-guinea@1900/overview","entity-spanish-guinea@1900","","Spanish Guinea","1900","overview","MISSING","C","completely-empty","dependent-administration","true","[]","[]","[]","[]","{""map_identity_id"":""entity-spanish-guinea"",""aliases"":[],""historical_names"":[],""identifiers"":{}}","[""Snapshot context is not observation date or boundary date."",""Map geometry does not establish sovereignty or succession."",""Resolve historical identity before proposing entity-specific facts."",""Existing applicability intervals: []""]","35c5a20cdfaf4e7e7a788fd82d4c2b997e0fe878efe2392487968b8d61b9029f",""
"entity-british-guiana@1800/overview","entity-british-guiana@1800","","British Guiana","1800","overview","MISSING","C","held-ambiguous","dependent-administration","true","[]","[]","[]","[]","{""map_identity_id"":""entity-british-guiana"",""aliases"":[],""historical_names"":[],""identifiers"":{}}","[""Snapshot context is not observation date or boundary date."",""Map geometry does not establish sovereignty or succession."",""Resolve historical identity before proposing entity-specific facts."",""Existing applicability intervals: []""]","35c5a20cdfaf4e7e7a788fd82d4c2b997e0fe878efe2392487968b8d61b9029f",""
"entity-kingdom-of-hawaii@1900/overview","entity-kingdom-of-hawaii@1900","","Kingdom of Hawaii","1900","overview","MISSING","C","held-ambiguous","political-polity","true","[]","[]","[]","[]","{""map_identity_id"":""entity-kingdom-of-hawaii"",""aliases"":[],""historical_names"":[],""identifiers"":{}}","[""Snapshot context is not observation date or boundary date."",""Map geometry does not establish sovereignty or succession."",""Resolve historical identity before proposing entity-specific facts."",""Existing applicability intervals: []""]","35c5a20cdfaf4e7e7a788fd82d4c2b997e0fe878efe2392487968b8d61b9029f",""
"entity-hail@1930/overview","entity-hail@1930","","Hail","1930","overview","MISSING","C","held-ambiguous","political-polity","true","[]","[]","[]","[]","{""map_identity_id"":""entity-hail"",""aliases"":[],""historical_names"":[],""identifiers"":{}}","[""Snapshot context is not observation date or boundary date."",""Map geometry does not establish sovereignty or succession."",""Resolve historical identity before proposing entity-specific facts."",""Existing applicability intervals: []""]","35c5a20cdfaf4e7e7a788fd82d4c2b997e0fe878efe2392487968b8d61b9029f",""
"entity-hail@1938/overview","entity-hail@1938","","Hail","1938","overview","MISSING","C","held-ambiguous","political-polity","true","[]","[]","[]","[]","{""map_identity_id"":""entity-hail"",""aliases"":[],""historical_names"":[],""identifiers"":{}}","[""Snapshot context is not observation date or boundary date."",""Map geometry does not establish sovereignty or succession."",""Resolve historical identity before proposing entity-specific facts."",""Existing applicability intervals: []""]","35c5a20cdfaf4e7e7a788fd82d4c2b997e0fe878efe2392487968b8d61b9029f",""
"entity-georgia@1914/overview","entity-georgia@1914","","Georgia","1914","overview","MISSING","C","completely-empty","political-polity","true","[]","[]","[]","[]","{""map_identity_id"":""entity-georgia"",""aliases"":[],""historical_names"":[],""identifiers"":{}}","[""Snapshot context is not observation date or boundary date."",""Map geometry does not establish sovereignty or succession."",""Resolve historical identity before proposing entity-specific facts."",""Existing applicability intervals: []""]","35c5a20cdfaf4e7e7a788fd82d4c2b997e0fe878efe2392487968b8d61b9029f",""
"entity-georgia@1930/overview","entity-georgia@1930","","Georgia","1930","overview","MISSING","C","completely-empty","political-polity","true","[]","[]","[]","[]","{""map_identity_id"":""entity-georgia"",""aliases"":[],""historical_names"":[],""identifiers"":{}}","[""Snapshot context is not observation date or boundary date."",""Map geometry does not establish sovereignty or succession."",""Resolve historical identity before proposing entity-specific facts."",""Existing applicability intervals: []""]","35c5a20cdfaf4e7e7a788fd82d4c2b997e0fe878efe2392487968b8d61b9029f",""
"entity-israel@1938/overview","entity-israel@1938","","Israel","1938","overview","MISSING","C","held-ambiguous","political-polity","true","[]","[]","[]","[]","{""map_identity_id"":""entity-israel"",""aliases"":[],""historical_names"":[],""identifiers"":{}}","[""Snapshot context is not observation date or boundary date."",""Map geometry does not establish sovereignty or succession."",""Resolve historical identity before proposing entity-specific facts."",""Existing applicability intervals: []""]","35c5a20cdfaf4e7e7a788fd82d4c2b997e0fe878efe2392487968b8d61b9029f",""
"entity-israel@1945/overview","entity-israel@1945","","Israel","1945","overview","MISSING","C","held-ambiguous","political-polity","true","[]","[]","[]","[]","{""map_identity_id"":""entity-israel"",""aliases"":[],""historical_names"":[],""identifiers"":{}}","[""Snapshot context is not observation date or boundary date."",""Map geometry does not establish sovereignty or succession."",""Resolve historical identity before proposing entity-specific facts."",""Existing applicability intervals: []""]","35c5a20cdfaf4e7e7a788fd82d4c2b997e0fe878efe2392487968b8d61b9029f",""
"entity-bahamas@1800/overview","entity-bahamas@1800","","Bahamas","1800","overview","MISSING","C","completely-empty","dependent-administration","true","[]","[]","[]","[]","{""map_identity_id"":""entity-bahamas"",""aliases"":[],""historical_names"":[],""identifiers"":{}}","[""Snapshot context is not observation date or boundary date."",""Map geometry does not establish sovereignty or succession."",""Resolve historical identity before proposing entity-specific facts."",""Existing applicability intervals: []""]","35c5a20cdfaf4e7e7a788fd82d4c2b997e0fe878efe2392487968b8d61b9029f",""
"entity-jamaica@1960/overview","entity-jamaica@1960","","Jamaica","1960","overview","MISSING","C","completely-empty","dependent-administration","true","[]","[]","[]","[]","{""map_identity_id"":""entity-jamaica"",""aliases"":[],""historical_names"":[],""identifiers"":{}}","[""Snapshot context is not observation date or boundary date."",""Map geometry does not establish sovereignty or succession."",""Resolve historical identity before proposing entity-specific facts."",""Existing applicability intervals: []""]","35c5a20cdfaf4e7e7a788fd82d4c2b997e0fe878efe2392487968b8d61b9029f",""
"entity-zululand@1880/overview","entity-zululand@1880","b20-zululand-postwar","Zululand — postwar chiefdom settlement","1880","overview","PARTIAL","C","partially-supported","dependent-administration","false","[""The government reply of 12 March 1880 describes chiefs, binding arms and commerce conditions, and a British Resident. This is not an intact royal government. No 1900 mapping is forced from the earlier kingdom label.""]","[]","[]","[]","{""map_identity_id"":""entity-zululand"",""aliases"":[],""historical_names"":[{""value"":""Zululand — postwar chiefdom settlement"",""kind"":""primary"",""validFrom"":""1880-03-12"",""validUntil"":""1880-03-13""}],""identifiers"":{}}","[""Snapshot context is not observation date or boundary date."",""Map geometry does not establish sovereignty or succession."",""Existing applicability intervals: [{\""kind\"":\""interval\"",\""from\"":\""1880-03-12\"",\""until\"":\""1880-03-13\""}]""]","35c5a20cdfaf4e7e7a788fd82d4c2b997e0fe878efe2392487968b8d61b9029f",""
"entity-zululand@1900/overview","entity-zululand@1900","","Zululand","1900","overview","MISSING","C","completely-empty","dependent-administration","true","[]","[]","[]","[]","{""map_identity_id"":""entity-zululand"",""aliases"":[],""historical_names"":[],""identifiers"":{}}","[""Snapshot context is not observation date or boundary date."",""Map geometry does not establish sovereignty or succession."",""Resolve historical identity before proposing entity-specific facts."",""Existing applicability intervals: []""]","35c5a20cdfaf4e7e7a788fd82d4c2b997e0fe878efe2392487968b8d61b9029f",""
"entity-somalia@1815/overview","entity-somalia@1815","","Somalia","1815","overview","MISSING","C","held-ambiguous","dependent-administration","true","[]","[]","[]","[]","{""map_identity_id"":""entity-somalia"",""aliases"":[],""historical_names"":[],""identifiers"":{}}","[""Snapshot context is not observation date or boundary date."",""Map geometry does not establish sovereignty or succession."",""Resolve historical identity before proposing entity-specific facts."",""Existing applicability intervals: []""]","35c5a20cdfaf4e7e7a788fd82d4c2b997e0fe878efe2392487968b8d61b9029f",""
"entity-somalia@1960/overview","entity-somalia@1960","","Somalia","1960","overview","MISSING","C","held-ambiguous","dependent-administration","true","[]","[]","[]","[]","{""map_identity_id"":""entity-somalia"",""aliases"":[],""historical_names"":[],""identifiers"":{}}","[""Snapshot context is not observation date or boundary date."",""Map geometry does not establish sovereignty or succession."",""Resolve historical identity before proposing entity-specific facts."",""Existing applicability intervals: []""]","35c5a20cdfaf4e7e7a788fd82d4c2b997e0fe878efe2392487968b8d61b9029f",""
"entity-natal@1878/overview","entity-natal@1878","b20-natal-colony","Natal — British colonial administration","1878","overview","PARTIAL","C","partially-supported","dependent-administration","false","[""The 26 July 1878 debate attests colonial representative institutions on this day. Racial exclusion and colonial coercion prevent equating this system with inclusive democracy.""]","[]","[]","[]","{""map_identity_id"":""entity-natal"",""aliases"":[],""historical_names"":[{""value"":""Natal — British colonial administration"",""kind"":""primary"",""validFrom"":""1878-07-26"",""validUntil"":""1878-07-27""},{""value"":""Natal — British colony"",""kind"":""primary"",""validFrom"":""1880-08-31"",""validUntil"":""1880-09-01""},{""value"":""Natal — British colony during South African War"",""kind"":""primary"",""validFrom"":""1900-12-12"",""validUntil"":""1900-12-13""}],""identifiers"":{}}","[""Snapshot context is not observation date or boundary date."",""Map geometry does not establish sovereignty or succession."",""Existing applicability intervals: [{\""kind\"":\""interval\"",\""from\"":\""1878-07-26\"",\""until\"":\""1878-07-27\""}]""]","35c5a20cdfaf4e7e7a788fd82d4c2b997e0fe878efe2392487968b8d61b9029f",""
"entity-natal@1880/overview","entity-natal@1880","b20-natal-colony","Natal — British colony","1880","overview","PARTIAL","C","partially-supported","dependent-administration","false","[""The 31 August 1880 debate discusses Natal colonial institutions on this day. Later responsible government is not projected backward.""]","[]","[]","[]","{""map_identity_id"":""entity-natal"",""aliases"":[],""historical_names"":[{""value"":""Natal — British colonial administration"",""kind"":""primary"",""validFrom"":""1878-07-26"",""validUntil"":""1878-07-27""},{""value"":""Natal — British colony"",""kind"":""primary"",""validFrom"":""1880-08-31"",""validUntil"":""1880-09-01""},{""value"":""Natal — British colony during South African War"",""kind"":""primary"",""validFrom"":""1900-12-12"",""validUntil"":""1900-12-13""}],""identifiers"":{}}","[""Snapshot context is not observation date or boundary date."",""Map geometry does not establish sovereignty or succession."",""Existing applicability intervals: [{\""kind\"":\""interval\"",\""from\"":\""1880-08-31\"",\""until\"":\""1880-09-01\""}]""]","35c5a20cdfaf4e7e7a788fd82d4c2b997e0fe878efe2392487968b8d61b9029f",""
"entity-natal@1900/overview","entity-natal@1900","b20-natal-colony","Natal — British colony during South African War","1900","overview","PARTIAL","C","partially-supported","dependent-administration","false","[""The 12 December 1900 debate attests Natal as an existing colony. Most Zululand had been annexed to Natal in 1897, but the historical Zulu area is not identical to Natal territory.""]","[]","[]","[]","{""map_identity_id"":""entity-natal"",""aliases"":[],""historical_names"":[{""value"":""Natal — British colonial administration"",""kind"":""primary"",""validFrom"":""1878-07-26"",""validUntil"":""1878-07-27""},{""value"":""Natal — British colony"",""kind"":""primary"",""validFrom"":""1880-08-31"",""validUntil"":""1880-09-01""},{""value"":""Natal — British colony during South African War"",""kind"":""primary"",""validFrom"":""1900-12-12"",""validUntil"":""1900-12-13""}],""identifiers"":{}}","[""Snapshot context is not observation date or boundary date."",""Map geometry does not establish sovereignty or succession."",""Existing applicability intervals: [{\""kind\"":\""interval\"",\""from\"":\""1900-12-12\"",\""until\"":\""1900-12-13\""}]""]","35c5a20cdfaf4e7e7a788fd82d4c2b997e0fe878efe2392487968b8d61b9029f",""
"entity-hejaz@1938/overview","entity-hejaz@1938","","Hejaz","1938","overview","MISSING","C","held-ambiguous","political-polity","true","[]","[]","[]","[]","{""map_identity_id"":""entity-hejaz"",""aliases"":[],""historical_names"":[],""identifiers"":{}}","[""Snapshot context is not observation date or boundary date."",""Map geometry does not establish sovereignty or succession."",""Resolve historical identity before proposing entity-specific facts."",""Existing applicability intervals: []""]","35c5a20cdfaf4e7e7a788fd82d4c2b997e0fe878efe2392487968b8d61b9029f",""
"entity-zimbabwe@1920/overview","entity-zimbabwe@1920","","Zimbabwe","1920","overview","MISSING","C","completely-empty","dependent-administration","true","[]","[]","[]","[]","{""map_identity_id"":""entity-zimbabwe"",""aliases"":[],""historical_names"":[],""identifiers"":{}}","[""Snapshot context is not observation date or boundary date."",""Map geometry does not establish sovereignty or succession."",""Resolve historical identity before proposing entity-specific facts."",""Existing applicability intervals: []""]","35c5a20cdfaf4e7e7a788fd82d4c2b997e0fe878efe2392487968b8d61b9029f",""
"entity-muscat-and-oman@1920/overview","entity-muscat-and-oman@1920","","Muscat and Oman","1920","overview","MISSING","C","completely-empty","political-polity","true","[]","[]","[]","[]","{""map_identity_id"":""entity-muscat-and-oman"",""aliases"":[],""historical_names"":[],""identifiers"":{}}","[""Snapshot context is not observation date or boundary date."",""Map geometry does not establish sovereignty or succession."",""Resolve historical identity before proposing entity-specific facts."",""Existing applicability intervals: []""]","35c5a20cdfaf4e7e7a788fd82d4c2b997e0fe878efe2392487968b8d61b9029f",""
"entity-imerina@1900/overview","entity-imerina@1900","","Imerina","1900","overview","MISSING","C","completely-empty","political-polity","true","[]","[]","[]","[]","{""map_identity_id"":""entity-imerina"",""aliases"":[],""historical_names"":[],""identifiers"":{}}","[""Snapshot context is not observation date or boundary date."",""Map geometry does not establish sovereignty or succession."",""Resolve historical identity before proposing entity-specific facts."",""Existing applicability intervals: []""]","35c5a20cdfaf4e7e7a788fd82d4c2b997e0fe878efe2392487968b8d61b9029f",""
"entity-harer-egypt@1900/overview","entity-harer-egypt@1900","","Harer (Egypt)","1900","overview","MISSING","C","held-ambiguous","dependent-administration","true","[]","[]","[]","[]","{""map_identity_id"":""entity-harer-egypt"",""aliases"":[],""historical_names"":[],""identifiers"":{}}","[""Snapshot context is not observation date or boundary date."",""Map geometry does not establish sovereignty or succession."",""Resolve historical identity before proposing entity-specific facts."",""Existing applicability intervals: []""]","35c5a20cdfaf4e7e7a788fd82d4c2b997e0fe878efe2392487968b8d61b9029f",""
"entity-kuba@1900/overview","entity-kuba@1900","","Kuba","1900","overview","MISSING","C","completely-empty","political-polity","true","[]","[]","[]","[]","{""map_identity_id"":""entity-kuba"",""aliases"":[],""historical_names"":[],""identifiers"":{}}","[""Snapshot context is not observation date or boundary date."",""Map geometry does not establish sovereignty or succession."",""Resolve historical identity before proposing entity-specific facts."",""Existing applicability intervals: []""]","35c5a20cdfaf4e7e7a788fd82d4c2b997e0fe878efe2392487968b8d61b9029f",""
"entity-mandatory-palestine-gb@1920/overview","entity-mandatory-palestine-gb@1920","","Mandatory Palestine (GB)","1920","overview","MISSING","C","completely-empty","dependent-administration","true","[]","[]","[]","[]","{""map_identity_id"":""entity-mandatory-palestine-gb"",""aliases"":[],""historical_names"":[],""identifiers"":{}}","[""Snapshot context is not observation date or boundary date."",""Map geometry does not establish sovereignty or succession."",""Resolve historical identity before proposing entity-specific facts."",""Existing applicability intervals: []""]","35c5a20cdfaf4e7e7a788fd82d4c2b997e0fe878efe2392487968b8d61b9029f",""
"entity-rwanda-belgium@1920/overview","entity-rwanda-belgium@1920","","Rwanda (Belgium)","1920","overview","MISSING","C","completely-empty","dependent-administration","true","[]","[]","[]","[]","{""map_identity_id"":""entity-rwanda-belgium"",""aliases"":[],""historical_names"":[],""identifiers"":{}}","[""Snapshot context is not observation date or boundary date."",""Map geometry does not establish sovereignty or succession."",""Resolve historical identity before proposing entity-specific facts."",""Existing applicability intervals: []""]","35c5a20cdfaf4e7e7a788fd82d4c2b997e0fe878efe2392487968b8d61b9029f",""
"entity-dendi-kingdom@1878/overview","entity-dendi-kingdom@1878","","Dendi Kingdom","1878","overview","MISSING","C","held-ambiguous","political-polity","true","[]","[]","[]","[]","{""map_identity_id"":""entity-dendi-kingdom"",""aliases"":[],""historical_names"":[],""identifiers"":{}}","[""Snapshot context is not observation date or boundary date."",""Map geometry does not establish sovereignty or succession."",""Resolve historical identity before proposing entity-specific facts."",""Existing applicability intervals: []""]","35c5a20cdfaf4e7e7a788fd82d4c2b997e0fe878efe2392487968b8d61b9029f",""
"entity-dendi-kingdom@1880/overview","entity-dendi-kingdom@1880","","Dendi Kingdom","1880","overview","MISSING","C","held-ambiguous","political-polity","true","[]","[]","[]","[]","{""map_identity_id"":""entity-dendi-kingdom"",""aliases"":[],""historical_names"":[],""identifiers"":{}}","[""Snapshot context is not observation date or boundary date."",""Map geometry does not establish sovereignty or succession."",""Resolve historical identity before proposing entity-specific facts."",""Existing applicability intervals: []""]","35c5a20cdfaf4e7e7a788fd82d4c2b997e0fe878efe2392487968b8d61b9029f",""
"entity-wassoulou-empire@1878/overview","entity-wassoulou-empire@1878","","Wassoulou Empire","1878","overview","MISSING","C","completely-empty","political-polity","true","[]","[]","[]","[]","{""map_identity_id"":""entity-wassoulou-empire"",""aliases"":[],""historical_names"":[],""identifiers"":{}}","[""Snapshot context is not observation date or boundary date."",""Map geometry does not establish sovereignty or succession."",""Resolve historical identity before proposing entity-specific facts."",""Existing applicability intervals: []""]","35c5a20cdfaf4e7e7a788fd82d4c2b997e0fe878efe2392487968b8d61b9029f",""
"entity-wassoulou-empire@1880/overview","entity-wassoulou-empire@1880","","Wassoulou Empire","1880","overview","MISSING","C","completely-empty","political-polity","true","[]","[]","[]","[]","{""map_identity_id"":""entity-wassoulou-empire"",""aliases"":[],""historical_names"":[],""identifiers"":{}}","[""Snapshot context is not observation date or boundary date."",""Map geometry does not establish sovereignty or succession."",""Resolve historical identity before proposing entity-specific facts."",""Existing applicability intervals: []""]","35c5a20cdfaf4e7e7a788fd82d4c2b997e0fe878efe2392487968b8d61b9029f",""
"entity-futa-jalon@1900/overview","entity-futa-jalon@1900","","Futa Jalon","1900","overview","MISSING","C","held-ambiguous","political-polity","true","[]","[]","[]","[]","{""map_identity_id"":""entity-futa-jalon"",""aliases"":[],""historical_names"":[],""identifiers"":{}}","[""Snapshot context is not observation date or boundary date."",""Map geometry does not establish sovereignty or succession."",""Resolve historical identity before proposing entity-specific facts."",""Existing applicability intervals: []""]","35c5a20cdfaf4e7e7a788fd82d4c2b997e0fe878efe2392487968b8d61b9029f",""
"entity-tu-i-tonga-empire@1800/overview","entity-tu-i-tonga-empire@1800","","Tuʻi Tonga Empire","1800","overview","MISSING","C","held-ambiguous","political-polity","true","[]","[]","[]","[]","{""map_identity_id"":""entity-tu-i-tonga-empire"",""aliases"":[],""historical_names"":[],""identifiers"":{}}","[""Snapshot context is not observation date or boundary date."",""Map geometry does not establish sovereignty or succession."",""Resolve historical identity before proposing entity-specific facts."",""Existing applicability intervals: []""]","35c5a20cdfaf4e7e7a788fd82d4c2b997e0fe878efe2392487968b8d61b9029f",""
"entity-tu-i-tonga-empire@1815/overview","entity-tu-i-tonga-empire@1815","","Tuʻi Tonga Empire","1815","overview","MISSING","C","held-ambiguous","political-polity","true","[]","[]","[]","[]","{""map_identity_id"":""entity-tu-i-tonga-empire"",""aliases"":[],""historical_names"":[],""identifiers"":{}}","[""Snapshot context is not observation date or boundary date."",""Map geometry does not establish sovereignty or succession."",""Resolve historical identity before proposing entity-specific facts."",""Existing applicability intervals: []""]","35c5a20cdfaf4e7e7a788fd82d4c2b997e0fe878efe2392487968b8d61b9029f",""
"entity-delagoa-bay@1800/overview","entity-delagoa-bay@1800","","Delagoa Bay","1800","overview","MISSING","C","held-ambiguous","dependent-administration","true","[]","[]","[]","[]","{""map_identity_id"":""entity-delagoa-bay"",""aliases"":[],""historical_names"":[],""identifiers"":{}}","[""Snapshot context is not observation date or boundary date."",""Map geometry does not establish sovereignty or succession."",""Resolve historical identity before proposing entity-specific facts."",""Existing applicability intervals: []""]","35c5a20cdfaf4e7e7a788fd82d4c2b997e0fe878efe2392487968b8d61b9029f",""
"entity-delagoa-bay@1815/overview","entity-delagoa-bay@1815","","Delagoa Bay","1815","overview","MISSING","C","held-ambiguous","dependent-administration","true","[]","[]","[]","[]","{""map_identity_id"":""entity-delagoa-bay"",""aliases"":[],""historical_names"":[],""identifiers"":{}}","[""Snapshot context is not observation date or boundary date."",""Map geometry does not establish sovereignty or succession."",""Resolve historical identity before proposing entity-specific facts."",""Existing applicability intervals: []""]","35c5a20cdfaf4e7e7a788fd82d4c2b997e0fe878efe2392487968b8d61b9029f",""
"entity-opobo@1900/overview","entity-opobo@1900","","Opobo","1900","overview","MISSING","C","held-ambiguous","political-polity","true","[]","[]","[]","[]","{""map_identity_id"":""entity-opobo"",""aliases"":[],""historical_names"":[],""identifiers"":{}}","[""Snapshot context is not observation date or boundary date."",""Map geometry does not establish sovereignty or succession."",""Resolve historical identity before proposing entity-specific facts."",""Existing applicability intervals: []""]","35c5a20cdfaf4e7e7a788fd82d4c2b997e0fe878efe2392487968b8d61b9029f",""
"entity-anhalt@1800/overview","entity-anhalt@1800","","Anhalt","1800","overview","MISSING","C","held-ambiguous","political-polity","true","[]","[]","[]","[]","{""map_identity_id"":""entity-anhalt"",""aliases"":[],""historical_names"":[],""identifiers"":{}}","[""Snapshot context is not observation date or boundary date."",""Map geometry does not establish sovereignty or succession."",""Resolve historical identity before proposing entity-specific facts."",""Existing applicability intervals: []""]","35c5a20cdfaf4e7e7a788fd82d4c2b997e0fe878efe2392487968b8d61b9029f",""
"entity-anhalt@1815/overview","entity-anhalt@1815","","Anhalt","1815","overview","MISSING","C","held-ambiguous","political-polity","true","[]","[]","[]","[]","{""map_identity_id"":""entity-anhalt"",""aliases"":[],""historical_names"":[],""identifiers"":{}}","[""Snapshot context is not observation date or boundary date."",""Map geometry does not establish sovereignty or succession."",""Resolve historical identity before proposing entity-specific facts."",""Existing applicability intervals: []""]","35c5a20cdfaf4e7e7a788fd82d4c2b997e0fe878efe2392487968b8d61b9029f",""
"entity-hohenzollern@1800/overview","entity-hohenzollern@1800","","Hohenzollern","1800","overview","MISSING","C","held-ambiguous","political-polity","true","[]","[]","[]","[]","{""map_identity_id"":""entity-hohenzollern"",""aliases"":[],""historical_names"":[],""identifiers"":{}}","[""Snapshot context is not observation date or boundary date."",""Map geometry does not establish sovereignty or succession."",""Resolve historical identity before proposing entity-specific facts."",""Existing applicability intervals: []""]","35c5a20cdfaf4e7e7a788fd82d4c2b997e0fe878efe2392487968b8d61b9029f",""
"entity-hohenzollern@1815/overview","entity-hohenzollern@1815","","Hohenzollern","1815","overview","MISSING","C","held-ambiguous","political-polity","true","[]","[]","[]","[]","{""map_identity_id"":""entity-hohenzollern"",""aliases"":[],""historical_names"":[],""identifiers"":{}}","[""Snapshot context is not observation date or boundary date."",""Map geometry does not establish sovereignty or succession."",""Resolve historical identity before proposing entity-specific facts."",""Existing applicability intervals: []""]","35c5a20cdfaf4e7e7a788fd82d4c2b997e0fe878efe2392487968b8d61b9029f",""
"entity-lithuania@1920/overview","entity-lithuania@1920","lithuanian-constituent-seimas-framework","Republic of Lithuania — constituent framework","1920","overview","PARTIAL","C","partially-supported","political-polity","false","[""The constituent parliament opened in May 1920. This narrow interval avoids projecting the later 1922, 1928 or 1938 constitutions into 1920.""]","[]","[]","[]","{""map_identity_id"":""entity-lithuania"",""aliases"":[],""historical_names"":[{""value"":""Republic of Lithuania — constituent framework"",""kind"":""primary"",""validFrom"":""1920-05-15"",""validUntil"":""1922-01-01""}],""identifiers"":{}}","[""Snapshot context is not observation date or boundary date."",""Map geometry does not establish sovereignty or succession."",""Existing applicability intervals: [{\""kind\"":\""interval\"",\""from\"":\""1920-05-15\"",\""until\"":\""1922-01-01\""}]""]","35c5a20cdfaf4e7e7a788fd82d4c2b997e0fe878efe2392487968b8d61b9029f",""
"entity-lithuania@1938/overview","entity-lithuania@1938","","Lithuania","1938","overview","MISSING","C","completely-empty","political-polity","true","[]","[]","[]","[]","{""map_identity_id"":""entity-lithuania"",""aliases"":[],""historical_names"":[],""identifiers"":{}}","[""Snapshot context is not observation date or boundary date."",""Map geometry does not establish sovereignty or succession."",""Resolve historical identity before proposing entity-specific facts."",""Existing applicability intervals: []""]","35c5a20cdfaf4e7e7a788fd82d4c2b997e0fe878efe2392487968b8d61b9029f",""
"entity-bosnia-herzegovina@1878/overview","entity-bosnia-herzegovina@1878","bosnia-habsburg-administration","Bosnia and Herzegovina — Habsburg administration","1878","overview","PARTIAL","C","partially-supported","dependent-administration","false","[""Habsburg forces occupied Bosnia in 1878 while Ottoman legal sovereignty remained. Annexation followed in 1908. This was an administration distinct from either half of the dual monarchy.""]","[]","[]","[]","{""map_identity_id"":""entity-bosnia-herzegovina"",""aliases"":[],""historical_names"":[{""value"":""Bosnia and Herzegovina — Habsburg administration"",""kind"":""primary"",""validFrom"":""1878"",""validUntil"":""1918-01-01""}],""identifiers"":{}}","[""Snapshot context is not observation date or boundary date."",""Map geometry does not establish sovereignty or succession."",""Existing applicability intervals: [{\""kind\"":\""interval\"",\""from\"":\""1878\"",\""until\"":\""1918-01-01\""}]""]","35c5a20cdfaf4e7e7a788fd82d4c2b997e0fe878efe2392487968b8d61b9029f",""
"entity-burkina-faso@1945/overview","entity-burkina-faso@1945","","Burkina Faso","1945","overview","MISSING","C","held-ambiguous","dependent-administration","true","[]","[]","[]","[]","{""map_identity_id"":""entity-burkina-faso"",""aliases"":[],""historical_names"":[],""identifiers"":{}}","[""Snapshot context is not observation date or boundary date."",""Map geometry does not establish sovereignty or succession."",""Resolve historical identity before proposing entity-specific facts."",""Existing applicability intervals: []""]","35c5a20cdfaf4e7e7a788fd82d4c2b997e0fe878efe2392487968b8d61b9029f",""
"entity-burkina-faso@1960/overview","entity-burkina-faso@1960","upper-volta-1960-independent-core","Upper Volta — independence in 1960","1960","overview","MISSING","C","held-ambiguous","dependent-administration","false","[]","[]","[]","[]","{""map_identity_id"":""entity-burkina-faso"",""aliases"":[],""historical_names"":[{""value"":""Upper Volta — independence in 1960"",""kind"":""primary"",""validFrom"":""1960-08-05"",""validUntil"":""1960-08-06""}],""identifiers"":{}}","[""Snapshot context is not observation date or boundary date."",""Map geometry does not establish sovereignty or succession."",""Existing applicability intervals: []""]","35c5a20cdfaf4e7e7a788fd82d4c2b997e0fe878efe2392487968b8d61b9029f",""
"entity-latvia@1920/overview","entity-latvia@1920","latvian-constituent-framework","Republic of Latvia — constituent framework","1920","overview","PARTIAL","C","partially-supported","political-polity","false","[""The elected constituent body worked before the first Saeima. June 1920 is an editorial coverage start, not the institution’s founding date.""]","[]","[]","[]","{""map_identity_id"":""entity-latvia"",""aliases"":[],""historical_names"":[{""value"":""Republic of Latvia — constituent framework"",""kind"":""primary"",""validFrom"":""1920-06-01"",""validUntil"":""1922-11-07""}],""identifiers"":{}}","[""Snapshot context is not observation date or boundary date."",""Map geometry does not establish sovereignty or succession."",""Existing applicability intervals: [{\""kind\"":\""interval\"",\""from\"":\""1920-06-01\"",\""until\"":\""1922-11-07\""}]""]","35c5a20cdfaf4e7e7a788fd82d4c2b997e0fe878efe2392487968b8d61b9029f",""
"entity-saxony@1800/overview","entity-saxony@1800","","Saxony","1800","overview","MISSING","C","completely-empty","political-polity","true","[]","[]","[]","[]","{""map_identity_id"":""entity-saxony"",""aliases"":[],""historical_names"":[],""identifiers"":{}}","[""Snapshot context is not observation date or boundary date."",""Map geometry does not establish sovereignty or succession."",""Resolve historical identity before proposing entity-specific facts."",""Existing applicability intervals: []""]","35c5a20cdfaf4e7e7a788fd82d4c2b997e0fe878efe2392487968b8d61b9029f",""
"entity-saxony@1815/overview","entity-saxony@1815","saxony-restored-royal-framework","Kingdom of Saxony — restored royal framework","1815","overview","PARTIAL","C","partially-supported","political-polity","false","[""Friedrich August returned from Allied captivity to Dresden on 7 June 1815 after territorial losses. The restored framework is not projected over the earlier occupation.""]","[]","[]","[]","{""map_identity_id"":""entity-saxony"",""aliases"":[],""historical_names"":[{""value"":""Kingdom of Saxony — restored royal framework"",""kind"":""primary"",""validFrom"":""1815-06-07"",""validUntil"":""1818-01-01""}],""identifiers"":{}}","[""Snapshot context is not observation date or boundary date."",""Map geometry does not establish sovereignty or succession."",""Existing applicability intervals: [{\""kind\"":\""interval\"",\""from\"":\""1815-06-07\"",\""until\"":\""1818-01-01\""}]""]","35c5a20cdfaf4e7e7a788fd82d4c2b997e0fe878efe2392487968b8d61b9029f",""
"entity-venetia@1800/overview","entity-venetia@1800","","Venetia","1800","overview","MISSING","C","completely-empty","dependent-administration","true","[]","[]","[]","[]","{""map_identity_id"":""entity-venetia"",""aliases"":[],""historical_names"":[],""identifiers"":{}}","[""Snapshot context is not observation date or boundary date."",""Map geometry does not establish sovereignty or succession."",""Resolve historical identity before proposing entity-specific facts."",""Existing applicability intervals: []""]","35c5a20cdfaf4e7e7a788fd82d4c2b997e0fe878efe2392487968b8d61b9029f",""
"entity-venetia@1815/overview","entity-venetia@1815","venetia-1815-administration","Venetia — Venetian government","1815","overview","PARTIAL","C","partially-supported","dependent-administration","false","[""The royal patent of 7 April 1815 established the kingdom and its separate Milanese and Venetian governments. This is an administrative territory, not an independently sovereign kingdom. Earlier 1800 institutions and subsequent territorial changes are uncurated.""]","[]","[]","[]","{""map_identity_id"":""entity-venetia"",""aliases"":[],""historical_names"":[{""value"":""Venetia — Venetian government"",""kind"":""primary"",""validFrom"":""1815-04-07"",""validUntil"":""1818-01-01""}],""identifiers"":{}}","[""Snapshot context is not observation date or boundary date."",""Map geometry does not establish sovereignty or succession."",""Existing applicability intervals: [{\""kind\"":\""interval\"",\""from\"":\""1815-04-07\"",\""until\"":\""1818-01-01\""}]""]","35c5a20cdfaf4e7e7a788fd82d4c2b997e0fe878efe2392487968b8d61b9029f",""
"entity-lombardy@1800/overview","entity-lombardy@1800","","Lombardy","1800","overview","MISSING","C","completely-empty","dependent-administration","true","[]","[]","[]","[]","{""map_identity_id"":""entity-lombardy"",""aliases"":[],""historical_names"":[],""identifiers"":{}}","[""Snapshot context is not observation date or boundary date."",""Map geometry does not establish sovereignty or succession."",""Resolve historical identity before proposing entity-specific facts."",""Existing applicability intervals: []""]","35c5a20cdfaf4e7e7a788fd82d4c2b997e0fe878efe2392487968b8d61b9029f",""
"entity-lombardy@1815/overview","entity-lombardy@1815","lombardy-1815-administration","Lombardy — Milanese government","1815","overview","PARTIAL","C","partially-supported","dependent-administration","false","[""The royal patent of 7 April 1815 established the kingdom and its separate Milanese and Venetian governments. This is an administrative territory, not an independently sovereign kingdom. Earlier 1800 institutions and subsequent territorial changes are uncurated.""]","[]","[]","[]","{""map_identity_id"":""entity-lombardy"",""aliases"":[],""historical_names"":[{""value"":""Lombardy — Milanese government"",""kind"":""primary"",""validFrom"":""1815-04-07"",""validUntil"":""1818-01-01""}],""identifiers"":{}}","[""Snapshot context is not observation date or boundary date."",""Map geometry does not establish sovereignty or succession."",""Existing applicability intervals: [{\""kind\"":\""interval\"",\""from\"":\""1815-04-07\"",\""until\"":\""1818-01-01\""}]""]","35c5a20cdfaf4e7e7a788fd82d4c2b997e0fe878efe2392487968b8d61b9029f",""
"entity-hamburg@1800/overview","entity-hamburg@1800","","Hamburg","1800","overview","MISSING","C","completely-empty","political-polity","true","[]","[]","[]","[]","{""map_identity_id"":""entity-hamburg"",""aliases"":[],""historical_names"":[],""identifiers"":{}}","[""Snapshot context is not observation date or boundary date."",""Map geometry does not establish sovereignty or succession."",""Resolve historical identity before proposing entity-specific facts."",""Existing applicability intervals: []""]","35c5a20cdfaf4e7e7a788fd82d4c2b997e0fe878efe2392487968b8d61b9029f",""
"entity-hamburg@1815/overview","entity-hamburg@1815","hamburg-restored-republic-framework","Hamburg — restored city republic","1815","overview","PARTIAL","C","partially-supported","political-polity","false","[""Hamburg joined the German Confederation under the charter of 8 June 1815 after its independence was restored. The formal Free and Hanseatic City style dates from 1819 and is not projected backward into this interval. Earlier French administration remains uncurated.""]","[]","[]","[]","{""map_identity_id"":""entity-hamburg"",""aliases"":[],""historical_names"":[{""value"":""Hamburg — restored city republic"",""kind"":""primary"",""validFrom"":""1815-06-08"",""validUntil"":""1819-01-01""}],""identifiers"":{}}","[""Snapshot context is not observation date or boundary date."",""Map geometry does not establish sovereignty or succession."",""Existing applicability intervals: [{\""kind\"":\""interval\"",\""from\"":\""1815-06-08\"",\""until\"":\""1819-01-01\""}]""]","35c5a20cdfaf4e7e7a788fd82d4c2b997e0fe878efe2392487968b8d61b9029f",""
"entity-lubeck@1800/overview","entity-lubeck@1800","","Lübeck","1800","overview","MISSING","C","completely-empty","political-polity","true","[]","[]","[]","[]","{""map_identity_id"":""entity-lubeck"",""aliases"":[],""historical_names"":[],""identifiers"":{}}","[""Snapshot context is not observation date or boundary date."",""Map geometry does not establish sovereignty or succession."",""Resolve historical identity before proposing entity-specific facts."",""Existing applicability intervals: []""]","35c5a20cdfaf4e7e7a788fd82d4c2b997e0fe878efe2392487968b8d61b9029f",""
"entity-lubeck@1815/overview","entity-lubeck@1815","lubeck-restored-civic-framework","Lübeck — restored civic republic","1815","overview","PARTIAL","C","partially-supported","political-polity","false","[""Restored after French annexation, the city retained its earlier council system. The 1848 Senate and assembly reform is not projected backward.""]","[]","[]","[]","{""map_identity_id"":""entity-lubeck"",""aliases"":[],""historical_names"":[{""value"":""Lübeck — restored civic republic"",""kind"":""primary"",""validFrom"":""1815-06-08"",""validUntil"":""1818-01-01""}],""identifiers"":{}}","[""Snapshot context is not observation date or boundary date."",""Map geometry does not establish sovereignty or succession."",""Existing applicability intervals: [{\""kind\"":\""interval\"",\""from\"":\""1815-06-08\"",\""until\"":\""1818-01-01\""}]""]","35c5a20cdfaf4e7e7a788fd82d4c2b997e0fe878efe2392487968b8d61b9029f",""
"entity-namibia@1960/overview","entity-namibia@1960","","Namibia","1960","overview","MISSING","C","completely-empty","dependent-administration","true","[]","[]","[]","[]","{""map_identity_id"":""entity-namibia"",""aliases"":[],""historical_names"":[],""identifiers"":{}}","[""Snapshot context is not observation date or boundary date."",""Map geometry does not establish sovereignty or succession."",""Resolve historical identity before proposing entity-specific facts."",""Existing applicability intervals: []""]","35c5a20cdfaf4e7e7a788fd82d4c2b997e0fe878efe2392487968b8d61b9029f",""
"entity-estonia@1920/overview","entity-estonia@1920","estonian-constituent-framework","Republic of Estonia — constituent framework","1920","overview","PARTIAL","C","partially-supported","political-polity","false","[""The July 1919 temporary constitution made the Assembly the exercise of popular authority. The full constitution’s 1920 adoption is not assumed to be its commencement.""]","[]","[]","[]","{""map_identity_id"":""entity-estonia"",""aliases"":[],""historical_names"":[{""value"":""Republic of Estonia — constituent framework"",""kind"":""primary"",""validFrom"":""1919-07-04"",""validUntil"":""1920-12-20""}],""identifiers"":{}}","[""Snapshot context is not observation date or boundary date."",""Map geometry does not establish sovereignty or succession."",""Existing applicability intervals: [{\""kind\"":\""interval\"",\""from\"":\""1919-07-04\"",\""until\"":\""1920-12-20\""}]""]","35c5a20cdfaf4e7e7a788fd82d4c2b997e0fe878efe2392487968b8d61b9029f",""
"entity-estonia@1938/overview","entity-estonia@1938","estonian-1938-presidential-framework","Republic of Estonia — 1938 presidential framework","1938","overview","PARTIAL","C","partially-supported","political-polity","false","[""Parties were restricted and the legislature had limited influence. Formal bicameral representation is not equated with unrestricted parliamentary democracy.""]","[]","[]","[]","{""map_identity_id"":""entity-estonia"",""aliases"":[],""historical_names"":[{""value"":""Republic of Estonia — 1938 presidential framework"",""kind"":""primary"",""validFrom"":""1938-04-07"",""validUntil"":""1939-01-01""}],""identifiers"":{}}","[""Snapshot context is not observation date or boundary date."",""Map geometry does not establish sovereignty or succession."",""Existing applicability intervals: [{\""kind\"":\""interval\"",\""from\"":\""1938-04-07\"",\""until\"":\""1939-01-01\""}]""]","35c5a20cdfaf4e7e7a788fd82d4c2b997e0fe878efe2392487968b8d61b9029f",""
"entity-guinea@1945/overview","entity-guinea@1945","","Guinea","1945","overview","MISSING","C","completely-empty","dependent-administration","true","[]","[]","[]","[]","{""map_identity_id"":""entity-guinea"",""aliases"":[],""historical_names"":[],""identifiers"":{}}","[""Snapshot context is not observation date or boundary date."",""Map geometry does not establish sovereignty or succession."",""Resolve historical identity before proposing entity-specific facts."",""Existing applicability intervals: []""]","35c5a20cdfaf4e7e7a788fd82d4c2b997e0fe878efe2392487968b8d61b9029f",""
"entity-ghana@1960/overview","entity-ghana@1960","","Ghana","1960","overview","MISSING","C","held-ambiguous","dependent-administration","true","[]","[]","[]","[]","{""map_identity_id"":""entity-ghana"",""aliases"":[],""historical_names"":[],""identifiers"":{}}","[""Snapshot context is not observation date or boundary date."",""Map geometry does not establish sovereignty or succession."",""Resolve historical identity before proposing entity-specific facts."",""Existing applicability intervals: []""]","35c5a20cdfaf4e7e7a788fd82d4c2b997e0fe878efe2392487968b8d61b9029f",""
"entity-hanover@1800/overview","entity-hanover@1800","","Hanover","1800","overview","MISSING","C","completely-empty","political-polity","true","[]","[]","[]","[]","{""map_identity_id"":""entity-hanover"",""aliases"":[],""historical_names"":[],""identifiers"":{}}","[""Snapshot context is not observation date or boundary date."",""Map geometry does not establish sovereignty or succession."",""Resolve historical identity before proposing entity-specific facts."",""Existing applicability intervals: []""]","35c5a20cdfaf4e7e7a788fd82d4c2b997e0fe878efe2392487968b8d61b9029f",""
"entity-mecklenburg-schwerin@1800/overview","entity-mecklenburg-schwerin@1800","","Mecklenburg-Schwerin","1800","overview","MISSING","C","completely-empty","political-polity","true","[]","[]","[]","[]","{""map_identity_id"":""entity-mecklenburg-schwerin"",""aliases"":[],""historical_names"":[],""identifiers"":{}}","[""Snapshot context is not observation date or boundary date."",""Map geometry does not establish sovereignty or succession."",""Resolve historical identity before proposing entity-specific facts."",""Existing applicability intervals: []""]","35c5a20cdfaf4e7e7a788fd82d4c2b997e0fe878efe2392487968b8d61b9029f",""
"entity-baden@1800/overview","entity-baden@1800","","Baden","1800","overview","MISSING","C","completely-empty","political-polity","true","[]","[]","[]","[]","{""map_identity_id"":""entity-baden"",""aliases"":[],""historical_names"":[],""identifiers"":{}}","[""Snapshot context is not observation date or boundary date."",""Map geometry does not establish sovereignty or succession."",""Resolve historical identity before proposing entity-specific facts."",""Existing applicability intervals: []""]","35c5a20cdfaf4e7e7a788fd82d4c2b997e0fe878efe2392487968b8d61b9029f",""
"entity-lucca@1800/overview","entity-lucca@1800","","Lucca","1800","overview","MISSING","C","completely-empty","political-polity","true","[]","[]","[]","[]","{""map_identity_id"":""entity-lucca"",""aliases"":[],""historical_names"":[],""identifiers"":{}}","[""Snapshot context is not observation date or boundary date."",""Map geometry does not establish sovereignty or succession."",""Resolve historical identity before proposing entity-specific facts."",""Existing applicability intervals: []""]","35c5a20cdfaf4e7e7a788fd82d4c2b997e0fe878efe2392487968b8d61b9029f",""
"entity-goa@1815/overview","entity-goa@1815","","Goa","1815","overview","MISSING","C","completely-empty","dependent-administration","true","[]","[]","[]","[]","{""map_identity_id"":""entity-goa"",""aliases"":[],""historical_names"":[],""identifiers"":{}}","[""Snapshot context is not observation date or boundary date."",""Map geometry does not establish sovereignty or succession."",""Resolve historical identity before proposing entity-specific facts."",""Existing applicability intervals: []""]","35c5a20cdfaf4e7e7a788fd82d4c2b997e0fe878efe2392487968b8d61b9029f",""
"entity-mecklenburg-strelitz@1800/overview","entity-mecklenburg-strelitz@1800","","Mecklenburg-Strelitz","1800","overview","MISSING","C","completely-empty","political-polity","true","[]","[]","[]","[]","{""map_identity_id"":""entity-mecklenburg-strelitz"",""aliases"":[],""historical_names"":[],""identifiers"":{}}","[""Snapshot context is not observation date or boundary date."",""Map geometry does not establish sovereignty or succession."",""Resolve historical identity before proposing entity-specific facts."",""Existing applicability intervals: []""]","35c5a20cdfaf4e7e7a788fd82d4c2b997e0fe878efe2392487968b8d61b9029f",""
"entity-modena@1800/overview","entity-modena@1800","","Modena","1800","overview","MISSING","C","completely-empty","political-polity","true","[]","[]","[]","[]","{""map_identity_id"":""entity-modena"",""aliases"":[],""historical_names"":[],""identifiers"":{}}","[""Snapshot context is not observation date or boundary date."",""Map geometry does not establish sovereignty or succession."",""Resolve historical identity before proposing entity-specific facts."",""Existing applicability intervals: []""]","35c5a20cdfaf4e7e7a788fd82d4c2b997e0fe878efe2392487968b8d61b9029f",""
"entity-brunswick@1800/overview","entity-brunswick@1800","","Brunswick","1800","overview","MISSING","C","completely-empty","political-polity","true","[]","[]","[]","[]","{""map_identity_id"":""entity-brunswick"",""aliases"":[],""historical_names"":[],""identifiers"":{}}","[""Snapshot context is not observation date or boundary date."",""Map geometry does not establish sovereignty or succession."",""Resolve historical identity before proposing entity-specific facts."",""Existing applicability intervals: []""]","35c5a20cdfaf4e7e7a788fd82d4c2b997e0fe878efe2392487968b8d61b9029f",""
"entity-griqualand-west@1878/overview","entity-griqualand-west@1878","b19-griqualand-attestation","Griqualand West — colonial administration attested 1878","1878","overview","PARTIAL","C","partially-supported","dependent-administration","false","[""One-day parliamentary attestation amid revolt; not full lifetime or universal practical control.""]","[]","[]","[]","{""map_identity_id"":""entity-griqualand-west"",""aliases"":[],""historical_names"":[{""value"":""Griqualand West — colonial administration attested 1878"",""kind"":""primary"",""validFrom"":""1878-06-06"",""validUntil"":""1878-06-07""}],""identifiers"":{}}","[""Snapshot context is not observation date or boundary date."",""Map geometry does not establish sovereignty or succession."",""Existing applicability intervals: [{\""kind\"":\""interval\"",\""from\"":\""1878-06-06\"",\""until\"":\""1878-06-07\""}]""]","35c5a20cdfaf4e7e7a788fd82d4c2b997e0fe878efe2392487968b8d61b9029f",""
"entity-bremen@1815/overview","entity-bremen@1815","bremen-restored-republic-framework","Bremen — restored civic republic","1815","overview","PARTIAL","C","partially-supported","political-polity","false","[""Bremen restored its old civic constitution after French annexation. It joined the German Confederation established by the charter of 8 June 1815. This partial interval leaves earlier restoration details and later changes uncurated.""]","[]","[]","[]","{""map_identity_id"":""entity-bremen"",""aliases"":[],""historical_names"":[{""value"":""Bremen — restored civic republic"",""kind"":""primary"",""validFrom"":""1815-06-08"",""validUntil"":""1818-01-01""}],""identifiers"":{}}","[""Snapshot context is not observation date or boundary date."",""Map geometry does not establish sovereignty or succession."",""Existing applicability intervals: [{\""kind\"":\""interval\"",\""from\"":\""1815-06-08\"",\""until\"":\""1818-01-01\""}]""]","35c5a20cdfaf4e7e7a788fd82d4c2b997e0fe878efe2392487968b8d61b9029f",""
"entity-central-african-republic@1960/overview","entity-central-african-republic@1960","","Central African Republic","1960","overview","MISSING","C","held-ambiguous","dependent-administration","true","[]","[]","[]","[]","{""map_identity_id"":""entity-central-african-republic"",""aliases"":[],""historical_names"":[],""identifiers"":{}}","[""Snapshot context is not observation date or boundary date."",""Map geometry does not establish sovereignty or succession."",""Resolve historical identity before proposing entity-specific facts."",""Existing applicability intervals: []""]","35c5a20cdfaf4e7e7a788fd82d4c2b997e0fe878efe2392487968b8d61b9029f",""
"entity-tuscany@1800/overview","entity-tuscany@1800","","Tuscany","1800","overview","MISSING","C","completely-empty","political-polity","true","[]","[]","[]","[]","{""map_identity_id"":""entity-tuscany"",""aliases"":[],""historical_names"":[],""identifiers"":{}}","[""Snapshot context is not observation date or boundary date."",""Map geometry does not establish sovereignty or succession."",""Resolve historical identity before proposing entity-specific facts."",""Existing applicability intervals: []""]","35c5a20cdfaf4e7e7a788fd82d4c2b997e0fe878efe2392487968b8d61b9029f",""
"entity-oldenburg@1800/overview","entity-oldenburg@1800","","Oldenburg","1800","overview","MISSING","C","completely-empty","political-polity","true","[]","[]","[]","[]","{""map_identity_id"":""entity-oldenburg"",""aliases"":[],""historical_names"":[],""identifiers"":{}}","[""Snapshot context is not observation date or boundary date."",""Map geometry does not establish sovereignty or succession."",""Resolve historical identity before proposing entity-specific facts."",""Existing applicability intervals: []""]","35c5a20cdfaf4e7e7a788fd82d4c2b997e0fe878efe2392487968b8d61b9029f",""
"entity-lippe-detmold@1800/overview","entity-lippe-detmold@1800","","Lippe-Detmold","1800","overview","MISSING","C","completely-empty","political-polity","true","[]","[]","[]","[]","{""map_identity_id"":""entity-lippe-detmold"",""aliases"":[],""historical_names"":[],""identifiers"":{}}","[""Snapshot context is not observation date or boundary date."",""Map geometry does not establish sovereignty or succession."",""Resolve historical identity before proposing entity-specific facts."",""Existing applicability intervals: []""]","35c5a20cdfaf4e7e7a788fd82d4c2b997e0fe878efe2392487968b8d61b9029f",""
"entity-waldeck@1800/overview","entity-waldeck@1800","","Waldeck","1800","overview","MISSING","C","completely-empty","political-polity","true","[]","[]","[]","[]","{""map_identity_id"":""entity-waldeck"",""aliases"":[],""historical_names"":[],""identifiers"":{}}","[""Snapshot context is not observation date or boundary date."",""Map geometry does not establish sovereignty or succession."",""Resolve historical identity before proposing entity-specific facts."",""Existing applicability intervals: []""]","35c5a20cdfaf4e7e7a788fd82d4c2b997e0fe878efe2392487968b8d61b9029f",""
"entity-schaumburg-lippe@1800/overview","entity-schaumburg-lippe@1800","","Schaumburg-Lippe","1800","overview","MISSING","C","completely-empty","political-polity","true","[]","[]","[]","[]","{""map_identity_id"":""entity-schaumburg-lippe"",""aliases"":[],""historical_names"":[],""identifiers"":{}}","[""Snapshot context is not observation date or boundary date."",""Map geometry does not establish sovereignty or succession."",""Resolve historical identity before proposing entity-specific facts."",""Existing applicability intervals: []""]","35c5a20cdfaf4e7e7a788fd82d4c2b997e0fe878efe2392487968b8d61b9029f",""
"entity-ukraine@1920/overview","entity-ukraine@1920","","Ukraine","1920","overview","MISSING","C","held-ambiguous","political-polity","true","[]","[]","[]","[]","{""map_identity_id"":""entity-ukraine"",""aliases"":[],""historical_names"":[],""identifiers"":{}}","[""Snapshot context is not observation date or boundary date."",""Map geometry does not establish sovereignty or succession."",""Resolve historical identity before proposing entity-specific facts."",""Existing applicability intervals: []""]","35c5a20cdfaf4e7e7a788fd82d4c2b997e0fe878efe2392487968b8d61b9029f",""
"entity-dutch-guinea@1945/overview","entity-dutch-guinea@1945","","Dutch Guinea","1945","overview","MISSING","C","held-ambiguous","dependent-administration","true","[]","[]","[]","[]","{""map_identity_id"":""entity-dutch-guinea"",""aliases"":[],""historical_names"":[],""identifiers"":{}}","[""Snapshot context is not observation date or boundary date."",""Map geometry does not establish sovereignty or succession."",""Resolve historical identity before proposing entity-specific facts."",""Existing applicability intervals: []""]","35c5a20cdfaf4e7e7a788fd82d4c2b997e0fe878efe2392487968b8d61b9029f",""
"entity-oman-british-raj@1938/overview","entity-oman-british-raj@1938","","Oman (British Raj)","1938","overview","MISSING","C","held-ambiguous","dependent-administration","true","[]","[]","[]","[]","{""map_identity_id"":""entity-oman-british-raj"",""aliases"":[],""historical_names"":[],""identifiers"":{}}","[""Snapshot context is not observation date or boundary date."",""Map geometry does not establish sovereignty or succession."",""Resolve historical identity before proposing entity-specific facts."",""Existing applicability intervals: []""]","35c5a20cdfaf4e7e7a788fd82d4c2b997e0fe878efe2392487968b8d61b9029f",""
"entity-yemen-uk@1938/overview","entity-yemen-uk@1938","","Yemen (UK)","1938","overview","MISSING","C","held-ambiguous","dependent-administration","true","[]","[]","[]","[]","{""map_identity_id"":""entity-yemen-uk"",""aliases"":[],""historical_names"":[],""identifiers"":{}}","[""Snapshot context is not observation date or boundary date."",""Map geometry does not establish sovereignty or succession."",""Resolve historical identity before proposing entity-specific facts."",""Existing applicability intervals: []""]","35c5a20cdfaf4e7e7a788fd82d4c2b997e0fe878efe2392487968b8d61b9029f",""
"entity-first-samori-empire@1900/overview","entity-first-samori-empire@1900","","First Samori Empire","1900","overview","MISSING","C","completely-empty","political-polity","true","[]","[]","[]","[]","{""map_identity_id"":""entity-first-samori-empire"",""aliases"":[],""historical_names"":[],""identifiers"":{}}","[""Snapshot context is not observation date or boundary date."",""Map geometry does not establish sovereignty or succession."",""Resolve historical identity before proposing entity-specific facts."",""Existing applicability intervals: []""]","35c5a20cdfaf4e7e7a788fd82d4c2b997e0fe878efe2392487968b8d61b9029f",""
"entity-awsa@1800/overview","entity-awsa@1800","","Awsa","1800","overview","MISSING","C","held-ambiguous","political-polity","true","[]","[]","[]","[]","{""map_identity_id"":""entity-awsa"",""aliases"":[],""historical_names"":[],""identifiers"":{}}","[""Snapshot context is not observation date or boundary date."",""Map geometry does not establish sovereignty or succession."",""Resolve historical identity before proposing entity-specific facts."",""Existing applicability intervals: []""]","35c5a20cdfaf4e7e7a788fd82d4c2b997e0fe878efe2392487968b8d61b9029f",""
"entity-nkore@1815/overview","entity-nkore@1815","","Nkore","1815","overview","MISSING","C","held-ambiguous","political-polity","true","[]","[]","[]","[]","{""map_identity_id"":""entity-nkore"",""aliases"":[],""historical_names"":[],""identifiers"":{}}","[""Snapshot context is not observation date or boundary date."",""Map geometry does not establish sovereignty or succession."",""Resolve historical identity before proposing entity-specific facts."",""Existing applicability intervals: []""]","35c5a20cdfaf4e7e7a788fd82d4c2b997e0fe878efe2392487968b8d61b9029f",""
"entity-second-samori-empire@1900/overview","entity-second-samori-empire@1900","","Second Samori Empire","1900","overview","MISSING","C","completely-empty","political-polity","true","[]","[]","[]","[]","{""map_identity_id"":""entity-second-samori-empire"",""aliases"":[],""historical_names"":[],""identifiers"":{}}","[""Snapshot context is not observation date or boundary date."",""Map geometry does not establish sovereignty or succession."",""Resolve historical identity before proposing entity-specific facts."",""Existing applicability intervals: []""]","35c5a20cdfaf4e7e7a788fd82d4c2b997e0fe878efe2392487968b8d61b9029f",""
"entity-songhai@1800/overview","entity-songhai@1800","","Songhai","1800","overview","MISSING","C","held-ambiguous","political-polity","true","[]","[]","[]","[]","{""map_identity_id"":""entity-songhai"",""aliases"":[],""historical_names"":[],""identifiers"":{}}","[""Snapshot context is not observation date or boundary date."",""Map geometry does not establish sovereignty or succession."",""Resolve historical identity before proposing entity-specific facts."",""Existing applicability intervals: []""]","35c5a20cdfaf4e7e7a788fd82d4c2b997e0fe878efe2392487968b8d61b9029f",""
"entity-bahawalpur@1800/overview","entity-bahawalpur@1800","","Bahawalpur","1800","overview","MISSING","C","held-ambiguous","political-polity","true","[]","[]","[]","[]","{""map_identity_id"":""entity-bahawalpur"",""aliases"":[],""historical_names"":[],""identifiers"":{}}","[""Snapshot context is not observation date or boundary date."",""Map geometry does not establish sovereignty or succession."",""Resolve historical identity before proposing entity-specific facts."",""Existing applicability intervals: []""]","35c5a20cdfaf4e7e7a788fd82d4c2b997e0fe878efe2392487968b8d61b9029f",""
"entity-southern-cameroon@1945/overview","entity-southern-cameroon@1945","","Southern Cameroon","1945","overview","MISSING","C","completely-empty","dependent-administration","true","[]","[]","[]","[]","{""map_identity_id"":""entity-southern-cameroon"",""aliases"":[],""historical_names"":[],""identifiers"":{}}","[""Snapshot context is not observation date or boundary date."",""Map geometry does not establish sovereignty or succession."",""Resolve historical identity before proposing entity-specific facts."",""Existing applicability intervals: []""]","35c5a20cdfaf4e7e7a788fd82d4c2b997e0fe878efe2392487968b8d61b9029f",""
"entity-ceylon-dutch@1800/overview","entity-ceylon-dutch@1800","","Ceylon (Dutch)","1800","overview","MISSING","C","held-ambiguous","dependent-administration","true","[]","[]","[]","[]","{""map_identity_id"":""entity-ceylon-dutch"",""aliases"":[],""historical_names"":[],""identifiers"":{}}","[""Snapshot context is not observation date or boundary date."",""Map geometry does not establish sovereignty or succession."",""Resolve historical identity before proposing entity-specific facts."",""Existing applicability intervals: []""]","35c5a20cdfaf4e7e7a788fd82d4c2b997e0fe878efe2392487968b8d61b9029f",""
"entity-sikkim-indian-princely-state@1815/overview","entity-sikkim-indian-princely-state@1815","","Sikkim (Indian princely state)","1815","overview","MISSING","C","held-ambiguous","dependent-administration","true","[]","[]","[]","[]","{""map_identity_id"":""entity-sikkim-indian-princely-state"",""aliases"":[],""historical_names"":[],""identifiers"":{}}","[""Snapshot context is not observation date or boundary date."",""Map geometry does not establish sovereignty or succession."",""Resolve historical identity before proposing entity-specific facts."",""Existing applicability intervals: []""]","35c5a20cdfaf4e7e7a788fd82d4c2b997e0fe878efe2392487968b8d61b9029f",""
"entity-guinea-bissau-portugal@1945/overview","entity-guinea-bissau-portugal@1945","b16-portuguese-guinea-1945","Portuguese Guinea — Sarmento Rodrigues administration","1945","overview","PARTIAL","C","partially-supported","dependent-administration","false","[""Coverage begins after May 1945 installation evidence and ends before the January 1949 handover. Portuguese administrative territory is not a modern independent republic.""]","[]","[]","[]","{""map_identity_id"":""entity-guinea-bissau-portugal"",""aliases"":[],""historical_names"":[{""value"":""Portuguese Guinea — Sarmento Rodrigues administration"",""kind"":""primary"",""validFrom"":""1945-06-01"",""validUntil"":""1949-01-01""}],""identifiers"":{}}","[""Snapshot context is not observation date or boundary date."",""Map geometry does not establish sovereignty or succession."",""Existing applicability intervals: [{\""kind\"":\""interval\"",\""from\"":\""1945-06-01\"",\""until\"":\""1949-01-01\""}]""]","35c5a20cdfaf4e7e7a788fd82d4c2b997e0fe878efe2392487968b8d61b9029f",""
"entity-republic-of-krakow@1815/overview","entity-republic-of-krakow@1815","krakow-free-city-framework","Free City of Krakow","1815","overview","PARTIAL","C","partially-supported","political-polity","false","[""The Vienna settlement created the city republic in 1815. Start retains year precision; protection arrangements, officers and the later constitutional revision remain uncurated.""]","[]","[]","[]","{""map_identity_id"":""entity-republic-of-krakow"",""aliases"":[],""historical_names"":[{""value"":""Free City of Krakow"",""kind"":""primary"",""validFrom"":""1815"",""validUntil"":""1818-01-01""}],""identifiers"":{}}","[""Snapshot context is not observation date or boundary date."",""Map geometry does not establish sovereignty or succession."",""Existing applicability intervals: [{\""kind\"":\""interval\"",\""from\"":\""1815\"",\""until\"":\""1818-01-01\""}]""]","35c5a20cdfaf4e7e7a788fd82d4c2b997e0fe878efe2392487968b8d61b9029f",""
"entity-togoland@1914/overview","entity-togoland@1914","","Togoland","1914","overview","MISSING","C","held-ambiguous","dependent-administration","true","[]","[]","[]","[]","{""map_identity_id"":""entity-togoland"",""aliases"":[],""historical_names"":[],""identifiers"":{}}","[""Snapshot context is not observation date or boundary date."",""Map geometry does not establish sovereignty or succession."",""Resolve historical identity before proposing entity-specific facts."",""Existing applicability intervals: []""]","35c5a20cdfaf4e7e7a788fd82d4c2b997e0fe878efe2392487968b8d61b9029f",""
