"cell_id","occurrence_id","atlas_entity_id","atlas_display_name","snapshot_year","dossier_category","current_status","research_priority","mapping_status","eligibility_classification","identity_review_required","current_values","observation_dates","territorial_scopes","held_reasons","known_aliases_identifiers","notes","production_fingerprint","proposals_json"
"entity-saint-martin@1800/political-institutional","entity-saint-martin@1800","","Saint Martin","1800","political-institutional","MISSING","C","held-ambiguous","dependent-administration","true","[]","[]","[]","[]","{""map_identity_id"":""entity-saint-martin"",""aliases"":[],""historical_names"":[],""identifiers"":{}}","[""Snapshot context is not observation date or boundary date."",""Map geometry does not establish sovereignty or succession."",""Resolve historical identity before proposing entity-specific facts.""]","851acb012ccfa2a4bfa05ea83ec2694b3f773a7a6fee8703e87969c9225e6997",""
"entity-saint-martin@1815/political-institutional","entity-saint-martin@1815","","Saint Martin","1815","political-institutional","MISSING","C","held-ambiguous","dependent-administration","true","[]","[]","[]","[]","{""map_identity_id"":""entity-saint-martin"",""aliases"":[],""historical_names"":[],""identifiers"":{}}","[""Snapshot context is not observation date or boundary date."",""Map geometry does not establish sovereignty or succession."",""Resolve historical identity before proposing entity-specific facts.""]","851acb012ccfa2a4bfa05ea83ec2694b3f773a7a6fee8703e87969c9225e6997",""
"entity-saint-martin@1878/political-institutional","entity-saint-martin@1878","","Saint Martin","1878","political-institutional","MISSING","C","held-ambiguous","dependent-administration","true","[]","[]","[]","[]","{""map_identity_id"":""entity-saint-martin"",""aliases"":[],""historical_names"":[],""identifiers"":{}}","[""Snapshot context is not observation date or boundary date."",""Map geometry does not establish sovereignty or succession."",""Resolve historical identity before proposing entity-specific facts.""]","851acb012ccfa2a4bfa05ea83ec2694b3f773a7a6fee8703e87969c9225e6997",""
"entity-saint-martin@1880/political-institutional","entity-saint-martin@1880","","Saint Martin","1880","political-institutional","MISSING","C","held-ambiguous","dependent-administration","true","[]","[]","[]","[]","{""map_identity_id"":""entity-saint-martin"",""aliases"":[],""historical_names"":[],""identifiers"":{}}","[""Snapshot context is not observation date or boundary date."",""Map geometry does not establish sovereignty or succession."",""Resolve historical identity before proposing entity-specific facts.""]","851acb012ccfa2a4bfa05ea83ec2694b3f773a7a6fee8703e87969c9225e6997",""
"entity-saint-martin@1900/political-institutional","entity-saint-martin@1900","","Saint Martin","1900","political-institutional","MISSING","C","held-ambiguous","dependent-administration","true","[]","[]","[]","[]","{""map_identity_id"":""entity-saint-martin"",""aliases"":[],""historical_names"":[],""identifiers"":{}}","[""Snapshot context is not observation date or boundary date."",""Map geometry does not establish sovereignty or succession."",""Resolve historical identity before proposing entity-specific facts.""]","851acb012ccfa2a4bfa05ea83ec2694b3f773a7a6fee8703e87969c9225e6997",""
"entity-saint-martin@1914/political-institutional","entity-saint-martin@1914","","Saint Martin","1914","political-institutional","MISSING","C","held-ambiguous","dependent-administration","true","[]","[]","[]","[]","{""map_identity_id"":""entity-saint-martin"",""aliases"":[],""historical_names"":[],""identifiers"":{}}","[""Snapshot context is not observation date or boundary date."",""Map geometry does not establish sovereignty or succession."",""Resolve historical identity before proposing entity-specific facts.""]","851acb012ccfa2a4bfa05ea83ec2694b3f773a7a6fee8703e87969c9225e6997",""
"entity-saint-martin@1920/political-institutional","entity-saint-martin@1920","","Saint Martin","1920","political-institutional","MISSING","C","held-ambiguous","dependent-administration","true","[]","[]","[]","[]","{""map_identity_id"":""entity-saint-martin"",""aliases"":[],""historical_names"":[],""identifiers"":{}}","[""Snapshot context is not observation date or boundary date."",""Map geometry does not establish sovereignty or succession."",""Resolve historical identity before proposing entity-specific facts.""]","851acb012ccfa2a4bfa05ea83ec2694b3f773a7a6fee8703e87969c9225e6997",""
"entity-saint-martin@1930/political-institutional","entity-saint-martin@1930","","Saint Martin","1930","political-institutional","MISSING","C","held-ambiguous","dependent-administration","true","[]","[]","[]","[]","{""map_identity_id"":""entity-saint-martin"",""aliases"":[],""historical_names"":[],""identifiers"":{}}","[""Snapshot context is not observation date or boundary date."",""Map geometry does not establish sovereignty or succession."",""Resolve historical identity before proposing entity-specific facts.""]","851acb012ccfa2a4bfa05ea83ec2694b3f773a7a6fee8703e87969c9225e6997",""
"entity-saint-martin@1938/political-institutional","entity-saint-martin@1938","","Saint Martin","1938","political-institutional","MISSING","C","held-ambiguous","dependent-administration","true","[]","[]","[]","[]","{""map_identity_id"":""entity-saint-martin"",""aliases"":[],""historical_names"":[],""identifiers"":{}}","[""Snapshot context is not observation date or boundary date."",""Map geometry does not establish sovereignty or succession."",""Resolve historical identity before proposing entity-specific facts.""]","851acb012ccfa2a4bfa05ea83ec2694b3f773a7a6fee8703e87969c9225e6997",""
"entity-saint-martin@1945/political-institutional","entity-saint-martin@1945","","Saint Martin","1945","political-institutional","MISSING","C","held-ambiguous","dependent-administration","true","[]","[]","[]","[]","{""map_identity_id"":""entity-saint-martin"",""aliases"":[],""historical_names"":[],""identifiers"":{}}","[""Snapshot context is not observation date or boundary date."",""Map geometry does not establish sovereignty or succession."",""Resolve historical identity before proposing entity-specific facts.""]","851acb012ccfa2a4bfa05ea83ec2694b3f773a7a6fee8703e87969c9225e6997",""
"entity-papua-new-guinea@1800/political-institutional","entity-papua-new-guinea@1800","","Papua New Guinea","1800","political-institutional","MISSING","C","held-ambiguous","dependent-administration","true","[]","[]","[]","[]","{""map_identity_id"":""entity-papua-new-guinea"",""aliases"":[],""historical_names"":[],""identifiers"":{}}","[""Snapshot context is not observation date or boundary date."",""Map geometry does not establish sovereignty or succession."",""Resolve historical identity before proposing entity-specific facts.""]","851acb012ccfa2a4bfa05ea83ec2694b3f773a7a6fee8703e87969c9225e6997",""
"entity-papua-new-guinea@1878/political-institutional","entity-papua-new-guinea@1878","","Papua New Guinea","1878","political-institutional","MISSING","C","held-ambiguous","dependent-administration","true","[]","[]","[]","[]","{""map_identity_id"":""entity-papua-new-guinea"",""aliases"":[],""historical_names"":[],""identifiers"":{}}","[""Snapshot context is not observation date or boundary date."",""Map geometry does not establish sovereignty or succession."",""Resolve historical identity before proposing entity-specific facts.""]","851acb012ccfa2a4bfa05ea83ec2694b3f773a7a6fee8703e87969c9225e6997",""
"entity-papua-new-guinea@1880/political-institutional","entity-papua-new-guinea@1880","","Papua New Guinea","1880","political-institutional","MISSING","C","held-ambiguous","dependent-administration","true","[]","[]","[]","[]","{""map_identity_id"":""entity-papua-new-guinea"",""aliases"":[],""historical_names"":[],""identifiers"":{}}","[""Snapshot context is not observation date or boundary date."",""Map geometry does not establish sovereignty or succession."",""Resolve historical identity before proposing entity-specific facts.""]","851acb012ccfa2a4bfa05ea83ec2694b3f773a7a6fee8703e87969c9225e6997",""
"entity-papua-new-guinea@1900/political-institutional","entity-papua-new-guinea@1900","","Papua New Guinea","1900","political-institutional","MISSING","C","held-ambiguous","dependent-administration","true","[]","[]","[]","[]","{""map_identity_id"":""entity-papua-new-guinea"",""aliases"":[],""historical_names"":[],""identifiers"":{}}","[""Snapshot context is not observation date or boundary date."",""Map geometry does not establish sovereignty or succession."",""Resolve historical identity before proposing entity-specific facts.""]","851acb012ccfa2a4bfa05ea83ec2694b3f773a7a6fee8703e87969c9225e6997",""
"entity-papua-new-guinea@1914/political-institutional","entity-papua-new-guinea@1914","","Papua New Guinea","1914","political-institutional","MISSING","C","held-ambiguous","dependent-administration","true","[]","[]","[]","[]","{""map_identity_id"":""entity-papua-new-guinea"",""aliases"":[],""historical_names"":[],""identifiers"":{}}","[""Snapshot context is not observation date or boundary date."",""Map geometry does not establish sovereignty or succession."",""Resolve historical identity before proposing entity-specific facts.""]","851acb012ccfa2a4bfa05ea83ec2694b3f773a7a6fee8703e87969c9225e6997",""
"entity-papua-new-guinea@1920/political-institutional","entity-papua-new-guinea@1920","","Papua New Guinea","1920","political-institutional","MISSING","C","held-ambiguous","dependent-administration","true","[]","[]","[]","[]","{""map_identity_id"":""entity-papua-new-guinea"",""aliases"":[],""historical_names"":[],""identifiers"":{}}","[""Snapshot context is not observation date or boundary date."",""Map geometry does not establish sovereignty or succession."",""Resolve historical identity before proposing entity-specific facts.""]","851acb012ccfa2a4bfa05ea83ec2694b3f773a7a6fee8703e87969c9225e6997",""
"entity-papua-new-guinea@1930/political-institutional","entity-papua-new-guinea@1930","","Papua New Guinea","1930","political-institutional","MISSING","C","held-ambiguous","dependent-administration","true","[]","[]","[]","[]","{""map_identity_id"":""entity-papua-new-guinea"",""aliases"":[],""historical_names"":[],""identifiers"":{}}","[""Snapshot context is not observation date or boundary date."",""Map geometry does not establish sovereignty or succession."",""Resolve historical identity before proposing entity-specific facts.""]","851acb012ccfa2a4bfa05ea83ec2694b3f773a7a6fee8703e87969c9225e6997",""
"entity-papua-new-guinea@1945/political-institutional","entity-papua-new-guinea@1945","","Papua New Guinea","1945","political-institutional","MISSING","C","held-ambiguous","dependent-administration","true","[]","[]","[]","[]","{""map_identity_id"":""entity-papua-new-guinea"",""aliases"":[],""historical_names"":[],""identifiers"":{}}","[""Snapshot context is not observation date or boundary date."",""Map geometry does not establish sovereignty or succession."",""Resolve historical identity before proposing entity-specific facts.""]","851acb012ccfa2a4bfa05ea83ec2694b3f773a7a6fee8703e87969c9225e6997",""
"entity-brunei@1800/political-institutional","entity-brunei@1800","","Brunei","1800","political-institutional","MISSING","C","completely-empty","political-polity","true","[]","[]","[]","[]","{""map_identity_id"":""entity-brunei"",""aliases"":[],""historical_names"":[],""identifiers"":{}}","[""Snapshot context is not observation date or boundary date."",""Map geometry does not establish sovereignty or succession."",""Resolve historical identity before proposing entity-specific facts.""]","851acb012ccfa2a4bfa05ea83ec2694b3f773a7a6fee8703e87969c9225e6997",""
"entity-brunei@1815/political-institutional","entity-brunei@1815","","Brunei","1815","political-institutional","MISSING","C","completely-empty","political-polity","true","[]","[]","[]","[]","{""map_identity_id"":""entity-brunei"",""aliases"":[],""historical_names"":[],""identifiers"":{}}","[""Snapshot context is not observation date or boundary date."",""Map geometry does not establish sovereignty or succession."",""Resolve historical identity before proposing entity-specific facts.""]","851acb012ccfa2a4bfa05ea83ec2694b3f773a7a6fee8703e87969c9225e6997",""
"entity-brunei@1878/political-institutional","entity-brunei@1878","","Brunei","1878","political-institutional","MISSING","C","completely-empty","political-polity","true","[]","[]","[]","[]","{""map_identity_id"":""entity-brunei"",""aliases"":[],""historical_names"":[],""identifiers"":{}}","[""Snapshot context is not observation date or boundary date."",""Map geometry does not establish sovereignty or succession."",""Resolve historical identity before proposing entity-specific facts.""]","851acb012ccfa2a4bfa05ea83ec2694b3f773a7a6fee8703e87969c9225e6997",""
"entity-brunei@1880/political-institutional","entity-brunei@1880","","Brunei","1880","political-institutional","MISSING","C","completely-empty","political-polity","true","[]","[]","[]","[]","{""map_identity_id"":""entity-brunei"",""aliases"":[],""historical_names"":[],""identifiers"":{}}","[""Snapshot context is not observation date or boundary date."",""Map geometry does not establish sovereignty or succession."",""Resolve historical identity before proposing entity-specific facts.""]","851acb012ccfa2a4bfa05ea83ec2694b3f773a7a6fee8703e87969c9225e6997",""
"entity-brunei@1945/political-institutional","entity-brunei@1945","","Brunei","1945","political-institutional","MISSING","C","completely-empty","political-polity","true","[]","[]","[]","[]","{""map_identity_id"":""entity-brunei"",""aliases"":[],""historical_names"":[],""identifiers"":{}}","[""Snapshot context is not observation date or boundary date."",""Map geometry does not establish sovereignty or succession."",""Resolve historical identity before proposing entity-specific facts.""]","851acb012ccfa2a4bfa05ea83ec2694b3f773a7a6fee8703e87969c9225e6997",""
"entity-guatemala@1878/political-institutional","entity-guatemala@1878","","Guatemala","1878","political-institutional","MISSING","C","completely-empty","political-polity","true","[]","[]","[]","[]","{""map_identity_id"":""entity-guatemala"",""aliases"":[],""historical_names"":[],""identifiers"":{}}","[""Snapshot context is not observation date or boundary date."",""Map geometry does not establish sovereignty or succession."",""Resolve historical identity before proposing entity-specific facts.""]","851acb012ccfa2a4bfa05ea83ec2694b3f773a7a6fee8703e87969c9225e6997",""
"entity-guatemala@1880/political-institutional","entity-guatemala@1880","","Guatemala","1880","political-institutional","MISSING","C","completely-empty","political-polity","true","[]","[]","[]","[]","{""map_identity_id"":""entity-guatemala"",""aliases"":[],""historical_names"":[],""identifiers"":{}}","[""Snapshot context is not observation date or boundary date."",""Map geometry does not establish sovereignty or succession."",""Resolve historical identity before proposing entity-specific facts.""]","851acb012ccfa2a4bfa05ea83ec2694b3f773a7a6fee8703e87969c9225e6997",""
"entity-guatemala@1900/political-institutional","entity-guatemala@1900","","Guatemala","1900","political-institutional","MISSING","C","completely-empty","political-polity","true","[]","[]","[]","[]","{""map_identity_id"":""entity-guatemala"",""aliases"":[],""historical_names"":[],""identifiers"":{}}","[""Snapshot context is not observation date or boundary date."",""Map geometry does not establish sovereignty or succession."",""Resolve historical identity before proposing entity-specific facts.""]","851acb012ccfa2a4bfa05ea83ec2694b3f773a7a6fee8703e87969c9225e6997",""
"entity-guatemala@1914/political-institutional","entity-guatemala@1914","","Guatemala","1914","political-institutional","MISSING","C","completely-empty","political-polity","true","[]","[]","[]","[]","{""map_identity_id"":""entity-guatemala"",""aliases"":[],""historical_names"":[],""identifiers"":{}}","[""Snapshot context is not observation date or boundary date."",""Map geometry does not establish sovereignty or succession."",""Resolve historical identity before proposing entity-specific facts.""]","851acb012ccfa2a4bfa05ea83ec2694b3f773a7a6fee8703e87969c9225e6997",""
"entity-guatemala@1920/political-institutional","entity-guatemala@1920","","Guatemala","1920","political-institutional","MISSING","C","completely-empty","political-polity","true","[]","[]","[]","[]","{""map_identity_id"":""entity-guatemala"",""aliases"":[],""historical_names"":[],""identifiers"":{}}","[""Snapshot context is not observation date or boundary date."",""Map geometry does not establish sovereignty or succession."",""Resolve historical identity before proposing entity-specific facts.""]","851acb012ccfa2a4bfa05ea83ec2694b3f773a7a6fee8703e87969c9225e6997",""
"entity-guatemala@1930/political-institutional","entity-guatemala@1930","","Guatemala","1930","political-institutional","MISSING","C","completely-empty","political-polity","true","[]","[]","[]","[]","{""map_identity_id"":""entity-guatemala"",""aliases"":[],""historical_names"":[],""identifiers"":{}}","[""Snapshot context is not observation date or boundary date."",""Map geometry does not establish sovereignty or succession."",""Resolve historical identity before proposing entity-specific facts.""]","851acb012ccfa2a4bfa05ea83ec2694b3f773a7a6fee8703e87969c9225e6997",""
"entity-guatemala@1945/political-institutional","entity-guatemala@1945","","Guatemala","1945","political-institutional","MISSING","C","completely-empty","political-polity","true","[]","[]","[]","[]","{""map_identity_id"":""entity-guatemala"",""aliases"":[],""historical_names"":[],""identifiers"":{}}","[""Snapshot context is not observation date or boundary date."",""Map geometry does not establish sovereignty or succession."",""Resolve historical identity before proposing entity-specific facts.""]","851acb012ccfa2a4bfa05ea83ec2694b3f773a7a6fee8703e87969c9225e6997",""
"entity-guatemala@1960/political-institutional","entity-guatemala@1960","","Guatemala","1960","political-institutional","MISSING","C","completely-empty","political-polity","true","[]","[]","[]","[]","{""map_identity_id"":""entity-guatemala"",""aliases"":[],""historical_names"":[],""identifiers"":{}}","[""Snapshot context is not observation date or boundary date."",""Map geometry does not establish sovereignty or succession."",""Resolve historical identity before proposing entity-specific facts.""]","851acb012ccfa2a4bfa05ea83ec2694b3f773a7a6fee8703e87969c9225e6997",""
"entity-costa-rica@1878/political-institutional","entity-costa-rica@1878","","Costa Rica","1878","political-institutional","MISSING","C","completely-empty","political-polity","true","[]","[]","[]","[]","{""map_identity_id"":""entity-costa-rica"",""aliases"":[],""historical_names"":[],""identifiers"":{}}","[""Snapshot context is not observation date or boundary date."",""Map geometry does not establish sovereignty or succession."",""Resolve historical identity before proposing entity-specific facts.""]","851acb012ccfa2a4bfa05ea83ec2694b3f773a7a6fee8703e87969c9225e6997",""
"entity-costa-rica@1880/political-institutional","entity-costa-rica@1880","","Costa Rica","1880","political-institutional","MISSING","C","completely-empty","political-polity","true","[]","[]","[]","[]","{""map_identity_id"":""entity-costa-rica"",""aliases"":[],""historical_names"":[],""identifiers"":{}}","[""Snapshot context is not observation date or boundary date."",""Map geometry does not establish sovereignty or succession."",""Resolve historical identity before proposing entity-specific facts.""]","851acb012ccfa2a4bfa05ea83ec2694b3f773a7a6fee8703e87969c9225e6997",""
"entity-costa-rica@1900/political-institutional","entity-costa-rica@1900","","Costa Rica","1900","political-institutional","MISSING","C","completely-empty","political-polity","true","[]","[]","[]","[]","{""map_identity_id"":""entity-costa-rica"",""aliases"":[],""historical_names"":[],""identifiers"":{}}","[""Snapshot context is not observation date or boundary date."",""Map geometry does not establish sovereignty or succession."",""Resolve historical identity before proposing entity-specific facts.""]","851acb012ccfa2a4bfa05ea83ec2694b3f773a7a6fee8703e87969c9225e6997",""
"entity-costa-rica@1914/political-institutional","entity-costa-rica@1914","","Costa Rica","1914","political-institutional","MISSING","C","completely-empty","political-polity","true","[]","[]","[]","[]","{""map_identity_id"":""entity-costa-rica"",""aliases"":[],""historical_names"":[],""identifiers"":{}}","[""Snapshot context is not observation date or boundary date."",""Map geometry does not establish sovereignty or succession."",""Resolve historical identity before proposing entity-specific facts.""]","851acb012ccfa2a4bfa05ea83ec2694b3f773a7a6fee8703e87969c9225e6997",""
"entity-costa-rica@1920/political-institutional","entity-costa-rica@1920","","Costa Rica","1920","political-institutional","MISSING","C","completely-empty","political-polity","true","[]","[]","[]","[]","{""map_identity_id"":""entity-costa-rica"",""aliases"":[],""historical_names"":[],""identifiers"":{}}","[""Snapshot context is not observation date or boundary date."",""Map geometry does not establish sovereignty or succession."",""Resolve historical identity before proposing entity-specific facts.""]","851acb012ccfa2a4bfa05ea83ec2694b3f773a7a6fee8703e87969c9225e6997",""
"entity-costa-rica@1930/political-institutional","entity-costa-rica@1930","","Costa Rica","1930","political-institutional","MISSING","C","completely-empty","political-polity","true","[]","[]","[]","[]","{""map_identity_id"":""entity-costa-rica"",""aliases"":[],""historical_names"":[],""identifiers"":{}}","[""Snapshot context is not observation date or boundary date."",""Map geometry does not establish sovereignty or succession."",""Resolve historical identity before proposing entity-specific facts.""]","851acb012ccfa2a4bfa05ea83ec2694b3f773a7a6fee8703e87969c9225e6997",""
"entity-costa-rica@1938/political-institutional","entity-costa-rica@1938","","Costa Rica","1938","political-institutional","MISSING","C","completely-empty","political-polity","true","[]","[]","[]","[]","{""map_identity_id"":""entity-costa-rica"",""aliases"":[],""historical_names"":[],""identifiers"":{}}","[""Snapshot context is not observation date or boundary date."",""Map geometry does not establish sovereignty or succession."",""Resolve historical identity before proposing entity-specific facts.""]","851acb012ccfa2a4bfa05ea83ec2694b3f773a7a6fee8703e87969c9225e6997",""
"entity-costa-rica@1945/political-institutional","entity-costa-rica@1945","","Costa Rica","1945","political-institutional","MISSING","C","completely-empty","political-polity","true","[]","[]","[]","[]","{""map_identity_id"":""entity-costa-rica"",""aliases"":[],""historical_names"":[],""identifiers"":{}}","[""Snapshot context is not observation date or boundary date."",""Map geometry does not establish sovereignty or succession."",""Resolve historical identity before proposing entity-specific facts.""]","851acb012ccfa2a4bfa05ea83ec2694b3f773a7a6fee8703e87969c9225e6997",""
"entity-el-salvador@1878/political-institutional","entity-el-salvador@1878","","El Salvador","1878","political-institutional","MISSING","C","completely-empty","political-polity","true","[]","[]","[]","[]","{""map_identity_id"":""entity-el-salvador"",""aliases"":[],""historical_names"":[],""identifiers"":{}}","[""Snapshot context is not observation date or boundary date."",""Map geometry does not establish sovereignty or succession."",""Resolve historical identity before proposing entity-specific facts.""]","851acb012ccfa2a4bfa05ea83ec2694b3f773a7a6fee8703e87969c9225e6997",""
"entity-el-salvador@1880/political-institutional","entity-el-salvador@1880","","El Salvador","1880","political-institutional","MISSING","C","completely-empty","political-polity","true","[]","[]","[]","[]","{""map_identity_id"":""entity-el-salvador"",""aliases"":[],""historical_names"":[],""identifiers"":{}}","[""Snapshot context is not observation date or boundary date."",""Map geometry does not establish sovereignty or succession."",""Resolve historical identity before proposing entity-specific facts.""]","851acb012ccfa2a4bfa05ea83ec2694b3f773a7a6fee8703e87969c9225e6997",""
"entity-el-salvador@1900/political-institutional","entity-el-salvador@1900","","El Salvador","1900","political-institutional","MISSING","C","completely-empty","political-polity","true","[]","[]","[]","[]","{""map_identity_id"":""entity-el-salvador"",""aliases"":[],""historical_names"":[],""identifiers"":{}}","[""Snapshot context is not observation date or boundary date."",""Map geometry does not establish sovereignty or succession."",""Resolve historical identity before proposing entity-specific facts.""]","851acb012ccfa2a4bfa05ea83ec2694b3f773a7a6fee8703e87969c9225e6997",""
"entity-el-salvador@1914/political-institutional","entity-el-salvador@1914","","El Salvador","1914","political-institutional","MISSING","C","completely-empty","political-polity","true","[]","[]","[]","[]","{""map_identity_id"":""entity-el-salvador"",""aliases"":[],""historical_names"":[],""identifiers"":{}}","[""Snapshot context is not observation date or boundary date."",""Map geometry does not establish sovereignty or succession."",""Resolve historical identity before proposing entity-specific facts.""]","851acb012ccfa2a4bfa05ea83ec2694b3f773a7a6fee8703e87969c9225e6997",""
"entity-el-salvador@1920/political-institutional","entity-el-salvador@1920","","El Salvador","1920","political-institutional","MISSING","C","completely-empty","political-polity","true","[]","[]","[]","[]","{""map_identity_id"":""entity-el-salvador"",""aliases"":[],""historical_names"":[],""identifiers"":{}}","[""Snapshot context is not observation date or boundary date."",""Map geometry does not establish sovereignty or succession."",""Resolve historical identity before proposing entity-specific facts.""]","851acb012ccfa2a4bfa05ea83ec2694b3f773a7a6fee8703e87969c9225e6997",""
"entity-el-salvador@1930/political-institutional","entity-el-salvador@1930","","El Salvador","1930","political-institutional","MISSING","C","completely-empty","political-polity","true","[]","[]","[]","[]","{""map_identity_id"":""entity-el-salvador"",""aliases"":[],""historical_names"":[],""identifiers"":{}}","[""Snapshot context is not observation date or boundary date."",""Map geometry does not establish sovereignty or succession."",""Resolve historical identity before proposing entity-specific facts.""]","851acb012ccfa2a4bfa05ea83ec2694b3f773a7a6fee8703e87969c9225e6997",""
"entity-el-salvador@1945/political-institutional","entity-el-salvador@1945","","El Salvador","1945","political-institutional","MISSING","C","completely-empty","political-polity","true","[]","[]","[]","[]","{""map_identity_id"":""entity-el-salvador"",""aliases"":[],""historical_names"":[],""identifiers"":{}}","[""Snapshot context is not observation date or boundary date."",""Map geometry does not establish sovereignty or succession."",""Resolve historical identity before proposing entity-specific facts.""]","851acb012ccfa2a4bfa05ea83ec2694b3f773a7a6fee8703e87969c9225e6997",""
"entity-el-salvador@1960/political-institutional","entity-el-salvador@1960","","El Salvador","1960","political-institutional","MISSING","C","completely-empty","political-polity","true","[]","[]","[]","[]","{""map_identity_id"":""entity-el-salvador"",""aliases"":[],""historical_names"":[],""identifiers"":{}}","[""Snapshot context is not observation date or boundary date."",""Map geometry does not establish sovereignty or succession."",""Resolve historical identity before proposing entity-specific facts.""]","851acb012ccfa2a4bfa05ea83ec2694b3f773a7a6fee8703e87969c9225e6997",""
"entity-bhutan@1800/political-institutional","entity-bhutan@1800","","Bhutan","1800","political-institutional","MISSING","C","completely-empty","political-polity","true","[]","[]","[]","[]","{""map_identity_id"":""entity-bhutan"",""aliases"":[],""historical_names"":[],""identifiers"":{}}","[""Snapshot context is not observation date or boundary date."",""Map geometry does not establish sovereignty or succession."",""Resolve historical identity before proposing entity-specific facts.""]","851acb012ccfa2a4bfa05ea83ec2694b3f773a7a6fee8703e87969c9225e6997",""
"entity-bhutan@1815/political-institutional","entity-bhutan@1815","","Bhutan","1815","political-institutional","MISSING","C","completely-empty","political-polity","true","[]","[]","[]","[]","{""map_identity_id"":""entity-bhutan"",""aliases"":[],""historical_names"":[],""identifiers"":{}}","[""Snapshot context is not observation date or boundary date."",""Map geometry does not establish sovereignty or succession."",""Resolve historical identity before proposing entity-specific facts.""]","851acb012ccfa2a4bfa05ea83ec2694b3f773a7a6fee8703e87969c9225e6997",""
"entity-bhutan@1878/political-institutional","entity-bhutan@1878","","Bhutan","1878","political-institutional","MISSING","C","completely-empty","political-polity","true","[]","[]","[]","[]","{""map_identity_id"":""entity-bhutan"",""aliases"":[],""historical_names"":[],""identifiers"":{}}","[""Snapshot context is not observation date or boundary date."",""Map geometry does not establish sovereignty or succession."",""Resolve historical identity before proposing entity-specific facts.""]","851acb012ccfa2a4bfa05ea83ec2694b3f773a7a6fee8703e87969c9225e6997",""
"entity-bhutan@1880/political-institutional","entity-bhutan@1880","","Bhutan","1880","political-institutional","MISSING","C","completely-empty","political-polity","true","[]","[]","[]","[]","{""map_identity_id"":""entity-bhutan"",""aliases"":[],""historical_names"":[],""identifiers"":{}}","[""Snapshot context is not observation date or boundary date."",""Map geometry does not establish sovereignty or succession."",""Resolve historical identity before proposing entity-specific facts.""]","851acb012ccfa2a4bfa05ea83ec2694b3f773a7a6fee8703e87969c9225e6997",""
"entity-bhutan@1900/political-institutional","entity-bhutan@1900","","Bhutan","1900","political-institutional","MISSING","C","completely-empty","political-polity","true","[]","[]","[]","[]","{""map_identity_id"":""entity-bhutan"",""aliases"":[],""historical_names"":[],""identifiers"":{}}","[""Snapshot context is not observation date or boundary date."",""Map geometry does not establish sovereignty or succession."",""Resolve historical identity before proposing entity-specific facts.""]","851acb012ccfa2a4bfa05ea83ec2694b3f773a7a6fee8703e87969c9225e6997",""
"entity-dominican-republic@1878/political-institutional","entity-dominican-republic@1878","","Dominican Republic","1878","political-institutional","MISSING","C","completely-empty","political-polity","true","[]","[]","[]","[]","{""map_identity_id"":""entity-dominican-republic"",""aliases"":[],""historical_names"":[],""identifiers"":{}}","[""Snapshot context is not observation date or boundary date."",""Map geometry does not establish sovereignty or succession."",""Resolve historical identity before proposing entity-specific facts.""]","851acb012ccfa2a4bfa05ea83ec2694b3f773a7a6fee8703e87969c9225e6997",""
"entity-dominican-republic@1880/political-institutional","entity-dominican-republic@1880","","Dominican Republic","1880","political-institutional","MISSING","C","completely-empty","political-polity","true","[]","[]","[]","[]","{""map_identity_id"":""entity-dominican-republic"",""aliases"":[],""historical_names"":[],""identifiers"":{}}","[""Snapshot context is not observation date or boundary date."",""Map geometry does not establish sovereignty or succession."",""Resolve historical identity before proposing entity-specific facts.""]","851acb012ccfa2a4bfa05ea83ec2694b3f773a7a6fee8703e87969c9225e6997",""
"entity-dominican-republic@1900/political-institutional","entity-dominican-republic@1900","","Dominican Republic","1900","political-institutional","MISSING","C","completely-empty","political-polity","true","[]","[]","[]","[]","{""map_identity_id"":""entity-dominican-republic"",""aliases"":[],""historical_names"":[],""identifiers"":{}}","[""Snapshot context is not observation date or boundary date."",""Map geometry does not establish sovereignty or succession."",""Resolve historical identity before proposing entity-specific facts.""]","851acb012ccfa2a4bfa05ea83ec2694b3f773a7a6fee8703e87969c9225e6997",""
"entity-dominican-republic@1914/political-institutional","entity-dominican-republic@1914","","Dominican Republic","1914","political-institutional","MISSING","C","completely-empty","political-polity","true","[]","[]","[]","[]","{""map_identity_id"":""entity-dominican-republic"",""aliases"":[],""historical_names"":[],""identifiers"":{}}","[""Snapshot context is not observation date or boundary date."",""Map geometry does not establish sovereignty or succession."",""Resolve historical identity before proposing entity-specific facts.""]","851acb012ccfa2a4bfa05ea83ec2694b3f773a7a6fee8703e87969c9225e6997",""
"entity-dominican-republic@1930/political-institutional","entity-dominican-republic@1930","","Dominican Republic","1930","political-institutional","MISSING","C","completely-empty","political-polity","true","[]","[]","[]","[]","{""map_identity_id"":""entity-dominican-republic"",""aliases"":[],""historical_names"":[],""identifiers"":{}}","[""Snapshot context is not observation date or boundary date."",""Map geometry does not establish sovereignty or succession."",""Resolve historical identity before proposing entity-specific facts.""]","851acb012ccfa2a4bfa05ea83ec2694b3f773a7a6fee8703e87969c9225e6997",""
"entity-dominican-republic@1960/political-institutional","entity-dominican-republic@1960","","Dominican Republic","1960","political-institutional","MISSING","C","completely-empty","political-polity","true","[]","[]","[]","[]","{""map_identity_id"":""entity-dominican-republic"",""aliases"":[],""historical_names"":[],""identifiers"":{}}","[""Snapshot context is not observation date or boundary date."",""Map geometry does not establish sovereignty or succession."",""Resolve historical identity before proposing entity-specific facts.""]","851acb012ccfa2a4bfa05ea83ec2694b3f773a7a6fee8703e87969c9225e6997",""
"entity-netherlands-antilles@1800/political-institutional","entity-netherlands-antilles@1800","","Netherlands Antilles","1800","political-institutional","MISSING","C","held-ambiguous","dependent-administration","true","[]","[]","[]","[]","{""map_identity_id"":""entity-netherlands-antilles"",""aliases"":[],""historical_names"":[],""identifiers"":{}}","[""Snapshot context is not observation date or boundary date."",""Map geometry does not establish sovereignty or succession."",""Resolve historical identity before proposing entity-specific facts.""]","851acb012ccfa2a4bfa05ea83ec2694b3f773a7a6fee8703e87969c9225e6997",""
"entity-netherlands-antilles@1815/political-institutional","entity-netherlands-antilles@1815","","Netherlands Antilles","1815","political-institutional","MISSING","C","held-ambiguous","dependent-administration","true","[]","[]","[]","[]","{""map_identity_id"":""entity-netherlands-antilles"",""aliases"":[],""historical_names"":[],""identifiers"":{}}","[""Snapshot context is not observation date or boundary date."",""Map geometry does not establish sovereignty or succession."",""Resolve historical identity before proposing entity-specific facts.""]","851acb012ccfa2a4bfa05ea83ec2694b3f773a7a6fee8703e87969c9225e6997",""
"entity-netherlands-antilles@1938/political-institutional","entity-netherlands-antilles@1938","","Netherlands Antilles","1938","political-institutional","MISSING","C","held-ambiguous","dependent-administration","true","[]","[]","[]","[]","{""map_identity_id"":""entity-netherlands-antilles"",""aliases"":[],""historical_names"":[],""identifiers"":{}}","[""Snapshot context is not observation date or boundary date."",""Map geometry does not establish sovereignty or succession."",""Resolve historical identity before proposing entity-specific facts.""]","851acb012ccfa2a4bfa05ea83ec2694b3f773a7a6fee8703e87969c9225e6997",""
"entity-netherlands-antilles@1945/political-institutional","entity-netherlands-antilles@1945","","Netherlands Antilles","1945","political-institutional","MISSING","C","held-ambiguous","dependent-administration","true","[]","[]","[]","[]","{""map_identity_id"":""entity-netherlands-antilles"",""aliases"":[],""historical_names"":[],""identifiers"":{}}","[""Snapshot context is not observation date or boundary date."",""Map geometry does not establish sovereignty or succession."",""Resolve historical identity before proposing entity-specific facts.""]","851acb012ccfa2a4bfa05ea83ec2694b3f773a7a6fee8703e87969c9225e6997",""
"entity-anguilla@1800/political-institutional","entity-anguilla@1800","","Anguilla","1800","political-institutional","MISSING","C","completely-empty","dependent-administration","true","[]","[]","[]","[]","{""map_identity_id"":""entity-anguilla"",""aliases"":[],""historical_names"":[],""identifiers"":{}}","[""Snapshot context is not observation date or boundary date."",""Map geometry does not establish sovereignty or succession."",""Resolve historical identity before proposing entity-specific facts.""]","851acb012ccfa2a4bfa05ea83ec2694b3f773a7a6fee8703e87969c9225e6997",""
"entity-anguilla@1815/political-institutional","entity-anguilla@1815","","Anguilla","1815","political-institutional","MISSING","C","completely-empty","dependent-administration","true","[]","[]","[]","[]","{""map_identity_id"":""entity-anguilla"",""aliases"":[],""historical_names"":[],""identifiers"":{}}","[""Snapshot context is not observation date or boundary date."",""Map geometry does not establish sovereignty or succession."",""Resolve historical identity before proposing entity-specific facts.""]","851acb012ccfa2a4bfa05ea83ec2694b3f773a7a6fee8703e87969c9225e6997",""
"entity-anguilla@1878/political-institutional","entity-anguilla@1878","","Anguilla","1878","political-institutional","MISSING","C","completely-empty","dependent-administration","true","[]","[]","[]","[]","{""map_identity_id"":""entity-anguilla"",""aliases"":[],""historical_names"":[],""identifiers"":{}}","[""Snapshot context is not observation date or boundary date."",""Map geometry does not establish sovereignty or succession."",""Resolve historical identity before proposing entity-specific facts.""]","851acb012ccfa2a4bfa05ea83ec2694b3f773a7a6fee8703e87969c9225e6997",""
"entity-anguilla@1880/political-institutional","entity-anguilla@1880","","Anguilla","1880","political-institutional","MISSING","C","completely-empty","dependent-administration","true","[]","[]","[]","[]","{""map_identity_id"":""entity-anguilla"",""aliases"":[],""historical_names"":[],""identifiers"":{}}","[""Snapshot context is not observation date or boundary date."",""Map geometry does not establish sovereignty or succession."",""Resolve historical identity before proposing entity-specific facts.""]","851acb012ccfa2a4bfa05ea83ec2694b3f773a7a6fee8703e87969c9225e6997",""
"entity-nicaragua@1878/political-institutional","entity-nicaragua@1878","","Nicaragua","1878","political-institutional","MISSING","C","completely-empty","political-polity","true","[]","[]","[]","[]","{""map_identity_id"":""entity-nicaragua"",""aliases"":[],""historical_names"":[],""identifiers"":{}}","[""Snapshot context is not observation date or boundary date."",""Map geometry does not establish sovereignty or succession."",""Resolve historical identity before proposing entity-specific facts.""]","851acb012ccfa2a4bfa05ea83ec2694b3f773a7a6fee8703e87969c9225e6997",""
"entity-nicaragua@1880/political-institutional","entity-nicaragua@1880","","Nicaragua","1880","political-institutional","MISSING","C","completely-empty","political-polity","true","[]","[]","[]","[]","{""map_identity_id"":""entity-nicaragua"",""aliases"":[],""historical_names"":[],""identifiers"":{}}","[""Snapshot context is not observation date or boundary date."",""Map geometry does not establish sovereignty or succession."",""Resolve historical identity before proposing entity-specific facts.""]","851acb012ccfa2a4bfa05ea83ec2694b3f773a7a6fee8703e87969c9225e6997",""
"entity-nicaragua@1900/political-institutional","entity-nicaragua@1900","","Nicaragua","1900","political-institutional","MISSING","C","completely-empty","political-polity","true","[]","[]","[]","[]","{""map_identity_id"":""entity-nicaragua"",""aliases"":[],""historical_names"":[],""identifiers"":{}}","[""Snapshot context is not observation date or boundary date."",""Map geometry does not establish sovereignty or succession."",""Resolve historical identity before proposing entity-specific facts.""]","851acb012ccfa2a4bfa05ea83ec2694b3f773a7a6fee8703e87969c9225e6997",""
"entity-nicaragua@1914/political-institutional","entity-nicaragua@1914","","Nicaragua","1914","political-institutional","MISSING","C","completely-empty","political-polity","true","[]","[]","[]","[]","{""map_identity_id"":""entity-nicaragua"",""aliases"":[],""historical_names"":[],""identifiers"":{}}","[""Snapshot context is not observation date or boundary date."",""Map geometry does not establish sovereignty or succession."",""Resolve historical identity before proposing entity-specific facts.""]","851acb012ccfa2a4bfa05ea83ec2694b3f773a7a6fee8703e87969c9225e6997",""
"entity-nicaragua@1920/political-institutional","entity-nicaragua@1920","","Nicaragua","1920","political-institutional","MISSING","C","completely-empty","political-polity","true","[]","[]","[]","[]","{""map_identity_id"":""entity-nicaragua"",""aliases"":[],""historical_names"":[],""identifiers"":{}}","[""Snapshot context is not observation date or boundary date."",""Map geometry does not establish sovereignty or succession."",""Resolve historical identity before proposing entity-specific facts.""]","851acb012ccfa2a4bfa05ea83ec2694b3f773a7a6fee8703e87969c9225e6997",""
"entity-nicaragua@1930/political-institutional","entity-nicaragua@1930","","Nicaragua","1930","political-institutional","MISSING","C","completely-empty","political-polity","true","[]","[]","[]","[]","{""map_identity_id"":""entity-nicaragua"",""aliases"":[],""historical_names"":[],""identifiers"":{}}","[""Snapshot context is not observation date or boundary date."",""Map geometry does not establish sovereignty or succession."",""Resolve historical identity before proposing entity-specific facts.""]","851acb012ccfa2a4bfa05ea83ec2694b3f773a7a6fee8703e87969c9225e6997",""
"entity-nicaragua@1960/political-institutional","entity-nicaragua@1960","","Nicaragua","1960","political-institutional","MISSING","C","completely-empty","political-polity","true","[]","[]","[]","[]","{""map_identity_id"":""entity-nicaragua"",""aliases"":[],""historical_names"":[],""identifiers"":{}}","[""Snapshot context is not observation date or boundary date."",""Map geometry does not establish sovereignty or succession."",""Resolve historical identity before proposing entity-specific facts.""]","851acb012ccfa2a4bfa05ea83ec2694b3f773a7a6fee8703e87969c9225e6997",""
"entity-honduras@1878/political-institutional","entity-honduras@1878","","Honduras","1878","political-institutional","MISSING","C","completely-empty","political-polity","true","[]","[]","[]","[]","{""map_identity_id"":""entity-honduras"",""aliases"":[],""historical_names"":[],""identifiers"":{}}","[""Snapshot context is not observation date or boundary date."",""Map geometry does not establish sovereignty or succession."",""Resolve historical identity before proposing entity-specific facts.""]","851acb012ccfa2a4bfa05ea83ec2694b3f773a7a6fee8703e87969c9225e6997",""
"entity-honduras@1880/political-institutional","entity-honduras@1880","","Honduras","1880","political-institutional","MISSING","C","completely-empty","political-polity","true","[]","[]","[]","[]","{""map_identity_id"":""entity-honduras"",""aliases"":[],""historical_names"":[],""identifiers"":{}}","[""Snapshot context is not observation date or boundary date."",""Map geometry does not establish sovereignty or succession."",""Resolve historical identity before proposing entity-specific facts.""]","851acb012ccfa2a4bfa05ea83ec2694b3f773a7a6fee8703e87969c9225e6997",""
"entity-honduras@1900/political-institutional","entity-honduras@1900","","Honduras","1900","political-institutional","MISSING","C","completely-empty","political-polity","true","[]","[]","[]","[]","{""map_identity_id"":""entity-honduras"",""aliases"":[],""historical_names"":[],""identifiers"":{}}","[""Snapshot context is not observation date or boundary date."",""Map geometry does not establish sovereignty or succession."",""Resolve historical identity before proposing entity-specific facts.""]","851acb012ccfa2a4bfa05ea83ec2694b3f773a7a6fee8703e87969c9225e6997",""
"entity-honduras@1914/political-institutional","entity-honduras@1914","","Honduras","1914","political-institutional","MISSING","C","completely-empty","political-polity","true","[]","[]","[]","[]","{""map_identity_id"":""entity-honduras"",""aliases"":[],""historical_names"":[],""identifiers"":{}}","[""Snapshot context is not observation date or boundary date."",""Map geometry does not establish sovereignty or succession."",""Resolve historical identity before proposing entity-specific facts.""]","851acb012ccfa2a4bfa05ea83ec2694b3f773a7a6fee8703e87969c9225e6997",""
"entity-honduras@1920/political-institutional","entity-honduras@1920","","Honduras","1920","political-institutional","MISSING","C","completely-empty","political-polity","true","[]","[]","[]","[]","{""map_identity_id"":""entity-honduras"",""aliases"":[],""historical_names"":[],""identifiers"":{}}","[""Snapshot context is not observation date or boundary date."",""Map geometry does not establish sovereignty or succession."",""Resolve historical identity before proposing entity-specific facts.""]","851acb012ccfa2a4bfa05ea83ec2694b3f773a7a6fee8703e87969c9225e6997",""
"entity-honduras@1930/political-institutional","entity-honduras@1930","","Honduras","1930","political-institutional","MISSING","C","completely-empty","political-polity","true","[]","[]","[]","[]","{""map_identity_id"":""entity-honduras"",""aliases"":[],""historical_names"":[],""identifiers"":{}}","[""Snapshot context is not observation date or boundary date."",""Map geometry does not establish sovereignty or succession."",""Resolve historical identity before proposing entity-specific facts.""]","851acb012ccfa2a4bfa05ea83ec2694b3f773a7a6fee8703e87969c9225e6997",""
"entity-honduras@1960/political-institutional","entity-honduras@1960","","Honduras","1960","political-institutional","MISSING","C","completely-empty","political-polity","true","[]","[]","[]","[]","{""map_identity_id"":""entity-honduras"",""aliases"":[],""historical_names"":[],""identifiers"":{}}","[""Snapshot context is not observation date or boundary date."",""Map geometry does not establish sovereignty or succession."",""Resolve historical identity before proposing entity-specific facts.""]","851acb012ccfa2a4bfa05ea83ec2694b3f773a7a6fee8703e87969c9225e6997",""
"entity-hong-kong@1800/political-institutional","entity-hong-kong@1800","","Hong Kong","1800","political-institutional","MISSING","C","completely-empty","dependent-administration","true","[]","[]","[]","[]","{""map_identity_id"":""entity-hong-kong"",""aliases"":[],""historical_names"":[],""identifiers"":{}}","[""Snapshot context is not observation date or boundary date."",""Map geometry does not establish sovereignty or succession."",""Resolve historical identity before proposing entity-specific facts.""]","851acb012ccfa2a4bfa05ea83ec2694b3f773a7a6fee8703e87969c9225e6997",""
"entity-hong-kong@1815/political-institutional","entity-hong-kong@1815","","Hong Kong","1815","political-institutional","MISSING","C","completely-empty","dependent-administration","true","[]","[]","[]","[]","{""map_identity_id"":""entity-hong-kong"",""aliases"":[],""historical_names"":[],""identifiers"":{}}","[""Snapshot context is not observation date or boundary date."",""Map geometry does not establish sovereignty or succession."",""Resolve historical identity before proposing entity-specific facts.""]","851acb012ccfa2a4bfa05ea83ec2694b3f773a7a6fee8703e87969c9225e6997",""
"entity-dominica@1800/political-institutional","entity-dominica@1800","","Dominica","1800","political-institutional","MISSING","C","completely-empty","dependent-administration","true","[]","[]","[]","[]","{""map_identity_id"":""entity-dominica"",""aliases"":[],""historical_names"":[],""identifiers"":{}}","[""Snapshot context is not observation date or boundary date."",""Map geometry does not establish sovereignty or succession."",""Resolve historical identity before proposing entity-specific facts.""]","851acb012ccfa2a4bfa05ea83ec2694b3f773a7a6fee8703e87969c9225e6997",""
"entity-dominica@1815/political-institutional","entity-dominica@1815","","Dominica","1815","political-institutional","MISSING","C","completely-empty","dependent-administration","true","[]","[]","[]","[]","{""map_identity_id"":""entity-dominica"",""aliases"":[],""historical_names"":[],""identifiers"":{}}","[""Snapshot context is not observation date or boundary date."",""Map geometry does not establish sovereignty or succession."",""Resolve historical identity before proposing entity-specific facts.""]","851acb012ccfa2a4bfa05ea83ec2694b3f773a7a6fee8703e87969c9225e6997",""
"entity-dominica@1945/political-institutional","entity-dominica@1945","","Dominica","1945","political-institutional","MISSING","C","completely-empty","dependent-administration","true","[]","[]","[]","[]","{""map_identity_id"":""entity-dominica"",""aliases"":[],""historical_names"":[],""identifiers"":{}}","[""Snapshot context is not observation date or boundary date."",""Map geometry does not establish sovereignty or succession."",""Resolve historical identity before proposing entity-specific facts.""]","851acb012ccfa2a4bfa05ea83ec2694b3f773a7a6fee8703e87969c9225e6997",""
"entity-samoa@1878/political-institutional","entity-samoa@1878","","Samoa","1878","political-institutional","MISSING","C","held-ambiguous","dependent-administration","true","[]","[]","[]","[]","{""map_identity_id"":""entity-samoa"",""aliases"":[],""historical_names"":[],""identifiers"":{}}","[""Snapshot context is not observation date or boundary date."",""Map geometry does not establish sovereignty or succession."",""Resolve historical identity before proposing entity-specific facts.""]","851acb012ccfa2a4bfa05ea83ec2694b3f773a7a6fee8703e87969c9225e6997",""
"entity-samoa@1880/political-institutional","entity-samoa@1880","","Samoa","1880","political-institutional","MISSING","C","held-ambiguous","dependent-administration","true","[]","[]","[]","[]","{""map_identity_id"":""entity-samoa"",""aliases"":[],""historical_names"":[],""identifiers"":{}}","[""Snapshot context is not observation date or boundary date."",""Map geometry does not establish sovereignty or succession."",""Resolve historical identity before proposing entity-specific facts.""]","851acb012ccfa2a4bfa05ea83ec2694b3f773a7a6fee8703e87969c9225e6997",""
"entity-samoa@1900/political-institutional","entity-samoa@1900","","Samoa","1900","political-institutional","MISSING","C","held-ambiguous","dependent-administration","true","[]","[]","[]","[]","{""map_identity_id"":""entity-samoa"",""aliases"":[],""historical_names"":[],""identifiers"":{}}","[""Snapshot context is not observation date or boundary date."",""Map geometry does not establish sovereignty or succession."",""Resolve historical identity before proposing entity-specific facts.""]","851acb012ccfa2a4bfa05ea83ec2694b3f773a7a6fee8703e87969c9225e6997",""
"entity-samoa@1914/political-institutional","entity-samoa@1914","","Samoa","1914","political-institutional","MISSING","C","held-ambiguous","dependent-administration","true","[]","[]","[]","[]","{""map_identity_id"":""entity-samoa"",""aliases"":[],""historical_names"":[],""identifiers"":{}}","[""Snapshot context is not observation date or boundary date."",""Map geometry does not establish sovereignty or succession."",""Resolve historical identity before proposing entity-specific facts.""]","851acb012ccfa2a4bfa05ea83ec2694b3f773a7a6fee8703e87969c9225e6997",""
"entity-samoa@1920/political-institutional","entity-samoa@1920","samoa-nz-military-core","Western Samoa — New Zealand military occupation","1920","political-institutional","MISSING","C","held-ambiguous","dependent-administration","false","[]","[]","[]","[]","{""map_identity_id"":""entity-samoa"",""aliases"":[],""historical_names"":[{""value"":""Western Samoa — New Zealand military occupation"",""kind"":""primary"",""validFrom"":""1914-08-29"",""validUntil"":""1920-05-01""}],""identifiers"":{}}","[""Snapshot context is not observation date or boundary date."",""Map geometry does not establish sovereignty or succession.""]","851acb012ccfa2a4bfa05ea83ec2694b3f773a7a6fee8703e87969c9225e6997",""
"entity-saint-kitts-and-nevis@1815/political-institutional","entity-saint-kitts-and-nevis@1815","","Saint Kitts and Nevis","1815","political-institutional","MISSING","C","held-ambiguous","dependent-administration","true","[]","[]","[]","[]","{""map_identity_id"":""entity-saint-kitts-and-nevis"",""aliases"":[],""historical_names"":[],""identifiers"":{}}","[""Snapshot context is not observation date or boundary date."",""Map geometry does not establish sovereignty or succession."",""Resolve historical identity before proposing entity-specific facts.""]","851acb012ccfa2a4bfa05ea83ec2694b3f773a7a6fee8703e87969c9225e6997",""
"entity-saint-kitts-and-nevis@1878/political-institutional","entity-saint-kitts-and-nevis@1878","","Saint Kitts and Nevis","1878","political-institutional","MISSING","C","held-ambiguous","dependent-administration","true","[]","[]","[]","[]","{""map_identity_id"":""entity-saint-kitts-and-nevis"",""aliases"":[],""historical_names"":[],""identifiers"":{}}","[""Snapshot context is not observation date or boundary date."",""Map geometry does not establish sovereignty or succession."",""Resolve historical identity before proposing entity-specific facts.""]","851acb012ccfa2a4bfa05ea83ec2694b3f773a7a6fee8703e87969c9225e6997",""
"entity-saint-kitts-and-nevis@1880/political-institutional","entity-saint-kitts-and-nevis@1880","","Saint Kitts and Nevis","1880","political-institutional","MISSING","C","held-ambiguous","dependent-administration","true","[]","[]","[]","[]","{""map_identity_id"":""entity-saint-kitts-and-nevis"",""aliases"":[],""historical_names"":[],""identifiers"":{}}","[""Snapshot context is not observation date or boundary date."",""Map geometry does not establish sovereignty or succession."",""Resolve historical identity before proposing entity-specific facts.""]","851acb012ccfa2a4bfa05ea83ec2694b3f773a7a6fee8703e87969c9225e6997",""
"entity-niue@1878/political-institutional","entity-niue@1878","","Niue","1878","political-institutional","MISSING","C","held-ambiguous","dependent-administration","true","[]","[]","[]","[]","{""map_identity_id"":""entity-niue"",""aliases"":[],""historical_names"":[],""identifiers"":{}}","[""Snapshot context is not observation date or boundary date."",""Map geometry does not establish sovereignty or succession."",""Resolve historical identity before proposing entity-specific facts.""]","851acb012ccfa2a4bfa05ea83ec2694b3f773a7a6fee8703e87969c9225e6997",""
"entity-niue@1880/political-institutional","entity-niue@1880","","Niue","1880","political-institutional","MISSING","C","held-ambiguous","dependent-administration","true","[]","[]","[]","[]","{""map_identity_id"":""entity-niue"",""aliases"":[],""historical_names"":[],""identifiers"":{}}","[""Snapshot context is not observation date or boundary date."",""Map geometry does not establish sovereignty or succession."",""Resolve historical identity before proposing entity-specific facts.""]","851acb012ccfa2a4bfa05ea83ec2694b3f773a7a6fee8703e87969c9225e6997",""
"entity-niue@1900/political-institutional","entity-niue@1900","","Niue","1900","political-institutional","MISSING","C","held-ambiguous","dependent-administration","true","[]","[]","[]","[]","{""map_identity_id"":""entity-niue"",""aliases"":[],""historical_names"":[],""identifiers"":{}}","[""Snapshot context is not observation date or boundary date."",""Map geometry does not establish sovereignty or succession."",""Resolve historical identity before proposing entity-specific facts.""]","851acb012ccfa2a4bfa05ea83ec2694b3f773a7a6fee8703e87969c9225e6997",""
"entity-american-samoa@1878/political-institutional","entity-american-samoa@1878","","American Samoa","1878","political-institutional","MISSING","C","held-ambiguous","dependent-administration","true","[]","[]","[]","[]","{""map_identity_id"":""entity-american-samoa"",""aliases"":[],""historical_names"":[],""identifiers"":{}}","[""Snapshot context is not observation date or boundary date."",""Map geometry does not establish sovereignty or succession."",""Resolve historical identity before proposing entity-specific facts.""]","851acb012ccfa2a4bfa05ea83ec2694b3f773a7a6fee8703e87969c9225e6997",""
"entity-american-samoa@1880/political-institutional","entity-american-samoa@1880","","American Samoa","1880","political-institutional","MISSING","C","held-ambiguous","dependent-administration","true","[]","[]","[]","[]","{""map_identity_id"":""entity-american-samoa"",""aliases"":[],""historical_names"":[],""identifiers"":{}}","[""Snapshot context is not observation date or boundary date."",""Map geometry does not establish sovereignty or succession."",""Resolve historical identity before proposing entity-specific facts.""]","851acb012ccfa2a4bfa05ea83ec2694b3f773a7a6fee8703e87969c9225e6997",""
"entity-american-samoa@1900/political-institutional","entity-american-samoa@1900","","American Samoa","1900","political-institutional","MISSING","C","held-ambiguous","dependent-administration","true","[]","[]","[]","[]","{""map_identity_id"":""entity-american-samoa"",""aliases"":[],""historical_names"":[],""identifiers"":{}}","[""Snapshot context is not observation date or boundary date."",""Map geometry does not establish sovereignty or succession."",""Resolve historical identity before proposing entity-specific facts.""]","851acb012ccfa2a4bfa05ea83ec2694b3f773a7a6fee8703e87969c9225e6997",""
"entity-french-guiana@1930/political-institutional","entity-french-guiana@1930","","French Guiana","1930","political-institutional","MISSING","C","completely-empty","dependent-administration","true","[]","[]","[]","[]","{""map_identity_id"":""entity-french-guiana"",""aliases"":[],""historical_names"":[],""identifiers"":{}}","[""Snapshot context is not observation date or boundary date."",""Map geometry does not establish sovereignty or succession."",""Resolve historical identity before proposing entity-specific facts.""]","851acb012ccfa2a4bfa05ea83ec2694b3f773a7a6fee8703e87969c9225e6997",""
"entity-french-guiana@1938/political-institutional","entity-french-guiana@1938","","French Guiana","1938","political-institutional","MISSING","C","completely-empty","dependent-administration","true","[]","[]","[]","[]","{""map_identity_id"":""entity-french-guiana"",""aliases"":[],""historical_names"":[],""identifiers"":{}}","[""Snapshot context is not observation date or boundary date."",""Map geometry does not establish sovereignty or succession."",""Resolve historical identity before proposing entity-specific facts.""]","851acb012ccfa2a4bfa05ea83ec2694b3f773a7a6fee8703e87969c9225e6997",""
"entity-french-guiana@1945/political-institutional","entity-french-guiana@1945","","French Guiana","1945","political-institutional","MISSING","C","completely-empty","dependent-administration","true","[]","[]","[]","[]","{""map_identity_id"":""entity-french-guiana"",""aliases"":[],""historical_names"":[],""identifiers"":{}}","[""Snapshot context is not observation date or boundary date."",""Map geometry does not establish sovereignty or succession."",""Resolve historical identity before proposing entity-specific facts.""]","851acb012ccfa2a4bfa05ea83ec2694b3f773a7a6fee8703e87969c9225e6997",""
"entity-saint-barthelemy@1800/political-institutional","entity-saint-barthelemy@1800","","Saint Barthelemy","1800","political-institutional","MISSING","C","completely-empty","dependent-administration","true","[]","[]","[]","[]","{""map_identity_id"":""entity-saint-barthelemy"",""aliases"":[],""historical_names"":[],""identifiers"":{}}","[""Snapshot context is not observation date or boundary date."",""Map geometry does not establish sovereignty or succession."",""Resolve historical identity before proposing entity-specific facts.""]","851acb012ccfa2a4bfa05ea83ec2694b3f773a7a6fee8703e87969c9225e6997",""
"entity-saint-barthelemy@1878/political-institutional","entity-saint-barthelemy@1878","","Saint Barthelemy","1878","political-institutional","MISSING","C","held-ambiguous","dependent-administration","true","[]","[]","[]","[]","{""map_identity_id"":""entity-saint-barthelemy"",""aliases"":[],""historical_names"":[],""identifiers"":{}}","[""Snapshot context is not observation date or boundary date."",""Map geometry does not establish sovereignty or succession."",""Resolve historical identity before proposing entity-specific facts.""]","851acb012ccfa2a4bfa05ea83ec2694b3f773a7a6fee8703e87969c9225e6997",""
"entity-belize@1938/political-institutional","entity-belize@1938","","Belize","1938","political-institutional","MISSING","C","completely-empty","dependent-administration","true","[]","[]","[]","[]","{""map_identity_id"":""entity-belize"",""aliases"":[],""historical_names"":[],""identifiers"":{}}","[""Snapshot context is not observation date or boundary date."",""Map geometry does not establish sovereignty or succession."",""Resolve historical identity before proposing entity-specific facts.""]","851acb012ccfa2a4bfa05ea83ec2694b3f773a7a6fee8703e87969c9225e6997",""
"entity-belize@1945/political-institutional","entity-belize@1945","","Belize","1945","political-institutional","MISSING","C","completely-empty","dependent-administration","true","[]","[]","[]","[]","{""map_identity_id"":""entity-belize"",""aliases"":[],""historical_names"":[],""identifiers"":{}}","[""Snapshot context is not observation date or boundary date."",""Map geometry does not establish sovereignty or succession."",""Resolve historical identity before proposing entity-specific facts.""]","851acb012ccfa2a4bfa05ea83ec2694b3f773a7a6fee8703e87969c9225e6997",""
"entity-belize@1960/political-institutional","entity-belize@1960","","Belize","1960","political-institutional","MISSING","C","completely-empty","dependent-administration","true","[]","[]","[]","[]","{""map_identity_id"":""entity-belize"",""aliases"":[],""historical_names"":[],""identifiers"":{}}","[""Snapshot context is not observation date or boundary date."",""Map geometry does not establish sovereignty or succession."",""Resolve historical identity before proposing entity-specific facts.""]","851acb012ccfa2a4bfa05ea83ec2694b3f773a7a6fee8703e87969c9225e6997",""
"entity-qatar@1900/political-institutional","entity-qatar@1900","","Qatar","1900","political-institutional","MISSING","C","completely-empty","political-polity","true","[]","[]","[]","[]","{""map_identity_id"":""entity-qatar"",""aliases"":[],""historical_names"":[],""identifiers"":{}}","[""Snapshot context is not observation date or boundary date."",""Map geometry does not establish sovereignty or succession."",""Resolve historical identity before proposing entity-specific facts.""]","851acb012ccfa2a4bfa05ea83ec2694b3f773a7a6fee8703e87969c9225e6997",""
"entity-qatar@1914/political-institutional","entity-qatar@1914","","Qatar","1914","political-institutional","MISSING","C","completely-empty","political-polity","true","[]","[]","[]","[]","{""map_identity_id"":""entity-qatar"",""aliases"":[],""historical_names"":[],""identifiers"":{}}","[""Snapshot context is not observation date or boundary date."",""Map geometry does not establish sovereignty or succession."",""Resolve historical identity before proposing entity-specific facts.""]","851acb012ccfa2a4bfa05ea83ec2694b3f773a7a6fee8703e87969c9225e6997",""
"entity-wallis-and-futuna-islands@1878/political-institutional","entity-wallis-and-futuna-islands@1878","","Wallis and Futuna Islands","1878","political-institutional","MISSING","C","held-ambiguous","dependent-administration","true","[]","[]","[]","[]","{""map_identity_id"":""entity-wallis-and-futuna-islands"",""aliases"":[],""historical_names"":[],""identifiers"":{}}","[""Snapshot context is not observation date or boundary date."",""Map geometry does not establish sovereignty or succession."",""Resolve historical identity before proposing entity-specific facts.""]","851acb012ccfa2a4bfa05ea83ec2694b3f773a7a6fee8703e87969c9225e6997",""
"entity-wallis-and-futuna-islands@1880/political-institutional","entity-wallis-and-futuna-islands@1880","","Wallis and Futuna Islands","1880","political-institutional","MISSING","C","held-ambiguous","dependent-administration","true","[]","[]","[]","[]","{""map_identity_id"":""entity-wallis-and-futuna-islands"",""aliases"":[],""historical_names"":[],""identifiers"":{}}","[""Snapshot context is not observation date or boundary date."",""Map geometry does not establish sovereignty or succession."",""Resolve historical identity before proposing entity-specific facts.""]","851acb012ccfa2a4bfa05ea83ec2694b3f773a7a6fee8703e87969c9225e6997",""
"entity-burundi@1920/political-institutional","entity-burundi@1920","","Burundi","1920","political-institutional","MISSING","C","completely-empty","political-polity","true","[]","[]","[]","[]","{""map_identity_id"":""entity-burundi"",""aliases"":[],""historical_names"":[],""identifiers"":{}}","[""Snapshot context is not observation date or boundary date."",""Map geometry does not establish sovereignty or succession."",""Resolve historical identity before proposing entity-specific facts.""]","851acb012ccfa2a4bfa05ea83ec2694b3f773a7a6fee8703e87969c9225e6997",""
"entity-swaziland@1900/political-institutional","entity-swaziland@1900","","Swaziland","1900","political-institutional","MISSING","C","completely-empty","political-polity","true","[]","[]","[]","[]","{""map_identity_id"":""entity-swaziland"",""aliases"":[],""historical_names"":[],""identifiers"":{}}","[""Snapshot context is not observation date or boundary date."",""Map geometry does not establish sovereignty or succession."",""Resolve historical identity before proposing entity-specific facts.""]","851acb012ccfa2a4bfa05ea83ec2694b3f773a7a6fee8703e87969c9225e6997",""
"entity-antigua-and-barbuda@1815/political-institutional","entity-antigua-and-barbuda@1815","","Antigua and Barbuda","1815","political-institutional","MISSING","C","completely-empty","dependent-administration","true","[]","[]","[]","[]","{""map_identity_id"":""entity-antigua-and-barbuda"",""aliases"":[],""historical_names"":[],""identifiers"":{}}","[""Snapshot context is not observation date or boundary date."",""Map geometry does not establish sovereignty or succession."",""Resolve historical identity before proposing entity-specific facts.""]","851acb012ccfa2a4bfa05ea83ec2694b3f773a7a6fee8703e87969c9225e6997",""
"entity-montserrat@1815/political-institutional","entity-montserrat@1815","","Montserrat","1815","political-institutional","MISSING","C","completely-empty","dependent-administration","true","[]","[]","[]","[]","{""map_identity_id"":""entity-montserrat"",""aliases"":[],""historical_names"":[],""identifiers"":{}}","[""Snapshot context is not observation date or boundary date."",""Map geometry does not establish sovereignty or succession."",""Resolve historical identity before proposing entity-specific facts.""]","851acb012ccfa2a4bfa05ea83ec2694b3f773a7a6fee8703e87969c9225e6997",""
"entity-panama@1920/political-institutional","entity-panama@1920","","Panama","1920","political-institutional","MISSING","C","completely-empty","political-polity","true","[]","[]","[]","[]","{""map_identity_id"":""entity-panama"",""aliases"":[],""historical_names"":[],""identifiers"":{}}","[""Snapshot context is not observation date or boundary date."",""Map geometry does not establish sovereignty or succession."",""Resolve historical identity before proposing entity-specific facts.""]","851acb012ccfa2a4bfa05ea83ec2694b3f773a7a6fee8703e87969c9225e6997",""
"entity-panama@1930/political-institutional","entity-panama@1930","","Panama","1930","political-institutional","MISSING","C","completely-empty","political-polity","true","[]","[]","[]","[]","{""map_identity_id"":""entity-panama"",""aliases"":[],""historical_names"":[],""identifiers"":{}}","[""Snapshot context is not observation date or boundary date."",""Map geometry does not establish sovereignty or succession."",""Resolve historical identity before proposing entity-specific facts.""]","851acb012ccfa2a4bfa05ea83ec2694b3f773a7a6fee8703e87969c9225e6997",""
"entity-panama@1938/political-institutional","entity-panama@1938","","Panama","1938","political-institutional","MISSING","C","completely-empty","political-polity","true","[]","[]","[]","[]","{""map_identity_id"":""entity-panama"",""aliases"":[],""historical_names"":[],""identifiers"":{}}","[""Snapshot context is not observation date or boundary date."",""Map geometry does not establish sovereignty or succession."",""Resolve historical identity before proposing entity-specific facts.""]","851acb012ccfa2a4bfa05ea83ec2694b3f773a7a6fee8703e87969c9225e6997",""
"entity-panama@1945/political-institutional","entity-panama@1945","","Panama","1945","political-institutional","MISSING","C","completely-empty","political-polity","true","[]","[]","[]","[]","{""map_identity_id"":""entity-panama"",""aliases"":[],""historical_names"":[],""identifiers"":{}}","[""Snapshot context is not observation date or boundary date."",""Map geometry does not establish sovereignty or succession."",""Resolve historical identity before proposing entity-specific facts.""]","851acb012ccfa2a4bfa05ea83ec2694b3f773a7a6fee8703e87969c9225e6997",""
"entity-panama@1960/political-institutional","entity-panama@1960","","Panama","1960","political-institutional","MISSING","C","completely-empty","political-polity","true","[]","[]","[]","[]","{""map_identity_id"":""entity-panama"",""aliases"":[],""historical_names"":[],""identifiers"":{}}","[""Snapshot context is not observation date or boundary date."",""Map geometry does not establish sovereignty or succession."",""Resolve historical identity before proposing entity-specific facts.""]","851acb012ccfa2a4bfa05ea83ec2694b3f773a7a6fee8703e87969c9225e6997",""
"entity-equatorial-guinea@1914/political-institutional","entity-equatorial-guinea@1914","","Equatorial Guinea","1914","political-institutional","MISSING","C","completely-empty","dependent-administration","true","[]","[]","[]","[]","{""map_identity_id"":""entity-equatorial-guinea"",""aliases"":[],""historical_names"":[],""identifiers"":{}}","[""Snapshot context is not observation date or boundary date."",""Map geometry does not establish sovereignty or succession."",""Resolve historical identity before proposing entity-specific facts.""]","851acb012ccfa2a4bfa05ea83ec2694b3f773a7a6fee8703e87969c9225e6997",""
"entity-equatorial-guinea@1920/political-institutional","entity-equatorial-guinea@1920","","Equatorial Guinea","1920","political-institutional","MISSING","C","completely-empty","dependent-administration","true","[]","[]","[]","[]","{""map_identity_id"":""entity-equatorial-guinea"",""aliases"":[],""historical_names"":[],""identifiers"":{}}","[""Snapshot context is not observation date or boundary date."",""Map geometry does not establish sovereignty or succession."",""Resolve historical identity before proposing entity-specific facts.""]","851acb012ccfa2a4bfa05ea83ec2694b3f773a7a6fee8703e87969c9225e6997",""
"entity-equatorial-guinea@1930/political-institutional","entity-equatorial-guinea@1930","","Equatorial Guinea","1930","political-institutional","MISSING","C","completely-empty","dependent-administration","true","[]","[]","[]","[]","{""map_identity_id"":""entity-equatorial-guinea"",""aliases"":[],""historical_names"":[],""identifiers"":{}}","[""Snapshot context is not observation date or boundary date."",""Map geometry does not establish sovereignty or succession."",""Resolve historical identity before proposing entity-specific facts.""]","851acb012ccfa2a4bfa05ea83ec2694b3f773a7a6fee8703e87969c9225e6997",""
"entity-equatorial-guinea@1938/political-institutional","entity-equatorial-guinea@1938","","Equatorial Guinea","1938","political-institutional","MISSING","C","completely-empty","dependent-administration","true","[]","[]","[]","[]","{""map_identity_id"":""entity-equatorial-guinea"",""aliases"":[],""historical_names"":[],""identifiers"":{}}","[""Snapshot context is not observation date or boundary date."",""Map geometry does not establish sovereignty or succession."",""Resolve historical identity before proposing entity-specific facts.""]","851acb012ccfa2a4bfa05ea83ec2694b3f773a7a6fee8703e87969c9225e6997",""
"entity-equatorial-guinea@1945/political-institutional","entity-equatorial-guinea@1945","","Equatorial Guinea","1945","political-institutional","MISSING","C","completely-empty","dependent-administration","true","[]","[]","[]","[]","{""map_identity_id"":""entity-equatorial-guinea"",""aliases"":[],""historical_names"":[],""identifiers"":{}}","[""Snapshot context is not observation date or boundary date."",""Map geometry does not establish sovereignty or succession."",""Resolve historical identity before proposing entity-specific facts.""]","851acb012ccfa2a4bfa05ea83ec2694b3f773a7a6fee8703e87969c9225e6997",""
"entity-tonga@1900/political-institutional","entity-tonga@1900","","Tonga","1900","political-institutional","MISSING","C","completely-empty","political-polity","true","[]","[]","[]","[]","{""map_identity_id"":""entity-tonga"",""aliases"":[],""historical_names"":[],""identifiers"":{}}","[""Snapshot context is not observation date or boundary date."",""Map geometry does not establish sovereignty or succession."",""Resolve historical identity before proposing entity-specific facts.""]","851acb012ccfa2a4bfa05ea83ec2694b3f773a7a6fee8703e87969c9225e6997",""
"entity-guadeloupe@1815/political-institutional","entity-guadeloupe@1815","","Guadeloupe","1815","political-institutional","MISSING","C","completely-empty","dependent-administration","true","[]","[]","[]","[]","{""map_identity_id"":""entity-guadeloupe"",""aliases"":[],""historical_names"":[],""identifiers"":{}}","[""Snapshot context is not observation date or boundary date."",""Map geometry does not establish sovereignty or succession."",""Resolve historical identity before proposing entity-specific facts.""]","851acb012ccfa2a4bfa05ea83ec2694b3f773a7a6fee8703e87969c9225e6997",""
"entity-saint-vincent-and-the-grenadines@1815/political-institutional","entity-saint-vincent-and-the-grenadines@1815","","Saint Vincent and the Grenadines","1815","political-institutional","MISSING","C","completely-empty","dependent-administration","true","[]","[]","[]","[]","{""map_identity_id"":""entity-saint-vincent-and-the-grenadines"",""aliases"":[],""historical_names"":[],""identifiers"":{}}","[""Snapshot context is not observation date or boundary date."",""Map geometry does not establish sovereignty or succession."",""Resolve historical identity before proposing entity-specific facts.""]","851acb012ccfa2a4bfa05ea83ec2694b3f773a7a6fee8703e87969c9225e6997",""
"entity-saint-vincent-and-the-grenadines@1914/political-institutional","entity-saint-vincent-and-the-grenadines@1914","","Saint Vincent and the Grenadines","1914","political-institutional","MISSING","C","completely-empty","dependent-administration","true","[]","[]","[]","[]","{""map_identity_id"":""entity-saint-vincent-and-the-grenadines"",""aliases"":[],""historical_names"":[],""identifiers"":{}}","[""Snapshot context is not observation date or boundary date."",""Map geometry does not establish sovereignty or succession."",""Resolve historical identity before proposing entity-specific facts.""]","851acb012ccfa2a4bfa05ea83ec2694b3f773a7a6fee8703e87969c9225e6997",""
"entity-saint-vincent-and-the-grenadines@1920/political-institutional","entity-saint-vincent-and-the-grenadines@1920","","Saint Vincent and the Grenadines","1920","political-institutional","MISSING","C","completely-empty","dependent-administration","true","[]","[]","[]","[]","{""map_identity_id"":""entity-saint-vincent-and-the-grenadines"",""aliases"":[],""historical_names"":[],""identifiers"":{}}","[""Snapshot context is not observation date or boundary date."",""Map geometry does not establish sovereignty or succession."",""Resolve historical identity before proposing entity-specific facts.""]","851acb012ccfa2a4bfa05ea83ec2694b3f773a7a6fee8703e87969c9225e6997",""
"entity-saint-vincent-and-the-grenadines@1930/political-institutional","entity-saint-vincent-and-the-grenadines@1930","","Saint Vincent and the Grenadines","1930","political-institutional","MISSING","C","completely-empty","dependent-administration","true","[]","[]","[]","[]","{""map_identity_id"":""entity-saint-vincent-and-the-grenadines"",""aliases"":[],""historical_names"":[],""identifiers"":{}}","[""Snapshot context is not observation date or boundary date."",""Map geometry does not establish sovereignty or succession."",""Resolve historical identity before proposing entity-specific facts.""]","851acb012ccfa2a4bfa05ea83ec2694b3f773a7a6fee8703e87969c9225e6997",""
"entity-botswana@1938/political-institutional","entity-botswana@1938","","Botswana","1938","political-institutional","MISSING","C","completely-empty","dependent-administration","true","[]","[]","[]","[]","{""map_identity_id"":""entity-botswana"",""aliases"":[],""historical_names"":[],""identifiers"":{}}","[""Snapshot context is not observation date or boundary date."",""Map geometry does not establish sovereignty or succession."",""Resolve historical identity before proposing entity-specific facts.""]","851acb012ccfa2a4bfa05ea83ec2694b3f773a7a6fee8703e87969c9225e6997",""
"entity-botswana@1945/political-institutional","entity-botswana@1945","","Botswana","1945","political-institutional","MISSING","C","completely-empty","dependent-administration","true","[]","[]","[]","[]","{""map_identity_id"":""entity-botswana"",""aliases"":[],""historical_names"":[],""identifiers"":{}}","[""Snapshot context is not observation date or boundary date."",""Map geometry does not establish sovereignty or succession."",""Resolve historical identity before proposing entity-specific facts.""]","851acb012ccfa2a4bfa05ea83ec2694b3f773a7a6fee8703e87969c9225e6997",""
"entity-botswana@1960/political-institutional","entity-botswana@1960","","Botswana","1960","political-institutional","MISSING","C","completely-empty","dependent-administration","true","[]","[]","[]","[]","{""map_identity_id"":""entity-botswana"",""aliases"":[],""historical_names"":[],""identifiers"":{}}","[""Snapshot context is not observation date or boundary date."",""Map geometry does not establish sovereignty or succession."",""Resolve historical identity before proposing entity-specific facts.""]","851acb012ccfa2a4bfa05ea83ec2694b3f773a7a6fee8703e87969c9225e6997",""
"entity-rwanda@1815/political-institutional","entity-rwanda@1815","","Rwanda","1815","political-institutional","MISSING","C","completely-empty","political-polity","true","[]","[]","[]","[]","{""map_identity_id"":""entity-rwanda"",""aliases"":[],""historical_names"":[],""identifiers"":{}}","[""Snapshot context is not observation date or boundary date."",""Map geometry does not establish sovereignty or succession."",""Resolve historical identity before proposing entity-specific facts.""]","851acb012ccfa2a4bfa05ea83ec2694b3f773a7a6fee8703e87969c9225e6997",""
"entity-rwanda@1878/political-institutional","entity-rwanda@1878","","Rwanda","1878","political-institutional","MISSING","C","completely-empty","political-polity","true","[]","[]","[]","[]","{""map_identity_id"":""entity-rwanda"",""aliases"":[],""historical_names"":[],""identifiers"":{}}","[""Snapshot context is not observation date or boundary date."",""Map geometry does not establish sovereignty or succession."",""Resolve historical identity before proposing entity-specific facts.""]","851acb012ccfa2a4bfa05ea83ec2694b3f773a7a6fee8703e87969c9225e6997",""
"entity-rwanda@1880/political-institutional","entity-rwanda@1880","","Rwanda","1880","political-institutional","MISSING","C","completely-empty","political-polity","true","[]","[]","[]","[]","{""map_identity_id"":""entity-rwanda"",""aliases"":[],""historical_names"":[],""identifiers"":{}}","[""Snapshot context is not observation date or boundary date."",""Map geometry does not establish sovereignty or succession."",""Resolve historical identity before proposing entity-specific facts.""]","851acb012ccfa2a4bfa05ea83ec2694b3f773a7a6fee8703e87969c9225e6997",""
"entity-lesotho@1938/political-institutional","entity-lesotho@1938","","Lesotho","1938","political-institutional","MISSING","C","completely-empty","dependent-administration","true","[]","[]","[]","[]","{""map_identity_id"":""entity-lesotho"",""aliases"":[],""historical_names"":[],""identifiers"":{}}","[""Snapshot context is not observation date or boundary date."",""Map geometry does not establish sovereignty or succession."",""Resolve historical identity before proposing entity-specific facts.""]","851acb012ccfa2a4bfa05ea83ec2694b3f773a7a6fee8703e87969c9225e6997",""
"entity-lesotho@1945/political-institutional","entity-lesotho@1945","","Lesotho","1945","political-institutional","MISSING","C","completely-empty","dependent-administration","true","[]","[]","[]","[]","{""map_identity_id"":""entity-lesotho"",""aliases"":[],""historical_names"":[],""identifiers"":{}}","[""Snapshot context is not observation date or boundary date."",""Map geometry does not establish sovereignty or succession."",""Resolve historical identity before proposing entity-specific facts.""]","851acb012ccfa2a4bfa05ea83ec2694b3f773a7a6fee8703e87969c9225e6997",""
"entity-lesotho@1960/political-institutional","entity-lesotho@1960","","Lesotho","1960","political-institutional","MISSING","C","completely-empty","dependent-administration","true","[]","[]","[]","[]","{""map_identity_id"":""entity-lesotho"",""aliases"":[],""historical_names"":[],""identifiers"":{}}","[""Snapshot context is not observation date or boundary date."",""Map geometry does not establish sovereignty or succession."",""Resolve historical identity before proposing entity-specific facts.""]","851acb012ccfa2a4bfa05ea83ec2694b3f773a7a6fee8703e87969c9225e6997",""
"entity-yemen@1800/political-institutional","entity-yemen@1800","","Yemen","1800","political-institutional","MISSING","C","completely-empty","political-polity","true","[]","[]","[]","[]","{""map_identity_id"":""entity-yemen"",""aliases"":[],""historical_names"":[],""identifiers"":{}}","[""Snapshot context is not observation date or boundary date."",""Map geometry does not establish sovereignty or succession."",""Resolve historical identity before proposing entity-specific facts.""]","851acb012ccfa2a4bfa05ea83ec2694b3f773a7a6fee8703e87969c9225e6997",""
"entity-yemen@1815/political-institutional","entity-yemen@1815","","Yemen","1815","political-institutional","MISSING","C","completely-empty","political-polity","true","[]","[]","[]","[]","{""map_identity_id"":""entity-yemen"",""aliases"":[],""historical_names"":[],""identifiers"":{}}","[""Snapshot context is not observation date or boundary date."",""Map geometry does not establish sovereignty or succession."",""Resolve historical identity before proposing entity-specific facts.""]","851acb012ccfa2a4bfa05ea83ec2694b3f773a7a6fee8703e87969c9225e6997",""
"entity-cambodia@1800/political-institutional","entity-cambodia@1800","","Cambodia","1800","political-institutional","MISSING","C","completely-empty","political-polity","true","[]","[]","[]","[]","{""map_identity_id"":""entity-cambodia"",""aliases"":[],""historical_names"":[],""identifiers"":{}}","[""Snapshot context is not observation date or boundary date."",""Map geometry does not establish sovereignty or succession."",""Resolve historical identity before proposing entity-specific facts.""]","851acb012ccfa2a4bfa05ea83ec2694b3f773a7a6fee8703e87969c9225e6997",""
"entity-cambodia@1815/political-institutional","entity-cambodia@1815","","Cambodia","1815","political-institutional","MISSING","C","completely-empty","political-polity","true","[]","[]","[]","[]","{""map_identity_id"":""entity-cambodia"",""aliases"":[],""historical_names"":[],""identifiers"":{}}","[""Snapshot context is not observation date or boundary date."",""Map geometry does not establish sovereignty or succession."",""Resolve historical identity before proposing entity-specific facts.""]","851acb012ccfa2a4bfa05ea83ec2694b3f773a7a6fee8703e87969c9225e6997",""
"entity-cambodia@1945/political-institutional","entity-cambodia@1945","","Cambodia","1945","political-institutional","MISSING","C","completely-empty","political-polity","true","[]","[]","[]","[]","{""map_identity_id"":""entity-cambodia"",""aliases"":[],""historical_names"":[],""identifiers"":{}}","[""Snapshot context is not observation date or boundary date."",""Map geometry does not establish sovereignty or succession."",""Resolve historical identity before proposing entity-specific facts.""]","851acb012ccfa2a4bfa05ea83ec2694b3f773a7a6fee8703e87969c9225e6997",""
"entity-cambodia@1960/political-institutional","entity-cambodia@1960","","Cambodia","1960","political-institutional","MISSING","C","completely-empty","political-polity","true","[]","[]","[]","[]","{""map_identity_id"":""entity-cambodia"",""aliases"":[],""historical_names"":[],""identifiers"":{}}","[""Snapshot context is not observation date or boundary date."",""Map geometry does not establish sovereignty or succession."",""Resolve historical identity before proposing entity-specific facts.""]","851acb012ccfa2a4bfa05ea83ec2694b3f773a7a6fee8703e87969c9225e6997",""
"entity-oman@1945/political-institutional","entity-oman@1945","","Oman","1945","political-institutional","MISSING","C","held-ambiguous","political-polity","true","[]","[]","[]","[]","{""map_identity_id"":""entity-oman"",""aliases"":[],""historical_names"":[],""identifiers"":{}}","[""Snapshot context is not observation date or boundary date."",""Map geometry does not establish sovereignty or succession."",""Resolve historical identity before proposing entity-specific facts.""]","851acb012ccfa2a4bfa05ea83ec2694b3f773a7a6fee8703e87969c9225e6997",""
"entity-lunda@1878/political-institutional","entity-lunda@1878","","Lunda","1878","political-institutional","MISSING","C","completely-empty","political-polity","true","[]","[]","[]","[]","{""map_identity_id"":""entity-lunda"",""aliases"":[],""historical_names"":[],""identifiers"":{}}","[""Snapshot context is not observation date or boundary date."",""Map geometry does not establish sovereignty or succession."",""Resolve historical identity before proposing entity-specific facts.""]","851acb012ccfa2a4bfa05ea83ec2694b3f773a7a6fee8703e87969c9225e6997",""
"entity-lunda@1880/political-institutional","entity-lunda@1880","","Lunda","1880","political-institutional","MISSING","C","completely-empty","political-polity","true","[]","[]","[]","[]","{""map_identity_id"":""entity-lunda"",""aliases"":[],""historical_names"":[],""identifiers"":{}}","[""Snapshot context is not observation date or boundary date."",""Map geometry does not establish sovereignty or succession."",""Resolve historical identity before proposing entity-specific facts.""]","851acb012ccfa2a4bfa05ea83ec2694b3f773a7a6fee8703e87969c9225e6997",""
"entity-lunda@1900/political-institutional","entity-lunda@1900","","Lunda","1900","political-institutional","MISSING","C","completely-empty","political-polity","true","[]","[]","[]","[]","{""map_identity_id"":""entity-lunda"",""aliases"":[],""historical_names"":[],""identifiers"":{}}","[""Snapshot context is not observation date or boundary date."",""Map geometry does not establish sovereignty or succession."",""Resolve historical identity before proposing entity-specific facts.""]","851acb012ccfa2a4bfa05ea83ec2694b3f773a7a6fee8703e87969c9225e6997",""
"entity-oyo@1878/political-institutional","entity-oyo@1878","","Oyo","1878","political-institutional","MISSING","C","held-ambiguous","political-polity","true","[]","[]","[]","[]","{""map_identity_id"":""entity-oyo"",""aliases"":[],""historical_names"":[],""identifiers"":{}}","[""Snapshot context is not observation date or boundary date."",""Map geometry does not establish sovereignty or succession."",""Resolve historical identity before proposing entity-specific facts.""]","851acb012ccfa2a4bfa05ea83ec2694b3f773a7a6fee8703e87969c9225e6997",""
"entity-oyo@1880/political-institutional","entity-oyo@1880","","Oyo","1880","political-institutional","MISSING","C","held-ambiguous","political-polity","true","[]","[]","[]","[]","{""map_identity_id"":""entity-oyo"",""aliases"":[],""historical_names"":[],""identifiers"":{}}","[""Snapshot context is not observation date or boundary date."",""Map geometry does not establish sovereignty or succession."",""Resolve historical identity before proposing entity-specific facts.""]","851acb012ccfa2a4bfa05ea83ec2694b3f773a7a6fee8703e87969c9225e6997",""
"entity-oyo@1900/political-institutional","entity-oyo@1900","","Oyo","1900","political-institutional","MISSING","C","held-ambiguous","political-polity","true","[]","[]","[]","[]","{""map_identity_id"":""entity-oyo"",""aliases"":[],""historical_names"":[],""identifiers"":{}}","[""Snapshot context is not observation date or boundary date."",""Map geometry does not establish sovereignty or succession."",""Resolve historical identity before proposing entity-specific facts.""]","851acb012ccfa2a4bfa05ea83ec2694b3f773a7a6fee8703e87969c9225e6997",""
"entity-gabon@1878/political-institutional","entity-gabon@1878","","Gabon","1878","political-institutional","MISSING","C","completely-empty","dependent-administration","true","[]","[]","[]","[]","{""map_identity_id"":""entity-gabon"",""aliases"":[],""historical_names"":[],""identifiers"":{}}","[""Snapshot context is not observation date or boundary date."",""Map geometry does not establish sovereignty or succession."",""Resolve historical identity before proposing entity-specific facts.""]","851acb012ccfa2a4bfa05ea83ec2694b3f773a7a6fee8703e87969c9225e6997",""
"entity-gabon@1880/political-institutional","entity-gabon@1880","","Gabon","1880","political-institutional","MISSING","C","completely-empty","dependent-administration","true","[]","[]","[]","[]","{""map_identity_id"":""entity-gabon"",""aliases"":[],""historical_names"":[],""identifiers"":{}}","[""Snapshot context is not observation date or boundary date."",""Map geometry does not establish sovereignty or succession."",""Resolve historical identity before proposing entity-specific facts.""]","851acb012ccfa2a4bfa05ea83ec2694b3f773a7a6fee8703e87969c9225e6997",""
"entity-gabon@1900/political-institutional","entity-gabon@1900","","Gabon","1900","political-institutional","MISSING","C","completely-empty","dependent-administration","true","[]","[]","[]","[]","{""map_identity_id"":""entity-gabon"",""aliases"":[],""historical_names"":[],""identifiers"":{}}","[""Snapshot context is not observation date or boundary date."",""Map geometry does not establish sovereignty or succession."",""Resolve historical identity before proposing entity-specific facts.""]","851acb012ccfa2a4bfa05ea83ec2694b3f773a7a6fee8703e87969c9225e6997",""
"entity-gabon@1960/political-institutional","entity-gabon@1960","","Gabon","1960","political-institutional","MISSING","C","held-ambiguous","dependent-administration","true","[]","[]","[]","[]","{""map_identity_id"":""entity-gabon"",""aliases"":[],""historical_names"":[],""identifiers"":{}}","[""Snapshot context is not observation date or boundary date."",""Map geometry does not establish sovereignty or succession."",""Resolve historical identity before proposing entity-specific facts.""]","851acb012ccfa2a4bfa05ea83ec2694b3f773a7a6fee8703e87969c9225e6997",""
"entity-suriname@1938/political-institutional","entity-suriname@1938","","Suriname","1938","political-institutional","MISSING","C","completely-empty","dependent-administration","true","[]","[]","[]","[]","{""map_identity_id"":""entity-suriname"",""aliases"":[],""historical_names"":[],""identifiers"":{}}","[""Snapshot context is not observation date or boundary date."",""Map geometry does not establish sovereignty or succession."",""Resolve historical identity before proposing entity-specific facts.""]","851acb012ccfa2a4bfa05ea83ec2694b3f773a7a6fee8703e87969c9225e6997",""
"entity-suriname@1945/political-institutional","entity-suriname@1945","","Suriname","1945","political-institutional","MISSING","C","completely-empty","dependent-administration","true","[]","[]","[]","[]","{""map_identity_id"":""entity-suriname"",""aliases"":[],""historical_names"":[],""identifiers"":{}}","[""Snapshot context is not observation date or boundary date."",""Map geometry does not establish sovereignty or succession."",""Resolve historical identity before proposing entity-specific facts.""]","851acb012ccfa2a4bfa05ea83ec2694b3f773a7a6fee8703e87969c9225e6997",""
"entity-trinidad@1945/political-institutional","entity-trinidad@1945","","Trinidad","1945","political-institutional","MISSING","C","completely-empty","dependent-administration","true","[]","[]","[]","[]","{""map_identity_id"":""entity-trinidad"",""aliases"":[],""historical_names"":[],""identifiers"":{}}","[""Snapshot context is not observation date or boundary date."",""Map geometry does not establish sovereignty or succession."",""Resolve historical identity before proposing entity-specific facts.""]","851acb012ccfa2a4bfa05ea83ec2694b3f773a7a6fee8703e87969c9225e6997",""
"entity-trinidad@1960/political-institutional","entity-trinidad@1960","","Trinidad","1960","political-institutional","MISSING","C","completely-empty","dependent-administration","true","[]","[]","[]","[]","{""map_identity_id"":""entity-trinidad"",""aliases"":[],""historical_names"":[],""identifiers"":{}}","[""Snapshot context is not observation date or boundary date."",""Map geometry does not establish sovereignty or succession."",""Resolve historical identity before proposing entity-specific facts.""]","851acb012ccfa2a4bfa05ea83ec2694b3f773a7a6fee8703e87969c9225e6997",""
"entity-senegal@1800/political-institutional","entity-senegal@1800","","Senegal","1800","political-institutional","MISSING","C","held-ambiguous","dependent-administration","true","[]","[]","[]","[]","{""map_identity_id"":""entity-senegal"",""aliases"":[],""historical_names"":[],""identifiers"":{}}","[""Snapshot context is not observation date or boundary date."",""Map geometry does not establish sovereignty or succession."",""Resolve historical identity before proposing entity-specific facts.""]","851acb012ccfa2a4bfa05ea83ec2694b3f773a7a6fee8703e87969c9225e6997",""
"entity-senegal@1815/political-institutional","entity-senegal@1815","","Senegal","1815","political-institutional","MISSING","C","held-ambiguous","dependent-administration","true","[]","[]","[]","[]","{""map_identity_id"":""entity-senegal"",""aliases"":[],""historical_names"":[],""identifiers"":{}}","[""Snapshot context is not observation date or boundary date."",""Map geometry does not establish sovereignty or succession."",""Resolve historical identity before proposing entity-specific facts.""]","851acb012ccfa2a4bfa05ea83ec2694b3f773a7a6fee8703e87969c9225e6997",""
"entity-senegal@1960/political-institutional","entity-senegal@1960","senegal-1960-parliamentary-core","Senegal —1960 parliamentary republic","1960","political-institutional","MISSING","C","held-ambiguous","dependent-administration","false","[]","[]","[]","[]","{""map_identity_id"":""entity-senegal"",""aliases"":[],""historical_names"":[{""value"":""Senegal —1960 parliamentary republic"",""kind"":""primary"",""validFrom"":""1960-09-01"",""validUntil"":""1961-01-01""}],""identifiers"":{}}","[""Snapshot context is not observation date or boundary date."",""Map geometry does not establish sovereignty or succession.""]","851acb012ccfa2a4bfa05ea83ec2694b3f773a7a6fee8703e87969c9225e6997",""
"entity-luxembourg@1800/political-institutional","entity-luxembourg@1800","","Luxembourg","1800","political-institutional","MISSING","C","completely-empty","political-polity","true","[]","[]","[]","[]","{""map_identity_id"":""entity-luxembourg"",""aliases"":[],""historical_names"":[],""identifiers"":{}}","[""Snapshot context is not observation date or boundary date."",""Map geometry does not establish sovereignty or succession."",""Resolve historical identity before proposing entity-specific facts.""]","851acb012ccfa2a4bfa05ea83ec2694b3f773a7a6fee8703e87969c9225e6997",""
"entity-luxembourg@1815/political-institutional","entity-luxembourg@1815","luxembourg-grand-duchy","Grand Duchy of Luxembourg","1815","political-institutional","PARTIAL","C","partially-supported","political-polity","false","[""Grand duchy in personal union with the Dutch monarchy""]","[]","[]","[]","{""map_identity_id"":""entity-luxembourg"",""aliases"":[],""historical_names"":[{""value"":""Grand Duchy of Luxembourg"",""kind"":""primary"",""validFrom"":""1815""}],""identifiers"":{}}","[""Snapshot context is not observation date or boundary date."",""Map geometry does not establish sovereignty or succession."",""Existing applicability intervals: [{\""kind\"":\""interval\"",\""from\"":\""1815\"",\""until\"":\""1890-11-23\""}]""]","851acb012ccfa2a4bfa05ea83ec2694b3f773a7a6fee8703e87969c9225e6997",""
"entity-grenada@1815/political-institutional","entity-grenada@1815","","Grenada","1815","political-institutional","MISSING","C","completely-empty","dependent-administration","true","[]","[]","[]","[]","{""map_identity_id"":""entity-grenada"",""aliases"":[],""historical_names"":[],""identifiers"":{}}","[""Snapshot context is not observation date or boundary date."",""Map geometry does not establish sovereignty or succession."",""Resolve historical identity before proposing entity-specific facts.""]","851acb012ccfa2a4bfa05ea83ec2694b3f773a7a6fee8703e87969c9225e6997",""
"entity-ivory-coast@1878/political-institutional","entity-ivory-coast@1878","","Ivory Coast","1878","political-institutional","MISSING","C","held-ambiguous","dependent-administration","true","[]","[]","[]","[]","{""map_identity_id"":""entity-ivory-coast"",""aliases"":[],""historical_names"":[],""identifiers"":{}}","[""Snapshot context is not observation date or boundary date."",""Map geometry does not establish sovereignty or succession."",""Resolve historical identity before proposing entity-specific facts.""]","851acb012ccfa2a4bfa05ea83ec2694b3f773a7a6fee8703e87969c9225e6997",""
"entity-ivory-coast@1880/political-institutional","entity-ivory-coast@1880","","Ivory Coast","1880","political-institutional","MISSING","C","held-ambiguous","dependent-administration","true","[]","[]","[]","[]","{""map_identity_id"":""entity-ivory-coast"",""aliases"":[],""historical_names"":[],""identifiers"":{}}","[""Snapshot context is not observation date or boundary date."",""Map geometry does not establish sovereignty or succession."",""Resolve historical identity before proposing entity-specific facts.""]","851acb012ccfa2a4bfa05ea83ec2694b3f773a7a6fee8703e87969c9225e6997",""
"entity-ivory-coast@1960/political-institutional","entity-ivory-coast@1960","ivory-coast-1960-independent-core","Ivory Coast — independent republic in 1960","1960","political-institutional","MISSING","C","held-ambiguous","dependent-administration","false","[]","[]","[]","[]","{""map_identity_id"":""entity-ivory-coast"",""aliases"":[],""historical_names"":[{""value"":""Ivory Coast — independent republic in 1960"",""kind"":""primary"",""validFrom"":""1960-08-07"",""validUntil"":""1960-08-08""}],""identifiers"":{}}","[""Snapshot context is not observation date or boundary date."",""Map geometry does not establish sovereignty or succession.""]","851acb012ccfa2a4bfa05ea83ec2694b3f773a7a6fee8703e87969c9225e6997",""
"entity-armenia@1914/political-institutional","entity-armenia@1914","","Armenia","1914","political-institutional","MISSING","C","completely-empty","political-polity","true","[]","[]","[]","[]","{""map_identity_id"":""entity-armenia"",""aliases"":[],""historical_names"":[],""identifiers"":{}}","[""Snapshot context is not observation date or boundary date."",""Map geometry does not establish sovereignty or succession."",""Resolve historical identity before proposing entity-specific facts.""]","851acb012ccfa2a4bfa05ea83ec2694b3f773a7a6fee8703e87969c9225e6997",""
"entity-armenia@1920/political-institutional","entity-armenia@1920","armenian-first-republic-parliamentary-framework","Republic of Armenia — parliamentary framework","1920","political-institutional","PARTIAL","C","partially-supported","political-polity","false","[""Independent republic with unsettled frontiers"",""Unicameral Parliament and accountable cabinets""]","[]","[]","[]","{""map_identity_id"":""entity-armenia"",""aliases"":[],""historical_names"":[{""value"":""Republic of Armenia — parliamentary framework"",""kind"":""primary"",""validFrom"":""1918-08-01"",""validUntil"":""1920-12-02""}],""identifiers"":{}}","[""Snapshot context is not observation date or boundary date."",""Map geometry does not establish sovereignty or succession."",""Existing applicability intervals: [{\""kind\"":\""interval\"",\""from\"":\""1918-08-01\"",\""until\"":\""1920-12-02\""},{\""kind\"":\""interval\"",\""from\"":\""1918-08-01\"",\""until\"":\""1920-12-02\""}]""]","851acb012ccfa2a4bfa05ea83ec2694b3f773a7a6fee8703e87969c9225e6997",""
"entity-armenia@1930/political-institutional","entity-armenia@1930","","Armenia","1930","political-institutional","MISSING","C","completely-empty","political-polity","true","[]","[]","[]","[]","{""map_identity_id"":""entity-armenia"",""aliases"":[],""historical_names"":[],""identifiers"":{}}","[""Snapshot context is not observation date or boundary date."",""Map geometry does not establish sovereignty or succession."",""Resolve historical identity before proposing entity-specific facts.""]","851acb012ccfa2a4bfa05ea83ec2694b3f773a7a6fee8703e87969c9225e6997",""
"entity-armenia@1938/political-institutional","entity-armenia@1938","","Armenia","1938","political-institutional","MISSING","C","completely-empty","political-polity","true","[]","[]","[]","[]","{""map_identity_id"":""entity-armenia"",""aliases"":[],""historical_names"":[],""identifiers"":{}}","[""Snapshot context is not observation date or boundary date."",""Map geometry does not establish sovereignty or succession."",""Resolve historical identity before proposing entity-specific facts.""]","851acb012ccfa2a4bfa05ea83ec2694b3f773a7a6fee8703e87969c9225e6997",""
"entity-benin@1945/political-institutional","entity-benin@1945","","Benin","1945","political-institutional","MISSING","C","held-ambiguous","political-polity","true","[]","[]","[]","[]","{""map_identity_id"":""entity-benin"",""aliases"":[],""historical_names"":[],""identifiers"":{}}","[""Snapshot context is not observation date or boundary date."",""Map geometry does not establish sovereignty or succession."",""Resolve historical identity before proposing entity-specific facts.""]","851acb012ccfa2a4bfa05ea83ec2694b3f773a7a6fee8703e87969c9225e6997",""
"entity-benin@1960/political-institutional","entity-benin@1960","","Benin","1960","political-institutional","MISSING","C","held-ambiguous","political-polity","true","[]","[]","[]","[]","{""map_identity_id"":""entity-benin"",""aliases"":[],""historical_names"":[],""identifiers"":{}}","[""Snapshot context is not observation date or boundary date."",""Map geometry does not establish sovereignty or succession."",""Resolve historical identity before proposing entity-specific facts.""]","851acb012ccfa2a4bfa05ea83ec2694b3f773a7a6fee8703e87969c9225e6997",""
"entity-montenegro@1878/political-institutional","entity-montenegro@1878","montenegrin-berlin-recognition-framework","Montenegro — Berlin recognition framework","1878","political-institutional","PARTIAL","C","partially-supported","political-polity","false","[""Independent state recognized by treaty""]","[]","[]","[]","{""map_identity_id"":""entity-montenegro"",""aliases"":[],""historical_names"":[{""value"":""Montenegro — Berlin recognition framework"",""kind"":""primary"",""validFrom"":""1878-07-13"",""validUntil"":""1879-01-01""}],""identifiers"":{}}","[""Snapshot context is not observation date or boundary date."",""Map geometry does not establish sovereignty or succession."",""Existing applicability intervals: [{\""kind\"":\""interval\"",\""from\"":\""1878-07-13\"",\""until\"":\""1879-01-01\""}]""]","851acb012ccfa2a4bfa05ea83ec2694b3f773a7a6fee8703e87969c9225e6997",""
"entity-montenegro@1880/political-institutional","entity-montenegro@1880","","Montenegro","1880","political-institutional","MISSING","C","completely-empty","political-polity","true","[]","[]","[]","[]","{""map_identity_id"":""entity-montenegro"",""aliases"":[],""historical_names"":[],""identifiers"":{}}","[""Snapshot context is not observation date or boundary date."",""Map geometry does not establish sovereignty or succession."",""Resolve historical identity before proposing entity-specific facts.""]","851acb012ccfa2a4bfa05ea83ec2694b3f773a7a6fee8703e87969c9225e6997",""
"entity-montenegro@1900/political-institutional","entity-montenegro@1900","","Montenegro","1900","political-institutional","MISSING","C","completely-empty","political-polity","true","[]","[]","[]","[]","{""map_identity_id"":""entity-montenegro"",""aliases"":[],""historical_names"":[],""identifiers"":{}}","[""Snapshot context is not observation date or boundary date."",""Map geometry does not establish sovereignty or succession."",""Resolve historical identity before proposing entity-specific facts.""]","851acb012ccfa2a4bfa05ea83ec2694b3f773a7a6fee8703e87969c9225e6997",""
"entity-montenegro@1914/political-institutional","entity-montenegro@1914","","Montenegro","1914","political-institutional","MISSING","C","completely-empty","political-polity","true","[]","[]","[]","[]","{""map_identity_id"":""entity-montenegro"",""aliases"":[],""historical_names"":[],""identifiers"":{}}","[""Snapshot context is not observation date or boundary date."",""Map geometry does not establish sovereignty or succession."",""Resolve historical identity before proposing entity-specific facts.""]","851acb012ccfa2a4bfa05ea83ec2694b3f773a7a6fee8703e87969c9225e6997",""
"entity-luba@1878/political-institutional","entity-luba@1878","","Luba","1878","political-institutional","MISSING","C","completely-empty","political-polity","true","[]","[]","[]","[]","{""map_identity_id"":""entity-luba"",""aliases"":[],""historical_names"":[],""identifiers"":{}}","[""Snapshot context is not observation date or boundary date."",""Map geometry does not establish sovereignty or succession."",""Resolve historical identity before proposing entity-specific facts.""]","851acb012ccfa2a4bfa05ea83ec2694b3f773a7a6fee8703e87969c9225e6997",""
"entity-luba@1880/political-institutional","entity-luba@1880","","Luba","1880","political-institutional","MISSING","C","completely-empty","political-polity","true","[]","[]","[]","[]","{""map_identity_id"":""entity-luba"",""aliases"":[],""historical_names"":[],""identifiers"":{}}","[""Snapshot context is not observation date or boundary date."",""Map geometry does not establish sovereignty or succession."",""Resolve historical identity before proposing entity-specific facts.""]","851acb012ccfa2a4bfa05ea83ec2694b3f773a7a6fee8703e87969c9225e6997",""
"entity-luba@1900/political-institutional","entity-luba@1900","","Luba","1900","political-institutional","MISSING","C","completely-empty","political-polity","true","[]","[]","[]","[]","{""map_identity_id"":""entity-luba"",""aliases"":[],""historical_names"":[],""identifiers"":{}}","[""Snapshot context is not observation date or boundary date."",""Map geometry does not establish sovereignty or succession."",""Resolve historical identity before proposing entity-specific facts.""]","851acb012ccfa2a4bfa05ea83ec2694b3f773a7a6fee8703e87969c9225e6997",""
"entity-laos@1800/political-institutional","entity-laos@1800","","Laos","1800","political-institutional","MISSING","C","completely-empty","political-polity","true","[]","[]","[]","[]","{""map_identity_id"":""entity-laos"",""aliases"":[],""historical_names"":[],""identifiers"":{}}","[""Snapshot context is not observation date or boundary date."",""Map geometry does not establish sovereignty or succession."",""Resolve historical identity before proposing entity-specific facts.""]","851acb012ccfa2a4bfa05ea83ec2694b3f773a7a6fee8703e87969c9225e6997",""
"entity-laos@1945/political-institutional","entity-laos@1945","","Laos","1945","political-institutional","MISSING","C","completely-empty","political-polity","true","[]","[]","[]","[]","{""map_identity_id"":""entity-laos"",""aliases"":[],""historical_names"":[],""identifiers"":{}}","[""Snapshot context is not observation date or boundary date."",""Map geometry does not establish sovereignty or succession."",""Resolve historical identity before proposing entity-specific facts.""]","851acb012ccfa2a4bfa05ea83ec2694b3f773a7a6fee8703e87969c9225e6997",""
"entity-laos@1960/political-institutional","entity-laos@1960","","Laos","1960","political-institutional","MISSING","C","completely-empty","political-polity","true","[]","[]","[]","[]","{""map_identity_id"":""entity-laos"",""aliases"":[],""historical_names"":[],""identifiers"":{}}","[""Snapshot context is not observation date or boundary date."",""Map geometry does not establish sovereignty or succession."",""Resolve historical identity before proposing entity-specific facts.""]","851acb012ccfa2a4bfa05ea83ec2694b3f773a7a6fee8703e87969c9225e6997",""
"entity-kanem-bornu@1900/political-institutional","entity-kanem-bornu@1900","","Kanem-Bornu","1900","political-institutional","MISSING","C","completely-empty","political-polity","true","[]","[]","[]","[]","{""map_identity_id"":""entity-kanem-bornu"",""aliases"":[],""historical_names"":[],""identifiers"":{}}","[""Snapshot context is not observation date or boundary date."",""Map geometry does not establish sovereignty or succession."",""Resolve historical identity before proposing entity-specific facts.""]","851acb012ccfa2a4bfa05ea83ec2694b3f773a7a6fee8703e87969c9225e6997",""
"entity-eritrea@1930/political-institutional","entity-eritrea@1930","","Eritrea","1930","political-institutional","MISSING","C","completely-empty","dependent-administration","true","[]","[]","[]","[]","{""map_identity_id"":""entity-eritrea"",""aliases"":[],""historical_names"":[],""identifiers"":{}}","[""Snapshot context is not observation date or boundary date."",""Map geometry does not establish sovereignty or succession."",""Resolve historical identity before proposing entity-specific facts.""]","851acb012ccfa2a4bfa05ea83ec2694b3f773a7a6fee8703e87969c9225e6997",""
"entity-albania@1914/political-institutional","entity-albania@1914","","Albania","1914","political-institutional","MISSING","C","completely-empty","political-polity","true","[]","[]","[]","[]","{""map_identity_id"":""entity-albania"",""aliases"":[],""historical_names"":[],""identifiers"":{}}","[""Snapshot context is not observation date or boundary date."",""Map geometry does not establish sovereignty or succession."",""Resolve historical identity before proposing entity-specific facts.""]","851acb012ccfa2a4bfa05ea83ec2694b3f773a7a6fee8703e87969c9225e6997",""
"entity-albania@1920/political-institutional","entity-albania@1920","albanian-national-council-1920-framework","Albanian State — National Council framework","1920","political-institutional","PARTIAL","C","partially-supported","political-polity","false","[""State under the Lushnja constitutional settlement"",""National Council appointing and dismissing the government""]","[]","[]","[]","{""map_identity_id"":""entity-albania"",""aliases"":[],""historical_names"":[{""value"":""Albanian State — National Council framework"",""kind"":""primary"",""validFrom"":""1920-03-27"",""validUntil"":""1920-12-20""}],""identifiers"":{}}","[""Snapshot context is not observation date or boundary date."",""Map geometry does not establish sovereignty or succession."",""Existing applicability intervals: [{\""kind\"":\""interval\"",\""from\"":\""1920-03-27\"",\""until\"":\""1920-12-20\""},{\""kind\"":\""interval\"",\""from\"":\""1920-03-27\"",\""until\"":\""1920-12-20\""}]""]","851acb012ccfa2a4bfa05ea83ec2694b3f773a7a6fee8703e87969c9225e6997",""
"entity-albania@1945/political-institutional","entity-albania@1945","","Albania","1945","political-institutional","MISSING","C","completely-empty","political-polity","true","[]","[]","[]","[]","{""map_identity_id"":""entity-albania"",""aliases"":[],""historical_names"":[],""identifiers"":{}}","[""Snapshot context is not observation date or boundary date."",""Map geometry does not establish sovereignty or succession."",""Resolve historical identity before proposing entity-specific facts.""]","851acb012ccfa2a4bfa05ea83ec2694b3f773a7a6fee8703e87969c9225e6997",""
"entity-turks-and-caicos-islands@1800/political-institutional","entity-turks-and-caicos-islands@1800","","Turks and Caicos Islands","1800","political-institutional","MISSING","C","completely-empty","dependent-administration","true","[]","[]","[]","[]","{""map_identity_id"":""entity-turks-and-caicos-islands"",""aliases"":[],""historical_names"":[],""identifiers"":{}}","[""Snapshot context is not observation date or boundary date."",""Map geometry does not establish sovereignty or succession."",""Resolve historical identity before proposing entity-specific facts.""]","851acb012ccfa2a4bfa05ea83ec2694b3f773a7a6fee8703e87969c9225e6997",""
"entity-turks-and-caicos-islands@1960/political-institutional","entity-turks-and-caicos-islands@1960","","Turks and Caicos Islands","1960","political-institutional","MISSING","C","completely-empty","dependent-administration","true","[]","[]","[]","[]","{""map_identity_id"":""entity-turks-and-caicos-islands"",""aliases"":[],""historical_names"":[],""identifiers"":{}}","[""Snapshot context is not observation date or boundary date."",""Map geometry does not establish sovereignty or succession."",""Resolve historical identity before proposing entity-specific facts.""]","851acb012ccfa2a4bfa05ea83ec2694b3f773a7a6fee8703e87969c9225e6997",""
"entity-kenya@1920/political-institutional","entity-kenya@1920","","Kenya","1920","political-institutional","MISSING","C","completely-empty","dependent-administration","true","[]","[]","[]","[]","{""map_identity_id"":""entity-kenya"",""aliases"":[],""historical_names"":[],""identifiers"":{}}","[""Snapshot context is not observation date or boundary date."",""Map geometry does not establish sovereignty or succession."",""Resolve historical identity before proposing entity-specific facts.""]","851acb012ccfa2a4bfa05ea83ec2694b3f773a7a6fee8703e87969c9225e6997",""
"entity-tukular-caliphate@1878/political-institutional","entity-tukular-caliphate@1878","","Tukular Caliphate","1878","political-institutional","MISSING","C","held-ambiguous","political-polity","true","[]","[]","[]","[]","{""map_identity_id"":""entity-tukular-caliphate"",""aliases"":[],""historical_names"":[],""identifiers"":{}}","[""Snapshot context is not observation date or boundary date."",""Map geometry does not establish sovereignty or succession."",""Resolve historical identity before proposing entity-specific facts.""]","851acb012ccfa2a4bfa05ea83ec2694b3f773a7a6fee8703e87969c9225e6997",""
"entity-tukular-caliphate@1880/political-institutional","entity-tukular-caliphate@1880","","Tukular Caliphate","1880","political-institutional","MISSING","C","held-ambiguous","political-polity","true","[]","[]","[]","[]","{""map_identity_id"":""entity-tukular-caliphate"",""aliases"":[],""historical_names"":[],""identifiers"":{}}","[""Snapshot context is not observation date or boundary date."",""Map geometry does not establish sovereignty or succession."",""Resolve historical identity before proposing entity-specific facts.""]","851acb012ccfa2a4bfa05ea83ec2694b3f773a7a6fee8703e87969c9225e6997",""
"entity-tukular-caliphate@1900/political-institutional","entity-tukular-caliphate@1900","","Tukular Caliphate","1900","political-institutional","MISSING","C","held-ambiguous","political-polity","true","[]","[]","[]","[]","{""map_identity_id"":""entity-tukular-caliphate"",""aliases"":[],""historical_names"":[],""identifiers"":{}}","[""Snapshot context is not observation date or boundary date."",""Map geometry does not establish sovereignty or succession."",""Resolve historical identity before proposing entity-specific facts.""]","851acb012ccfa2a4bfa05ea83ec2694b3f773a7a6fee8703e87969c9225e6997",""
"entity-sultanate-of-utetera@1878/political-institutional","entity-sultanate-of-utetera@1878","","Sultanate of Utetera","1878","political-institutional","MISSING","C","held-ambiguous","political-polity","true","[]","[]","[]","[]","{""map_identity_id"":""entity-sultanate-of-utetera"",""aliases"":[],""historical_names"":[],""identifiers"":{}}","[""Snapshot context is not observation date or boundary date."",""Map geometry does not establish sovereignty or succession."",""Resolve historical identity before proposing entity-specific facts.""]","851acb012ccfa2a4bfa05ea83ec2694b3f773a7a6fee8703e87969c9225e6997",""
"entity-sultanate-of-utetera@1880/political-institutional","entity-sultanate-of-utetera@1880","","Sultanate of Utetera","1880","political-institutional","MISSING","C","held-ambiguous","political-polity","true","[]","[]","[]","[]","{""map_identity_id"":""entity-sultanate-of-utetera"",""aliases"":[],""historical_names"":[],""identifiers"":{}}","[""Snapshot context is not observation date or boundary date."",""Map geometry does not establish sovereignty or succession."",""Resolve historical identity before proposing entity-specific facts.""]","851acb012ccfa2a4bfa05ea83ec2694b3f773a7a6fee8703e87969c9225e6997",""
"entity-sultanate-of-utetera@1900/political-institutional","entity-sultanate-of-utetera@1900","","Sultanate of Utetera","1900","political-institutional","MISSING","C","held-ambiguous","political-polity","true","[]","[]","[]","[]","{""map_identity_id"":""entity-sultanate-of-utetera"",""aliases"":[],""historical_names"":[],""identifiers"":{}}","[""Snapshot context is not observation date or boundary date."",""Map geometry does not establish sovereignty or succession."",""Resolve historical identity before proposing entity-specific facts.""]","851acb012ccfa2a4bfa05ea83ec2694b3f773a7a6fee8703e87969c9225e6997",""
"entity-togo@1920/political-institutional","entity-togo@1920","togo-1920-occupation-core","Togo — French occupation administration in 1920","1920","political-institutional","PARTIAL","C","partially-supported","dependent-administration","false","[""French-administered occupied former German territory"",""French occupation administration""]","[]","[]","[]","{""map_identity_id"":""entity-togo"",""aliases"":[],""historical_names"":[{""value"":""Togo — French occupation administration in 1920"",""kind"":""primary"",""validFrom"":""1920-10-01"",""validUntil"":""1921-01-01""}],""identifiers"":{}}","[""Snapshot context is not observation date or boundary date."",""Map geometry does not establish sovereignty or succession."",""Existing applicability intervals: [{\""kind\"":\""interval\"",\""from\"":\""1920-10-01\"",\""until\"":\""1921-01-01\""},{\""kind\"":\""interval\"",\""from\"":\""1920-10-01\"",\""until\"":\""1921-01-01\""}]""]","851acb012ccfa2a4bfa05ea83ec2694b3f773a7a6fee8703e87969c9225e6997",""
"entity-togo@1960/political-institutional","entity-togo@1960","togo-1960-independent-core","Togo — independent republic in 1960","1960","political-institutional","PARTIAL","C","partially-supported","dependent-administration","false","[""Independent republic after UN trusteeship"",""Government headed by Prime Minister Sylvanus Olympio""]","[]","[]","[]","{""map_identity_id"":""entity-togo"",""aliases"":[],""historical_names"":[{""value"":""Togo — independent republic in 1960"",""kind"":""primary"",""validFrom"":""1960-04-27"",""validUntil"":""1961-01-01""}],""identifiers"":{}}","[""Snapshot context is not observation date or boundary date."",""Map geometry does not establish sovereignty or succession."",""Existing applicability intervals: [{\""kind\"":\""interval\"",\""from\"":\""1960-04-27\"",\""until\"":\""1961-01-01\""},{\""kind\"":\""interval\"",\""from\"":\""1960-04-27\"",\""until\"":\""1961-01-01\""}]""]","851acb012ccfa2a4bfa05ea83ec2694b3f773a7a6fee8703e87969c9225e6997",""
"entity-futa-toro@1878/political-institutional","entity-futa-toro@1878","","Futa Toro","1878","political-institutional","MISSING","C","held-ambiguous","political-polity","true","[]","[]","[]","[]","{""map_identity_id"":""entity-futa-toro"",""aliases"":[],""historical_names"":[],""identifiers"":{}}","[""Snapshot context is not observation date or boundary date."",""Map geometry does not establish sovereignty or succession."",""Resolve historical identity before proposing entity-specific facts.""]","851acb012ccfa2a4bfa05ea83ec2694b3f773a7a6fee8703e87969c9225e6997",""
"entity-futa-toro@1880/political-institutional","entity-futa-toro@1880","","Futa Toro","1880","political-institutional","MISSING","C","held-ambiguous","political-polity","true","[]","[]","[]","[]","{""map_identity_id"":""entity-futa-toro"",""aliases"":[],""historical_names"":[],""identifiers"":{}}","[""Snapshot context is not observation date or boundary date."",""Map geometry does not establish sovereignty or succession."",""Resolve historical identity before proposing entity-specific facts.""]","851acb012ccfa2a4bfa05ea83ec2694b3f773a7a6fee8703e87969c9225e6997",""
"entity-futa-toro@1900/political-institutional","entity-futa-toro@1900","","Futa Toro","1900","political-institutional","MISSING","C","held-ambiguous","political-polity","true","[]","[]","[]","[]","{""map_identity_id"":""entity-futa-toro"",""aliases"":[],""historical_names"":[],""identifiers"":{}}","[""Snapshot context is not observation date or boundary date."",""Map geometry does not establish sovereignty or succession."",""Resolve historical identity before proposing entity-specific facts.""]","851acb012ccfa2a4bfa05ea83ec2694b3f773a7a6fee8703e87969c9225e6997",""
"entity-martinique@1815/political-institutional","entity-martinique@1815","","Martinique","1815","political-institutional","MISSING","C","completely-empty","dependent-administration","true","[]","[]","[]","[]","{""map_identity_id"":""entity-martinique"",""aliases"":[],""historical_names"":[],""identifiers"":{}}","[""Snapshot context is not observation date or boundary date."",""Map geometry does not establish sovereignty or succession."",""Resolve historical identity before proposing entity-specific facts.""]","851acb012ccfa2a4bfa05ea83ec2694b3f773a7a6fee8703e87969c9225e6997",""
"entity-azerbaijan@1914/political-institutional","entity-azerbaijan@1914","","Azerbaijan","1914","political-institutional","MISSING","C","completely-empty","political-polity","true","[]","[]","[]","[]","{""map_identity_id"":""entity-azerbaijan"",""aliases"":[],""historical_names"":[],""identifiers"":{}}","[""Snapshot context is not observation date or boundary date."",""Map geometry does not establish sovereignty or succession."",""Resolve historical identity before proposing entity-specific facts.""]","851acb012ccfa2a4bfa05ea83ec2694b3f773a7a6fee8703e87969c9225e6997",""
"entity-azerbaijan@1920/political-institutional","entity-azerbaijan@1920","azerbaijan-first-republic-parliamentary-framework","Azerbaijan Democratic Republic — parliamentary framework","1920","political-institutional","PARTIAL","C","partially-supported","political-polity","false","[""Independent parliamentary republic"",""Parliament and cabinet""]","[]","[]","[]","{""map_identity_id"":""entity-azerbaijan"",""aliases"":[],""historical_names"":[{""value"":""Azerbaijan Democratic Republic — parliamentary framework"",""kind"":""primary"",""validFrom"":""1918-12-07"",""validUntil"":""1920-04-28""}],""identifiers"":{}}","[""Snapshot context is not observation date or boundary date."",""Map geometry does not establish sovereignty or succession."",""Existing applicability intervals: [{\""kind\"":\""interval\"",\""from\"":\""1918-12-07\"",\""until\"":\""1920-04-28\""},{\""kind\"":\""interval\"",\""from\"":\""1918-12-07\"",\""until\"":\""1920-04-28\""}]""]","851acb012ccfa2a4bfa05ea83ec2694b3f773a7a6fee8703e87969c9225e6997",""
"entity-azerbaijan@1930/political-institutional","entity-azerbaijan@1930","","Azerbaijan","1930","political-institutional","MISSING","C","completely-empty","political-polity","true","[]","[]","[]","[]","{""map_identity_id"":""entity-azerbaijan"",""aliases"":[],""historical_names"":[],""identifiers"":{}}","[""Snapshot context is not observation date or boundary date."",""Map geometry does not establish sovereignty or succession."",""Resolve historical identity before proposing entity-specific facts.""]","851acb012ccfa2a4bfa05ea83ec2694b3f773a7a6fee8703e87969c9225e6997",""
"entity-buganda@1900/political-institutional","entity-buganda@1900","","Buganda","1900","political-institutional","MISSING","C","completely-empty","political-polity","true","[]","[]","[]","[]","{""map_identity_id"":""entity-buganda"",""aliases"":[],""historical_names"":[],""identifiers"":{}}","[""Snapshot context is not observation date or boundary date."",""Map geometry does not establish sovereignty or succession."",""Resolve historical identity before proposing entity-specific facts.""]","851acb012ccfa2a4bfa05ea83ec2694b3f773a7a6fee8703e87969c9225e6997",""
"entity-kuwait@1938/political-institutional","entity-kuwait@1938","","Kuwait","1938","political-institutional","MISSING","C","completely-empty","political-polity","true","[]","[]","[]","[]","{""map_identity_id"":""entity-kuwait"",""aliases"":[],""historical_names"":[],""identifiers"":{}}","[""Snapshot context is not observation date or boundary date."",""Map geometry does not establish sovereignty or succession."",""Resolve historical identity before proposing entity-specific facts.""]","851acb012ccfa2a4bfa05ea83ec2694b3f773a7a6fee8703e87969c9225e6997",""
"entity-spanish-guinea@1878/political-institutional","entity-spanish-guinea@1878","b17-spanish-guinea-1878","Fernando Poo dependencies — Spanish colonial decree attestation","1878","political-institutional","PARTIAL","C","partially-supported","dependent-administration","false","[""Spanish island colonial administration"",""Naval commander, civil delegate and government council""]","[]","[]","[]","{""map_identity_id"":""entity-spanish-guinea"",""aliases"":[],""historical_names"":[{""value"":""Fernando Poo dependencies — Spanish colonial decree attestation"",""kind"":""primary"",""validFrom"":""1878-12-26"",""validUntil"":""1878-12-27""}],""identifiers"":{}}","[""Snapshot context is not observation date or boundary date."",""Map geometry does not establish sovereignty or succession."",""Existing applicability intervals: [{\""kind\"":\""interval\"",\""from\"":\""1878-12-26\"",\""until\"":\""1878-12-27\""},{\""kind\"":\""interval\"",\""from\"":\""1878-12-26\"",\""until\"":\""1878-12-27\""}]""]","851acb012ccfa2a4bfa05ea83ec2694b3f773a7a6fee8703e87969c9225e6997",""
"entity-spanish-guinea@1880/political-institutional","entity-spanish-guinea@1880","","Spanish Guinea","1880","political-institutional","MISSING","C","completely-empty","dependent-administration","true","[]","[]","[]","[]","{""map_identity_id"":""entity-spanish-guinea"",""aliases"":[],""historical_names"":[],""identifiers"":{}}","[""Snapshot context is not observation date or boundary date."",""Map geometry does not establish sovereignty or succession."",""Resolve historical identity before proposing entity-specific facts.""]","851acb012ccfa2a4bfa05ea83ec2694b3f773a7a6fee8703e87969c9225e6997",""
"entity-spanish-guinea@1900/political-institutional","entity-spanish-guinea@1900","","Spanish Guinea","1900","political-institutional","MISSING","C","completely-empty","dependent-administration","true","[]","[]","[]","[]","{""map_identity_id"":""entity-spanish-guinea"",""aliases"":[],""historical_names"":[],""identifiers"":{}}","[""Snapshot context is not observation date or boundary date."",""Map geometry does not establish sovereignty or succession."",""Resolve historical identity before proposing entity-specific facts.""]","851acb012ccfa2a4bfa05ea83ec2694b3f773a7a6fee8703e87969c9225e6997",""
"entity-british-guiana@1800/political-institutional","entity-british-guiana@1800","","British Guiana","1800","political-institutional","MISSING","C","held-ambiguous","dependent-administration","true","[]","[]","[]","[]","{""map_identity_id"":""entity-british-guiana"",""aliases"":[],""historical_names"":[],""identifiers"":{}}","[""Snapshot context is not observation date or boundary date."",""Map geometry does not establish sovereignty or succession."",""Resolve historical identity before proposing entity-specific facts.""]","851acb012ccfa2a4bfa05ea83ec2694b3f773a7a6fee8703e87969c9225e6997",""
"entity-kingdom-of-hawaii@1900/political-institutional","entity-kingdom-of-hawaii@1900","","Kingdom of Hawaii","1900","political-institutional","MISSING","C","held-ambiguous","political-polity","true","[]","[]","[]","[]","{""map_identity_id"":""entity-kingdom-of-hawaii"",""aliases"":[],""historical_names"":[],""identifiers"":{}}","[""Snapshot context is not observation date or boundary date."",""Map geometry does not establish sovereignty or succession."",""Resolve historical identity before proposing entity-specific facts.""]","851acb012ccfa2a4bfa05ea83ec2694b3f773a7a6fee8703e87969c9225e6997",""
"entity-hail@1930/political-institutional","entity-hail@1930","","Hail","1930","political-institutional","MISSING","C","held-ambiguous","political-polity","true","[]","[]","[]","[]","{""map_identity_id"":""entity-hail"",""aliases"":[],""historical_names"":[],""identifiers"":{}}","[""Snapshot context is not observation date or boundary date."",""Map geometry does not establish sovereignty or succession."",""Resolve historical identity before proposing entity-specific facts.""]","851acb012ccfa2a4bfa05ea83ec2694b3f773a7a6fee8703e87969c9225e6997",""
"entity-hail@1938/political-institutional","entity-hail@1938","","Hail","1938","political-institutional","MISSING","C","held-ambiguous","political-polity","true","[]","[]","[]","[]","{""map_identity_id"":""entity-hail"",""aliases"":[],""historical_names"":[],""identifiers"":{}}","[""Snapshot context is not observation date or boundary date."",""Map geometry does not establish sovereignty or succession."",""Resolve historical identity before proposing entity-specific facts.""]","851acb012ccfa2a4bfa05ea83ec2694b3f773a7a6fee8703e87969c9225e6997",""
"entity-georgia@1914/political-institutional","entity-georgia@1914","","Georgia","1914","political-institutional","MISSING","C","completely-empty","political-polity","true","[]","[]","[]","[]","{""map_identity_id"":""entity-georgia"",""aliases"":[],""historical_names"":[],""identifiers"":{}}","[""Snapshot context is not observation date or boundary date."",""Map geometry does not establish sovereignty or succession."",""Resolve historical identity before proposing entity-specific facts.""]","851acb012ccfa2a4bfa05ea83ec2694b3f773a7a6fee8703e87969c9225e6997",""
"entity-georgia@1930/political-institutional","entity-georgia@1930","","Georgia","1930","political-institutional","MISSING","C","completely-empty","political-polity","true","[]","[]","[]","[]","{""map_identity_id"":""entity-georgia"",""aliases"":[],""historical_names"":[],""identifiers"":{}}","[""Snapshot context is not observation date or boundary date."",""Map geometry does not establish sovereignty or succession."",""Resolve historical identity before proposing entity-specific facts.""]","851acb012ccfa2a4bfa05ea83ec2694b3f773a7a6fee8703e87969c9225e6997",""
"entity-israel@1938/political-institutional","entity-israel@1938","","Israel","1938","political-institutional","MISSING","C","held-ambiguous","political-polity","true","[]","[]","[]","[]","{""map_identity_id"":""entity-israel"",""aliases"":[],""historical_names"":[],""identifiers"":{}}","[""Snapshot context is not observation date or boundary date."",""Map geometry does not establish sovereignty or succession."",""Resolve historical identity before proposing entity-specific facts.""]","851acb012ccfa2a4bfa05ea83ec2694b3f773a7a6fee8703e87969c9225e6997",""
"entity-israel@1945/political-institutional","entity-israel@1945","","Israel","1945","political-institutional","MISSING","C","held-ambiguous","political-polity","true","[]","[]","[]","[]","{""map_identity_id"":""entity-israel"",""aliases"":[],""historical_names"":[],""identifiers"":{}}","[""Snapshot context is not observation date or boundary date."",""Map geometry does not establish sovereignty or succession."",""Resolve historical identity before proposing entity-specific facts.""]","851acb012ccfa2a4bfa05ea83ec2694b3f773a7a6fee8703e87969c9225e6997",""
"entity-bahamas@1800/political-institutional","entity-bahamas@1800","","Bahamas","1800","political-institutional","MISSING","C","completely-empty","dependent-administration","true","[]","[]","[]","[]","{""map_identity_id"":""entity-bahamas"",""aliases"":[],""historical_names"":[],""identifiers"":{}}","[""Snapshot context is not observation date or boundary date."",""Map geometry does not establish sovereignty or succession."",""Resolve historical identity before proposing entity-specific facts.""]","851acb012ccfa2a4bfa05ea83ec2694b3f773a7a6fee8703e87969c9225e6997",""
"entity-jamaica@1960/political-institutional","entity-jamaica@1960","","Jamaica","1960","political-institutional","MISSING","C","completely-empty","dependent-administration","true","[]","[]","[]","[]","{""map_identity_id"":""entity-jamaica"",""aliases"":[],""historical_names"":[],""identifiers"":{}}","[""Snapshot context is not observation date or boundary date."",""Map geometry does not establish sovereignty or succession."",""Resolve historical identity before proposing entity-specific facts.""]","851acb012ccfa2a4bfa05ea83ec2694b3f773a7a6fee8703e87969c9225e6997",""
"entity-zululand@1880/political-institutional","entity-zululand@1880","b20-zululand-postwar","Zululand — postwar chiefdom settlement","1880","political-institutional","PARTIAL","C","partially-supported","dependent-administration","false","[""Partitioned postwar chiefdoms under a British-imposed settlement"",""Appointed chiefs and British Resident supervision""]","[]","[]","[]","{""map_identity_id"":""entity-zululand"",""aliases"":[],""historical_names"":[{""value"":""Zululand — postwar chiefdom settlement"",""kind"":""primary"",""validFrom"":""1880-03-12"",""validUntil"":""1880-03-13""}],""identifiers"":{}}","[""Snapshot context is not observation date or boundary date."",""Map geometry does not establish sovereignty or succession."",""Existing applicability intervals: [{\""kind\"":\""interval\"",\""from\"":\""1880-03-12\"",\""until\"":\""1880-03-13\""},{\""kind\"":\""interval\"",\""from\"":\""1880-03-12\"",\""until\"":\""1880-03-13\""}]""]","851acb012ccfa2a4bfa05ea83ec2694b3f773a7a6fee8703e87969c9225e6997",""
"entity-zululand@1900/political-institutional","entity-zululand@1900","","Zululand","1900","political-institutional","MISSING","C","completely-empty","dependent-administration","true","[]","[]","[]","[]","{""map_identity_id"":""entity-zululand"",""aliases"":[],""historical_names"":[],""identifiers"":{}}","[""Snapshot context is not observation date or boundary date."",""Map geometry does not establish sovereignty or succession."",""Resolve historical identity before proposing entity-specific facts.""]","851acb012ccfa2a4bfa05ea83ec2694b3f773a7a6fee8703e87969c9225e6997",""
"entity-somalia@1815/political-institutional","entity-somalia@1815","","Somalia","1815","political-institutional","MISSING","C","held-ambiguous","dependent-administration","true","[]","[]","[]","[]","{""map_identity_id"":""entity-somalia"",""aliases"":[],""historical_names"":[],""identifiers"":{}}","[""Snapshot context is not observation date or boundary date."",""Map geometry does not establish sovereignty or succession."",""Resolve historical identity before proposing entity-specific facts.""]","851acb012ccfa2a4bfa05ea83ec2694b3f773a7a6fee8703e87969c9225e6997",""
"entity-somalia@1960/political-institutional","entity-somalia@1960","","Somalia","1960","political-institutional","MISSING","C","held-ambiguous","dependent-administration","true","[]","[]","[]","[]","{""map_identity_id"":""entity-somalia"",""aliases"":[],""historical_names"":[],""identifiers"":{}}","[""Snapshot context is not observation date or boundary date."",""Map geometry does not establish sovereignty or succession."",""Resolve historical identity before proposing entity-specific facts.""]","851acb012ccfa2a4bfa05ea83ec2694b3f773a7a6fee8703e87969c9225e6997",""
"entity-natal@1878/political-institutional","entity-natal@1878","b20-natal-colony","Natal — British colonial administration","1878","political-institutional","PARTIAL","C","partially-supported","dependent-administration","false","[""British colony"",""Colonial government and representative legislature""]","[]","[]","[]","{""map_identity_id"":""entity-natal"",""aliases"":[],""historical_names"":[{""value"":""Natal — British colonial administration"",""kind"":""primary"",""validFrom"":""1878-07-26"",""validUntil"":""1878-07-27""},{""value"":""Natal — British colony"",""kind"":""primary"",""validFrom"":""1880-08-31"",""validUntil"":""1880-09-01""},{""value"":""Natal — British colony during South African War"",""kind"":""primary"",""validFrom"":""1900-12-12"",""validUntil"":""1900-12-13""}],""identifiers"":{}}","[""Snapshot context is not observation date or boundary date."",""Map geometry does not establish sovereignty or succession."",""Existing applicability intervals: [{\""kind\"":\""interval\"",\""from\"":\""1878-07-26\"",\""until\"":\""1878-07-27\""},{\""kind\"":\""interval\"",\""from\"":\""1878-07-26\"",\""until\"":\""1878-07-27\""}]""]","851acb012ccfa2a4bfa05ea83ec2694b3f773a7a6fee8703e87969c9225e6997",""
"entity-natal@1880/political-institutional","entity-natal@1880","b20-natal-colony","Natal — British colony","1880","political-institutional","PARTIAL","C","partially-supported","dependent-administration","false","[""British colony"",""Natal colonial administration""]","[]","[]","[]","{""map_identity_id"":""entity-natal"",""aliases"":[],""historical_names"":[{""value"":""Natal — British colonial administration"",""kind"":""primary"",""validFrom"":""1878-07-26"",""validUntil"":""1878-07-27""},{""value"":""Natal — British colony"",""kind"":""primary"",""validFrom"":""1880-08-31"",""validUntil"":""1880-09-01""},{""value"":""Natal — British colony during South African War"",""kind"":""primary"",""validFrom"":""1900-12-12"",""validUntil"":""1900-12-13""}],""identifiers"":{}}","[""Snapshot context is not observation date or boundary date."",""Map geometry does not establish sovereignty or succession."",""Existing applicability intervals: [{\""kind\"":\""interval\"",\""from\"":\""1880-08-31\"",\""until\"":\""1880-09-01\""},{\""kind\"":\""interval\"",\""from\"":\""1880-08-31\"",\""until\"":\""1880-09-01\""}]""]","851acb012ccfa2a4bfa05ea83ec2694b3f773a7a6fee8703e87969c9225e6997",""
"entity-natal@1900/political-institutional","entity-natal@1900","b20-natal-colony","Natal — British colony during South African War","1900","political-institutional","PARTIAL","C","partially-supported","dependent-administration","false","[""British colony affected by war"",""Natal colonial administration""]","[]","[]","[]","{""map_identity_id"":""entity-natal"",""aliases"":[],""historical_names"":[{""value"":""Natal — British colonial administration"",""kind"":""primary"",""validFrom"":""1878-07-26"",""validUntil"":""1878-07-27""},{""value"":""Natal — British colony"",""kind"":""primary"",""validFrom"":""1880-08-31"",""validUntil"":""1880-09-01""},{""value"":""Natal — British colony during South African War"",""kind"":""primary"",""validFrom"":""1900-12-12"",""validUntil"":""1900-12-13""}],""identifiers"":{}}","[""Snapshot context is not observation date or boundary date."",""Map geometry does not establish sovereignty or succession."",""Existing applicability intervals: [{\""kind\"":\""interval\"",\""from\"":\""1900-12-12\"",\""until\"":\""1900-12-13\""},{\""kind\"":\""interval\"",\""from\"":\""1900-12-12\"",\""until\"":\""1900-12-13\""}]""]","851acb012ccfa2a4bfa05ea83ec2694b3f773a7a6fee8703e87969c9225e6997",""
"entity-hejaz@1938/political-institutional","entity-hejaz@1938","","Hejaz","1938","political-institutional","MISSING","C","held-ambiguous","political-polity","true","[]","[]","[]","[]","{""map_identity_id"":""entity-hejaz"",""aliases"":[],""historical_names"":[],""identifiers"":{}}","[""Snapshot context is not observation date or boundary date."",""Map geometry does not establish sovereignty or succession."",""Resolve historical identity before proposing entity-specific facts.""]","851acb012ccfa2a4bfa05ea83ec2694b3f773a7a6fee8703e87969c9225e6997",""
"entity-zimbabwe@1920/political-institutional","entity-zimbabwe@1920","","Zimbabwe","1920","political-institutional","MISSING","C","completely-empty","dependent-administration","true","[]","[]","[]","[]","{""map_identity_id"":""entity-zimbabwe"",""aliases"":[],""historical_names"":[],""identifiers"":{}}","[""Snapshot context is not observation date or boundary date."",""Map geometry does not establish sovereignty or succession."",""Resolve historical identity before proposing entity-specific facts.""]","851acb012ccfa2a4bfa05ea83ec2694b3f773a7a6fee8703e87969c9225e6997",""
"entity-muscat-and-oman@1920/political-institutional","entity-muscat-and-oman@1920","","Muscat and Oman","1920","political-institutional","MISSING","C","completely-empty","political-polity","true","[]","[]","[]","[]","{""map_identity_id"":""entity-muscat-and-oman"",""aliases"":[],""historical_names"":[],""identifiers"":{}}","[""Snapshot context is not observation date or boundary date."",""Map geometry does not establish sovereignty or succession."",""Resolve historical identity before proposing entity-specific facts.""]","851acb012ccfa2a4bfa05ea83ec2694b3f773a7a6fee8703e87969c9225e6997",""
"entity-imerina@1900/political-institutional","entity-imerina@1900","","Imerina","1900","political-institutional","MISSING","C","completely-empty","political-polity","true","[]","[]","[]","[]","{""map_identity_id"":""entity-imerina"",""aliases"":[],""historical_names"":[],""identifiers"":{}}","[""Snapshot context is not observation date or boundary date."",""Map geometry does not establish sovereignty or succession."",""Resolve historical identity before proposing entity-specific facts.""]","851acb012ccfa2a4bfa05ea83ec2694b3f773a7a6fee8703e87969c9225e6997",""
"entity-harer-egypt@1900/political-institutional","entity-harer-egypt@1900","","Harer (Egypt)","1900","political-institutional","MISSING","C","held-ambiguous","dependent-administration","true","[]","[]","[]","[]","{""map_identity_id"":""entity-harer-egypt"",""aliases"":[],""historical_names"":[],""identifiers"":{}}","[""Snapshot context is not observation date or boundary date."",""Map geometry does not establish sovereignty or succession."",""Resolve historical identity before proposing entity-specific facts.""]","851acb012ccfa2a4bfa05ea83ec2694b3f773a7a6fee8703e87969c9225e6997",""
"entity-kuba@1900/political-institutional","entity-kuba@1900","","Kuba","1900","political-institutional","MISSING","C","completely-empty","political-polity","true","[]","[]","[]","[]","{""map_identity_id"":""entity-kuba"",""aliases"":[],""historical_names"":[],""identifiers"":{}}","[""Snapshot context is not observation date or boundary date."",""Map geometry does not establish sovereignty or succession."",""Resolve historical identity before proposing entity-specific facts.""]","851acb012ccfa2a4bfa05ea83ec2694b3f773a7a6fee8703e87969c9225e6997",""
"entity-mandatory-palestine-gb@1920/political-institutional","entity-mandatory-palestine-gb@1920","","Mandatory Palestine (GB)","1920","political-institutional","MISSING","C","completely-empty","dependent-administration","true","[]","[]","[]","[]","{""map_identity_id"":""entity-mandatory-palestine-gb"",""aliases"":[],""historical_names"":[],""identifiers"":{}}","[""Snapshot context is not observation date or boundary date."",""Map geometry does not establish sovereignty or succession."",""Resolve historical identity before proposing entity-specific facts.""]","851acb012ccfa2a4bfa05ea83ec2694b3f773a7a6fee8703e87969c9225e6997",""
"entity-rwanda-belgium@1920/political-institutional","entity-rwanda-belgium@1920","","Rwanda (Belgium)","1920","political-institutional","MISSING","C","completely-empty","dependent-administration","true","[]","[]","[]","[]","{""map_identity_id"":""entity-rwanda-belgium"",""aliases"":[],""historical_names"":[],""identifiers"":{}}","[""Snapshot context is not observation date or boundary date."",""Map geometry does not establish sovereignty or succession."",""Resolve historical identity before proposing entity-specific facts.""]","851acb012ccfa2a4bfa05ea83ec2694b3f773a7a6fee8703e87969c9225e6997",""
"entity-dendi-kingdom@1878/political-institutional","entity-dendi-kingdom@1878","","Dendi Kingdom","1878","political-institutional","MISSING","C","held-ambiguous","political-polity","true","[]","[]","[]","[]","{""map_identity_id"":""entity-dendi-kingdom"",""aliases"":[],""historical_names"":[],""identifiers"":{}}","[""Snapshot context is not observation date or boundary date."",""Map geometry does not establish sovereignty or succession."",""Resolve historical identity before proposing entity-specific facts.""]","851acb012ccfa2a4bfa05ea83ec2694b3f773a7a6fee8703e87969c9225e6997",""
"entity-dendi-kingdom@1880/political-institutional","entity-dendi-kingdom@1880","","Dendi Kingdom","1880","political-institutional","MISSING","C","held-ambiguous","political-polity","true","[]","[]","[]","[]","{""map_identity_id"":""entity-dendi-kingdom"",""aliases"":[],""historical_names"":[],""identifiers"":{}}","[""Snapshot context is not observation date or boundary date."",""Map geometry does not establish sovereignty or succession."",""Resolve historical identity before proposing entity-specific facts.""]","851acb012ccfa2a4bfa05ea83ec2694b3f773a7a6fee8703e87969c9225e6997",""
"entity-wassoulou-empire@1878/political-institutional","entity-wassoulou-empire@1878","","Wassoulou Empire","1878","political-institutional","MISSING","C","completely-empty","political-polity","true","[]","[]","[]","[]","{""map_identity_id"":""entity-wassoulou-empire"",""aliases"":[],""historical_names"":[],""identifiers"":{}}","[""Snapshot context is not observation date or boundary date."",""Map geometry does not establish sovereignty or succession."",""Resolve historical identity before proposing entity-specific facts.""]","851acb012ccfa2a4bfa05ea83ec2694b3f773a7a6fee8703e87969c9225e6997",""
"entity-wassoulou-empire@1880/political-institutional","entity-wassoulou-empire@1880","","Wassoulou Empire","1880","political-institutional","MISSING","C","completely-empty","political-polity","true","[]","[]","[]","[]","{""map_identity_id"":""entity-wassoulou-empire"",""aliases"":[],""historical_names"":[],""identifiers"":{}}","[""Snapshot context is not observation date or boundary date."",""Map geometry does not establish sovereignty or succession."",""Resolve historical identity before proposing entity-specific facts.""]","851acb012ccfa2a4bfa05ea83ec2694b3f773a7a6fee8703e87969c9225e6997",""
"entity-futa-jalon@1900/political-institutional","entity-futa-jalon@1900","","Futa Jalon","1900","political-institutional","MISSING","C","held-ambiguous","political-polity","true","[]","[]","[]","[]","{""map_identity_id"":""entity-futa-jalon"",""aliases"":[],""historical_names"":[],""identifiers"":{}}","[""Snapshot context is not observation date or boundary date."",""Map geometry does not establish sovereignty or succession."",""Resolve historical identity before proposing entity-specific facts.""]","851acb012ccfa2a4bfa05ea83ec2694b3f773a7a6fee8703e87969c9225e6997",""
"entity-tu-i-tonga-empire@1800/political-institutional","entity-tu-i-tonga-empire@1800","","Tuʻi Tonga Empire","1800","political-institutional","MISSING","C","held-ambiguous","political-polity","true","[]","[]","[]","[]","{""map_identity_id"":""entity-tu-i-tonga-empire"",""aliases"":[],""historical_names"":[],""identifiers"":{}}","[""Snapshot context is not observation date or boundary date."",""Map geometry does not establish sovereignty or succession."",""Resolve historical identity before proposing entity-specific facts.""]","851acb012ccfa2a4bfa05ea83ec2694b3f773a7a6fee8703e87969c9225e6997",""
"entity-tu-i-tonga-empire@1815/political-institutional","entity-tu-i-tonga-empire@1815","","Tuʻi Tonga Empire","1815","political-institutional","MISSING","C","held-ambiguous","political-polity","true","[]","[]","[]","[]","{""map_identity_id"":""entity-tu-i-tonga-empire"",""aliases"":[],""historical_names"":[],""identifiers"":{}}","[""Snapshot context is not observation date or boundary date."",""Map geometry does not establish sovereignty or succession."",""Resolve historical identity before proposing entity-specific facts.""]","851acb012ccfa2a4bfa05ea83ec2694b3f773a7a6fee8703e87969c9225e6997",""
"entity-delagoa-bay@1800/political-institutional","entity-delagoa-bay@1800","","Delagoa Bay","1800","political-institutional","MISSING","C","held-ambiguous","dependent-administration","true","[]","[]","[]","[]","{""map_identity_id"":""entity-delagoa-bay"",""aliases"":[],""historical_names"":[],""identifiers"":{}}","[""Snapshot context is not observation date or boundary date."",""Map geometry does not establish sovereignty or succession."",""Resolve historical identity before proposing entity-specific facts.""]","851acb012ccfa2a4bfa05ea83ec2694b3f773a7a6fee8703e87969c9225e6997",""
"entity-delagoa-bay@1815/political-institutional","entity-delagoa-bay@1815","","Delagoa Bay","1815","political-institutional","MISSING","C","held-ambiguous","dependent-administration","true","[]","[]","[]","[]","{""map_identity_id"":""entity-delagoa-bay"",""aliases"":[],""historical_names"":[],""identifiers"":{}}","[""Snapshot context is not observation date or boundary date."",""Map geometry does not establish sovereignty or succession."",""Resolve historical identity before proposing entity-specific facts.""]","851acb012ccfa2a4bfa05ea83ec2694b3f773a7a6fee8703e87969c9225e6997",""
"entity-opobo@1900/political-institutional","entity-opobo@1900","","Opobo","1900","political-institutional","MISSING","C","held-ambiguous","political-polity","true","[]","[]","[]","[]","{""map_identity_id"":""entity-opobo"",""aliases"":[],""historical_names"":[],""identifiers"":{}}","[""Snapshot context is not observation date or boundary date."",""Map geometry does not establish sovereignty or succession."",""Resolve historical identity before proposing entity-specific facts.""]","851acb012ccfa2a4bfa05ea83ec2694b3f773a7a6fee8703e87969c9225e6997",""
"entity-anhalt@1800/political-institutional","entity-anhalt@1800","","Anhalt","1800","political-institutional","MISSING","C","held-ambiguous","political-polity","true","[]","[]","[]","[]","{""map_identity_id"":""entity-anhalt"",""aliases"":[],""historical_names"":[],""identifiers"":{}}","[""Snapshot context is not observation date or boundary date."",""Map geometry does not establish sovereignty or succession."",""Resolve historical identity before proposing entity-specific facts.""]","851acb012ccfa2a4bfa05ea83ec2694b3f773a7a6fee8703e87969c9225e6997",""
"entity-anhalt@1815/political-institutional","entity-anhalt@1815","","Anhalt","1815","political-institutional","MISSING","C","held-ambiguous","political-polity","true","[]","[]","[]","[]","{""map_identity_id"":""entity-anhalt"",""aliases"":[],""historical_names"":[],""identifiers"":{}}","[""Snapshot context is not observation date or boundary date."",""Map geometry does not establish sovereignty or succession."",""Resolve historical identity before proposing entity-specific facts.""]","851acb012ccfa2a4bfa05ea83ec2694b3f773a7a6fee8703e87969c9225e6997",""
"entity-hohenzollern@1800/political-institutional","entity-hohenzollern@1800","","Hohenzollern","1800","political-institutional","MISSING","C","held-ambiguous","political-polity","true","[]","[]","[]","[]","{""map_identity_id"":""entity-hohenzollern"",""aliases"":[],""historical_names"":[],""identifiers"":{}}","[""Snapshot context is not observation date or boundary date."",""Map geometry does not establish sovereignty or succession."",""Resolve historical identity before proposing entity-specific facts.""]","851acb012ccfa2a4bfa05ea83ec2694b3f773a7a6fee8703e87969c9225e6997",""
"entity-hohenzollern@1815/political-institutional","entity-hohenzollern@1815","","Hohenzollern","1815","political-institutional","MISSING","C","held-ambiguous","political-polity","true","[]","[]","[]","[]","{""map_identity_id"":""entity-hohenzollern"",""aliases"":[],""historical_names"":[],""identifiers"":{}}","[""Snapshot context is not observation date or boundary date."",""Map geometry does not establish sovereignty or succession."",""Resolve historical identity before proposing entity-specific facts.""]","851acb012ccfa2a4bfa05ea83ec2694b3f773a7a6fee8703e87969c9225e6997",""
"entity-lithuania@1920/political-institutional","entity-lithuania@1920","lithuanian-constituent-seimas-framework","Republic of Lithuania — constituent framework","1920","political-institutional","PARTIAL","C","partially-supported","political-polity","false","[""Republic under a constituent legislature"",""Constituent Seimas""]","[]","[]","[]","{""map_identity_id"":""entity-lithuania"",""aliases"":[],""historical_names"":[{""value"":""Republic of Lithuania — constituent framework"",""kind"":""primary"",""validFrom"":""1920-05-15"",""validUntil"":""1922-01-01""}],""identifiers"":{}}","[""Snapshot context is not observation date or boundary date."",""Map geometry does not establish sovereignty or succession."",""Existing applicability intervals: [{\""kind\"":\""interval\"",\""from\"":\""1920-05-15\"",\""until\"":\""1922-01-01\""},{\""kind\"":\""interval\"",\""from\"":\""1920-05-15\"",\""until\"":\""1922-01-01\""}]""]","851acb012ccfa2a4bfa05ea83ec2694b3f773a7a6fee8703e87969c9225e6997",""
"entity-lithuania@1938/political-institutional","entity-lithuania@1938","","Lithuania","1938","political-institutional","MISSING","C","completely-empty","political-polity","true","[]","[]","[]","[]","{""map_identity_id"":""entity-lithuania"",""aliases"":[],""historical_names"":[],""identifiers"":{}}","[""Snapshot context is not observation date or boundary date."",""Map geometry does not establish sovereignty or succession."",""Resolve historical identity before proposing entity-specific facts.""]","851acb012ccfa2a4bfa05ea83ec2694b3f773a7a6fee8703e87969c9225e6997",""
"entity-bosnia-herzegovina@1878/political-institutional","entity-bosnia-herzegovina@1878","bosnia-habsburg-administration","Bosnia and Herzegovina — Habsburg administration","1878","political-institutional","PARTIAL","C","partially-supported","dependent-administration","false","[""Austro-Hungarian occupation and administration under Ottoman legal sovereignty"",""Austro-Hungarian territorial administration""]","[]","[]","[]","{""map_identity_id"":""entity-bosnia-herzegovina"",""aliases"":[],""historical_names"":[{""value"":""Bosnia and Herzegovina — Habsburg administration"",""kind"":""primary"",""validFrom"":""1878"",""validUntil"":""1918-01-01""}],""identifiers"":{}}","[""Snapshot context is not observation date or boundary date."",""Map geometry does not establish sovereignty or succession."",""Existing applicability intervals: [{\""kind\"":\""interval\"",\""from\"":\""1878\"",\""until\"":\""1908\""},{\""kind\"":\""interval\"",\""from\"":\""1878\"",\""until\"":\""1918-01-01\""}]""]","851acb012ccfa2a4bfa05ea83ec2694b3f773a7a6fee8703e87969c9225e6997",""
"entity-burkina-faso@1945/political-institutional","entity-burkina-faso@1945","","Burkina Faso","1945","political-institutional","MISSING","C","held-ambiguous","dependent-administration","true","[]","[]","[]","[]","{""map_identity_id"":""entity-burkina-faso"",""aliases"":[],""historical_names"":[],""identifiers"":{}}","[""Snapshot context is not observation date or boundary date."",""Map geometry does not establish sovereignty or succession."",""Resolve historical identity before proposing entity-specific facts.""]","851acb012ccfa2a4bfa05ea83ec2694b3f773a7a6fee8703e87969c9225e6997",""
"entity-burkina-faso@1960/political-institutional","entity-burkina-faso@1960","upper-volta-1960-independent-core","Upper Volta — independence in 1960","1960","political-institutional","MISSING","C","held-ambiguous","dependent-administration","false","[]","[]","[]","[]","{""map_identity_id"":""entity-burkina-faso"",""aliases"":[],""historical_names"":[{""value"":""Upper Volta — independence in 1960"",""kind"":""primary"",""validFrom"":""1960-08-05"",""validUntil"":""1960-08-06""}],""identifiers"":{}}","[""Snapshot context is not observation date or boundary date."",""Map geometry does not establish sovereignty or succession.""]","851acb012ccfa2a4bfa05ea83ec2694b3f773a7a6fee8703e87969c9225e6997",""
"entity-latvia@1920/political-institutional","entity-latvia@1920","latvian-constituent-framework","Republic of Latvia — constituent framework","1920","political-institutional","PARTIAL","C","partially-supported","political-polity","false","[""Republic under a constituent assembly"",""Constituent Assembly""]","[]","[]","[]","{""map_identity_id"":""entity-latvia"",""aliases"":[],""historical_names"":[{""value"":""Republic of Latvia — constituent framework"",""kind"":""primary"",""validFrom"":""1920-06-01"",""validUntil"":""1922-11-07""}],""identifiers"":{}}","[""Snapshot context is not observation date or boundary date."",""Map geometry does not establish sovereignty or succession."",""Existing applicability intervals: [{\""kind\"":\""interval\"",\""from\"":\""1920-06-01\"",\""until\"":\""1922-11-07\""},{\""kind\"":\""interval\"",\""from\"":\""1920-06-01\"",\""until\"":\""1922-11-07\""}]""]","851acb012ccfa2a4bfa05ea83ec2694b3f773a7a6fee8703e87969c9225e6997",""
"entity-saxony@1800/political-institutional","entity-saxony@1800","","Saxony","1800","political-institutional","MISSING","C","completely-empty","political-polity","true","[]","[]","[]","[]","{""map_identity_id"":""entity-saxony"",""aliases"":[],""historical_names"":[],""identifiers"":{}}","[""Snapshot context is not observation date or boundary date."",""Map geometry does not establish sovereignty or succession."",""Resolve historical identity before proposing entity-specific facts.""]","851acb012ccfa2a4bfa05ea83ec2694b3f773a7a6fee8703e87969c9225e6997",""
"entity-saxony@1815/political-institutional","entity-saxony@1815","saxony-restored-royal-framework","Kingdom of Saxony — restored royal framework","1815","political-institutional","PARTIAL","C","partially-supported","political-polity","false","[""Kingdom following the Vienna territorial settlement"",""Royal government with inherited Estates institutions""]","[]","[]","[]","{""map_identity_id"":""entity-saxony"",""aliases"":[],""historical_names"":[{""value"":""Kingdom of Saxony — restored royal framework"",""kind"":""primary"",""validFrom"":""1815-06-07"",""validUntil"":""1818-01-01""}],""identifiers"":{}}","[""Snapshot context is not observation date or boundary date."",""Map geometry does not establish sovereignty or succession."",""Existing applicability intervals: [{\""kind\"":\""interval\"",\""from\"":\""1815-06-07\"",\""until\"":\""1818-01-01\""},{\""kind\"":\""interval\"",\""from\"":\""1815-06-07\"",\""until\"":\""1818-01-01\""}]""]","851acb012ccfa2a4bfa05ea83ec2694b3f773a7a6fee8703e87969c9225e6997",""
"entity-venetia@1800/political-institutional","entity-venetia@1800","","Venetia","1800","political-institutional","MISSING","C","completely-empty","dependent-administration","true","[]","[]","[]","[]","{""map_identity_id"":""entity-venetia"",""aliases"":[],""historical_names"":[],""identifiers"":{}}","[""Snapshot context is not observation date or boundary date."",""Map geometry does not establish sovereignty or succession."",""Resolve historical identity before proposing entity-specific facts.""]","851acb012ccfa2a4bfa05ea83ec2694b3f773a7a6fee8703e87969c9225e6997",""
"entity-venetia@1815/political-institutional","entity-venetia@1815","venetia-1815-administration","Venetia — Venetian government","1815","political-institutional","PARTIAL","C","partially-supported","dependent-administration","false","[""Constituent governmental territory of the Habsburg Kingdom of Lombardy-Venetia"",""Governor and governmental council under the kingdom’s viceroy""]","[]","[]","[]","{""map_identity_id"":""entity-venetia"",""aliases"":[],""historical_names"":[{""value"":""Venetia — Venetian government"",""kind"":""primary"",""validFrom"":""1815-04-07"",""validUntil"":""1818-01-01""}],""identifiers"":{}}","[""Snapshot context is not observation date or boundary date."",""Map geometry does not establish sovereignty or succession."",""Existing applicability intervals: [{\""kind\"":\""interval\"",\""from\"":\""1815-04-07\"",\""until\"":\""1818-01-01\""},{\""kind\"":\""interval\"",\""from\"":\""1815-04-07\"",\""until\"":\""1818-01-01\""}]""]","851acb012ccfa2a4bfa05ea83ec2694b3f773a7a6fee8703e87969c9225e6997",""
"entity-lombardy@1800/political-institutional","entity-lombardy@1800","","Lombardy","1800","political-institutional","MISSING","C","completely-empty","dependent-administration","true","[]","[]","[]","[]","{""map_identity_id"":""entity-lombardy"",""aliases"":[],""historical_names"":[],""identifiers"":{}}","[""Snapshot context is not observation date or boundary date."",""Map geometry does not establish sovereignty or succession."",""Resolve historical identity before proposing entity-specific facts.""]","851acb012ccfa2a4bfa05ea83ec2694b3f773a7a6fee8703e87969c9225e6997",""
"entity-lombardy@1815/political-institutional","entity-lombardy@1815","lombardy-1815-administration","Lombardy — Milanese government","1815","political-institutional","PARTIAL","C","partially-supported","dependent-administration","false","[""Constituent governmental territory of the Habsburg Kingdom of Lombardy-Venetia"",""Governor and governmental council under the kingdom’s viceroy""]","[]","[]","[]","{""map_identity_id"":""entity-lombardy"",""aliases"":[],""historical_names"":[{""value"":""Lombardy — Milanese government"",""kind"":""primary"",""validFrom"":""1815-04-07"",""validUntil"":""1818-01-01""}],""identifiers"":{}}","[""Snapshot context is not observation date or boundary date."",""Map geometry does not establish sovereignty or succession."",""Existing applicability intervals: [{\""kind\"":\""interval\"",\""from\"":\""1815-04-07\"",\""until\"":\""1818-01-01\""},{\""kind\"":\""interval\"",\""from\"":\""1815-04-07\"",\""until\"":\""1818-01-01\""}]""]","851acb012ccfa2a4bfa05ea83ec2694b3f773a7a6fee8703e87969c9225e6997",""
"entity-hamburg@1800/political-institutional","entity-hamburg@1800","","Hamburg","1800","political-institutional","MISSING","C","completely-empty","political-polity","true","[]","[]","[]","[]","{""map_identity_id"":""entity-hamburg"",""aliases"":[],""historical_names"":[],""identifiers"":{}}","[""Snapshot context is not observation date or boundary date."",""Map geometry does not establish sovereignty or succession."",""Resolve historical identity before proposing entity-specific facts.""]","851acb012ccfa2a4bfa05ea83ec2694b3f773a7a6fee8703e87969c9225e6997",""
"entity-hamburg@1815/political-institutional","entity-hamburg@1815","hamburg-restored-republic-framework","Hamburg — restored city republic","1815","political-institutional","PARTIAL","C","partially-supported","political-polity","false","[""Independent city republic in the German Confederation"",""Senate and inherited civic representative institutions with limited participation""]","[]","[]","[]","{""map_identity_id"":""entity-hamburg"",""aliases"":[],""historical_names"":[{""value"":""Hamburg — restored city republic"",""kind"":""primary"",""validFrom"":""1815-06-08"",""validUntil"":""1819-01-01""}],""identifiers"":{}}","[""Snapshot context is not observation date or boundary date."",""Map geometry does not establish sovereignty or succession."",""Existing applicability intervals: [{\""kind\"":\""interval\"",\""from\"":\""1815-06-08\"",\""until\"":\""1819-01-01\""},{\""kind\"":\""interval\"",\""from\"":\""1815-06-08\"",\""until\"":\""1819-01-01\""}]""]","851acb012ccfa2a4bfa05ea83ec2694b3f773a7a6fee8703e87969c9225e6997",""
"entity-lubeck@1800/political-institutional","entity-lubeck@1800","","Lübeck","1800","political-institutional","MISSING","C","completely-empty","political-polity","true","[]","[]","[]","[]","{""map_identity_id"":""entity-lubeck"",""aliases"":[],""historical_names"":[],""identifiers"":{}}","[""Snapshot context is not observation date or boundary date."",""Map geometry does not establish sovereignty or succession."",""Resolve historical identity before proposing entity-specific facts.""]","851acb012ccfa2a4bfa05ea83ec2694b3f773a7a6fee8703e87969c9225e6997",""
"entity-lubeck@1815/political-institutional","entity-lubeck@1815","lubeck-restored-civic-framework","Lübeck — restored civic republic","1815","political-institutional","PARTIAL","C","partially-supported","political-polity","false","[""Independent city republic in the German Confederation"",""Patrician Council and civic colleges under the inherited civic constitution""]","[]","[]","[]","{""map_identity_id"":""entity-lubeck"",""aliases"":[],""historical_names"":[{""value"":""Lübeck — restored civic republic"",""kind"":""primary"",""validFrom"":""1815-06-08"",""validUntil"":""1818-01-01""}],""identifiers"":{}}","[""Snapshot context is not observation date or boundary date."",""Map geometry does not establish sovereignty or succession."",""Existing applicability intervals: [{\""kind\"":\""interval\"",\""from\"":\""1815-06-08\"",\""until\"":\""1818-01-01\""},{\""kind\"":\""interval\"",\""from\"":\""1815-06-08\"",\""until\"":\""1818-01-01\""}]""]","851acb012ccfa2a4bfa05ea83ec2694b3f773a7a6fee8703e87969c9225e6997",""
"entity-namibia@1960/political-institutional","entity-namibia@1960","","Namibia","1960","political-institutional","MISSING","C","completely-empty","dependent-administration","true","[]","[]","[]","[]","{""map_identity_id"":""entity-namibia"",""aliases"":[],""historical_names"":[],""identifiers"":{}}","[""Snapshot context is not observation date or boundary date."",""Map geometry does not establish sovereignty or succession."",""Resolve historical identity before proposing entity-specific facts.""]","851acb012ccfa2a4bfa05ea83ec2694b3f773a7a6fee8703e87969c9225e6997",""
"entity-estonia@1920/political-institutional","entity-estonia@1920","estonian-constituent-framework","Republic of Estonia — constituent framework","1920","political-institutional","PARTIAL","C","partially-supported","political-polity","false","[""Independent republic with provisional constitutional institutions"",""Constituent Assembly and accountable government""]","[]","[]","[]","{""map_identity_id"":""entity-estonia"",""aliases"":[],""historical_names"":[{""value"":""Republic of Estonia — constituent framework"",""kind"":""primary"",""validFrom"":""1919-07-04"",""validUntil"":""1920-12-20""}],""identifiers"":{}}","[""Snapshot context is not observation date or boundary date."",""Map geometry does not establish sovereignty or succession."",""Existing applicability intervals: [{\""kind\"":\""interval\"",\""from\"":\""1919-07-04\"",\""until\"":\""1920-12-20\""},{\""kind\"":\""interval\"",\""from\"":\""1919-07-04\"",\""until\"":\""1920-12-20\""}]""]","851acb012ccfa2a4bfa05ea83ec2694b3f773a7a6fee8703e87969c9225e6997",""
"entity-estonia@1938/political-institutional","entity-estonia@1938","estonian-1938-presidential-framework","Republic of Estonia — 1938 presidential framework","1938","political-institutional","PARTIAL","C","partially-supported","political-polity","false","[""Republic under emergency restrictions and strong presidential government"",""Bicameral Riigikogu overshadowed by president and government""]","[]","[]","[]","{""map_identity_id"":""entity-estonia"",""aliases"":[],""historical_names"":[{""value"":""Republic of Estonia — 1938 presidential framework"",""kind"":""primary"",""validFrom"":""1938-04-07"",""validUntil"":""1939-01-01""}],""identifiers"":{}}","[""Snapshot context is not observation date or boundary date."",""Map geometry does not establish sovereignty or succession."",""Existing applicability intervals: [{\""kind\"":\""interval\"",\""from\"":\""1938-04-07\"",\""until\"":\""1939-01-01\""},{\""kind\"":\""interval\"",\""from\"":\""1938-04-07\"",\""until\"":\""1939-01-01\""}]""]","851acb012ccfa2a4bfa05ea83ec2694b3f773a7a6fee8703e87969c9225e6997",""
"entity-guinea@1945/political-institutional","entity-guinea@1945","","Guinea","1945","political-institutional","MISSING","C","completely-empty","dependent-administration","true","[]","[]","[]","[]","{""map_identity_id"":""entity-guinea"",""aliases"":[],""historical_names"":[],""identifiers"":{}}","[""Snapshot context is not observation date or boundary date."",""Map geometry does not establish sovereignty or succession."",""Resolve historical identity before proposing entity-specific facts.""]","851acb012ccfa2a4bfa05ea83ec2694b3f773a7a6fee8703e87969c9225e6997",""
"entity-ghana@1960/political-institutional","entity-ghana@1960","","Ghana","1960","political-institutional","MISSING","C","held-ambiguous","dependent-administration","true","[]","[]","[]","[]","{""map_identity_id"":""entity-ghana"",""aliases"":[],""historical_names"":[],""identifiers"":{}}","[""Snapshot context is not observation date or boundary date."",""Map geometry does not establish sovereignty or succession."",""Resolve historical identity before proposing entity-specific facts.""]","851acb012ccfa2a4bfa05ea83ec2694b3f773a7a6fee8703e87969c9225e6997",""
"entity-hanover@1800/political-institutional","entity-hanover@1800","","Hanover","1800","political-institutional","MISSING","C","completely-empty","political-polity","true","[]","[]","[]","[]","{""map_identity_id"":""entity-hanover"",""aliases"":[],""historical_names"":[],""identifiers"":{}}","[""Snapshot context is not observation date or boundary date."",""Map geometry does not establish sovereignty or succession."",""Resolve historical identity before proposing entity-specific facts.""]","851acb012ccfa2a4bfa05ea83ec2694b3f773a7a6fee8703e87969c9225e6997",""
"entity-mecklenburg-schwerin@1800/political-institutional","entity-mecklenburg-schwerin@1800","","Mecklenburg-Schwerin","1800","political-institutional","MISSING","C","completely-empty","political-polity","true","[]","[]","[]","[]","{""map_identity_id"":""entity-mecklenburg-schwerin"",""aliases"":[],""historical_names"":[],""identifiers"":{}}","[""Snapshot context is not observation date or boundary date."",""Map geometry does not establish sovereignty or succession."",""Resolve historical identity before proposing entity-specific facts.""]","851acb012ccfa2a4bfa05ea83ec2694b3f773a7a6fee8703e87969c9225e6997",""
"entity-baden@1800/political-institutional","entity-baden@1800","","Baden","1800","political-institutional","MISSING","C","completely-empty","political-polity","true","[]","[]","[]","[]","{""map_identity_id"":""entity-baden"",""aliases"":[],""historical_names"":[],""identifiers"":{}}","[""Snapshot context is not observation date or boundary date."",""Map geometry does not establish sovereignty or succession."",""Resolve historical identity before proposing entity-specific facts.""]","851acb012ccfa2a4bfa05ea83ec2694b3f773a7a6fee8703e87969c9225e6997",""
"entity-lucca@1800/political-institutional","entity-lucca@1800","","Lucca","1800","political-institutional","MISSING","C","completely-empty","political-polity","true","[]","[]","[]","[]","{""map_identity_id"":""entity-lucca"",""aliases"":[],""historical_names"":[],""identifiers"":{}}","[""Snapshot context is not observation date or boundary date."",""Map geometry does not establish sovereignty or succession."",""Resolve historical identity before proposing entity-specific facts.""]","851acb012ccfa2a4bfa05ea83ec2694b3f773a7a6fee8703e87969c9225e6997",""
"entity-goa@1815/political-institutional","entity-goa@1815","","Goa","1815","political-institutional","MISSING","C","completely-empty","dependent-administration","true","[]","[]","[]","[]","{""map_identity_id"":""entity-goa"",""aliases"":[],""historical_names"":[],""identifiers"":{}}","[""Snapshot context is not observation date or boundary date."",""Map geometry does not establish sovereignty or succession."",""Resolve historical identity before proposing entity-specific facts.""]","851acb012ccfa2a4bfa05ea83ec2694b3f773a7a6fee8703e87969c9225e6997",""
"entity-mecklenburg-strelitz@1800/political-institutional","entity-mecklenburg-strelitz@1800","","Mecklenburg-Strelitz","1800","political-institutional","MISSING","C","completely-empty","political-polity","true","[]","[]","[]","[]","{""map_identity_id"":""entity-mecklenburg-strelitz"",""aliases"":[],""historical_names"":[],""identifiers"":{}}","[""Snapshot context is not observation date or boundary date."",""Map geometry does not establish sovereignty or succession."",""Resolve historical identity before proposing entity-specific facts.""]","851acb012ccfa2a4bfa05ea83ec2694b3f773a7a6fee8703e87969c9225e6997",""
"entity-modena@1800/political-institutional","entity-modena@1800","","Modena","1800","political-institutional","MISSING","C","completely-empty","political-polity","true","[]","[]","[]","[]","{""map_identity_id"":""entity-modena"",""aliases"":[],""historical_names"":[],""identifiers"":{}}","[""Snapshot context is not observation date or boundary date."",""Map geometry does not establish sovereignty or succession."",""Resolve historical identity before proposing entity-specific facts.""]","851acb012ccfa2a4bfa05ea83ec2694b3f773a7a6fee8703e87969c9225e6997",""
"entity-brunswick@1800/political-institutional","entity-brunswick@1800","","Brunswick","1800","political-institutional","MISSING","C","completely-empty","political-polity","true","[]","[]","[]","[]","{""map_identity_id"":""entity-brunswick"",""aliases"":[],""historical_names"":[],""identifiers"":{}}","[""Snapshot context is not observation date or boundary date."",""Map geometry does not establish sovereignty or succession."",""Resolve historical identity before proposing entity-specific facts.""]","851acb012ccfa2a4bfa05ea83ec2694b3f773a7a6fee8703e87969c9225e6997",""
"entity-griqualand-west@1878/political-institutional","entity-griqualand-west@1878","b19-griqualand-attestation","Griqualand West — colonial administration attested 1878","1878","political-institutional","PARTIAL","C","partially-supported","dependent-administration","false","[""British colonial territory"",""Governor-in-Chief and High Commissioner authority""]","[]","[]","[]","{""map_identity_id"":""entity-griqualand-west"",""aliases"":[],""historical_names"":[{""value"":""Griqualand West — colonial administration attested 1878"",""kind"":""primary"",""validFrom"":""1878-06-06"",""validUntil"":""1878-06-07""}],""identifiers"":{}}","[""Snapshot context is not observation date or boundary date."",""Map geometry does not establish sovereignty or succession."",""Existing applicability intervals: [{\""kind\"":\""interval\"",\""from\"":\""1878-06-06\"",\""until\"":\""1878-06-07\""},{\""kind\"":\""interval\"",\""from\"":\""1878-06-06\"",\""until\"":\""1878-06-07\""}]""]","851acb012ccfa2a4bfa05ea83ec2694b3f773a7a6fee8703e87969c9225e6997",""
"entity-bremen@1815/political-institutional","entity-bremen@1815","bremen-restored-republic-framework","Bremen — restored civic republic","1815","political-institutional","PARTIAL","C","partially-supported","political-polity","false","[""Independent city state in the German Confederation"",""Restored civic constitutional government""]","[]","[]","[]","{""map_identity_id"":""entity-bremen"",""aliases"":[],""historical_names"":[{""value"":""Bremen — restored civic republic"",""kind"":""primary"",""validFrom"":""1815-06-08"",""validUntil"":""1818-01-01""}],""identifiers"":{}}","[""Snapshot context is not observation date or boundary date."",""Map geometry does not establish sovereignty or succession."",""Existing applicability intervals: [{\""kind\"":\""interval\"",\""from\"":\""1815-06-08\"",\""until\"":\""1818-01-01\""},{\""kind\"":\""interval\"",\""from\"":\""1815-06-08\"",\""until\"":\""1818-01-01\""}]""]","851acb012ccfa2a4bfa05ea83ec2694b3f773a7a6fee8703e87969c9225e6997",""
"entity-central-african-republic@1960/political-institutional","entity-central-african-republic@1960","","Central African Republic","1960","political-institutional","MISSING","C","held-ambiguous","dependent-administration","true","[]","[]","[]","[]","{""map_identity_id"":""entity-central-african-republic"",""aliases"":[],""historical_names"":[],""identifiers"":{}}","[""Snapshot context is not observation date or boundary date."",""Map geometry does not establish sovereignty or succession."",""Resolve historical identity before proposing entity-specific facts.""]","851acb012ccfa2a4bfa05ea83ec2694b3f773a7a6fee8703e87969c9225e6997",""
"entity-tuscany@1800/political-institutional","entity-tuscany@1800","","Tuscany","1800","political-institutional","MISSING","C","completely-empty","political-polity","true","[]","[]","[]","[]","{""map_identity_id"":""entity-tuscany"",""aliases"":[],""historical_names"":[],""identifiers"":{}}","[""Snapshot context is not observation date or boundary date."",""Map geometry does not establish sovereignty or succession."",""Resolve historical identity before proposing entity-specific facts.""]","851acb012ccfa2a4bfa05ea83ec2694b3f773a7a6fee8703e87969c9225e6997",""
"entity-oldenburg@1800/political-institutional","entity-oldenburg@1800","","Oldenburg","1800","political-institutional","MISSING","C","completely-empty","political-polity","true","[]","[]","[]","[]","{""map_identity_id"":""entity-oldenburg"",""aliases"":[],""historical_names"":[],""identifiers"":{}}","[""Snapshot context is not observation date or boundary date."",""Map geometry does not establish sovereignty or succession."",""Resolve historical identity before proposing entity-specific facts.""]","851acb012ccfa2a4bfa05ea83ec2694b3f773a7a6fee8703e87969c9225e6997",""
"entity-lippe-detmold@1800/political-institutional","entity-lippe-detmold@1800","","Lippe-Detmold","1800","political-institutional","MISSING","C","completely-empty","political-polity","true","[]","[]","[]","[]","{""map_identity_id"":""entity-lippe-detmold"",""aliases"":[],""historical_names"":[],""identifiers"":{}}","[""Snapshot context is not observation date or boundary date."",""Map geometry does not establish sovereignty or succession."",""Resolve historical identity before proposing entity-specific facts.""]","851acb012ccfa2a4bfa05ea83ec2694b3f773a7a6fee8703e87969c9225e6997",""
"entity-waldeck@1800/political-institutional","entity-waldeck@1800","","Waldeck","1800","political-institutional","MISSING","C","completely-empty","political-polity","true","[]","[]","[]","[]","{""map_identity_id"":""entity-waldeck"",""aliases"":[],""historical_names"":[],""identifiers"":{}}","[""Snapshot context is not observation date or boundary date."",""Map geometry does not establish sovereignty or succession."",""Resolve historical identity before proposing entity-specific facts.""]","851acb012ccfa2a4bfa05ea83ec2694b3f773a7a6fee8703e87969c9225e6997",""
"entity-schaumburg-lippe@1800/political-institutional","entity-schaumburg-lippe@1800","","Schaumburg-Lippe","1800","political-institutional","MISSING","C","completely-empty","political-polity","true","[]","[]","[]","[]","{""map_identity_id"":""entity-schaumburg-lippe"",""aliases"":[],""historical_names"":[],""identifiers"":{}}","[""Snapshot context is not observation date or boundary date."",""Map geometry does not establish sovereignty or succession."",""Resolve historical identity before proposing entity-specific facts.""]","851acb012ccfa2a4bfa05ea83ec2694b3f773a7a6fee8703e87969c9225e6997",""
"entity-ukraine@1920/political-institutional","entity-ukraine@1920","","Ukraine","1920","political-institutional","MISSING","C","held-ambiguous","political-polity","true","[]","[]","[]","[]","{""map_identity_id"":""entity-ukraine"",""aliases"":[],""historical_names"":[],""identifiers"":{}}","[""Snapshot context is not observation date or boundary date."",""Map geometry does not establish sovereignty or succession."",""Resolve historical identity before proposing entity-specific facts.""]","851acb012ccfa2a4bfa05ea83ec2694b3f773a7a6fee8703e87969c9225e6997",""
"entity-dutch-guinea@1945/political-institutional","entity-dutch-guinea@1945","","Dutch Guinea","1945","political-institutional","MISSING","C","held-ambiguous","dependent-administration","true","[]","[]","[]","[]","{""map_identity_id"":""entity-dutch-guinea"",""aliases"":[],""historical_names"":[],""identifiers"":{}}","[""Snapshot context is not observation date or boundary date."",""Map geometry does not establish sovereignty or succession."",""Resolve historical identity before proposing entity-specific facts.""]","851acb012ccfa2a4bfa05ea83ec2694b3f773a7a6fee8703e87969c9225e6997",""
"entity-oman-british-raj@1938/political-institutional","entity-oman-british-raj@1938","","Oman (British Raj)","1938","political-institutional","MISSING","C","held-ambiguous","dependent-administration","true","[]","[]","[]","[]","{""map_identity_id"":""entity-oman-british-raj"",""aliases"":[],""historical_names"":[],""identifiers"":{}}","[""Snapshot context is not observation date or boundary date."",""Map geometry does not establish sovereignty or succession."",""Resolve historical identity before proposing entity-specific facts.""]","851acb012ccfa2a4bfa05ea83ec2694b3f773a7a6fee8703e87969c9225e6997",""
"entity-yemen-uk@1938/political-institutional","entity-yemen-uk@1938","","Yemen (UK)","1938","political-institutional","MISSING","C","held-ambiguous","dependent-administration","true","[]","[]","[]","[]","{""map_identity_id"":""entity-yemen-uk"",""aliases"":[],""historical_names"":[],""identifiers"":{}}","[""Snapshot context is not observation date or boundary date."",""Map geometry does not establish sovereignty or succession."",""Resolve historical identity before proposing entity-specific facts.""]","851acb012ccfa2a4bfa05ea83ec2694b3f773a7a6fee8703e87969c9225e6997",""
"entity-first-samori-empire@1900/political-institutional","entity-first-samori-empire@1900","","First Samori Empire","1900","political-institutional","MISSING","C","completely-empty","political-polity","true","[]","[]","[]","[]","{""map_identity_id"":""entity-first-samori-empire"",""aliases"":[],""historical_names"":[],""identifiers"":{}}","[""Snapshot context is not observation date or boundary date."",""Map geometry does not establish sovereignty or succession."",""Resolve historical identity before proposing entity-specific facts.""]","851acb012ccfa2a4bfa05ea83ec2694b3f773a7a6fee8703e87969c9225e6997",""
"entity-awsa@1800/political-institutional","entity-awsa@1800","","Awsa","1800","political-institutional","MISSING","C","held-ambiguous","political-polity","true","[]","[]","[]","[]","{""map_identity_id"":""entity-awsa"",""aliases"":[],""historical_names"":[],""identifiers"":{}}","[""Snapshot context is not observation date or boundary date."",""Map geometry does not establish sovereignty or succession."",""Resolve historical identity before proposing entity-specific facts.""]","851acb012ccfa2a4bfa05ea83ec2694b3f773a7a6fee8703e87969c9225e6997",""
"entity-nkore@1815/political-institutional","entity-nkore@1815","","Nkore","1815","political-institutional","MISSING","C","held-ambiguous","political-polity","true","[]","[]","[]","[]","{""map_identity_id"":""entity-nkore"",""aliases"":[],""historical_names"":[],""identifiers"":{}}","[""Snapshot context is not observation date or boundary date."",""Map geometry does not establish sovereignty or succession."",""Resolve historical identity before proposing entity-specific facts.""]","851acb012ccfa2a4bfa05ea83ec2694b3f773a7a6fee8703e87969c9225e6997",""
"entity-second-samori-empire@1900/political-institutional","entity-second-samori-empire@1900","","Second Samori Empire","1900","political-institutional","MISSING","C","completely-empty","political-polity","true","[]","[]","[]","[]","{""map_identity_id"":""entity-second-samori-empire"",""aliases"":[],""historical_names"":[],""identifiers"":{}}","[""Snapshot context is not observation date or boundary date."",""Map geometry does not establish sovereignty or succession."",""Resolve historical identity before proposing entity-specific facts.""]","851acb012ccfa2a4bfa05ea83ec2694b3f773a7a6fee8703e87969c9225e6997",""
"entity-songhai@1800/political-institutional","entity-songhai@1800","","Songhai","1800","political-institutional","MISSING","C","held-ambiguous","political-polity","true","[]","[]","[]","[]","{""map_identity_id"":""entity-songhai"",""aliases"":[],""historical_names"":[],""identifiers"":{}}","[""Snapshot context is not observation date or boundary date."",""Map geometry does not establish sovereignty or succession."",""Resolve historical identity before proposing entity-specific facts.""]","851acb012ccfa2a4bfa05ea83ec2694b3f773a7a6fee8703e87969c9225e6997",""
"entity-bahawalpur@1800/political-institutional","entity-bahawalpur@1800","","Bahawalpur","1800","political-institutional","MISSING","C","held-ambiguous","political-polity","true","[]","[]","[]","[]","{""map_identity_id"":""entity-bahawalpur"",""aliases"":[],""historical_names"":[],""identifiers"":{}}","[""Snapshot context is not observation date or boundary date."",""Map geometry does not establish sovereignty or succession."",""Resolve historical identity before proposing entity-specific facts.""]","851acb012ccfa2a4bfa05ea83ec2694b3f773a7a6fee8703e87969c9225e6997",""
"entity-southern-cameroon@1945/political-institutional","entity-southern-cameroon@1945","","Southern Cameroon","1945","political-institutional","MISSING","C","completely-empty","dependent-administration","true","[]","[]","[]","[]","{""map_identity_id"":""entity-southern-cameroon"",""aliases"":[],""historical_names"":[],""identifiers"":{}}","[""Snapshot context is not observation date or boundary date."",""Map geometry does not establish sovereignty or succession."",""Resolve historical identity before proposing entity-specific facts.""]","851acb012ccfa2a4bfa05ea83ec2694b3f773a7a6fee8703e87969c9225e6997",""
"entity-ceylon-dutch@1800/political-institutional","entity-ceylon-dutch@1800","","Ceylon (Dutch)","1800","political-institutional","MISSING","C","held-ambiguous","dependent-administration","true","[]","[]","[]","[]","{""map_identity_id"":""entity-ceylon-dutch"",""aliases"":[],""historical_names"":[],""identifiers"":{}}","[""Snapshot context is not observation date or boundary date."",""Map geometry does not establish sovereignty or succession."",""Resolve historical identity before proposing entity-specific facts.""]","851acb012ccfa2a4bfa05ea83ec2694b3f773a7a6fee8703e87969c9225e6997",""
"entity-sikkim-indian-princely-state@1815/political-institutional","entity-sikkim-indian-princely-state@1815","","Sikkim (Indian princely state)","1815","political-institutional","MISSING","C","held-ambiguous","dependent-administration","true","[]","[]","[]","[]","{""map_identity_id"":""entity-sikkim-indian-princely-state"",""aliases"":[],""historical_names"":[],""identifiers"":{}}","[""Snapshot context is not observation date or boundary date."",""Map geometry does not establish sovereignty or succession."",""Resolve historical identity before proposing entity-specific facts.""]","851acb012ccfa2a4bfa05ea83ec2694b3f773a7a6fee8703e87969c9225e6997",""
"entity-guinea-bissau-portugal@1945/political-institutional","entity-guinea-bissau-portugal@1945","b16-portuguese-guinea-1945","Portuguese Guinea — Sarmento Rodrigues administration","1945","political-institutional","PARTIAL","C","partially-supported","dependent-administration","false","[""Portuguese colonial territory"",""Appointed colonial governor""]","[]","[]","[]","{""map_identity_id"":""entity-guinea-bissau-portugal"",""aliases"":[],""historical_names"":[{""value"":""Portuguese Guinea — Sarmento Rodrigues administration"",""kind"":""primary"",""validFrom"":""1945-06-01"",""validUntil"":""1949-01-01""}],""identifiers"":{}}","[""Snapshot context is not observation date or boundary date."",""Map geometry does not establish sovereignty or succession."",""Existing applicability intervals: [{\""kind\"":\""interval\"",\""from\"":\""1945-06-01\"",\""until\"":\""1949-01-01\""},{\""kind\"":\""interval\"",\""from\"":\""1945-06-01\"",\""until\"":\""1949-01-01\""}]""]","851acb012ccfa2a4bfa05ea83ec2694b3f773a7a6fee8703e87969c9225e6997",""
"entity-republic-of-krakow@1815/political-institutional","entity-republic-of-krakow@1815","krakow-free-city-framework","Free City of Krakow","1815","political-institutional","PARTIAL","C","partially-supported","political-polity","false","[""Free, independent and neutral city with surrounding territory"",""Senate and Representative Assembly""]","[]","[]","[]","{""map_identity_id"":""entity-republic-of-krakow"",""aliases"":[],""historical_names"":[{""value"":""Free City of Krakow"",""kind"":""primary"",""validFrom"":""1815"",""validUntil"":""1818-01-01""}],""identifiers"":{}}","[""Snapshot context is not observation date or boundary date."",""Map geometry does not establish sovereignty or succession."",""Existing applicability intervals: [{\""kind\"":\""interval\"",\""from\"":\""1815\"",\""until\"":\""1818-01-01\""},{\""kind\"":\""interval\"",\""from\"":\""1815\"",\""until\"":\""1818-01-01\""}]""]","851acb012ccfa2a4bfa05ea83ec2694b3f773a7a6fee8703e87969c9225e6997",""
"entity-togoland@1914/political-institutional","entity-togoland@1914","","Togoland","1914","political-institutional","MISSING","C","held-ambiguous","dependent-administration","true","[]","[]","[]","[]","{""map_identity_id"":""entity-togoland"",""aliases"":[],""historical_names"":[],""identifiers"":{}}","[""Snapshot context is not observation date or boundary date."",""Map geometry does not establish sovereignty or succession."",""Resolve historical identity before proposing entity-specific facts.""]","851acb012ccfa2a4bfa05ea83ec2694b3f773a7a6fee8703e87969c9225e6997",""
