"cell_id","occurrence_id","atlas_entity_id","atlas_display_name","snapshot_year","dossier_category","current_status","research_priority","mapping_status","eligibility_classification","identity_review_required","current_values","observation_dates","territorial_scopes","held_reasons","known_aliases_identifiers","notes","production_fingerprint","proposals_json"
"entity-new-south-wales@1815/population-statistics","entity-new-south-wales@1815","nsw-1815-governor-core","New South Wales — gubernatorial colony in 1815","1815","population-statistics","MISSING","A","partially-supported","dependent-administration","false","[]","[]","[]","[]","{""map_identity_id"":""entity-new-south-wales"",""aliases"":[],""historical_names"":[{""value"":""New South Wales — gubernatorial colony in 1815"",""kind"":""primary"",""validFrom"":""1815-01-01"",""validUntil"":""1816-01-01""}],""identifiers"":{}}","[""Snapshot context is not observation date or boundary date."",""Map geometry does not establish sovereignty or succession."",""Existing applicability intervals: []""]","35c5a20cdfaf4e7e7a788fd82d4c2b997e0fe878efe2392487968b8d61b9029f",""
"entity-new-south-wales-uk@1878/population-statistics","entity-new-south-wales-uk@1878","nsw-responsible-colonial-core","New South Wales — self-governing British colony","1878","population-statistics","MISSING","A","partially-supported","dependent-administration","false","[]","[]","[]","[]","{""map_identity_id"":""entity-new-south-wales-uk"",""aliases"":[],""historical_names"":[{""value"":""New South Wales — self-governing British colony"",""kind"":""primary"",""validFrom"":""1878-01-01"",""validUntil"":""1901-01-01""}],""identifiers"":{}}","[""Snapshot context is not observation date or boundary date."",""Map geometry does not establish sovereignty or succession."",""Existing applicability intervals: []""]","35c5a20cdfaf4e7e7a788fd82d4c2b997e0fe878efe2392487968b8d61b9029f",""
"entity-new-south-wales-uk@1880/population-statistics","entity-new-south-wales-uk@1880","nsw-responsible-colonial-core","New South Wales — self-governing British colony","1880","population-statistics","MISSING","A","partially-supported","dependent-administration","false","[]","[]","[]","[]","{""map_identity_id"":""entity-new-south-wales-uk"",""aliases"":[],""historical_names"":[{""value"":""New South Wales — self-governing British colony"",""kind"":""primary"",""validFrom"":""1878-01-01"",""validUntil"":""1901-01-01""}],""identifiers"":{}}","[""Snapshot context is not observation date or boundary date."",""Map geometry does not establish sovereignty or succession."",""Existing applicability intervals: []""]","35c5a20cdfaf4e7e7a788fd82d4c2b997e0fe878efe2392487968b8d61b9029f",""
"entity-new-south-wales-uk@1900/population-statistics","entity-new-south-wales-uk@1900","nsw-responsible-colonial-core","New South Wales — self-governing British colony","1900","population-statistics","MISSING","A","partially-supported","dependent-administration","false","[]","[]","[]","[]","{""map_identity_id"":""entity-new-south-wales-uk"",""aliases"":[],""historical_names"":[{""value"":""New South Wales — self-governing British colony"",""kind"":""primary"",""validFrom"":""1878-01-01"",""validUntil"":""1901-01-01""}],""identifiers"":{}}","[""Snapshot context is not observation date or boundary date."",""Map geometry does not establish sovereignty or succession."",""Existing applicability intervals: []""]","35c5a20cdfaf4e7e7a788fd82d4c2b997e0fe878efe2392487968b8d61b9029f",""
"entity-northern-territory-uk@1878/population-statistics","entity-northern-territory-uk@1878","northern-territory-sa-colonial-core","Northern Territory — South Australian administration","1878","population-statistics","MISSING","A","partially-supported","dependent-administration","false","[]","[]","[]","[]","{""map_identity_id"":""entity-northern-territory-uk"",""aliases"":[],""historical_names"":[{""value"":""Northern Territory — South Australian administration"",""kind"":""primary"",""validFrom"":""1878-01-01"",""validUntil"":""1901-01-01""}],""identifiers"":{}}","[""Snapshot context is not observation date or boundary date."",""Map geometry does not establish sovereignty or succession."",""Existing applicability intervals: []""]","35c5a20cdfaf4e7e7a788fd82d4c2b997e0fe878efe2392487968b8d61b9029f",""
"entity-northern-territory-uk@1880/population-statistics","entity-northern-territory-uk@1880","northern-territory-sa-colonial-core","Northern Territory — South Australian administration","1880","population-statistics","MISSING","A","partially-supported","dependent-administration","false","[]","[]","[]","[]","{""map_identity_id"":""entity-northern-territory-uk"",""aliases"":[],""historical_names"":[{""value"":""Northern Territory — South Australian administration"",""kind"":""primary"",""validFrom"":""1878-01-01"",""validUntil"":""1901-01-01""}],""identifiers"":{}}","[""Snapshot context is not observation date or boundary date."",""Map geometry does not establish sovereignty or succession."",""Existing applicability intervals: []""]","35c5a20cdfaf4e7e7a788fd82d4c2b997e0fe878efe2392487968b8d61b9029f",""
"entity-northern-territory-uk@1900/population-statistics","entity-northern-territory-uk@1900","northern-territory-sa-colonial-core","Northern Territory — South Australian administration","1900","population-statistics","MISSING","A","partially-supported","dependent-administration","false","[]","[]","[]","[]","{""map_identity_id"":""entity-northern-territory-uk"",""aliases"":[],""historical_names"":[{""value"":""Northern Territory — South Australian administration"",""kind"":""primary"",""validFrom"":""1878-01-01"",""validUntil"":""1901-01-01""}],""identifiers"":{}}","[""Snapshot context is not observation date or boundary date."",""Map geometry does not establish sovereignty or succession."",""Existing applicability intervals: []""]","35c5a20cdfaf4e7e7a788fd82d4c2b997e0fe878efe2392487968b8d61b9029f",""
"entity-queensland-uk@1878/population-statistics","entity-queensland-uk@1878","queensland-selfgoverning-colonial-core","Queensland — self-governing British colony","1878","population-statistics","MISSING","A","partially-supported","dependent-administration","false","[]","[]","[]","[]","{""map_identity_id"":""entity-queensland-uk"",""aliases"":[],""historical_names"":[{""value"":""Queensland — self-governing British colony"",""kind"":""primary"",""validFrom"":""1878-01-01"",""validUntil"":""1901-01-01""}],""identifiers"":{}}","[""Snapshot context is not observation date or boundary date."",""Map geometry does not establish sovereignty or succession."",""Existing applicability intervals: []""]","35c5a20cdfaf4e7e7a788fd82d4c2b997e0fe878efe2392487968b8d61b9029f",""
"entity-queensland-uk@1880/population-statistics","entity-queensland-uk@1880","queensland-selfgoverning-colonial-core","Queensland — self-governing British colony","1880","population-statistics","MISSING","A","partially-supported","dependent-administration","false","[]","[]","[]","[]","{""map_identity_id"":""entity-queensland-uk"",""aliases"":[],""historical_names"":[{""value"":""Queensland — self-governing British colony"",""kind"":""primary"",""validFrom"":""1878-01-01"",""validUntil"":""1901-01-01""}],""identifiers"":{}}","[""Snapshot context is not observation date or boundary date."",""Map geometry does not establish sovereignty or succession."",""Existing applicability intervals: []""]","35c5a20cdfaf4e7e7a788fd82d4c2b997e0fe878efe2392487968b8d61b9029f",""
"entity-queensland-uk@1900/population-statistics","entity-queensland-uk@1900","queensland-selfgoverning-colonial-core","Queensland — self-governing British colony","1900","population-statistics","MISSING","A","partially-supported","dependent-administration","false","[]","[]","[]","[]","{""map_identity_id"":""entity-queensland-uk"",""aliases"":[],""historical_names"":[{""value"":""Queensland — self-governing British colony"",""kind"":""primary"",""validFrom"":""1878-01-01"",""validUntil"":""1901-01-01""}],""identifiers"":{}}","[""Snapshot context is not observation date or boundary date."",""Map geometry does not establish sovereignty or succession."",""Existing applicability intervals: []""]","35c5a20cdfaf4e7e7a788fd82d4c2b997e0fe878efe2392487968b8d61b9029f",""
"entity-south-australia-uk@1878/population-statistics","entity-south-australia-uk@1878","south-australia-responsible-colonial-core","South Australia — responsible colonial government","1878","population-statistics","MISSING","A","partially-supported","dependent-administration","false","[]","[]","[]","[]","{""map_identity_id"":""entity-south-australia-uk"",""aliases"":[],""historical_names"":[{""value"":""South Australia — responsible colonial government"",""kind"":""primary"",""validFrom"":""1878-01-01"",""validUntil"":""1901-01-01""}],""identifiers"":{}}","[""Snapshot context is not observation date or boundary date."",""Map geometry does not establish sovereignty or succession."",""Existing applicability intervals: []""]","35c5a20cdfaf4e7e7a788fd82d4c2b997e0fe878efe2392487968b8d61b9029f",""
"entity-south-australia-uk@1880/population-statistics","entity-south-australia-uk@1880","south-australia-responsible-colonial-core","South Australia — responsible colonial government","1880","population-statistics","MISSING","A","partially-supported","dependent-administration","false","[]","[]","[]","[]","{""map_identity_id"":""entity-south-australia-uk"",""aliases"":[],""historical_names"":[{""value"":""South Australia — responsible colonial government"",""kind"":""primary"",""validFrom"":""1878-01-01"",""validUntil"":""1901-01-01""}],""identifiers"":{}}","[""Snapshot context is not observation date or boundary date."",""Map geometry does not establish sovereignty or succession."",""Existing applicability intervals: []""]","35c5a20cdfaf4e7e7a788fd82d4c2b997e0fe878efe2392487968b8d61b9029f",""
"entity-south-australia-uk@1900/population-statistics","entity-south-australia-uk@1900","south-australia-responsible-colonial-core","South Australia — responsible colonial government","1900","population-statistics","MISSING","A","partially-supported","dependent-administration","false","[]","[]","[]","[]","{""map_identity_id"":""entity-south-australia-uk"",""aliases"":[],""historical_names"":[{""value"":""South Australia — responsible colonial government"",""kind"":""primary"",""validFrom"":""1878-01-01"",""validUntil"":""1901-01-01""}],""identifiers"":{}}","[""Snapshot context is not observation date or boundary date."",""Map geometry does not establish sovereignty or succession."",""Existing applicability intervals: []""]","35c5a20cdfaf4e7e7a788fd82d4c2b997e0fe878efe2392487968b8d61b9029f",""
"entity-victoria-uk@1878/population-statistics","entity-victoria-uk@1878","victoria-bicameral-colonial-core","Victoria — parliamentary British colony","1878","population-statistics","MISSING","A","partially-supported","dependent-administration","false","[]","[]","[]","[]","{""map_identity_id"":""entity-victoria-uk"",""aliases"":[],""historical_names"":[{""value"":""Victoria — parliamentary British colony"",""kind"":""primary"",""validFrom"":""1878-01-01"",""validUntil"":""1901-01-01""}],""identifiers"":{}}","[""Snapshot context is not observation date or boundary date."",""Map geometry does not establish sovereignty or succession."",""Existing applicability intervals: []""]","35c5a20cdfaf4e7e7a788fd82d4c2b997e0fe878efe2392487968b8d61b9029f",""
"entity-victoria-uk@1880/population-statistics","entity-victoria-uk@1880","victoria-bicameral-colonial-core","Victoria — parliamentary British colony","1880","population-statistics","MISSING","A","partially-supported","dependent-administration","false","[]","[]","[]","[]","{""map_identity_id"":""entity-victoria-uk"",""aliases"":[],""historical_names"":[{""value"":""Victoria — parliamentary British colony"",""kind"":""primary"",""validFrom"":""1878-01-01"",""validUntil"":""1901-01-01""}],""identifiers"":{}}","[""Snapshot context is not observation date or boundary date."",""Map geometry does not establish sovereignty or succession."",""Existing applicability intervals: []""]","35c5a20cdfaf4e7e7a788fd82d4c2b997e0fe878efe2392487968b8d61b9029f",""
"entity-victoria-uk@1900/population-statistics","entity-victoria-uk@1900","victoria-bicameral-colonial-core","Victoria — parliamentary British colony","1900","population-statistics","MISSING","A","partially-supported","dependent-administration","false","[]","[]","[]","[]","{""map_identity_id"":""entity-victoria-uk"",""aliases"":[],""historical_names"":[{""value"":""Victoria — parliamentary British colony"",""kind"":""primary"",""validFrom"":""1878-01-01"",""validUntil"":""1901-01-01""}],""identifiers"":{}}","[""Snapshot context is not observation date or boundary date."",""Map geometry does not establish sovereignty or succession."",""Existing applicability intervals: []""]","35c5a20cdfaf4e7e7a788fd82d4c2b997e0fe878efe2392487968b8d61b9029f",""
"entity-western-australia-uk@1878/population-statistics","entity-western-australia-uk@1878","wa-preresponsible-colonial-core","Western Australia — representative colonial government around 1880","1878","population-statistics","MISSING","A","partially-supported","dependent-administration","false","[]","[]","[]","[]","{""map_identity_id"":""entity-western-australia-uk"",""aliases"":[],""historical_names"":[{""value"":""Western Australia — representative colonial government around 1880"",""kind"":""primary"",""validFrom"":""1878-01-01"",""validUntil"":""1881-01-01""}],""identifiers"":{}}","[""Snapshot context is not observation date or boundary date."",""Map geometry does not establish sovereignty or succession."",""Existing applicability intervals: []""]","35c5a20cdfaf4e7e7a788fd82d4c2b997e0fe878efe2392487968b8d61b9029f",""
"entity-western-australia-uk@1880/population-statistics","entity-western-australia-uk@1880","wa-preresponsible-colonial-core","Western Australia — representative colonial government around 1880","1880","population-statistics","MISSING","A","partially-supported","dependent-administration","false","[]","[]","[]","[]","{""map_identity_id"":""entity-western-australia-uk"",""aliases"":[],""historical_names"":[{""value"":""Western Australia — representative colonial government around 1880"",""kind"":""primary"",""validFrom"":""1878-01-01"",""validUntil"":""1881-01-01""}],""identifiers"":{}}","[""Snapshot context is not observation date or boundary date."",""Map geometry does not establish sovereignty or succession."",""Existing applicability intervals: []""]","35c5a20cdfaf4e7e7a788fd82d4c2b997e0fe878efe2392487968b8d61b9029f",""
"entity-western-australia-uk@1900/population-statistics","entity-western-australia-uk@1900","wa-responsible-1900-core","Western Australia — responsible colonial government in 1900","1900","population-statistics","MISSING","A","partially-supported","dependent-administration","false","[]","[]","[]","[]","{""map_identity_id"":""entity-western-australia-uk"",""aliases"":[],""historical_names"":[{""value"":""Western Australia — responsible colonial government in 1900"",""kind"":""primary"",""validFrom"":""1900-01-01"",""validUntil"":""1901-01-01""}],""identifiers"":{}}","[""Snapshot context is not observation date or boundary date."",""Map geometry does not establish sovereignty or succession."",""Existing applicability intervals: []""]","35c5a20cdfaf4e7e7a788fd82d4c2b997e0fe878efe2392487968b8d61b9029f",""
"entity-british-east-india-company@1815/population-statistics","entity-british-east-india-company@1815","company-1813-territorial-framework","East India Company — territorial administration","1815","population-statistics","MISSING","A","core-supported","dependent-administration","false","[]","[]","[]","[]","{""map_identity_id"":""entity-british-east-india-company"",""aliases"":[],""historical_names"":[{""value"":""East India Company — territorial administration"",""kind"":""primary"",""validFrom"":""1814-01-01"",""validUntil"":""1833-01-01""}],""identifiers"":{}}","[""Snapshot context is not observation date or boundary date."",""Map geometry does not establish sovereignty or succession."",""Existing applicability intervals: []""]","35c5a20cdfaf4e7e7a788fd82d4c2b997e0fe878efe2392487968b8d61b9029f",""
"entity-british-raj@1878/population-statistics","entity-british-raj@1878","british-raj","British Raj","1878","population-statistics","MISSING","A","core-supported","dependent-administration","false","[]","[]","[]","[]","{""map_identity_id"":""entity-british-raj"",""aliases"":[{""value"":""British India"",""validFrom"":""1858"",""validUntil"":""1947"",""sourceIds"":[""raj-parliament""],""confidence"":""documented""}],""historical_names"":[{""value"":""British Raj"",""kind"":""primary"",""validFrom"":""1858"",""validUntil"":""1947""},{""value"":""British India"",""kind"":""alternate"",""validFrom"":""1858"",""validUntil"":""1947""}],""identifiers"":{}}","[""Snapshot context is not observation date or boundary date."",""Map geometry does not establish sovereignty or succession."",""Existing applicability intervals: []""]","35c5a20cdfaf4e7e7a788fd82d4c2b997e0fe878efe2392487968b8d61b9029f",""
"entity-british-raj@1880/population-statistics","entity-british-raj@1880","british-raj","British Raj","1880","population-statistics","MISSING","A","partially-supported","dependent-administration","false","[]","[]","[]","[]","{""map_identity_id"":""entity-british-raj"",""aliases"":[{""value"":""British India"",""validFrom"":""1858"",""validUntil"":""1947"",""sourceIds"":[""raj-parliament""],""confidence"":""documented""}],""historical_names"":[{""value"":""British Raj"",""kind"":""primary"",""validFrom"":""1858"",""validUntil"":""1947""},{""value"":""British India"",""kind"":""alternate"",""validFrom"":""1858"",""validUntil"":""1947""}],""identifiers"":{}}","[""Snapshot context is not observation date or boundary date."",""Map geometry does not establish sovereignty or succession."",""Existing applicability intervals: []""]","35c5a20cdfaf4e7e7a788fd82d4c2b997e0fe878efe2392487968b8d61b9029f",""
"entity-british-raj@1900/population-statistics","entity-british-raj@1900","british-raj","British Raj","1900","population-statistics","MISSING","A","partially-supported","dependent-administration","false","[]","[]","[]","[]","{""map_identity_id"":""entity-british-raj"",""aliases"":[{""value"":""British India"",""validFrom"":""1858"",""validUntil"":""1947"",""sourceIds"":[""raj-parliament""],""confidence"":""documented""}],""historical_names"":[{""value"":""British Raj"",""kind"":""primary"",""validFrom"":""1858"",""validUntil"":""1947""},{""value"":""British India"",""kind"":""alternate"",""validFrom"":""1858"",""validUntil"":""1947""}],""identifiers"":{}}","[""Snapshot context is not observation date or boundary date."",""Map geometry does not establish sovereignty or succession."",""Existing applicability intervals: []""]","35c5a20cdfaf4e7e7a788fd82d4c2b997e0fe878efe2392487968b8d61b9029f",""
"entity-british-raj@1914/population-statistics","entity-british-raj@1914","british-raj","British Raj","1914","population-statistics","MISSING","A","core-supported","dependent-administration","false","[]","[]","[]","[]","{""map_identity_id"":""entity-british-raj"",""aliases"":[{""value"":""British India"",""validFrom"":""1858"",""validUntil"":""1947"",""sourceIds"":[""raj-parliament""],""confidence"":""documented""}],""historical_names"":[{""value"":""British Raj"",""kind"":""primary"",""validFrom"":""1858"",""validUntil"":""1947""},{""value"":""British India"",""kind"":""alternate"",""validFrom"":""1858"",""validUntil"":""1947""}],""identifiers"":{}}","[""Snapshot context is not observation date or boundary date."",""Map geometry does not establish sovereignty or succession."",""Existing applicability intervals: []""]","35c5a20cdfaf4e7e7a788fd82d4c2b997e0fe878efe2392487968b8d61b9029f",""
"entity-british-raj@1920/population-statistics","entity-british-raj@1920","british-raj","British Raj","1920","population-statistics","MISSING","A","partially-supported","dependent-administration","false","[]","[]","[]","[]","{""map_identity_id"":""entity-british-raj"",""aliases"":[{""value"":""British India"",""validFrom"":""1858"",""validUntil"":""1947"",""sourceIds"":[""raj-parliament""],""confidence"":""documented""}],""historical_names"":[{""value"":""British Raj"",""kind"":""primary"",""validFrom"":""1858"",""validUntil"":""1947""},{""value"":""British India"",""kind"":""alternate"",""validFrom"":""1858"",""validUntil"":""1947""}],""identifiers"":{}}","[""Snapshot context is not observation date or boundary date."",""Map geometry does not establish sovereignty or succession."",""Existing applicability intervals: []""]","35c5a20cdfaf4e7e7a788fd82d4c2b997e0fe878efe2392487968b8d61b9029f",""
"entity-british-raj@1930/population-statistics","entity-british-raj@1930","british-raj","British Raj","1930","population-statistics","MISSING","A","core-supported","dependent-administration","false","[]","[]","[]","[]","{""map_identity_id"":""entity-british-raj"",""aliases"":[{""value"":""British India"",""validFrom"":""1858"",""validUntil"":""1947"",""sourceIds"":[""raj-parliament""],""confidence"":""documented""}],""historical_names"":[{""value"":""British Raj"",""kind"":""primary"",""validFrom"":""1858"",""validUntil"":""1947""},{""value"":""British India"",""kind"":""alternate"",""validFrom"":""1858"",""validUntil"":""1947""}],""identifiers"":{}}","[""Snapshot context is not observation date or boundary date."",""Map geometry does not establish sovereignty or succession."",""Existing applicability intervals: []""]","35c5a20cdfaf4e7e7a788fd82d4c2b997e0fe878efe2392487968b8d61b9029f",""
"entity-british-raj@1938/population-statistics","entity-british-raj@1938","british-raj","British Raj","1938","population-statistics","MISSING","A","partially-supported","dependent-administration","false","[]","[]","[]","[]","{""map_identity_id"":""entity-british-raj"",""aliases"":[{""value"":""British India"",""validFrom"":""1858"",""validUntil"":""1947"",""sourceIds"":[""raj-parliament""],""confidence"":""documented""}],""historical_names"":[{""value"":""British Raj"",""kind"":""primary"",""validFrom"":""1858"",""validUntil"":""1947""},{""value"":""British India"",""kind"":""alternate"",""validFrom"":""1858"",""validUntil"":""1947""}],""identifiers"":{}}","[""Snapshot context is not observation date or boundary date."",""Map geometry does not establish sovereignty or succession."",""Existing applicability intervals: []""]","35c5a20cdfaf4e7e7a788fd82d4c2b997e0fe878efe2392487968b8d61b9029f",""
"entity-india@1900/population-statistics","entity-india@1900","british-indian-government-core-1900","India — British Indian institutional context","1900","population-statistics","MISSING","A","core-supported","dependent-administration","false","[]","[]","[]","[]","{""map_identity_id"":""entity-india"",""aliases"":[],""historical_names"":[{""value"":""British Indian government — institutional context"",""kind"":""primary"",""validFrom"":""1900-01-01"",""validUntil"":""1901-01-01""}],""identifiers"":{}}","[""Snapshot context is not observation date or boundary date."",""Map geometry does not establish sovereignty or succession."",""Existing applicability intervals: []""]","35c5a20cdfaf4e7e7a788fd82d4c2b997e0fe878efe2392487968b8d61b9029f",""
"entity-india@1938/population-statistics","entity-india@1938","","India","1938","population-statistics","MISSING","A","held-ambiguous","political-polity","true","[]","[]","[]","[]","{""map_identity_id"":""entity-india"",""aliases"":[],""historical_names"":[],""identifiers"":{}}","[""Snapshot context is not observation date or boundary date."",""Map geometry does not establish sovereignty or succession."",""Resolve historical identity before proposing entity-specific facts."",""Existing applicability intervals: []""]","35c5a20cdfaf4e7e7a788fd82d4c2b997e0fe878efe2392487968b8d61b9029f",""
"entity-india@1945/population-statistics","entity-india@1945","british-indian-government-core-1945","India — British Indian institutional context","1945","population-statistics","MISSING","A","core-supported","dependent-administration","false","[]","[]","[]","[]","{""map_identity_id"":""entity-india"",""aliases"":[],""historical_names"":[{""value"":""British Indian government — institutional context"",""kind"":""primary"",""validFrom"":""1945-01-01"",""validUntil"":""1946-01-01""}],""identifiers"":{}}","[""Snapshot context is not observation date or boundary date."",""Map geometry does not establish sovereignty or succession."",""Existing applicability intervals: []""]","35c5a20cdfaf4e7e7a788fd82d4c2b997e0fe878efe2392487968b8d61b9029f",""
"entity-india@1960/population-statistics","entity-india@1960","india-republic-1950-framework","Republic of India","1960","population-statistics","MISSING","A","core-supported","political-polity","false","[]","[]","[]","[]","{""map_identity_id"":""entity-india"",""aliases"":[],""historical_names"":[{""value"":""Republic of India"",""kind"":""primary"",""validFrom"":""1950-01-26"",""validUntil"":""1961-01-01""}],""identifiers"":{}}","[""Snapshot context is not observation date or boundary date."",""Map geometry does not establish sovereignty or succession."",""Existing applicability intervals: []""]","35c5a20cdfaf4e7e7a788fd82d4c2b997e0fe878efe2392487968b8d61b9029f",""
"entity-madras@1800/population-statistics","entity-madras@1800","madras-company-1800-framework","Madras — Company presidency government","1800","population-statistics","MISSING","A","partially-supported","dependent-administration","false","[]","[]","[]","[]","{""map_identity_id"":""entity-madras"",""aliases"":[],""historical_names"":[{""value"":""Madras — Company presidency government"",""kind"":""primary"",""validFrom"":""1800-01-22"",""validUntil"":""1801-01-01""}],""identifiers"":{}}","[""Snapshot context is not observation date or boundary date."",""Map geometry does not establish sovereignty or succession."",""Existing applicability intervals: []""]","35c5a20cdfaf4e7e7a788fd82d4c2b997e0fe878efe2392487968b8d61b9029f",""
"entity-maratha-confederacy@1800/population-statistics","entity-maratha-confederacy@1800","","Maratha Confederacy","1800","population-statistics","MISSING","A","held-ambiguous","political-polity","true","[]","[]","[]","[]","{""map_identity_id"":""entity-maratha-confederacy"",""aliases"":[],""historical_names"":[],""identifiers"":{}}","[""Snapshot context is not observation date or boundary date."",""Map geometry does not establish sovereignty or succession."",""Resolve historical identity before proposing entity-specific facts."",""Existing applicability intervals: []""]","35c5a20cdfaf4e7e7a788fd82d4c2b997e0fe878efe2392487968b8d61b9029f",""
"entity-maratha-confederacy@1815/population-statistics","entity-maratha-confederacy@1815","","Maratha Confederacy","1815","population-statistics","MISSING","A","held-ambiguous","political-polity","true","[]","[]","[]","[]","{""map_identity_id"":""entity-maratha-confederacy"",""aliases"":[],""historical_names"":[],""identifiers"":{}}","[""Snapshot context is not observation date or boundary date."",""Map geometry does not establish sovereignty or succession."",""Resolve historical identity before proposing entity-specific facts."",""Existing applicability intervals: []""]","35c5a20cdfaf4e7e7a788fd82d4c2b997e0fe878efe2392487968b8d61b9029f",""
"entity-mysore@1800/population-statistics","entity-mysore@1800","mysore-restored-wodeyar-framework","Mysore — restored Wodeyar government","1800","population-statistics","MISSING","A","partially-supported","political-polity","false","[]","[]","[]","[]","{""map_identity_id"":""entity-mysore"",""aliases"":[],""historical_names"":[{""value"":""Mysore — restored Wodeyar government"",""kind"":""primary"",""validFrom"":""1800-01-01"",""validUntil"":""1831""}],""identifiers"":{}}","[""Snapshot context is not observation date or boundary date."",""Map geometry does not establish sovereignty or succession."",""Existing applicability intervals: []""]","35c5a20cdfaf4e7e7a788fd82d4c2b997e0fe878efe2392487968b8d61b9029f",""
"entity-mysore-indian-princely-state@1815/population-statistics","entity-mysore-indian-princely-state@1815","mysore-restored-wodeyar-framework","Mysore — restored Wodeyar government","1815","population-statistics","MISSING","A","partially-supported","dependent-administration","false","[]","[]","[]","[]","{""map_identity_id"":""entity-mysore-indian-princely-state"",""aliases"":[],""historical_names"":[{""value"":""Mysore — restored Wodeyar government"",""kind"":""primary"",""validFrom"":""1800-01-01"",""validUntil"":""1831""}],""identifiers"":{}}","[""Snapshot context is not observation date or boundary date."",""Map geometry does not establish sovereignty or succession."",""Existing applicability intervals: []""]","35c5a20cdfaf4e7e7a788fd82d4c2b997e0fe878efe2392487968b8d61b9029f",""
"entity-nizam-s-dominions@1800/population-statistics","entity-nizam-s-dominions@1800","hyderabad-nizam-ali-framework","Hyderabad — Nizam Ali Khan’s government","1800","population-statistics","MISSING","A","partially-supported","political-polity","false","[]","[]","[]","[]","{""map_identity_id"":""entity-nizam-s-dominions"",""aliases"":[],""historical_names"":[{""value"":""Hyderabad — Nizam Ali Khan’s government"",""kind"":""primary"",""validFrom"":""1800-01-01"",""validUntil"":""1801-01-01""}],""identifiers"":{}}","[""Snapshot context is not observation date or boundary date."",""Map geometry does not establish sovereignty or succession."",""Existing applicability intervals: []""]","35c5a20cdfaf4e7e7a788fd82d4c2b997e0fe878efe2392487968b8d61b9029f",""
"entity-oudh@1800/population-statistics","entity-oudh@1800","awadh-saadat-ali-nawabi-framework","Awadh — Saadat Ali Khan’s Nawabi government","1800","population-statistics","MISSING","A","partially-supported","political-polity","false","[]","[]","[]","[]","{""map_identity_id"":""entity-oudh"",""aliases"":[],""historical_names"":[{""value"":""Awadh — Saadat Ali Khan’s Nawabi government"",""kind"":""primary"",""validFrom"":""1800-01-01"",""validUntil"":""1801-01-01""}],""identifiers"":{}}","[""Snapshot context is not observation date or boundary date."",""Map geometry does not establish sovereignty or succession."",""Existing applicability intervals: []""]","35c5a20cdfaf4e7e7a788fd82d4c2b997e0fe878efe2392487968b8d61b9029f",""
"entity-oudh@1815/population-statistics","entity-oudh@1815","","Oudh","1815","population-statistics","MISSING","A","completely-empty","political-polity","true","[]","[]","[]","[]","{""map_identity_id"":""entity-oudh"",""aliases"":[],""historical_names"":[],""identifiers"":{}}","[""Snapshot context is not observation date or boundary date."",""Map geometry does not establish sovereignty or succession."",""Resolve historical identity before proposing entity-specific facts."",""Existing applicability intervals: []""]","35c5a20cdfaf4e7e7a788fd82d4c2b997e0fe878efe2392487968b8d61b9029f",""
"entity-sindh@1800/population-statistics","entity-sindh@1800","","Sindh","1800","population-statistics","MISSING","A","held-ambiguous","political-polity","true","[]","[]","[]","[]","{""map_identity_id"":""entity-sindh"",""aliases"":[],""historical_names"":[],""identifiers"":{}}","[""Snapshot context is not observation date or boundary date."",""Map geometry does not establish sovereignty or succession."",""Resolve historical identity before proposing entity-specific facts."",""Existing applicability intervals: []""]","35c5a20cdfaf4e7e7a788fd82d4c2b997e0fe878efe2392487968b8d61b9029f",""
"entity-cape-colony@1800/population-statistics","entity-cape-colony@1800","","Cape Colony","1800","population-statistics","MISSING","A","completely-empty","dependent-administration","true","[]","[]","[]","[]","{""map_identity_id"":""entity-cape-colony"",""aliases"":[],""historical_names"":[],""identifiers"":{}}","[""Snapshot context is not observation date or boundary date."",""Map geometry does not establish sovereignty or succession."",""Resolve historical identity before proposing entity-specific facts."",""Existing applicability intervals: []""]","35c5a20cdfaf4e7e7a788fd82d4c2b997e0fe878efe2392487968b8d61b9029f",""
"entity-cape-colony@1815/population-statistics","entity-cape-colony@1815","","Cape Colony","1815","population-statistics","MISSING","A","completely-empty","dependent-administration","true","[]","[]","[]","[]","{""map_identity_id"":""entity-cape-colony"",""aliases"":[],""historical_names"":[],""identifiers"":{}}","[""Snapshot context is not observation date or boundary date."",""Map geometry does not establish sovereignty or succession."",""Resolve historical identity before proposing entity-specific facts."",""Existing applicability intervals: []""]","35c5a20cdfaf4e7e7a788fd82d4c2b997e0fe878efe2392487968b8d61b9029f",""
"entity-cape-colony@1878/population-statistics","entity-cape-colony@1878","b19-cape-responsible","Cape Colony — responsible government","1878","population-statistics","MISSING","A","partially-supported","dependent-administration","false","[]","[]","[]","[]","{""map_identity_id"":""entity-cape-colony"",""aliases"":[],""historical_names"":[{""value"":""Cape Colony — responsible government"",""kind"":""primary"",""validFrom"":""1873-01-01"",""validUntil"":""1910-05-31""}],""identifiers"":{}}","[""Snapshot context is not observation date or boundary date."",""Map geometry does not establish sovereignty or succession."",""Existing applicability intervals: []""]","35c5a20cdfaf4e7e7a788fd82d4c2b997e0fe878efe2392487968b8d61b9029f",""
"entity-cape-colony@1880/population-statistics","entity-cape-colony@1880","b19-cape-responsible","Cape Colony — responsible government","1880","population-statistics","MISSING","A","core-supported","dependent-administration","false","[]","[]","[]","[]","{""map_identity_id"":""entity-cape-colony"",""aliases"":[],""historical_names"":[{""value"":""Cape Colony — responsible government"",""kind"":""primary"",""validFrom"":""1873-01-01"",""validUntil"":""1910-05-31""}],""identifiers"":{}}","[""Snapshot context is not observation date or boundary date."",""Map geometry does not establish sovereignty or succession."",""Existing applicability intervals: []""]","35c5a20cdfaf4e7e7a788fd82d4c2b997e0fe878efe2392487968b8d61b9029f",""
"entity-cape-colony@1900/population-statistics","entity-cape-colony@1900","b19-cape-responsible","Cape Colony — responsible government","1900","population-statistics","MISSING","A","partially-supported","dependent-administration","false","[]","[]","[]","[]","{""map_identity_id"":""entity-cape-colony"",""aliases"":[],""historical_names"":[{""value"":""Cape Colony — responsible government"",""kind"":""primary"",""validFrom"":""1873-01-01"",""validUntil"":""1910-05-31""}],""identifiers"":{}}","[""Snapshot context is not observation date or boundary date."",""Map geometry does not establish sovereignty or succession."",""Existing applicability intervals: []""]","35c5a20cdfaf4e7e7a788fd82d4c2b997e0fe878efe2392487968b8d61b9029f",""
"entity-orange-free-state@1878/population-statistics","entity-orange-free-state@1878","b20-orange-free-state","Orange Free State","1878","population-statistics","MISSING","A","partially-supported","political-polity","false","[]","[]","[]","[]","{""map_identity_id"":""entity-orange-free-state"",""aliases"":[],""historical_names"":[{""value"":""Orange Free State"",""kind"":""primary"",""validFrom"":""1878-01-01"",""validUntil"":""1881-01-01""}],""identifiers"":{}}","[""Snapshot context is not observation date or boundary date."",""Map geometry does not establish sovereignty or succession."",""Existing applicability intervals: []""]","35c5a20cdfaf4e7e7a788fd82d4c2b997e0fe878efe2392487968b8d61b9029f",""
"entity-orange-free-state@1880/population-statistics","entity-orange-free-state@1880","b20-orange-free-state","Orange Free State","1880","population-statistics","MISSING","A","partially-supported","political-polity","false","[]","[]","[]","[]","{""map_identity_id"":""entity-orange-free-state"",""aliases"":[],""historical_names"":[{""value"":""Orange Free State"",""kind"":""primary"",""validFrom"":""1878-01-01"",""validUntil"":""1881-01-01""}],""identifiers"":{}}","[""Snapshot context is not observation date or boundary date."",""Map geometry does not establish sovereignty or succession."",""Existing applicability intervals: []""]","35c5a20cdfaf4e7e7a788fd82d4c2b997e0fe878efe2392487968b8d61b9029f",""
"entity-orange-free-state@1900/population-statistics","entity-orange-free-state@1900","b20-orange-river-war-annexation","Orange River Colony — contested British militarygovernment","1900","population-statistics","MISSING","A","partially-supported","political-polity","false","[]","[]","[]","[]","{""map_identity_id"":""entity-orange-free-state"",""aliases"":[],""historical_names"":[{""value"":""Orange River Colony — contested British militarygovernment"",""kind"":""primary"",""validFrom"":""1900-12-12"",""validUntil"":""1900-12-13""}],""identifiers"":{}}","[""Snapshot context is not observation date or boundary date."",""Map geometry does not establish sovereignty or succession."",""Existing applicability intervals: []""]","35c5a20cdfaf4e7e7a788fd82d4c2b997e0fe878efe2392487968b8d61b9029f",""
"entity-south-africa@1945/population-statistics","entity-south-africa@1945","b19-south-africa-later-union","Union of South Africa — later constitutional monarchy","1945","population-statistics","MISSING","A","core-supported","political-polity","false","[]","[]","[]","[]","{""map_identity_id"":""entity-south-africa"",""aliases"":[],""historical_names"":[{""value"":""Union of South Africa — later constitutional monarchy"",""kind"":""primary"",""validFrom"":""1935-01-01"",""validUntil"":""1948-06-04""}],""identifiers"":{}}","[""Snapshot context is not observation date or boundary date."",""Map geometry does not establish sovereignty or succession."",""Existing applicability intervals: []""]","35c5a20cdfaf4e7e7a788fd82d4c2b997e0fe878efe2392487968b8d61b9029f",""
"entity-south-africa@1960/population-statistics","entity-south-africa@1960","b19-south-africa-apartheid-union","Union of South Africa — constitutional monarchy under apartheid","1960","population-statistics","MISSING","A","core-supported","political-polity","false","[]","[]","[]","[]","{""map_identity_id"":""entity-south-africa"",""aliases"":[],""historical_names"":[{""value"":""Union of South Africa — constitutional monarchy under apartheid"",""kind"":""primary"",""validFrom"":""1948-06-04"",""validUntil"":""1954-11-30""},{""value"":""Union of South Africa — constitutional monarchy under apartheid"",""kind"":""primary"",""validFrom"":""1954-11-30"",""validUntil"":""1958-08-24""},{""value"":""Union of South Africa — constitutional monarchy under apartheid"",""kind"":""primary"",""validFrom"":""1958-09-02"",""validUntil"":""1961-01-01""}],""identifiers"":{}}","[""Snapshot context is not observation date or boundary date."",""Map geometry does not establish sovereignty or succession."",""Existing applicability intervals: []""]","35c5a20cdfaf4e7e7a788fd82d4c2b997e0fe878efe2392487968b8d61b9029f",""
"entity-transvaal@1878/population-statistics","entity-transvaal@1878","b20-transvaal-first-annexation","Transvaal — first British annexation administration","1878","population-statistics","MISSING","A","partially-supported","political-polity","false","[]","[]","[]","[]","{""map_identity_id"":""entity-transvaal"",""aliases"":[],""historical_names"":[{""value"":""Transvaal — first British annexation administration"",""kind"":""primary"",""validFrom"":""1878-01-01"",""validUntil"":""1880-01-01""},{""value"":""Transvaal — British colonial administration"",""kind"":""primary"",""validFrom"":""1880-08-31"",""validUntil"":""1880-09-01""}],""identifiers"":{}}","[""Snapshot context is not observation date or boundary date."",""Map geometry does not establish sovereignty or succession."",""Existing applicability intervals: []""]","35c5a20cdfaf4e7e7a788fd82d4c2b997e0fe878efe2392487968b8d61b9029f",""
"entity-transvaal@1880/population-statistics","entity-transvaal@1880","b20-transvaal-first-annexation","Transvaal — British colonial administration","1880","population-statistics","MISSING","A","partially-supported","political-polity","false","[]","[]","[]","[]","{""map_identity_id"":""entity-transvaal"",""aliases"":[],""historical_names"":[{""value"":""Transvaal — first British annexation administration"",""kind"":""primary"",""validFrom"":""1878-01-01"",""validUntil"":""1880-01-01""},{""value"":""Transvaal — British colonial administration"",""kind"":""primary"",""validFrom"":""1880-08-31"",""validUntil"":""1880-09-01""}],""identifiers"":{}}","[""Snapshot context is not observation date or boundary date."",""Map geometry does not establish sovereignty or succession."",""Existing applicability intervals: []""]","35c5a20cdfaf4e7e7a788fd82d4c2b997e0fe878efe2392487968b8d61b9029f",""
"entity-transvaal@1900/population-statistics","entity-transvaal@1900","b20-transvaal-war-annexation","Transvaal — contested British militarygovernment","1900","population-statistics","MISSING","A","partially-supported","political-polity","false","[]","[]","[]","[]","{""map_identity_id"":""entity-transvaal"",""aliases"":[],""historical_names"":[{""value"":""Transvaal — contested British militarygovernment"",""kind"":""primary"",""validFrom"":""1900-12-12"",""validUntil"":""1900-12-13""}],""identifiers"":{}}","[""Snapshot context is not observation date or boundary date."",""Map geometry does not establish sovereignty or succession."",""Existing applicability intervals: []""]","35c5a20cdfaf4e7e7a788fd82d4c2b997e0fe878efe2392487968b8d61b9029f",""
"entity-union-of-south-africa@1920/population-statistics","entity-union-of-south-africa@1920","b19-south-africa-early-union","Union of South Africa — early dominion","1920","population-statistics","MISSING","A","partially-supported","political-polity","false","[]","[]","[]","[]","{""map_identity_id"":""entity-union-of-south-africa"",""aliases"":[],""historical_names"":[{""value"":""Union of South Africa — early dominion"",""kind"":""primary"",""validFrom"":""1911-01-01"",""validUntil"":""1931-01-01""}],""identifiers"":{}}","[""Snapshot context is not observation date or boundary date."",""Map geometry does not establish sovereignty or succession."",""Existing applicability intervals: []""]","35c5a20cdfaf4e7e7a788fd82d4c2b997e0fe878efe2392487968b8d61b9029f",""
"entity-union-of-south-africa@1930/population-statistics","entity-union-of-south-africa@1930","b19-south-africa-early-union","Union of South Africa — early dominion","1930","population-statistics","MISSING","A","partially-supported","political-polity","false","[]","[]","[]","[]","{""map_identity_id"":""entity-union-of-south-africa"",""aliases"":[],""historical_names"":[{""value"":""Union of South Africa — early dominion"",""kind"":""primary"",""validFrom"":""1911-01-01"",""validUntil"":""1931-01-01""}],""identifiers"":{}}","[""Snapshot context is not observation date or boundary date."",""Map geometry does not establish sovereignty or succession."",""Existing applicability intervals: []""]","35c5a20cdfaf4e7e7a788fd82d4c2b997e0fe878efe2392487968b8d61b9029f",""
"entity-union-of-south-africa@1938/population-statistics","entity-union-of-south-africa@1938","b19-south-africa-later-union","Union of South Africa — later constitutional monarchy","1938","population-statistics","MISSING","A","core-supported","political-polity","false","[]","[]","[]","[]","{""map_identity_id"":""entity-union-of-south-africa"",""aliases"":[],""historical_names"":[{""value"":""Union of South Africa — later constitutional monarchy"",""kind"":""primary"",""validFrom"":""1935-01-01"",""validUntil"":""1948-06-04""}],""identifiers"":{}}","[""Snapshot context is not observation date or boundary date."",""Map geometry does not establish sovereignty or succession."",""Existing applicability intervals: []""]","35c5a20cdfaf4e7e7a788fd82d4c2b997e0fe878efe2392487968b8d61b9029f",""
"entity-acadian-peninsula-uk@1800/population-statistics","entity-acadian-peninsula-uk@1800","","Acadian Peninsula (UK)","1800","population-statistics","MISSING","A","held-ambiguous","dependent-administration","true","[]","[]","[]","[]","{""map_identity_id"":""entity-acadian-peninsula-uk"",""aliases"":[],""historical_names"":[],""identifiers"":{}}","[""Snapshot context is not observation date or boundary date."",""Map geometry does not establish sovereignty or succession."",""Resolve historical identity before proposing entity-specific facts."",""Existing applicability intervals: []""]","35c5a20cdfaf4e7e7a788fd82d4c2b997e0fe878efe2392487968b8d61b9029f",""
"entity-canada@1815/population-statistics","entity-canada@1815","","Canada","1815","population-statistics","MISSING","A","held-ambiguous","political-polity","true","[]","[]","[]","[]","{""map_identity_id"":""entity-canada"",""aliases"":[],""historical_names"":[],""identifiers"":{}}","[""Snapshot context is not observation date or boundary date."",""Map geometry does not establish sovereignty or succession."",""Resolve historical identity before proposing entity-specific facts."",""Existing applicability intervals: []""]","35c5a20cdfaf4e7e7a788fd82d4c2b997e0fe878efe2392487968b8d61b9029f",""
"entity-canada@1878/population-statistics","entity-canada@1878","canada-1867-federal-framework","Canada — Dominion under the 1867 Act","1878","population-statistics","MISSING","A","partially-supported","political-polity","false","[]","[]","[]","[]","{""map_identity_id"":""entity-canada"",""aliases"":[],""historical_names"":[{""value"":""Canada — Dominion under the 1867 Act"",""kind"":""primary"",""validFrom"":""1867-07-01"",""validUntil"":""1931-12-11""}],""identifiers"":{}}","[""Snapshot context is not observation date or boundary date."",""Map geometry does not establish sovereignty or succession."",""Existing applicability intervals: []""]","35c5a20cdfaf4e7e7a788fd82d4c2b997e0fe878efe2392487968b8d61b9029f",""
"entity-canada@1880/population-statistics","entity-canada@1880","canada-1867-federal-framework","Canada — Dominion under the 1867 Act","1880","population-statistics","MISSING","A","core-supported","political-polity","false","[]","[]","[]","[]","{""map_identity_id"":""entity-canada"",""aliases"":[],""historical_names"":[{""value"":""Canada — Dominion under the 1867 Act"",""kind"":""primary"",""validFrom"":""1867-07-01"",""validUntil"":""1931-12-11""}],""identifiers"":{}}","[""Snapshot context is not observation date or boundary date."",""Map geometry does not establish sovereignty or succession."",""Existing applicability intervals: []""]","35c5a20cdfaf4e7e7a788fd82d4c2b997e0fe878efe2392487968b8d61b9029f",""
"entity-canada@1900/population-statistics","entity-canada@1900","canada-1867-federal-framework","Canada — Dominion under the 1867 Act","1900","population-statistics","MISSING","A","core-supported","political-polity","false","[]","[]","[]","[]","{""map_identity_id"":""entity-canada"",""aliases"":[],""historical_names"":[{""value"":""Canada — Dominion under the 1867 Act"",""kind"":""primary"",""validFrom"":""1867-07-01"",""validUntil"":""1931-12-11""}],""identifiers"":{}}","[""Snapshot context is not observation date or boundary date."",""Map geometry does not establish sovereignty or succession."",""Existing applicability intervals: []""]","35c5a20cdfaf4e7e7a788fd82d4c2b997e0fe878efe2392487968b8d61b9029f",""
"entity-canada@1914/population-statistics","entity-canada@1914","canada-1867-federal-framework","Canada — Dominion under the 1867 Act","1914","population-statistics","MISSING","A","core-supported","political-polity","false","[]","[]","[]","[]","{""map_identity_id"":""entity-canada"",""aliases"":[],""historical_names"":[{""value"":""Canada — Dominion under the 1867 Act"",""kind"":""primary"",""validFrom"":""1867-07-01"",""validUntil"":""1931-12-11""}],""identifiers"":{}}","[""Snapshot context is not observation date or boundary date."",""Map geometry does not establish sovereignty or succession."",""Existing applicability intervals: []""]","35c5a20cdfaf4e7e7a788fd82d4c2b997e0fe878efe2392487968b8d61b9029f",""
"entity-canada@1920/population-statistics","entity-canada@1920","canada-1867-federal-framework","Canada — Dominion under the 1867 Act","1920","population-statistics","MISSING","A","core-supported","political-polity","false","[]","[]","[]","[]","{""map_identity_id"":""entity-canada"",""aliases"":[],""historical_names"":[{""value"":""Canada — Dominion under the 1867 Act"",""kind"":""primary"",""validFrom"":""1867-07-01"",""validUntil"":""1931-12-11""}],""identifiers"":{}}","[""Snapshot context is not observation date or boundary date."",""Map geometry does not establish sovereignty or succession."",""Existing applicability intervals: []""]","35c5a20cdfaf4e7e7a788fd82d4c2b997e0fe878efe2392487968b8d61b9029f",""
"entity-canada@1930/population-statistics","entity-canada@1930","canada-1867-federal-framework","Canada — Dominion under the 1867 Act","1930","population-statistics","MISSING","A","core-supported","political-polity","false","[]","[]","[]","[]","{""map_identity_id"":""entity-canada"",""aliases"":[],""historical_names"":[{""value"":""Canada — Dominion under the 1867 Act"",""kind"":""primary"",""validFrom"":""1867-07-01"",""validUntil"":""1931-12-11""}],""identifiers"":{}}","[""Snapshot context is not observation date or boundary date."",""Map geometry does not establish sovereignty or succession."",""Existing applicability intervals: []""]","35c5a20cdfaf4e7e7a788fd82d4c2b997e0fe878efe2392487968b8d61b9029f",""
"entity-canada@1938/population-statistics","entity-canada@1938","canada-westminster-federal-framework","Canada — post-Westminster federal framework","1938","population-statistics","MISSING","A","core-supported","political-polity","false","[]","[]","[]","[]","{""map_identity_id"":""entity-canada"",""aliases"":[],""historical_names"":[{""value"":""Canada — post-Westminster federal framework"",""kind"":""primary"",""validFrom"":""1931-12-11"",""validUntil"":""1961-01-01""}],""identifiers"":{}}","[""Snapshot context is not observation date or boundary date."",""Map geometry does not establish sovereignty or succession."",""Existing applicability intervals: []""]","35c5a20cdfaf4e7e7a788fd82d4c2b997e0fe878efe2392487968b8d61b9029f",""
"entity-canada@1945/population-statistics","entity-canada@1945","canada-westminster-federal-framework","Canada — post-Westminster federal framework","1945","population-statistics","MISSING","A","core-supported","political-polity","false","[]","[]","[]","[]","{""map_identity_id"":""entity-canada"",""aliases"":[],""historical_names"":[{""value"":""Canada — post-Westminster federal framework"",""kind"":""primary"",""validFrom"":""1931-12-11"",""validUntil"":""1961-01-01""}],""identifiers"":{}}","[""Snapshot context is not observation date or boundary date."",""Map geometry does not establish sovereignty or succession."",""Existing applicability intervals: []""]","35c5a20cdfaf4e7e7a788fd82d4c2b997e0fe878efe2392487968b8d61b9029f",""
"entity-quebec@1800/population-statistics","entity-quebec@1800","","Quebec","1800","population-statistics","MISSING","A","held-ambiguous","dependent-administration","true","[]","[]","[]","[]","{""map_identity_id"":""entity-quebec"",""aliases"":[],""historical_names"":[],""identifiers"":{}}","[""Snapshot context is not observation date or boundary date."",""Map geometry does not establish sovereignty or succession."",""Resolve historical identity before proposing entity-specific facts."",""Existing applicability intervals: []""]","35c5a20cdfaf4e7e7a788fd82d4c2b997e0fe878efe2392487968b8d61b9029f",""
"entity-rupert-s-land@1800/population-statistics","entity-rupert-s-land@1800","ruperts-land-chartered-framework","Rupert’s Land — Hudson’s Bay Company charter framework","1800","population-statistics","MISSING","A","partially-supported","dependent-administration","false","[]","[]","[]","[]","{""map_identity_id"":""entity-rupert-s-land"",""aliases"":[],""historical_names"":[{""value"":""Rupert’s Land — Hudson’s Bay Company charter framework"",""kind"":""primary"",""validFrom"":""1800-01-01"",""validUntil"":""1801-01-01""}],""identifiers"":{}}","[""Snapshot context is not observation date or boundary date."",""Map geometry does not establish sovereignty or succession."",""Existing applicability intervals: []""]","35c5a20cdfaf4e7e7a788fd82d4c2b997e0fe878efe2392487968b8d61b9029f",""
"entity-china@1945/population-statistics","entity-china@1945","china-republic-nationalist-framework","Republic of China — Nationalist government","1945","population-statistics","MISSING","A","partially-supported","political-polity","false","[]","[]","[]","[]","{""map_identity_id"":""entity-china"",""aliases"":[],""historical_names"":[{""value"":""Republic of China — Nationalist government"",""kind"":""primary"",""validFrom"":""1945-01-01"",""validUntil"":""1961-01-01""}],""identifiers"":{}}","[""Snapshot context is not observation date or boundary date."",""Map geometry does not establish sovereignty or succession."",""Existing applicability intervals: []""]","35c5a20cdfaf4e7e7a788fd82d4c2b997e0fe878efe2392487968b8d61b9029f",""
"entity-china@1960/population-statistics","entity-china@1960","china-prc-framework","People’s Republic of China","1960","population-statistics","MISSING","A","core-supported","political-polity","false","[]","[]","[]","[]","{""map_identity_id"":""entity-china"",""aliases"":[],""historical_names"":[{""value"":""People’s Republic of China"",""kind"":""primary"",""validFrom"":""1949-10-01"",""validUntil"":""1961-01-01""}],""identifiers"":{}}","[""Snapshot context is not observation date or boundary date."",""Map geometry does not establish sovereignty or succession."",""Existing applicability intervals: []""]","35c5a20cdfaf4e7e7a788fd82d4c2b997e0fe878efe2392487968b8d61b9029f",""
"entity-chinese-warlords@1920/population-statistics","entity-chinese-warlords@1920","chinese-composite-map-region-1920","China — Peking government and regional military authorities","1920","population-statistics","MISSING","A","partially-supported","composite-political-region","false","[]","[]","[]","[]","{""map_identity_id"":""entity-chinese-warlords"",""aliases"":[],""historical_names"":[{""value"":""China — Peking government and regional military authorities"",""kind"":""primary"",""validFrom"":""1920-01-01"",""validUntil"":""1921-01-01""}],""identifiers"":{}}","[""Snapshot context is not observation date or boundary date."",""Map geometry does not establish sovereignty or succession."",""Existing applicability intervals: []""]","35c5a20cdfaf4e7e7a788fd82d4c2b997e0fe878efe2392487968b8d61b9029f",""
"entity-chinese-warlords@1930/population-statistics","entity-chinese-warlords@1930","chinese-composite-map-region-1930","China — Nationalist government and regional military authorities","1930","population-statistics","MISSING","A","partially-supported","composite-political-region","false","[]","[]","[]","[]","{""map_identity_id"":""entity-chinese-warlords"",""aliases"":[],""historical_names"":[{""value"":""China — Nationalist government and regional military authorities"",""kind"":""primary"",""validFrom"":""1930-01-01"",""validUntil"":""1931-01-01""}],""identifiers"":{}}","[""Snapshot context is not observation date or boundary date."",""Map geometry does not establish sovereignty or succession."",""Existing applicability intervals: []""]","35c5a20cdfaf4e7e7a788fd82d4c2b997e0fe878efe2392487968b8d61b9029f",""
"entity-chinese-warlords@1938/population-statistics","entity-chinese-warlords@1938","chinese-composite-map-region-1938","China — schematic map region","1938","population-statistics","MISSING","A","completely-empty","composite-political-region","false","[]","[]","[]","[]","{""map_identity_id"":""entity-chinese-warlords"",""aliases"":[],""historical_names"":[{""value"":""China — schematic map region"",""kind"":""primary"",""validFrom"":""1938-01-01"",""validUntil"":""1939-01-01""}],""identifiers"":{}}","[""Snapshot context is not observation date or boundary date."",""Map geometry does not establish sovereignty or succession."",""Existing applicability intervals: []""]","35c5a20cdfaf4e7e7a788fd82d4c2b997e0fe878efe2392487968b8d61b9029f",""
"entity-manchu-empire@1815/population-statistics","entity-manchu-empire@1815","qing-imperial-framework","Qing Empire","1815","population-statistics","MISSING","A","core-supported","political-polity","false","[]","[]","[]","[]","{""map_identity_id"":""entity-manchu-empire"",""aliases"":[],""historical_names"":[{""value"":""Qing Empire"",""kind"":""primary"",""validFrom"":""1800-01-01"",""validUntil"":""1912-02-12""}],""identifiers"":{}}","[""Snapshot context is not observation date or boundary date."",""Map geometry does not establish sovereignty or succession."",""Existing applicability intervals: []""]","35c5a20cdfaf4e7e7a788fd82d4c2b997e0fe878efe2392487968b8d61b9029f",""
"entity-manchu-empire@1878/population-statistics","entity-manchu-empire@1878","qing-imperial-framework","Qing Empire","1878","population-statistics","MISSING","A","core-supported","political-polity","false","[]","[]","[]","[]","{""map_identity_id"":""entity-manchu-empire"",""aliases"":[],""historical_names"":[{""value"":""Qing Empire"",""kind"":""primary"",""validFrom"":""1800-01-01"",""validUntil"":""1912-02-12""}],""identifiers"":{}}","[""Snapshot context is not observation date or boundary date."",""Map geometry does not establish sovereignty or succession."",""Existing applicability intervals: []""]","35c5a20cdfaf4e7e7a788fd82d4c2b997e0fe878efe2392487968b8d61b9029f",""
"entity-manchu-empire@1880/population-statistics","entity-manchu-empire@1880","qing-imperial-framework","Qing Empire","1880","population-statistics","MISSING","A","core-supported","political-polity","false","[]","[]","[]","[]","{""map_identity_id"":""entity-manchu-empire"",""aliases"":[],""historical_names"":[{""value"":""Qing Empire"",""kind"":""primary"",""validFrom"":""1800-01-01"",""validUntil"":""1912-02-12""}],""identifiers"":{}}","[""Snapshot context is not observation date or boundary date."",""Map geometry does not establish sovereignty or succession."",""Existing applicability intervals: []""]","35c5a20cdfaf4e7e7a788fd82d4c2b997e0fe878efe2392487968b8d61b9029f",""
"entity-manchu-empire@1900/population-statistics","entity-manchu-empire@1900","qing-imperial-framework","Qing Empire","1900","population-statistics","MISSING","A","core-supported","political-polity","false","[]","[]","[]","[]","{""map_identity_id"":""entity-manchu-empire"",""aliases"":[],""historical_names"":[{""value"":""Qing Empire"",""kind"":""primary"",""validFrom"":""1800-01-01"",""validUntil"":""1912-02-12""}],""identifiers"":{}}","[""Snapshot context is not observation date or boundary date."",""Map geometry does not establish sovereignty or succession."",""Existing applicability intervals: []""]","35c5a20cdfaf4e7e7a788fd82d4c2b997e0fe878efe2392487968b8d61b9029f",""
"entity-manchu-empire@1914/population-statistics","entity-manchu-empire@1914","chinese-republic-map-region-1914","Republic of China — schematic map region","1914","population-statistics","MISSING","A","partially-supported","composite-political-region","false","[]","[]","[]","[]","{""map_identity_id"":""entity-manchu-empire"",""aliases"":[],""historical_names"":[{""value"":""Republic of China — schematic map region"",""kind"":""primary"",""validFrom"":""1914-01-01"",""validUntil"":""1915-01-01""}],""identifiers"":{}}","[""Snapshot context is not observation date or boundary date."",""Map geometry does not establish sovereignty or succession."",""Existing applicability intervals: []""]","35c5a20cdfaf4e7e7a788fd82d4c2b997e0fe878efe2392487968b8d61b9029f",""
"entity-qing-empire@1800/population-statistics","entity-qing-empire@1800","qing-imperial-framework","Qing Empire","1800","population-statistics","MISSING","A","core-supported","political-polity","false","[]","[]","[]","[]","{""map_identity_id"":""entity-qing-empire"",""aliases"":[],""historical_names"":[{""value"":""Qing Empire"",""kind"":""primary"",""validFrom"":""1800-01-01"",""validUntil"":""1912-02-12""}],""identifiers"":{}}","[""Snapshot context is not observation date or boundary date."",""Map geometry does not establish sovereignty or succession."",""Existing applicability intervals: []""]","35c5a20cdfaf4e7e7a788fd82d4c2b997e0fe878efe2392487968b8d61b9029f",""
"entity-taiwan@1878/population-statistics","entity-taiwan@1878","taiwan-qing-administration","Taiwan under Qing administration","1878","population-statistics","MISSING","A","partially-supported","dependent-administration","false","[]","[]","[]","[]","{""map_identity_id"":""entity-taiwan"",""aliases"":[],""historical_names"":[{""value"":""Taiwan under Qing administration"",""kind"":""primary"",""validFrom"":""1800-01-01"",""validUntil"":""1895""}],""identifiers"":{}}","[""Snapshot context is not observation date or boundary date."",""Map geometry does not establish sovereignty or succession."",""Existing applicability intervals: []""]","35c5a20cdfaf4e7e7a788fd82d4c2b997e0fe878efe2392487968b8d61b9029f",""
"entity-taiwan@1880/population-statistics","entity-taiwan@1880","taiwan-qing-administration","Taiwan under Qing administration","1880","population-statistics","MISSING","A","partially-supported","dependent-administration","false","[]","[]","[]","[]","{""map_identity_id"":""entity-taiwan"",""aliases"":[],""historical_names"":[{""value"":""Taiwan under Qing administration"",""kind"":""primary"",""validFrom"":""1800-01-01"",""validUntil"":""1895""}],""identifiers"":{}}","[""Snapshot context is not observation date or boundary date."",""Map geometry does not establish sovereignty or succession."",""Existing applicability intervals: []""]","35c5a20cdfaf4e7e7a788fd82d4c2b997e0fe878efe2392487968b8d61b9029f",""
"entity-taiwan@1945/population-statistics","entity-taiwan@1945","","Taiwan","1945","population-statistics","MISSING","A","held-ambiguous","dependent-administration","true","[]","[]","[]","[]","{""map_identity_id"":""entity-taiwan"",""aliases"":[],""historical_names"":[],""identifiers"":{}}","[""Snapshot context is not observation date or boundary date."",""Map geometry does not establish sovereignty or succession."",""Resolve historical identity before proposing entity-specific facts."",""Existing applicability intervals: []""]","35c5a20cdfaf4e7e7a788fd82d4c2b997e0fe878efe2392487968b8d61b9029f",""
"entity-taiwan@1960/population-statistics","entity-taiwan@1960","china-republic-nationalist-framework","Republic of China — Nationalist government","1960","population-statistics","MISSING","A","partially-supported","dependent-administration","false","[]","[]","[]","[]","{""map_identity_id"":""entity-taiwan"",""aliases"":[],""historical_names"":[{""value"":""Republic of China — Nationalist government"",""kind"":""primary"",""validFrom"":""1945-01-01"",""validUntil"":""1961-01-01""}],""identifiers"":{}}","[""Snapshot context is not observation date or boundary date."",""Map geometry does not establish sovereignty or succession."",""Existing applicability intervals: []""]","35c5a20cdfaf4e7e7a788fd82d4c2b997e0fe878efe2392487968b8d61b9029f",""
"entity-italy@1945/population-statistics","entity-italy@1945","italy-postwar-monarchical-framework","Italy — postwar monarchical framework","1945","population-statistics","MISSING","A","partially-supported","political-polity","false","[]","[]","[]","[]","{""map_identity_id"":""entity-italy"",""aliases"":[],""historical_names"":[{""value"":""Italy — postwar monarchical framework"",""kind"":""primary"",""validFrom"":""1945-06-01"",""validUntil"":""1946-06""}],""identifiers"":{}}","[""Snapshot context is not observation date or boundary date."",""Map geometry does not establish sovereignty or succession."",""Existing applicability intervals: []""]","35c5a20cdfaf4e7e7a788fd82d4c2b997e0fe878efe2392487968b8d61b9029f",""
"entity-kingdom-of-sardinia@1800/population-statistics","entity-kingdom-of-sardinia@1800","","Kingdom of Sardinia","1800","population-statistics","MISSING","A","completely-empty","political-polity","true","[]","[]","[]","[]","{""map_identity_id"":""entity-kingdom-of-sardinia"",""aliases"":[],""historical_names"":[],""identifiers"":{}}","[""Snapshot context is not observation date or boundary date."",""Map geometry does not establish sovereignty or succession."",""Resolve historical identity before proposing entity-specific facts."",""Existing applicability intervals: []""]","35c5a20cdfaf4e7e7a788fd82d4c2b997e0fe878efe2392487968b8d61b9029f",""
"entity-kingdom-of-sardinia@1815/population-statistics","entity-kingdom-of-sardinia@1815","sardinia-restored-monarchy","Kingdom of Sardinia — restored monarchy","1815","population-statistics","MISSING","A","core-supported","political-polity","false","[]","[]","[]","[]","{""map_identity_id"":""entity-kingdom-of-sardinia"",""aliases"":[],""historical_names"":[{""value"":""Kingdom of Sardinia — restored monarchy"",""kind"":""primary"",""validFrom"":""1815-01-01"",""validUntil"":""1821-03-13""}],""identifiers"":{}}","[""Snapshot context is not observation date or boundary date."",""Map geometry does not establish sovereignty or succession."",""Existing applicability intervals: []""]","35c5a20cdfaf4e7e7a788fd82d4c2b997e0fe878efe2392487968b8d61b9029f",""
"entity-kingdom-of-the-two-sicilies@1800/population-statistics","entity-kingdom-of-the-two-sicilies@1800","","Kingdom of the Two Sicilies","1800","population-statistics","MISSING","A","held-ambiguous","political-polity","true","[]","[]","[]","[]","{""map_identity_id"":""entity-kingdom-of-the-two-sicilies"",""aliases"":[],""historical_names"":[],""identifiers"":{}}","[""Snapshot context is not observation date or boundary date."",""Map geometry does not establish sovereignty or succession."",""Resolve historical identity before proposing entity-specific facts."",""Existing applicability intervals: []""]","35c5a20cdfaf4e7e7a788fd82d4c2b997e0fe878efe2392487968b8d61b9029f",""
"entity-kingdom-of-the-two-sicilies@1815/population-statistics","entity-kingdom-of-the-two-sicilies@1815","","Kingdom of the Two Sicilies","1815","population-statistics","MISSING","A","held-ambiguous","political-polity","true","[]","[]","[]","[]","{""map_identity_id"":""entity-kingdom-of-the-two-sicilies"",""aliases"":[],""historical_names"":[],""identifiers"":{}}","[""Snapshot context is not observation date or boundary date."",""Map geometry does not establish sovereignty or succession."",""Resolve historical identity before proposing entity-specific facts."",""Existing applicability intervals: []""]","35c5a20cdfaf4e7e7a788fd82d4c2b997e0fe878efe2392487968b8d61b9029f",""
"entity-papal-states@1800/population-statistics","entity-papal-states@1800","","Papal States","1800","population-statistics","MISSING","A","completely-empty","political-polity","true","[]","[]","[]","[]","{""map_identity_id"":""entity-papal-states"",""aliases"":[],""historical_names"":[],""identifiers"":{}}","[""Snapshot context is not observation date or boundary date."",""Map geometry does not establish sovereignty or succession."",""Resolve historical identity before proposing entity-specific facts."",""Existing applicability intervals: []""]","35c5a20cdfaf4e7e7a788fd82d4c2b997e0fe878efe2392487968b8d61b9029f",""
"entity-papal-states@1815/population-statistics","entity-papal-states@1815","papal-restored-territorial-framework","Papal States — restored territorial government","1815","population-statistics","MISSING","A","partially-supported","political-polity","false","[]","[]","[]","[]","{""map_identity_id"":""entity-papal-states"",""aliases"":[],""historical_names"":[{""value"":""Papal States — restored territorial government"",""kind"":""primary"",""validFrom"":""1815-01-01"",""validUntil"":""1818-01-01""}],""identifiers"":{}}","[""Snapshot context is not observation date or boundary date."",""Map geometry does not establish sovereignty or succession."",""Existing applicability intervals: []""]","35c5a20cdfaf4e7e7a788fd82d4c2b997e0fe878efe2392487968b8d61b9029f",""
"entity-dutch-east-indies@1800/population-statistics","entity-dutch-east-indies@1800","","Dutch East Indies","1800","population-statistics","MISSING","A","completely-empty","dependent-administration","true","[]","[]","[]","[]","{""map_identity_id"":""entity-dutch-east-indies"",""aliases"":[],""historical_names"":[],""identifiers"":{}}","[""Snapshot context is not observation date or boundary date."",""Map geometry does not establish sovereignty or succession."",""Resolve historical identity before proposing entity-specific facts."",""Existing applicability intervals: []""]","35c5a20cdfaf4e7e7a788fd82d4c2b997e0fe878efe2392487968b8d61b9029f",""
"entity-dutch-east-indies@1815/population-statistics","entity-dutch-east-indies@1815","","Dutch East Indies","1815","population-statistics","MISSING","A","completely-empty","dependent-administration","true","[]","[]","[]","[]","{""map_identity_id"":""entity-dutch-east-indies"",""aliases"":[],""historical_names"":[],""identifiers"":{}}","[""Snapshot context is not observation date or boundary date."",""Map geometry does not establish sovereignty or succession."",""Resolve historical identity before proposing entity-specific facts."",""Existing applicability intervals: []""]","35c5a20cdfaf4e7e7a788fd82d4c2b997e0fe878efe2392487968b8d61b9029f",""
"entity-dutch-east-indies@1920/population-statistics","entity-dutch-east-indies@1920","b13-indies-early-volksraad","Netherlands Indies — early Volksraad framework","1920","population-statistics","MISSING","A","partially-supported","dependent-administration","false","[]","[]","[]","[]","{""map_identity_id"":""entity-dutch-east-indies"",""aliases"":[],""historical_names"":[{""value"":""Netherlands Indies — early Volksraad framework"",""kind"":""primary"",""validFrom"":""1919-01-01"",""validUntil"":""1925-01-01""}],""identifiers"":{}}","[""Snapshot context is not observation date or boundary date."",""Map geometry does not establish sovereignty or succession."",""Existing applicability intervals: []""]","35c5a20cdfaf4e7e7a788fd82d4c2b997e0fe878efe2392487968b8d61b9029f",""
"entity-indonesia@1945/population-statistics","entity-indonesia@1945","b13-indonesia-constitution-attestation","Republic of Indonesia — initial constitution attestation","1945","population-statistics","MISSING","A","partially-supported","political-polity","false","[]","[]","[]","[]","{""map_identity_id"":""entity-indonesia"",""aliases"":[],""historical_names"":[{""value"":""Republic of Indonesia — initial constitution attestation"",""kind"":""primary"",""validFrom"":""1945-08-18"",""validUntil"":""1945-08-19""}],""identifiers"":{}}","[""Snapshot context is not observation date or boundary date."",""Map geometry does not establish sovereignty or succession."",""Existing applicability intervals: []""]","35c5a20cdfaf4e7e7a788fd82d4c2b997e0fe878efe2392487968b8d61b9029f",""
"entity-indonesia@1960/population-statistics","entity-indonesia@1960","b13-indonesia-guided","Republic of Indonesia — Guided Democracy","1960","population-statistics","MISSING","A","core-supported","political-polity","false","[]","[]","[]","[]","{""map_identity_id"":""entity-indonesia"",""aliases"":[],""historical_names"":[{""value"":""Republic of Indonesia — Guided Democracy"",""kind"":""primary"",""validFrom"":""1959-07-10"",""validUntil"":""1961-01-01""}],""identifiers"":{}}","[""Snapshot context is not observation date or boundary date."",""Map geometry does not establish sovereignty or succession."",""Existing applicability intervals: []""]","35c5a20cdfaf4e7e7a788fd82d4c2b997e0fe878efe2392487968b8d61b9029f",""
"entity-austria@1920/population-statistics","entity-austria@1920","austria-first-republic-framework","Austria — First Republic","1920","population-statistics","MISSING","A","partially-supported","political-polity","false","[]","[]","[]","[]","{""map_identity_id"":""entity-austria"",""aliases"":[],""historical_names"":[{""value"":""Austria — First Republic"",""kind"":""primary"",""validFrom"":""1918-11-12"",""validUntil"":""1933-03""}],""identifiers"":{}}","[""Snapshot context is not observation date or boundary date."",""Map geometry does not establish sovereignty or succession."",""Existing applicability intervals: []""]","35c5a20cdfaf4e7e7a788fd82d4c2b997e0fe878efe2392487968b8d61b9029f",""
"entity-austria@1945/population-statistics","entity-austria@1945","austria-second-republic-framework","Austria — Second Republic","1945","population-statistics","MISSING","A","partially-supported","political-polity","false","[]","[]","[]","[]","{""map_identity_id"":""entity-austria"",""aliases"":[],""historical_names"":[{""value"":""Austria — Second Republic"",""kind"":""primary"",""validFrom"":""1945-04-27"",""validUntil"":""1961-01-01""}],""identifiers"":{}}","[""Snapshot context is not observation date or boundary date."",""Map geometry does not establish sovereignty or succession."",""Existing applicability intervals: []""]","35c5a20cdfaf4e7e7a788fd82d4c2b997e0fe878efe2392487968b8d61b9029f",""
"entity-austrian-empire@1800/population-statistics","entity-austrian-empire@1800","","Austrian Empire","1800","population-statistics","MISSING","A","completely-empty","political-polity","true","[]","[]","[]","[]","{""map_identity_id"":""entity-austrian-empire"",""aliases"":[],""historical_names"":[],""identifiers"":{}}","[""Snapshot context is not observation date or boundary date."",""Map geometry does not establish sovereignty or succession."",""Resolve historical identity before proposing entity-specific facts."",""Existing applicability intervals: []""]","35c5a20cdfaf4e7e7a788fd82d4c2b997e0fe878efe2392487968b8d61b9029f",""
"entity-austrian-empire@1815/population-statistics","entity-austrian-empire@1815","austria-imperial-framework","Austrian Empire","1815","population-statistics","MISSING","A","partially-supported","political-polity","false","[]","[]","[]","[]","{""map_identity_id"":""entity-austrian-empire"",""aliases"":[],""historical_names"":[{""value"":""Austrian Empire"",""kind"":""primary"",""validFrom"":""1804-08-11"",""validUntil"":""1867""}],""identifiers"":{}}","[""Snapshot context is not observation date or boundary date."",""Map geometry does not establish sovereignty or succession."",""Existing applicability intervals: []""]","35c5a20cdfaf4e7e7a788fd82d4c2b997e0fe878efe2392487968b8d61b9029f",""
"entity-austrian-netherlands@1800/population-statistics","entity-austrian-netherlands@1800","","Austrian Netherlands","1800","population-statistics","MISSING","A","held-ambiguous","dependent-administration","true","[]","[]","[]","[]","{""map_identity_id"":""entity-austrian-netherlands"",""aliases"":[],""historical_names"":[],""identifiers"":{}}","[""Snapshot context is not observation date or boundary date."",""Map geometry does not establish sovereignty or succession."",""Resolve historical identity before proposing entity-specific facts."",""Existing applicability intervals: []""]","35c5a20cdfaf4e7e7a788fd82d4c2b997e0fe878efe2392487968b8d61b9029f",""
"entity-austro-hungarian-empire@1914/population-statistics","entity-austro-hungarian-empire@1914","austria-hungary-dual-framework","Austria-Hungary — dual monarchy","1914","population-statistics","MISSING","A","partially-supported","political-polity","false","[]","[]","[]","[]","{""map_identity_id"":""entity-austro-hungarian-empire"",""aliases"":[],""historical_names"":[{""value"":""Austria-Hungary — dual monarchy"",""kind"":""primary"",""validFrom"":""1867"",""validUntil"":""1918-01-01""}],""identifiers"":{}}","[""Snapshot context is not observation date or boundary date."",""Map geometry does not establish sovereignty or succession."",""Existing applicability intervals: []""]","35c5a20cdfaf4e7e7a788fd82d4c2b997e0fe878efe2392487968b8d61b9029f",""
"entity-hungary@1920/population-statistics","entity-hungary@1920","hungary-horthy-framework","Hungary — Horthy regency framework","1920","population-statistics","MISSING","A","partially-supported","political-polity","false","[]","[]","[]","[]","{""map_identity_id"":""entity-hungary"",""aliases"":[],""historical_names"":[{""value"":""Hungary — Horthy regency framework"",""kind"":""primary"",""validFrom"":""1920"",""validUntil"":""1944-03-19""}],""identifiers"":{}}","[""Snapshot context is not observation date or boundary date."",""Map geometry does not establish sovereignty or succession."",""Existing applicability intervals: []""]","35c5a20cdfaf4e7e7a788fd82d4c2b997e0fe878efe2392487968b8d61b9029f",""
"entity-hungary@1938/population-statistics","entity-hungary@1938","hungary-horthy-framework","Hungary — Horthy regency framework","1938","population-statistics","MISSING","A","partially-supported","political-polity","false","[]","[]","[]","[]","{""map_identity_id"":""entity-hungary"",""aliases"":[],""historical_names"":[{""value"":""Hungary — Horthy regency framework"",""kind"":""primary"",""validFrom"":""1920"",""validUntil"":""1944-03-19""}],""identifiers"":{}}","[""Snapshot context is not observation date or boundary date."",""Map geometry does not establish sovereignty or succession."",""Existing applicability intervals: []""]","35c5a20cdfaf4e7e7a788fd82d4c2b997e0fe878efe2392487968b8d61b9029f",""
"entity-hungary@1945/population-statistics","entity-hungary@1945","","Hungary","1945","population-statistics","MISSING","A","completely-empty","political-polity","true","[]","[]","[]","[]","{""map_identity_id"":""entity-hungary"",""aliases"":[],""historical_names"":[],""identifiers"":{}}","[""Snapshot context is not observation date or boundary date."",""Map geometry does not establish sovereignty or succession."",""Resolve historical identity before proposing entity-specific facts."",""Existing applicability intervals: []""]","35c5a20cdfaf4e7e7a788fd82d4c2b997e0fe878efe2392487968b8d61b9029f",""
"entity-united-states@1800/population-statistics","entity-united-states@1800","united-states","United States","1800","population-statistics","MISSING","A","partially-supported","political-polity","false","[]","[]","[]","[]","{""map_identity_id"":""entity-united-states"",""aliases"":[{""value"":""USA"",""sourceIds"":[""basemaps""],""confidence"":""documented""}],""historical_names"":[{""value"":""United States"",""kind"":""primary""},{""value"":""United States of America"",""kind"":""formal"",""validFrom"":""1789-03-04""}],""identifiers"":{}}","[""Snapshot context is not observation date or boundary date."",""Map geometry does not establish sovereignty or succession."",""Existing applicability intervals: []""]","35c5a20cdfaf4e7e7a788fd82d4c2b997e0fe878efe2392487968b8d61b9029f",""
"entity-united-states@1815/population-statistics","entity-united-states@1815","united-states","United States","1815","population-statistics","MISSING","A","partially-supported","political-polity","false","[]","[]","[]","[]","{""map_identity_id"":""entity-united-states"",""aliases"":[{""value"":""USA"",""sourceIds"":[""basemaps""],""confidence"":""documented""}],""historical_names"":[{""value"":""United States"",""kind"":""primary""},{""value"":""United States of America"",""kind"":""formal"",""validFrom"":""1789-03-04""}],""identifiers"":{}}","[""Snapshot context is not observation date or boundary date."",""Map geometry does not establish sovereignty or succession."",""Existing applicability intervals: []""]","35c5a20cdfaf4e7e7a788fd82d4c2b997e0fe878efe2392487968b8d61b9029f",""
"entity-east-prussia@1920/population-statistics","entity-east-prussia@1920","east-prussia-provincial-framework","East Prussia — provincial administration","1920","population-statistics","MISSING","A","partially-supported","dependent-administration","false","[]","[]","[]","[]","{""map_identity_id"":""entity-east-prussia"",""aliases"":[],""historical_names"":[{""value"":""East Prussia — provincial administration"",""kind"":""primary"",""validFrom"":""1920-01-01"",""validUntil"":""1931-01-01""}],""identifiers"":{}}","[""Snapshot context is not observation date or boundary date."",""Map geometry does not establish sovereignty or succession."",""Existing applicability intervals: []""]","35c5a20cdfaf4e7e7a788fd82d4c2b997e0fe878efe2392487968b8d61b9029f",""
"entity-east-prussia@1930/population-statistics","entity-east-prussia@1930","east-prussia-provincial-framework","East Prussia — provincial administration","1930","population-statistics","MISSING","A","partially-supported","dependent-administration","false","[]","[]","[]","[]","{""map_identity_id"":""entity-east-prussia"",""aliases"":[],""historical_names"":[{""value"":""East Prussia — provincial administration"",""kind"":""primary"",""validFrom"":""1920-01-01"",""validUntil"":""1931-01-01""}],""identifiers"":{}}","[""Snapshot context is not observation date or boundary date."",""Map geometry does not establish sovereignty or succession."",""Existing applicability intervals: []""]","35c5a20cdfaf4e7e7a788fd82d4c2b997e0fe878efe2392487968b8d61b9029f",""
"entity-germany-france@1945/population-statistics","entity-germany-france@1945","germany-france-occupation","Germany — French occupation zone","1945","population-statistics","MISSING","A","partially-supported","dependent-administration","false","[]","[]","[]","[]","{""map_identity_id"":""entity-germany-france"",""aliases"":[],""historical_names"":[{""value"":""Germany — French occupation zone"",""kind"":""primary"",""validFrom"":""1945-08-02"",""validUntil"":""1949-01-01""}],""identifiers"":{}}","[""Snapshot context is not observation date or boundary date."",""Map geometry does not establish sovereignty or succession."",""Existing applicability intervals: []""]","35c5a20cdfaf4e7e7a788fd82d4c2b997e0fe878efe2392487968b8d61b9029f",""
"entity-germany-soviet@1945/population-statistics","entity-germany-soviet@1945","germany-soviet-occupation","Germany — Soviet occupation zone","1945","population-statistics","MISSING","A","partially-supported","dependent-administration","false","[]","[]","[]","[]","{""map_identity_id"":""entity-germany-soviet"",""aliases"":[],""historical_names"":[{""value"":""Germany — Soviet occupation zone"",""kind"":""primary"",""validFrom"":""1945-08-02"",""validUntil"":""1949-01-01""}],""identifiers"":{}}","[""Snapshot context is not observation date or boundary date."",""Map geometry does not establish sovereignty or succession."",""Existing applicability intervals: []""]","35c5a20cdfaf4e7e7a788fd82d4c2b997e0fe878efe2392487968b8d61b9029f",""
"entity-germany-uk@1945/population-statistics","entity-germany-uk@1945","germany-british-occupation","Germany — British occupation zone","1945","population-statistics","MISSING","A","partially-supported","dependent-administration","false","[]","[]","[]","[]","{""map_identity_id"":""entity-germany-uk"",""aliases"":[],""historical_names"":[{""value"":""Germany — British occupation zone"",""kind"":""primary"",""validFrom"":""1945-08-02"",""validUntil"":""1949-01-01""}],""identifiers"":{}}","[""Snapshot context is not observation date or boundary date."",""Map geometry does not establish sovereignty or succession."",""Existing applicability intervals: []""]","35c5a20cdfaf4e7e7a788fd82d4c2b997e0fe878efe2392487968b8d61b9029f",""
"entity-germany-usa@1945/population-statistics","entity-germany-usa@1945","germany-american-occupation","Germany — American occupation zone","1945","population-statistics","MISSING","A","partially-supported","dependent-administration","false","[]","[]","[]","[]","{""map_identity_id"":""entity-germany-usa"",""aliases"":[],""historical_names"":[{""value"":""Germany — American occupation zone"",""kind"":""primary"",""validFrom"":""1945-08-02"",""validUntil"":""1949-01-01""}],""identifiers"":{}}","[""Snapshot context is not observation date or boundary date."",""Map geometry does not establish sovereignty or succession."",""Existing applicability intervals: []""]","35c5a20cdfaf4e7e7a788fd82d4c2b997e0fe878efe2392487968b8d61b9029f",""
"entity-prussia@1800/population-statistics","entity-prussia@1800","prussia-monarchy-early-framework","Prussia — early nineteenth-century monarchy","1800","population-statistics","MISSING","A","core-supported","political-polity","false","[]","[]","[]","[]","{""map_identity_id"":""entity-prussia"",""aliases"":[],""historical_names"":[{""value"":""Prussia — early nineteenth-century monarchy"",""kind"":""primary"",""validFrom"":""1800-01-01"",""validUntil"":""1816-01-01""}],""identifiers"":{}}","[""Snapshot context is not observation date or boundary date."",""Map geometry does not establish sovereignty or succession."",""Existing applicability intervals: []""]","35c5a20cdfaf4e7e7a788fd82d4c2b997e0fe878efe2392487968b8d61b9029f",""
"entity-prussia@1815/population-statistics","entity-prussia@1815","prussia-monarchy-early-framework","Prussia — early nineteenth-century monarchy","1815","population-statistics","MISSING","A","partially-supported","political-polity","false","[]","[]","[]","[]","{""map_identity_id"":""entity-prussia"",""aliases"":[],""historical_names"":[{""value"":""Prussia — early nineteenth-century monarchy"",""kind"":""primary"",""validFrom"":""1800-01-01"",""validUntil"":""1816-01-01""}],""identifiers"":{}}","[""Snapshot context is not observation date or boundary date."",""Map geometry does not establish sovereignty or succession."",""Existing applicability intervals: []""]","35c5a20cdfaf4e7e7a788fd82d4c2b997e0fe878efe2392487968b8d61b9029f",""
"entity-saar-protectorate@1945/population-statistics","entity-saar-protectorate@1945","saar-french-occupation-1945","Saar — French military occupation","1945","population-statistics","MISSING","A","partially-supported","dependent-administration","false","[]","[]","[]","[]","{""map_identity_id"":""entity-saar-protectorate"",""aliases"":[],""historical_names"":[{""value"":""Saar — French military occupation"",""kind"":""primary"",""validFrom"":""1945-07-10"",""validUntil"":""1946-01-01""}],""identifiers"":{}}","[""Snapshot context is not observation date or boundary date."",""Map geometry does not establish sovereignty or succession."",""Existing applicability intervals: []""]","35c5a20cdfaf4e7e7a788fd82d4c2b997e0fe878efe2392487968b8d61b9029f",""
"entity-ai-viet@1800/population-statistics","entity-ai-viet@1800","","Đại Việt","1800","population-statistics","MISSING","A","held-ambiguous","political-polity","true","[]","[]","[]","[]","{""map_identity_id"":""entity-ai-viet"",""aliases"":[],""historical_names"":[],""identifiers"":{}}","[""Snapshot context is not observation date or boundary date."",""Map geometry does not establish sovereignty or succession."",""Resolve historical identity before proposing entity-specific facts."",""Existing applicability intervals: []""]","35c5a20cdfaf4e7e7a788fd82d4c2b997e0fe878efe2392487968b8d61b9029f",""
"entity-french-indochina@1878/population-statistics","entity-french-indochina@1878","","French Indochina","1878","population-statistics","MISSING","A","held-ambiguous","dependent-administration","true","[]","[]","[]","[]","{""map_identity_id"":""entity-french-indochina"",""aliases"":[],""historical_names"":[],""identifiers"":{}}","[""Snapshot context is not observation date or boundary date."",""Map geometry does not establish sovereignty or succession."",""Resolve historical identity before proposing entity-specific facts."",""Existing applicability intervals: []""]","35c5a20cdfaf4e7e7a788fd82d4c2b997e0fe878efe2392487968b8d61b9029f",""
"entity-french-indochina@1880/population-statistics","entity-french-indochina@1880","","French Indochina","1880","population-statistics","MISSING","A","held-ambiguous","dependent-administration","true","[]","[]","[]","[]","{""map_identity_id"":""entity-french-indochina"",""aliases"":[],""historical_names"":[],""identifiers"":{}}","[""Snapshot context is not observation date or boundary date."",""Map geometry does not establish sovereignty or succession."",""Resolve historical identity before proposing entity-specific facts."",""Existing applicability intervals: []""]","35c5a20cdfaf4e7e7a788fd82d4c2b997e0fe878efe2392487968b8d61b9029f",""
"entity-french-indochina@1900/population-statistics","entity-french-indochina@1900","b13-indochina-union","French Indochina — colonial Union","1900","population-statistics","MISSING","A","partially-supported","dependent-administration","false","[]","[]","[]","[]","{""map_identity_id"":""entity-french-indochina"",""aliases"":[],""historical_names"":[{""value"":""French Indochina — colonial Union"",""kind"":""primary"",""validFrom"":""1900-01-01"",""validUntil"":""1940-01-01""}],""identifiers"":{}}","[""Snapshot context is not observation date or boundary date."",""Map geometry does not establish sovereignty or succession."",""Existing applicability intervals: []""]","35c5a20cdfaf4e7e7a788fd82d4c2b997e0fe878efe2392487968b8d61b9029f",""
"entity-french-indochina@1914/population-statistics","entity-french-indochina@1914","b13-indochina-union","French Indochina — colonial Union","1914","population-statistics","MISSING","A","partially-supported","dependent-administration","false","[]","[]","[]","[]","{""map_identity_id"":""entity-french-indochina"",""aliases"":[],""historical_names"":[{""value"":""French Indochina — colonial Union"",""kind"":""primary"",""validFrom"":""1900-01-01"",""validUntil"":""1940-01-01""}],""identifiers"":{}}","[""Snapshot context is not observation date or boundary date."",""Map geometry does not establish sovereignty or succession."",""Existing applicability intervals: []""]","35c5a20cdfaf4e7e7a788fd82d4c2b997e0fe878efe2392487968b8d61b9029f",""
"entity-tonkin@1945/population-statistics","entity-tonkin@1945","","Tonkin","1945","population-statistics","MISSING","A","completely-empty","dependent-administration","true","[]","[]","[]","[]","{""map_identity_id"":""entity-tonkin"",""aliases"":[],""historical_names"":[],""identifiers"":{}}","[""Snapshot context is not observation date or boundary date."",""Map geometry does not establish sovereignty or succession."",""Resolve historical identity before proposing entity-specific facts."",""Existing applicability intervals: []""]","35c5a20cdfaf4e7e7a788fd82d4c2b997e0fe878efe2392487968b8d61b9029f",""
"entity-vietnam@1960/population-statistics","entity-vietnam@1960","","Vietnam","1960","population-statistics","MISSING","A","held-ambiguous","political-polity","true","[]","[]","[]","[]","{""map_identity_id"":""entity-vietnam"",""aliases"":[],""historical_names"":[],""identifiers"":{}}","[""Snapshot context is not observation date or boundary date."",""Map geometry does not establish sovereignty or succession."",""Resolve historical identity before proposing entity-specific facts."",""Existing applicability intervals: []""]","35c5a20cdfaf4e7e7a788fd82d4c2b997e0fe878efe2392487968b8d61b9029f",""
"entity-afghanistan@1800/population-statistics","entity-afghanistan@1800","","Afghanistan","1800","population-statistics","MISSING","A","completely-empty","political-polity","true","[]","[]","[]","[]","{""map_identity_id"":""entity-afghanistan"",""aliases"":[],""historical_names"":[],""identifiers"":{}}","[""Snapshot context is not observation date or boundary date."",""Map geometry does not establish sovereignty or succession."",""Resolve historical identity before proposing entity-specific facts."",""Existing applicability intervals: []""]","35c5a20cdfaf4e7e7a788fd82d4c2b997e0fe878efe2392487968b8d61b9029f",""
"entity-afghanistan@1815/population-statistics","entity-afghanistan@1815","","Afghanistan","1815","population-statistics","MISSING","A","completely-empty","political-polity","true","[]","[]","[]","[]","{""map_identity_id"":""entity-afghanistan"",""aliases"":[],""historical_names"":[],""identifiers"":{}}","[""Snapshot context is not observation date or boundary date."",""Map geometry does not establish sovereignty or succession."",""Resolve historical identity before proposing entity-specific facts."",""Existing applicability intervals: []""]","35c5a20cdfaf4e7e7a788fd82d4c2b997e0fe878efe2392487968b8d61b9029f",""
"entity-afghanistan@1878/population-statistics","entity-afghanistan@1878","","Afghanistan","1878","population-statistics","MISSING","A","completely-empty","political-polity","true","[]","[]","[]","[]","{""map_identity_id"":""entity-afghanistan"",""aliases"":[],""historical_names"":[],""identifiers"":{}}","[""Snapshot context is not observation date or boundary date."",""Map geometry does not establish sovereignty or succession."",""Resolve historical identity before proposing entity-specific facts."",""Existing applicability intervals: []""]","35c5a20cdfaf4e7e7a788fd82d4c2b997e0fe878efe2392487968b8d61b9029f",""
"entity-afghanistan@1880/population-statistics","entity-afghanistan@1880","","Afghanistan","1880","population-statistics","MISSING","A","completely-empty","political-polity","true","[]","[]","[]","[]","{""map_identity_id"":""entity-afghanistan"",""aliases"":[],""historical_names"":[],""identifiers"":{}}","[""Snapshot context is not observation date or boundary date."",""Map geometry does not establish sovereignty or succession."",""Resolve historical identity before proposing entity-specific facts."",""Existing applicability intervals: []""]","35c5a20cdfaf4e7e7a788fd82d4c2b997e0fe878efe2392487968b8d61b9029f",""
"entity-afghanistan@1900/population-statistics","entity-afghanistan@1900","afghan-abd-al-rahman-framework","Afghanistan — Abd al-Rahman’s centralized monarchy","1900","population-statistics","MISSING","A","core-supported","political-polity","false","[]","[]","[]","[]","{""map_identity_id"":""entity-afghanistan"",""aliases"":[],""historical_names"":[{""value"":""Afghanistan — Abd al-Rahman’s centralized monarchy"",""kind"":""primary"",""validFrom"":""1881-01-01"",""validUntil"":""1901""}],""identifiers"":{}}","[""Snapshot context is not observation date or boundary date."",""Map geometry does not establish sovereignty or succession."",""Existing applicability intervals: []""]","35c5a20cdfaf4e7e7a788fd82d4c2b997e0fe878efe2392487968b8d61b9029f",""
"entity-afghanistan@1914/population-statistics","entity-afghanistan@1914","afghan-habibullah-framework","Afghanistan — Habibullah’s monarchy","1914","population-statistics","MISSING","A","core-supported","political-polity","false","[]","[]","[]","[]","{""map_identity_id"":""entity-afghanistan"",""aliases"":[],""historical_names"":[{""value"":""Afghanistan — Habibullah’s monarchy"",""kind"":""primary"",""validFrom"":""1902-01-01"",""validUntil"":""1919-02""}],""identifiers"":{}}","[""Snapshot context is not observation date or boundary date."",""Map geometry does not establish sovereignty or succession."",""Existing applicability intervals: []""]","35c5a20cdfaf4e7e7a788fd82d4c2b997e0fe878efe2392487968b8d61b9029f",""
"entity-afghanistan@1920/population-statistics","entity-afghanistan@1920","afghan-amanullah-independent-framework","Afghanistan — Amanullah’s independent government","1920","population-statistics","MISSING","A","core-supported","political-polity","false","[]","[]","[]","[]","{""map_identity_id"":""entity-afghanistan"",""aliases"":[],""historical_names"":[{""value"":""Afghanistan — Amanullah’s independent government"",""kind"":""primary"",""validFrom"":""1920-01-01"",""validUntil"":""1921-01-01""}],""identifiers"":{}}","[""Snapshot context is not observation date or boundary date."",""Map geometry does not establish sovereignty or succession."",""Existing applicability intervals: []""]","35c5a20cdfaf4e7e7a788fd82d4c2b997e0fe878efe2392487968b8d61b9029f",""
"entity-afghanistan@1930/population-statistics","entity-afghanistan@1930","","Afghanistan","1930","population-statistics","MISSING","A","completely-empty","political-polity","true","[]","[]","[]","[]","{""map_identity_id"":""entity-afghanistan"",""aliases"":[],""historical_names"":[],""identifiers"":{}}","[""Snapshot context is not observation date or boundary date."",""Map geometry does not establish sovereignty or succession."",""Resolve historical identity before proposing entity-specific facts."",""Existing applicability intervals: []""]","35c5a20cdfaf4e7e7a788fd82d4c2b997e0fe878efe2392487968b8d61b9029f",""
"entity-afghanistan@1938/population-statistics","entity-afghanistan@1938","afghan-1931-hashim-framework","Afghanistan — 1931 framework under Zahir Shah and Hashim","1938","population-statistics","MISSING","A","core-supported","political-polity","false","[]","[]","[]","[]","{""map_identity_id"":""entity-afghanistan"",""aliases"":[],""historical_names"":[{""value"":""Afghanistan — 1931 framework under Zahir Shah and Hashim"",""kind"":""primary"",""validFrom"":""1934-01-01"",""validUntil"":""1946""}],""identifiers"":{}}","[""Snapshot context is not observation date or boundary date."",""Map geometry does not establish sovereignty or succession."",""Existing applicability intervals: []""]","35c5a20cdfaf4e7e7a788fd82d4c2b997e0fe878efe2392487968b8d61b9029f",""
"entity-afghanistan@1945/population-statistics","entity-afghanistan@1945","afghan-1931-hashim-framework","Afghanistan — 1931 framework under Zahir Shah and Hashim","1945","population-statistics","MISSING","A","core-supported","political-polity","false","[]","[]","[]","[]","{""map_identity_id"":""entity-afghanistan"",""aliases"":[],""historical_names"":[{""value"":""Afghanistan — 1931 framework under Zahir Shah and Hashim"",""kind"":""primary"",""validFrom"":""1934-01-01"",""validUntil"":""1946""}],""identifiers"":{}}","[""Snapshot context is not observation date or boundary date."",""Map geometry does not establish sovereignty or succession."",""Existing applicability intervals: []""]","35c5a20cdfaf4e7e7a788fd82d4c2b997e0fe878efe2392487968b8d61b9029f",""
"entity-afghanistan@1960/population-statistics","entity-afghanistan@1960","afghan-1931-daoud-framework","Afghanistan — 1931 framework under Zahir Shah and Daoud","1960","population-statistics","MISSING","A","core-supported","political-polity","false","[]","[]","[]","[]","{""map_identity_id"":""entity-afghanistan"",""aliases"":[],""historical_names"":[{""value"":""Afghanistan — 1931 framework under Zahir Shah and Daoud"",""kind"":""primary"",""validFrom"":""1954-01-01"",""validUntil"":""1961-01-01""}],""identifiers"":{}}","[""Snapshot context is not observation date or boundary date."",""Map geometry does not establish sovereignty or succession."",""Existing applicability intervals: []""]","35c5a20cdfaf4e7e7a788fd82d4c2b997e0fe878efe2392487968b8d61b9029f",""
"entity-mexico@1914/population-statistics","entity-mexico@1914","","Mexico","1914","population-statistics","MISSING","A","completely-empty","political-polity","true","[]","[]","[]","[]","{""map_identity_id"":""entity-mexico"",""aliases"":[],""historical_names"":[],""identifiers"":{}}","[""Snapshot context is not observation date or boundary date."",""Map geometry does not establish sovereignty or succession."",""Resolve historical identity before proposing entity-specific facts."",""Existing applicability intervals: []""]","35c5a20cdfaf4e7e7a788fd82d4c2b997e0fe878efe2392487968b8d61b9029f",""
"entity-viceroyalty-of-new-spain@1800/population-statistics","entity-viceroyalty-of-new-spain@1800","new-spain-pre-crisis-framework","New Spain — colonial viceroyal administration","1800","population-statistics","MISSING","A","partially-supported","dependent-administration","false","[]","[]","[]","[]","{""map_identity_id"":""entity-viceroyalty-of-new-spain"",""aliases"":[],""historical_names"":[{""value"":""New Spain — colonial viceroyal administration"",""kind"":""primary"",""validFrom"":""1800-01-01"",""validUntil"":""1808-01-01""}],""identifiers"":{}}","[""Snapshot context is not observation date or boundary date."",""Map geometry does not establish sovereignty or succession."",""Existing applicability intervals: []""]","35c5a20cdfaf4e7e7a788fd82d4c2b997e0fe878efe2392487968b8d61b9029f",""
"entity-viceroyalty-of-new-spain@1815/population-statistics","entity-viceroyalty-of-new-spain@1815","new-spain-1815-royalist-framework","New Spain — contested royalist administration in 1815","1815","population-statistics","MISSING","A","partially-supported","dependent-administration","false","[]","[]","[]","[]","{""map_identity_id"":""entity-viceroyalty-of-new-spain"",""aliases"":[],""historical_names"":[{""value"":""New Spain — contested royalist administration in 1815"",""kind"":""primary"",""validFrom"":""1815-01-01"",""validUntil"":""1816-01-01""}],""identifiers"":{}}","[""Snapshot context is not observation date or boundary date."",""Map geometry does not establish sovereignty or succession."",""Existing applicability intervals: []""]","35c5a20cdfaf4e7e7a788fd82d4c2b997e0fe878efe2392487968b8d61b9029f",""
"entity-argentina@1878/population-statistics","entity-argentina@1878","argentina-recovery-1878","Argentina","1878","population-statistics","MISSING","A","partially-supported","political-polity","false","[]","[]","[]","[]","{""map_identity_id"":""entity-argentina"",""aliases"":[],""historical_names"":[{""value"":""Argentina"",""kind"":""primary"",""validFrom"":""1878-01-01"",""validUntil"":""1879-01-01""}],""identifiers"":{}}","[""Snapshot context is not observation date or boundary date."",""Map geometry does not establish sovereignty or succession."",""Existing applicability intervals: []""]","35c5a20cdfaf4e7e7a788fd82d4c2b997e0fe878efe2392487968b8d61b9029f",""
"entity-argentina@1880/population-statistics","entity-argentina@1880","argentina-recovery-1880","Argentina","1880","population-statistics","MISSING","A","partially-supported","political-polity","false","[]","[]","[]","[]","{""map_identity_id"":""entity-argentina"",""aliases"":[],""historical_names"":[{""value"":""Argentina"",""kind"":""primary"",""validFrom"":""1880-01-01"",""validUntil"":""1881-01-01""}],""identifiers"":{}}","[""Snapshot context is not observation date or boundary date."",""Map geometry does not establish sovereignty or succession."",""Existing applicability intervals: []""]","35c5a20cdfaf4e7e7a788fd82d4c2b997e0fe878efe2392487968b8d61b9029f",""
"entity-argentina@1930/population-statistics","entity-argentina@1930","argentina-recovery-1930","Argentina","1930","population-statistics","MISSING","A","partially-supported","political-polity","false","[]","[]","[]","[]","{""map_identity_id"":""entity-argentina"",""aliases"":[],""historical_names"":[{""value"":""Argentina"",""kind"":""primary"",""validFrom"":""1930-01-01"",""validUntil"":""1931-01-01""}],""identifiers"":{}}","[""Snapshot context is not observation date or boundary date."",""Map geometry does not establish sovereignty or succession."",""Existing applicability intervals: []""]","35c5a20cdfaf4e7e7a788fd82d4c2b997e0fe878efe2392487968b8d61b9029f",""
"entity-argentina@1938/population-statistics","entity-argentina@1938","argentina-recovery-1938","Argentina","1938","population-statistics","MISSING","A","partially-supported","political-polity","false","[]","[]","[]","[]","{""map_identity_id"":""entity-argentina"",""aliases"":[],""historical_names"":[{""value"":""Argentina"",""kind"":""primary"",""validFrom"":""1938-01-01"",""validUntil"":""1939-01-01""}],""identifiers"":{}}","[""Snapshot context is not observation date or boundary date."",""Map geometry does not establish sovereignty or succession."",""Existing applicability intervals: []""]","35c5a20cdfaf4e7e7a788fd82d4c2b997e0fe878efe2392487968b8d61b9029f",""
"entity-argentina@1945/population-statistics","entity-argentina@1945","argentina-recovery-1945","Argentina","1945","population-statistics","MISSING","A","partially-supported","political-polity","false","[]","[]","[]","[]","{""map_identity_id"":""entity-argentina"",""aliases"":[],""historical_names"":[{""value"":""Argentina"",""kind"":""primary"",""validFrom"":""1945-01-01"",""validUntil"":""1946-01-01""}],""identifiers"":{}}","[""Snapshot context is not observation date or boundary date."",""Map geometry does not establish sovereignty or succession."",""Existing applicability intervals: []""]","35c5a20cdfaf4e7e7a788fd82d4c2b997e0fe878efe2392487968b8d61b9029f",""
"entity-argentina@1960/population-statistics","entity-argentina@1960","argentina-recovery-1960","Argentina","1960","population-statistics","MISSING","A","partially-supported","political-polity","false","[]","[]","[]","[]","{""map_identity_id"":""entity-argentina"",""aliases"":[],""historical_names"":[{""value"":""Argentina"",""kind"":""primary"",""validFrom"":""1960-01-01"",""validUntil"":""1961-01-01""}],""identifiers"":{}}","[""Snapshot context is not observation date or boundary date."",""Map geometry does not establish sovereignty or succession."",""Existing applicability intervals: []""]","35c5a20cdfaf4e7e7a788fd82d4c2b997e0fe878efe2392487968b8d61b9029f",""
"entity-united-provinces-of-the-rio-de-la-plata@1815/population-statistics","entity-united-provinces-of-the-rio-de-la-plata@1815","rio-de-la-plata-1815-provisional-framework","United Provinces of the Rio de la Plata — 1815 provisional framework","1815","population-statistics","MISSING","A","partially-supported","political-polity","false","[]","[]","[]","[]","{""map_identity_id"":""entity-united-provinces-of-the-rio-de-la-plata"",""aliases"":[],""historical_names"":[{""value"":""United Provinces of the Rio de la Plata — 1815 provisional framework"",""kind"":""primary"",""validFrom"":""1815-05-05"",""validUntil"":""1816-01-01""}],""identifiers"":{}}","[""Snapshot context is not observation date or boundary date."",""Map geometry does not establish sovereignty or succession."",""Existing applicability intervals: []""]","35c5a20cdfaf4e7e7a788fd82d4c2b997e0fe878efe2392487968b8d61b9029f",""
"entity-viceroyalty-of-the-rio-de-la-plata@1800/population-statistics","entity-viceroyalty-of-the-rio-de-la-plata@1800","rio-de-la-plata-viceroyal-framework","Rio de la Plata — Spanish viceroyal government","1800","population-statistics","MISSING","A","partially-supported","dependent-administration","false","[]","[]","[]","[]","{""map_identity_id"":""entity-viceroyalty-of-the-rio-de-la-plata"",""aliases"":[],""historical_names"":[{""value"":""Rio de la Plata — Spanish viceroyal government"",""kind"":""primary"",""validFrom"":""1800-01-01"",""validUntil"":""1806-01-01""}],""identifiers"":{}}","[""Snapshot context is not observation date or boundary date."",""Map geometry does not establish sovereignty or succession."",""Existing applicability intervals: []""]","35c5a20cdfaf4e7e7a788fd82d4c2b997e0fe878efe2392487968b8d61b9029f",""
"entity-ethiopia@1800/population-statistics","entity-ethiopia@1800","ethiopia-era-princes-core","Ethiopia — Era of Princes around 1800","1800","population-statistics","MISSING","A","partially-supported","political-polity","false","[]","[]","[]","[]","{""map_identity_id"":""entity-ethiopia"",""aliases"":[],""historical_names"":[{""value"":""Ethiopia — Era of Princes around 1800"",""kind"":""primary"",""validFrom"":""1800-01-01"",""validUntil"":""1801-01-01""},{""value"":""Ethiopia — Era of Princes in 1815"",""kind"":""primary"",""validFrom"":""1815-01-01"",""validUntil"":""1816-01-01""}],""identifiers"":{}}","[""Snapshot context is not observation date or boundary date."",""Map geometry does not establish sovereignty or succession."",""Existing applicability intervals: []""]","35c5a20cdfaf4e7e7a788fd82d4c2b997e0fe878efe2392487968b8d61b9029f",""
"entity-ethiopia@1815/population-statistics","entity-ethiopia@1815","ethiopia-era-princes-core","Ethiopia — Era of Princes in 1815","1815","population-statistics","MISSING","A","partially-supported","political-polity","false","[]","[]","[]","[]","{""map_identity_id"":""entity-ethiopia"",""aliases"":[],""historical_names"":[{""value"":""Ethiopia — Era of Princes around 1800"",""kind"":""primary"",""validFrom"":""1800-01-01"",""validUntil"":""1801-01-01""},{""value"":""Ethiopia — Era of Princes in 1815"",""kind"":""primary"",""validFrom"":""1815-01-01"",""validUntil"":""1816-01-01""}],""identifiers"":{}}","[""Snapshot context is not observation date or boundary date."",""Map geometry does not establish sovereignty or succession."",""Existing applicability intervals: []""]","35c5a20cdfaf4e7e7a788fd82d4c2b997e0fe878efe2392487968b8d61b9029f",""
"entity-ethiopia@1878/population-statistics","entity-ethiopia@1878","ethiopia-yohannis-1880-core","Ethiopia — Yohannis IV imperial framework","1878","population-statistics","MISSING","A","partially-supported","political-polity","false","[]","[]","[]","[]","{""map_identity_id"":""entity-ethiopia"",""aliases"":[],""historical_names"":[{""value"":""Ethiopia — Yohannis IV imperial framework"",""kind"":""primary"",""validFrom"":""1878-01-01"",""validUntil"":""1881-01-01""}],""identifiers"":{}}","[""Snapshot context is not observation date or boundary date."",""Map geometry does not establish sovereignty or succession."",""Existing applicability intervals: []""]","35c5a20cdfaf4e7e7a788fd82d4c2b997e0fe878efe2392487968b8d61b9029f",""
"entity-ethiopia@1880/population-statistics","entity-ethiopia@1880","ethiopia-yohannis-1880-core","Ethiopia — Yohannis IV imperial framework","1880","population-statistics","MISSING","A","partially-supported","political-polity","false","[]","[]","[]","[]","{""map_identity_id"":""entity-ethiopia"",""aliases"":[],""historical_names"":[{""value"":""Ethiopia — Yohannis IV imperial framework"",""kind"":""primary"",""validFrom"":""1878-01-01"",""validUntil"":""1881-01-01""}],""identifiers"":{}}","[""Snapshot context is not observation date or boundary date."",""Map geometry does not establish sovereignty or succession."",""Existing applicability intervals: []""]","35c5a20cdfaf4e7e7a788fd82d4c2b997e0fe878efe2392487968b8d61b9029f",""
"entity-ethiopia@1900/population-statistics","entity-ethiopia@1900","ethiopia-menelik-1900-core","Ethiopia — Menelik II around 1900","1900","population-statistics","MISSING","A","core-supported","political-polity","false","[]","[]","[]","[]","{""map_identity_id"":""entity-ethiopia"",""aliases"":[],""historical_names"":[{""value"":""Ethiopia — Menelik II around 1900"",""kind"":""primary"",""validFrom"":""1900-01-01"",""validUntil"":""1901-01-01""}],""identifiers"":{}}","[""Snapshot context is not observation date or boundary date."",""Map geometry does not establish sovereignty or succession."",""Existing applicability intervals: []""]","35c5a20cdfaf4e7e7a788fd82d4c2b997e0fe878efe2392487968b8d61b9029f",""
"entity-ethiopia@1920/population-statistics","entity-ethiopia@1920","ethiopia-zawditu-regency-core","Ethiopia — Zawditu and Tafari regency","1920","population-statistics","MISSING","A","partially-supported","political-polity","false","[]","[]","[]","[]","{""map_identity_id"":""entity-ethiopia"",""aliases"":[],""historical_names"":[{""value"":""Ethiopia — Zawditu and Tafari regency"",""kind"":""primary"",""validFrom"":""1917-01-01"",""validUntil"":""1930-04-01""}],""identifiers"":{}}","[""Snapshot context is not observation date or boundary date."",""Map geometry does not establish sovereignty or succession."",""Existing applicability intervals: []""]","35c5a20cdfaf4e7e7a788fd82d4c2b997e0fe878efe2392487968b8d61b9029f",""
"entity-ethiopia@1930/population-statistics","entity-ethiopia@1930","","Ethiopia","1930","population-statistics","MISSING","A","held-ambiguous","political-polity","true","[]","[]","[]","[]","{""map_identity_id"":""entity-ethiopia"",""aliases"":[],""historical_names"":[],""identifiers"":{}}","[""Snapshot context is not observation date or boundary date."",""Map geometry does not establish sovereignty or succession."",""Resolve historical identity before proposing entity-specific facts."",""Existing applicability intervals: []""]","35c5a20cdfaf4e7e7a788fd82d4c2b997e0fe878efe2392487968b8d61b9029f",""
"entity-ethiopia@1945/population-statistics","entity-ethiopia@1945","ethiopia-restored-1945-core","Ethiopia — restored monarchy in 1945","1945","population-statistics","MISSING","A","partially-supported","political-polity","false","[]","[]","[]","[]","{""map_identity_id"":""entity-ethiopia"",""aliases"":[],""historical_names"":[{""value"":""Ethiopia — restored monarchy in 1945"",""kind"":""primary"",""validFrom"":""1945-01-01"",""validUntil"":""1946-01-01""}],""identifiers"":{}}","[""Snapshot context is not observation date or boundary date."",""Map geometry does not establish sovereignty or succession."",""Existing applicability intervals: []""]","35c5a20cdfaf4e7e7a788fd82d4c2b997e0fe878efe2392487968b8d61b9029f",""
"entity-ethiopia@1960/population-statistics","entity-ethiopia@1960","ethiopia-1955-constitutional-core","Ethiopia — revised1955 imperial constitutional framework","1960","population-statistics","MISSING","A","partially-supported","political-polity","false","[]","[]","[]","[]","{""map_identity_id"":""entity-ethiopia"",""aliases"":[],""historical_names"":[{""value"":""Ethiopia — revised1955 imperial constitutional framework"",""kind"":""primary"",""validFrom"":""1956-01-01"",""validUntil"":""1960-12-13""},{""value"":""Ethiopia — revised1955 imperial constitutional framework"",""kind"":""primary"",""validFrom"":""1960-12-17"",""validUntil"":""1961-01-01""}],""identifiers"":{}}","[""Snapshot context is not observation date or boundary date."",""Map geometry does not establish sovereignty or succession."",""Existing applicability intervals: []""]","35c5a20cdfaf4e7e7a788fd82d4c2b997e0fe878efe2392487968b8d61b9029f",""
"entity-ethiopia-italy@1938/population-statistics","entity-ethiopia-italy@1938","ethiopia-italian-occupation-1938-core","Ethiopia — Italian occupation in 1938","1938","population-statistics","MISSING","A","partially-supported","dependent-administration","false","[]","[]","[]","[]","{""map_identity_id"":""entity-ethiopia-italy"",""aliases"":[],""historical_names"":[{""value"":""Ethiopia — Italian occupation in 1938"",""kind"":""primary"",""validFrom"":""1938-01-01"",""validUntil"":""1939-01-01""}],""identifiers"":{}}","[""Snapshot context is not observation date or boundary date."",""Map geometry does not establish sovereignty or succession."",""Existing applicability intervals: []""]","35c5a20cdfaf4e7e7a788fd82d4c2b997e0fe878efe2392487968b8d61b9029f",""
"entity-brazil@1930/population-statistics","entity-brazil@1930","brazil-republican-transition-1930-context","Brazil — republican transition of 1930","1930","population-statistics","MISSING","A","partially-supported","political-polity","false","[]","[]","[]","[]","{""map_identity_id"":""entity-brazil"",""aliases"":[],""historical_names"":[{""value"":""Brazil — republican transition of 1930"",""kind"":""primary"",""validFrom"":""1930-01-01"",""validUntil"":""1931-01-01""}],""identifiers"":{}}","[""Snapshot context is not observation date or boundary date."",""Map geometry does not establish sovereignty or succession."",""Existing applicability intervals: []""]","35c5a20cdfaf4e7e7a788fd82d4c2b997e0fe878efe2392487968b8d61b9029f",""
"entity-brazil@1945/population-statistics","entity-brazil@1945","","Brazil","1945","population-statistics","MISSING","A","held-ambiguous","political-polity","true","[]","[]","[]","[]","{""map_identity_id"":""entity-brazil"",""aliases"":[],""historical_names"":[],""identifiers"":{}}","[""Snapshot context is not observation date or boundary date."",""Map geometry does not establish sovereignty or succession."",""Resolve historical identity before proposing entity-specific facts."",""Existing applicability intervals: []""]","35c5a20cdfaf4e7e7a788fd82d4c2b997e0fe878efe2392487968b8d61b9029f",""
"entity-viceroyalty-of-brazil@1800/population-statistics","entity-viceroyalty-of-brazil@1800","brazil-portuguese-colonial-framework","Brazil — Portuguese colonial framework","1800","population-statistics","MISSING","A","partially-supported","dependent-administration","false","[]","[]","[]","[]","{""map_identity_id"":""entity-viceroyalty-of-brazil"",""aliases"":[],""historical_names"":[{""value"":""Brazil — Portuguese colonial framework"",""kind"":""primary"",""validFrom"":""1800-01-01"",""validUntil"":""1807-01-01""}],""identifiers"":{}}","[""Snapshot context is not observation date or boundary date."",""Map geometry does not establish sovereignty or succession."",""Existing applicability intervals: []""]","35c5a20cdfaf4e7e7a788fd82d4c2b997e0fe878efe2392487968b8d61b9029f",""
"entity-viceroyalty-of-brazil@1815/population-statistics","entity-viceroyalty-of-brazil@1815","","Viceroyalty of Brazil","1815","population-statistics","MISSING","A","held-ambiguous","dependent-administration","true","[]","[]","[]","[]","{""map_identity_id"":""entity-viceroyalty-of-brazil"",""aliases"":[],""historical_names"":[],""identifiers"":{}}","[""Snapshot context is not observation date or boundary date."",""Map geometry does not establish sovereignty or succession."",""Resolve historical identity before proposing entity-specific facts."",""Existing applicability intervals: []""]","35c5a20cdfaf4e7e7a788fd82d4c2b997e0fe878efe2392487968b8d61b9029f",""
"entity-egypt@1815/population-statistics","entity-egypt@1815","egypt-muhammad-ali-governorship-framework","Egypt — Muhammad Ali governorship","1815","population-statistics","MISSING","A","partially-supported","political-polity","false","[]","[]","[]","[]","{""map_identity_id"":""entity-egypt"",""aliases"":[],""historical_names"":[{""value"":""Egypt — Muhammad Ali governorship"",""kind"":""primary"",""validFrom"":""1812-01-01"",""validUntil"":""1820-01-01""}],""identifiers"":{}}","[""Snapshot context is not observation date or boundary date."",""Map geometry does not establish sovereignty or succession."",""Existing applicability intervals: []""]","35c5a20cdfaf4e7e7a788fd82d4c2b997e0fe878efe2392487968b8d61b9029f",""
"entity-egypt@1878/population-statistics","entity-egypt@1878","egypt-late-khedival-framework","Egypt — Khedivate under European financial intervention","1878","population-statistics","MISSING","A","partially-supported","political-polity","false","[]","[]","[]","[]","{""map_identity_id"":""entity-egypt"",""aliases"":[],""historical_names"":[{""value"":""Egypt — Khedivate under European financial intervention"",""kind"":""primary"",""validFrom"":""1878-01-01"",""validUntil"":""1881-01-01""}],""identifiers"":{}}","[""Snapshot context is not observation date or boundary date."",""Map geometry does not establish sovereignty or succession."",""Existing applicability intervals: []""]","35c5a20cdfaf4e7e7a788fd82d4c2b997e0fe878efe2392487968b8d61b9029f",""
"entity-egypt@1880/population-statistics","entity-egypt@1880","egypt-late-khedival-framework","Egypt — Khedivate under European financial intervention","1880","population-statistics","MISSING","A","partially-supported","political-polity","false","[]","[]","[]","[]","{""map_identity_id"":""entity-egypt"",""aliases"":[],""historical_names"":[{""value"":""Egypt — Khedivate under European financial intervention"",""kind"":""primary"",""validFrom"":""1878-01-01"",""validUntil"":""1881-01-01""}],""identifiers"":{}}","[""Snapshot context is not observation date or boundary date."",""Map geometry does not establish sovereignty or succession."",""Existing applicability intervals: []""]","35c5a20cdfaf4e7e7a788fd82d4c2b997e0fe878efe2392487968b8d61b9029f",""
"entity-egypt@1914/population-statistics","entity-egypt@1914","","Egypt","1914","population-statistics","MISSING","A","held-ambiguous","political-polity","true","[]","[]","[]","[]","{""map_identity_id"":""entity-egypt"",""aliases"":[],""historical_names"":[],""identifiers"":{}}","[""Snapshot context is not observation date or boundary date."",""Map geometry does not establish sovereignty or succession."",""Resolve historical identity before proposing entity-specific facts."",""Existing applicability intervals: []""]","35c5a20cdfaf4e7e7a788fd82d4c2b997e0fe878efe2392487968b8d61b9029f",""
"entity-egypt@1930/population-statistics","entity-egypt@1930","","Egypt","1930","population-statistics","MISSING","A","completely-empty","political-polity","true","[]","[]","[]","[]","{""map_identity_id"":""entity-egypt"",""aliases"":[],""historical_names"":[],""identifiers"":{}}","[""Snapshot context is not observation date or boundary date."",""Map geometry does not establish sovereignty or succession."",""Resolve historical identity before proposing entity-specific facts."",""Existing applicability intervals: []""]","35c5a20cdfaf4e7e7a788fd82d4c2b997e0fe878efe2392487968b8d61b9029f",""
"entity-egypt@1945/population-statistics","entity-egypt@1945","egypt-kingdom-1945-framework","Egypt — wartime and postwar kingdom","1945","population-statistics","MISSING","A","core-supported","political-polity","false","[]","[]","[]","[]","{""map_identity_id"":""entity-egypt"",""aliases"":[],""historical_names"":[{""value"":""Egypt — wartime and postwar kingdom"",""kind"":""primary"",""validFrom"":""1945-01-01"",""validUntil"":""1946-01-01""}],""identifiers"":{}}","[""Snapshot context is not observation date or boundary date."",""Map geometry does not establish sovereignty or succession."",""Existing applicability intervals: []""]","35c5a20cdfaf4e7e7a788fd82d4c2b997e0fe878efe2392487968b8d61b9029f",""
"entity-egypt@1960/population-statistics","entity-egypt@1960","united-arab-republic-egypt-1960-framework","United Arab Republic — Egyptian region","1960","population-statistics","MISSING","A","partially-supported","political-polity","false","[]","[]","[]","[]","{""map_identity_id"":""entity-egypt"",""aliases"":[],""historical_names"":[{""value"":""United Arab Republic — Egyptian region"",""kind"":""primary"",""validFrom"":""1959-01-01"",""validUntil"":""1961-01-01""}],""identifiers"":{}}","[""Snapshot context is not observation date or boundary date."",""Map geometry does not establish sovereignty or succession."",""Existing applicability intervals: []""]","35c5a20cdfaf4e7e7a788fd82d4c2b997e0fe878efe2392487968b8d61b9029f",""
"entity-empire-of-japan@1914/population-statistics","entity-empire-of-japan@1914","japan-meiji-framework","Empire of Japan — Meiji constitutional framework","1914","population-statistics","MISSING","A","core-supported","political-polity","false","[]","[]","[]","[]","{""map_identity_id"":""entity-empire-of-japan"",""aliases"":[{""value"":""Japan"",""validFrom"":""1930"",""validUntil"":""1945-01-01"",""sourceIds"":[""meiji""],""confidence"":""documented""}],""historical_names"":[{""value"":""Empire of Japan"",""kind"":""primary"",""validFrom"":""1930"",""validUntil"":""1945-01-01""},{""value"":""Empire of Japan — Meiji constitutional framework"",""kind"":""primary"",""validFrom"":""1890-11-29"",""validUntil"":""1930-01-01""}],""identifiers"":{}}","[""Snapshot context is not observation date or boundary date."",""Map geometry does not establish sovereignty or succession."",""Existing applicability intervals: []""]","35c5a20cdfaf4e7e7a788fd82d4c2b997e0fe878efe2392487968b8d61b9029f",""
"entity-empire-of-japan@1920/population-statistics","entity-empire-of-japan@1920","japan-meiji-framework","Empire of Japan — Meiji constitutional framework","1920","population-statistics","MISSING","A","core-supported","political-polity","false","[]","[]","[]","[]","{""map_identity_id"":""entity-empire-of-japan"",""aliases"":[{""value"":""Japan"",""validFrom"":""1930"",""validUntil"":""1945-01-01"",""sourceIds"":[""meiji""],""confidence"":""documented""}],""historical_names"":[{""value"":""Empire of Japan"",""kind"":""primary"",""validFrom"":""1930"",""validUntil"":""1945-01-01""},{""value"":""Empire of Japan — Meiji constitutional framework"",""kind"":""primary"",""validFrom"":""1890-11-29"",""validUntil"":""1930-01-01""}],""identifiers"":{}}","[""Snapshot context is not observation date or boundary date."",""Map geometry does not establish sovereignty or succession."",""Existing applicability intervals: []""]","35c5a20cdfaf4e7e7a788fd82d4c2b997e0fe878efe2392487968b8d61b9029f",""
"entity-imperial-japan@1900/population-statistics","entity-imperial-japan@1900","japan-meiji-framework","Empire of Japan — Meiji constitutional framework","1900","population-statistics","MISSING","A","core-supported","political-polity","false","[]","[]","[]","[]","{""map_identity_id"":""entity-imperial-japan"",""aliases"":[{""value"":""Japan"",""validFrom"":""1930"",""validUntil"":""1945-01-01"",""sourceIds"":[""meiji""],""confidence"":""documented""}],""historical_names"":[{""value"":""Empire of Japan"",""kind"":""primary"",""validFrom"":""1930"",""validUntil"":""1945-01-01""},{""value"":""Empire of Japan — Meiji constitutional framework"",""kind"":""primary"",""validFrom"":""1890-11-29"",""validUntil"":""1930-01-01""}],""identifiers"":{}}","[""Snapshot context is not observation date or boundary date."",""Map geometry does not establish sovereignty or succession."",""Existing applicability intervals: []""]","35c5a20cdfaf4e7e7a788fd82d4c2b997e0fe878efe2392487968b8d61b9029f",""
"entity-japan@1800/population-statistics","entity-japan@1800","japan-tokugawa-framework","Japan under the Tokugawa shogunate","1800","population-statistics","MISSING","A","partially-supported","political-polity","false","[]","[]","[]","[]","{""map_identity_id"":""entity-japan"",""aliases"":[],""historical_names"":[{""value"":""Japan under the Tokugawa shogunate"",""kind"":""primary"",""validFrom"":""1800-01-01"",""validUntil"":""1868-01-03""}],""identifiers"":{}}","[""Snapshot context is not observation date or boundary date."",""Map geometry does not establish sovereignty or succession."",""Existing applicability intervals: []""]","35c5a20cdfaf4e7e7a788fd82d4c2b997e0fe878efe2392487968b8d61b9029f",""
"entity-japan@1815/population-statistics","entity-japan@1815","japan-tokugawa-framework","Japan under the Tokugawa shogunate","1815","population-statistics","MISSING","A","partially-supported","political-polity","false","[]","[]","[]","[]","{""map_identity_id"":""entity-japan"",""aliases"":[],""historical_names"":[{""value"":""Japan under the Tokugawa shogunate"",""kind"":""primary"",""validFrom"":""1800-01-01"",""validUntil"":""1868-01-03""}],""identifiers"":{}}","[""Snapshot context is not observation date or boundary date."",""Map geometry does not establish sovereignty or succession."",""Existing applicability intervals: []""]","35c5a20cdfaf4e7e7a788fd82d4c2b997e0fe878efe2392487968b8d61b9029f",""
"entity-japan-usa@1945/population-statistics","entity-japan-usa@1945","japan-initial-allied-occupation","Japan — initial Allied occupation framework","1945","population-statistics","MISSING","A","partially-supported","dependent-administration","false","[]","[]","[]","[]","{""map_identity_id"":""entity-japan-usa"",""aliases"":[],""historical_names"":[{""value"":""Japan — initial Allied occupation framework"",""kind"":""primary"",""validFrom"":""1945-09-02"",""validUntil"":""1947-05-03""}],""identifiers"":{}}","[""Snapshot context is not observation date or boundary date."",""Map geometry does not establish sovereignty or succession."",""Existing applicability intervals: []""]","35c5a20cdfaf4e7e7a788fd82d4c2b997e0fe878efe2392487968b8d61b9029f",""
"entity-french-equatorial-africa@1914/population-statistics","entity-french-equatorial-africa@1914","b17-aef-prewar","French Equatorial Africa — colonial federation","1914","population-statistics","MISSING","A","partially-supported","dependent-administration","false","[]","[]","[]","[]","{""map_identity_id"":""entity-french-equatorial-africa"",""aliases"":[],""historical_names"":[{""value"":""French Equatorial Africa — colonial federation"",""kind"":""primary"",""validFrom"":""1911-01-01"",""validUntil"":""1939-01-01""}],""identifiers"":{}}","[""Snapshot context is not observation date or boundary date."",""Map geometry does not establish sovereignty or succession."",""Existing applicability intervals: []""]","35c5a20cdfaf4e7e7a788fd82d4c2b997e0fe878efe2392487968b8d61b9029f",""
"entity-french-equatorial-africa@1920/population-statistics","entity-french-equatorial-africa@1920","b17-aef-prewar","French Equatorial Africa — colonial federation","1920","population-statistics","MISSING","A","partially-supported","dependent-administration","false","[]","[]","[]","[]","{""map_identity_id"":""entity-french-equatorial-africa"",""aliases"":[],""historical_names"":[{""value"":""French Equatorial Africa — colonial federation"",""kind"":""primary"",""validFrom"":""1911-01-01"",""validUntil"":""1939-01-01""}],""identifiers"":{}}","[""Snapshot context is not observation date or boundary date."",""Map geometry does not establish sovereignty or succession."",""Existing applicability intervals: []""]","35c5a20cdfaf4e7e7a788fd82d4c2b997e0fe878efe2392487968b8d61b9029f",""
"entity-french-equatorial-africa@1930/population-statistics","entity-french-equatorial-africa@1930","b17-aef-prewar","French Equatorial Africa — colonial federation","1930","population-statistics","MISSING","A","partially-supported","dependent-administration","false","[]","[]","[]","[]","{""map_identity_id"":""entity-french-equatorial-africa"",""aliases"":[],""historical_names"":[{""value"":""French Equatorial Africa — colonial federation"",""kind"":""primary"",""validFrom"":""1911-01-01"",""validUntil"":""1939-01-01""}],""identifiers"":{}}","[""Snapshot context is not observation date or boundary date."",""Map geometry does not establish sovereignty or succession."",""Existing applicability intervals: []""]","35c5a20cdfaf4e7e7a788fd82d4c2b997e0fe878efe2392487968b8d61b9029f",""
"entity-french-equatorial-africa@1938/population-statistics","entity-french-equatorial-africa@1938","b17-aef-prewar","French Equatorial Africa — colonial federation","1938","population-statistics","MISSING","A","partially-supported","dependent-administration","false","[]","[]","[]","[]","{""map_identity_id"":""entity-french-equatorial-africa"",""aliases"":[],""historical_names"":[{""value"":""French Equatorial Africa — colonial federation"",""kind"":""primary"",""validFrom"":""1911-01-01"",""validUntil"":""1939-01-01""}],""identifiers"":{}}","[""Snapshot context is not observation date or boundary date."",""Map geometry does not establish sovereignty or succession."",""Existing applicability intervals: []""]","35c5a20cdfaf4e7e7a788fd82d4c2b997e0fe878efe2392487968b8d61b9029f",""
"entity-french-west-africa@1914/population-statistics","entity-french-west-africa@1914","aof-1904-federal-framework-core","French West Africa — governor-general framework","1914","population-statistics","MISSING","A","core-supported","dependent-administration","false","[]","[]","[]","[]","{""map_identity_id"":""entity-french-west-africa"",""aliases"":[],""historical_names"":[{""value"":""French West Africa — governor-general framework"",""kind"":""primary"",""validFrom"":""1905-01-01"",""validUntil"":""1939-01-01""}],""identifiers"":{}}","[""Snapshot context is not observation date or boundary date."",""Map geometry does not establish sovereignty or succession."",""Existing applicability intervals: []""]","35c5a20cdfaf4e7e7a788fd82d4c2b997e0fe878efe2392487968b8d61b9029f",""
"entity-french-west-africa@1920/population-statistics","entity-french-west-africa@1920","aof-1904-federal-framework-core","French West Africa — governor-general framework","1920","population-statistics","MISSING","A","partially-supported","dependent-administration","false","[]","[]","[]","[]","{""map_identity_id"":""entity-french-west-africa"",""aliases"":[],""historical_names"":[{""value"":""French West Africa — governor-general framework"",""kind"":""primary"",""validFrom"":""1905-01-01"",""validUntil"":""1939-01-01""}],""identifiers"":{}}","[""Snapshot context is not observation date or boundary date."",""Map geometry does not establish sovereignty or succession."",""Existing applicability intervals: []""]","35c5a20cdfaf4e7e7a788fd82d4c2b997e0fe878efe2392487968b8d61b9029f",""
"entity-french-west-africa@1930/population-statistics","entity-french-west-africa@1930","aof-1904-federal-framework-core","French West Africa — governor-general framework","1930","population-statistics","MISSING","A","partially-supported","dependent-administration","false","[]","[]","[]","[]","{""map_identity_id"":""entity-french-west-africa"",""aliases"":[],""historical_names"":[{""value"":""French West Africa — governor-general framework"",""kind"":""primary"",""validFrom"":""1905-01-01"",""validUntil"":""1939-01-01""}],""identifiers"":{}}","[""Snapshot context is not observation date or boundary date."",""Map geometry does not establish sovereignty or succession."",""Existing applicability intervals: []""]","35c5a20cdfaf4e7e7a788fd82d4c2b997e0fe878efe2392487968b8d61b9029f",""
"entity-french-west-africa@1938/population-statistics","entity-french-west-africa@1938","aof-1904-federal-framework-core","French West Africa — governor-general framework","1938","population-statistics","MISSING","A","partially-supported","dependent-administration","false","[]","[]","[]","[]","{""map_identity_id"":""entity-french-west-africa"",""aliases"":[],""historical_names"":[{""value"":""French West Africa — governor-general framework"",""kind"":""primary"",""validFrom"":""1905-01-01"",""validUntil"":""1939-01-01""}],""identifiers"":{}}","[""Snapshot context is not observation date or boundary date."",""Map geometry does not establish sovereignty or succession."",""Existing applicability intervals: []""]","35c5a20cdfaf4e7e7a788fd82d4c2b997e0fe878efe2392487968b8d61b9029f",""
"entity-russian-empire@1800/population-statistics","entity-russian-empire@1800","russian-imperial-core-pre1906","Russian Empire","1800","population-statistics","MISSING","A","core-supported","political-polity","false","[]","[]","[]","[]","{""map_identity_id"":""entity-russian-empire"",""aliases"":[],""historical_names"":[{""value"":""Russian Empire"",""kind"":""primary"",""validFrom"":""1800-01-01"",""validUntil"":""1906-01-01""}],""identifiers"":{}}","[""Snapshot context is not observation date or boundary date."",""Map geometry does not establish sovereignty or succession."",""Existing applicability intervals: []""]","35c5a20cdfaf4e7e7a788fd82d4c2b997e0fe878efe2392487968b8d61b9029f",""
"entity-russian-empire@1815/population-statistics","entity-russian-empire@1815","russian-imperial-core-pre1906","Russian Empire","1815","population-statistics","MISSING","A","core-supported","political-polity","false","[]","[]","[]","[]","{""map_identity_id"":""entity-russian-empire"",""aliases"":[],""historical_names"":[{""value"":""Russian Empire"",""kind"":""primary"",""validFrom"":""1800-01-01"",""validUntil"":""1906-01-01""}],""identifiers"":{}}","[""Snapshot context is not observation date or boundary date."",""Map geometry does not establish sovereignty or succession."",""Existing applicability intervals: []""]","35c5a20cdfaf4e7e7a788fd82d4c2b997e0fe878efe2392487968b8d61b9029f",""
"entity-russian-empire@1878/population-statistics","entity-russian-empire@1878","russian-imperial-core-pre1906","Russian Empire","1878","population-statistics","MISSING","A","core-supported","political-polity","false","[]","[]","[]","[]","{""map_identity_id"":""entity-russian-empire"",""aliases"":[],""historical_names"":[{""value"":""Russian Empire"",""kind"":""primary"",""validFrom"":""1800-01-01"",""validUntil"":""1906-01-01""}],""identifiers"":{}}","[""Snapshot context is not observation date or boundary date."",""Map geometry does not establish sovereignty or succession."",""Existing applicability intervals: []""]","35c5a20cdfaf4e7e7a788fd82d4c2b997e0fe878efe2392487968b8d61b9029f",""
"entity-russian-empire@1880/population-statistics","entity-russian-empire@1880","russian-imperial-core-pre1906","Russian Empire","1880","population-statistics","MISSING","A","core-supported","political-polity","false","[]","[]","[]","[]","{""map_identity_id"":""entity-russian-empire"",""aliases"":[],""historical_names"":[{""value"":""Russian Empire"",""kind"":""primary"",""validFrom"":""1800-01-01"",""validUntil"":""1906-01-01""}],""identifiers"":{}}","[""Snapshot context is not observation date or boundary date."",""Map geometry does not establish sovereignty or succession."",""Existing applicability intervals: []""]","35c5a20cdfaf4e7e7a788fd82d4c2b997e0fe878efe2392487968b8d61b9029f",""
"entity-russian-empire@1900/population-statistics","entity-russian-empire@1900","russian-imperial-core-pre1906","Russian Empire","1900","population-statistics","MISSING","A","core-supported","political-polity","false","[]","[]","[]","[]","{""map_identity_id"":""entity-russian-empire"",""aliases"":[],""historical_names"":[{""value"":""Russian Empire"",""kind"":""primary"",""validFrom"":""1800-01-01"",""validUntil"":""1906-01-01""}],""identifiers"":{}}","[""Snapshot context is not observation date or boundary date."",""Map geometry does not establish sovereignty or succession."",""Existing applicability intervals: []""]","35c5a20cdfaf4e7e7a788fd82d4c2b997e0fe878efe2392487968b8d61b9029f",""
"entity-russian-empire@1914/population-statistics","entity-russian-empire@1914","russian-imperial-fundamental-laws-framework","Russian Empire — Fundamental Laws framework","1914","population-statistics","MISSING","A","core-supported","political-polity","false","[]","[]","[]","[]","{""map_identity_id"":""entity-russian-empire"",""aliases"":[],""historical_names"":[{""value"":""Russian Empire — Fundamental Laws framework"",""kind"":""primary"",""validFrom"":""1907-01-01"",""validUntil"":""1915-01-01""}],""identifiers"":{}}","[""Snapshot context is not observation date or boundary date."",""Map geometry does not establish sovereignty or succession."",""Existing applicability intervals: []""]","35c5a20cdfaf4e7e7a788fd82d4c2b997e0fe878efe2392487968b8d61b9029f",""
"entity-soviet-union@1920/population-statistics","entity-soviet-union@1920","russian-soviet-civilwar-core-1920","Soviet Russia — RSFSR (schematic region)","1920","population-statistics","MISSING","A","core-supported","political-polity","false","[]","[]","[]","[]","{""map_identity_id"":""entity-soviet-union"",""aliases"":[],""historical_names"":[{""value"":""Soviet Russia — RSFSR (schematic region)"",""kind"":""primary"",""validFrom"":""1920-01-01"",""validUntil"":""1921-01-01""}],""identifiers"":{}}","[""Snapshot context is not observation date or boundary date."",""Map geometry does not establish sovereignty or succession."",""Existing applicability intervals: []""]","35c5a20cdfaf4e7e7a788fd82d4c2b997e0fe878efe2392487968b8d61b9029f",""
"entity-soviet-union@1938/population-statistics","entity-soviet-union@1938","soviet-union","Soviet Union","1938","population-statistics","MISSING","A","partially-supported","political-polity","false","[]","[]","[]","[]","{""map_identity_id"":""entity-soviet-union"",""aliases"":[{""value"":""USSR"",""sourceIds"":[""basemaps"",""ussr-constitution""],""confidence"":""documented""}],""historical_names"":[{""value"":""Soviet Union"",""kind"":""primary""},{""value"":""Union of Soviet Socialist Republics"",""kind"":""formal"",""validFrom"":""1936-12-05"",""validUntil"":""1961-01-01""}],""identifiers"":{}}","[""Snapshot context is not observation date or boundary date."",""Map geometry does not establish sovereignty or succession."",""Existing applicability intervals: []""]","35c5a20cdfaf4e7e7a788fd82d4c2b997e0fe878efe2392487968b8d61b9029f",""
"entity-soviet-union@1945/population-statistics","entity-soviet-union@1945","soviet-union","Soviet Union","1945","population-statistics","MISSING","A","partially-supported","political-polity","false","[]","[]","[]","[]","{""map_identity_id"":""entity-soviet-union"",""aliases"":[{""value"":""USSR"",""sourceIds"":[""basemaps"",""ussr-constitution""],""confidence"":""documented""}],""historical_names"":[{""value"":""Soviet Union"",""kind"":""primary""},{""value"":""Union of Soviet Socialist Republics"",""kind"":""formal"",""validFrom"":""1936-12-05"",""validUntil"":""1961-01-01""}],""identifiers"":{}}","[""Snapshot context is not observation date or boundary date."",""Map geometry does not establish sovereignty or succession."",""Existing applicability intervals: []""]","35c5a20cdfaf4e7e7a788fd82d4c2b997e0fe878efe2392487968b8d61b9029f",""
"entity-ottoman-empire@1800/population-statistics","entity-ottoman-empire@1800","ottoman-1800-sultanate-core","Ottoman Empire — Selim III period","1800","population-statistics","MISSING","A","core-supported","political-polity","false","[]","[]","[]","[]","{""map_identity_id"":""entity-ottoman-empire"",""aliases"":[],""historical_names"":[{""value"":""Ottoman Empire — Selim III period"",""kind"":""primary"",""validFrom"":""1800-01-01"",""validUntil"":""1801-01-01""}],""identifiers"":{}}","[""Snapshot context is not observation date or boundary date."",""Map geometry does not establish sovereignty or succession."",""Existing applicability intervals: []""]","35c5a20cdfaf4e7e7a788fd82d4c2b997e0fe878efe2392487968b8d61b9029f",""
"entity-ottoman-empire@1815/population-statistics","entity-ottoman-empire@1815","ottoman-1815-sultanate-core","Ottoman Empire — Mahmud II period","1815","population-statistics","MISSING","A","core-supported","political-polity","false","[]","[]","[]","[]","{""map_identity_id"":""entity-ottoman-empire"",""aliases"":[],""historical_names"":[{""value"":""Ottoman Empire — Mahmud II period"",""kind"":""primary"",""validFrom"":""1815-01-01"",""validUntil"":""1816-01-01""}],""identifiers"":{}}","[""Snapshot context is not observation date or boundary date."",""Map geometry does not establish sovereignty or succession."",""Existing applicability intervals: []""]","35c5a20cdfaf4e7e7a788fd82d4c2b997e0fe878efe2392487968b8d61b9029f",""
"entity-ottoman-empire@1878/population-statistics","entity-ottoman-empire@1878","","Ottoman Empire","1878","population-statistics","MISSING","A","held-ambiguous","political-polity","true","[]","[]","[]","[]","{""map_identity_id"":""entity-ottoman-empire"",""aliases"":[],""historical_names"":[],""identifiers"":{}}","[""Snapshot context is not observation date or boundary date."",""Map geometry does not establish sovereignty or succession."",""Resolve historical identity before proposing entity-specific facts."",""Existing applicability intervals: []""]","35c5a20cdfaf4e7e7a788fd82d4c2b997e0fe878efe2392487968b8d61b9029f",""
"entity-ottoman-empire@1880/population-statistics","entity-ottoman-empire@1880","ottoman-abdulhamid-adjourned-framework","Ottoman Empire — adjourned parliamentary order","1880","population-statistics","MISSING","A","core-supported","political-polity","false","[]","[]","[]","[]","{""map_identity_id"":""entity-ottoman-empire"",""aliases"":[],""historical_names"":[{""value"":""Ottoman Empire — adjourned parliamentary order"",""kind"":""primary"",""validFrom"":""1878-03-01"",""validUntil"":""1908-07-23""}],""identifiers"":{}}","[""Snapshot context is not observation date or boundary date."",""Map geometry does not establish sovereignty or succession."",""Existing applicability intervals: []""]","35c5a20cdfaf4e7e7a788fd82d4c2b997e0fe878efe2392487968b8d61b9029f",""
"entity-ottoman-empire@1900/population-statistics","entity-ottoman-empire@1900","ottoman-abdulhamid-adjourned-framework","Ottoman Empire — adjourned parliamentary order","1900","population-statistics","MISSING","A","core-supported","political-polity","false","[]","[]","[]","[]","{""map_identity_id"":""entity-ottoman-empire"",""aliases"":[],""historical_names"":[{""value"":""Ottoman Empire — adjourned parliamentary order"",""kind"":""primary"",""validFrom"":""1878-03-01"",""validUntil"":""1908-07-23""}],""identifiers"":{}}","[""Snapshot context is not observation date or boundary date."",""Map geometry does not establish sovereignty or succession."",""Existing applicability intervals: []""]","35c5a20cdfaf4e7e7a788fd82d4c2b997e0fe878efe2392487968b8d61b9029f",""
"entity-ottoman-empire@1914/population-statistics","entity-ottoman-empire@1914","ottoman-second-constitutional-core","Ottoman Empire — amended 1909 framework","1914","population-statistics","MISSING","A","partially-supported","political-polity","false","[]","[]","[]","[]","{""map_identity_id"":""entity-ottoman-empire"",""aliases"":[],""historical_names"":[{""value"":""Ottoman Empire — amended 1909 framework"",""kind"":""primary"",""validFrom"":""1909-08-21"",""validUntil"":""1915-01-01""}],""identifiers"":{}}","[""Snapshot context is not observation date or boundary date."",""Map geometry does not establish sovereignty or succession."",""Existing applicability intervals: []""]","35c5a20cdfaf4e7e7a788fd82d4c2b997e0fe878efe2392487968b8d61b9029f",""
"entity-ottoman-sultanate@1920/population-statistics","entity-ottoman-sultanate@1920","","Ottoman Sultanate","1920","population-statistics","MISSING","A","held-ambiguous","political-polity","true","[]","[]","[]","[]","{""map_identity_id"":""entity-ottoman-sultanate"",""aliases"":[],""historical_names"":[],""identifiers"":{}}","[""Snapshot context is not observation date or boundary date."",""Map geometry does not establish sovereignty or succession."",""Resolve historical identity before proposing entity-specific facts."",""Existing applicability intervals: []""]","35c5a20cdfaf4e7e7a788fd82d4c2b997e0fe878efe2392487968b8d61b9029f",""
"entity-turkey@1960/population-statistics","entity-turkey@1960","","Turkey","1960","population-statistics","MISSING","A","held-ambiguous","political-polity","true","[]","[]","[]","[]","{""map_identity_id"":""entity-turkey"",""aliases"":[],""historical_names"":[],""identifiers"":{}}","[""Snapshot context is not observation date or boundary date."",""Map geometry does not establish sovereignty or succession."",""Resolve historical identity before proposing entity-specific facts."",""Existing applicability intervals: []""]","35c5a20cdfaf4e7e7a788fd82d4c2b997e0fe878efe2392487968b8d61b9029f",""
"entity-korea@1800/population-statistics","entity-korea@1800","korea-joseon-framework","Korea — Joseon dynasty","1800","population-statistics","MISSING","A","partially-supported","political-polity","false","[]","[]","[]","[]","{""map_identity_id"":""entity-korea"",""aliases"":[],""historical_names"":[{""value"":""Korea — Joseon dynasty"",""kind"":""primary"",""validFrom"":""1800-01-01"",""validUntil"":""1897-10""}],""identifiers"":{}}","[""Snapshot context is not observation date or boundary date."",""Map geometry does not establish sovereignty or succession."",""Existing applicability intervals: []""]","35c5a20cdfaf4e7e7a788fd82d4c2b997e0fe878efe2392487968b8d61b9029f",""
"entity-korea@1815/population-statistics","entity-korea@1815","korea-joseon-framework","Korea — Joseon dynasty","1815","population-statistics","MISSING","A","partially-supported","political-polity","false","[]","[]","[]","[]","{""map_identity_id"":""entity-korea"",""aliases"":[],""historical_names"":[{""value"":""Korea — Joseon dynasty"",""kind"":""primary"",""validFrom"":""1800-01-01"",""validUntil"":""1897-10""}],""identifiers"":{}}","[""Snapshot context is not observation date or boundary date."",""Map geometry does not establish sovereignty or succession."",""Existing applicability intervals: []""]","35c5a20cdfaf4e7e7a788fd82d4c2b997e0fe878efe2392487968b8d61b9029f",""
"entity-korea@1878/population-statistics","entity-korea@1878","korea-joseon-framework","Korea — Joseon dynasty","1878","population-statistics","MISSING","A","core-supported","political-polity","false","[]","[]","[]","[]","{""map_identity_id"":""entity-korea"",""aliases"":[],""historical_names"":[{""value"":""Korea — Joseon dynasty"",""kind"":""primary"",""validFrom"":""1800-01-01"",""validUntil"":""1897-10""}],""identifiers"":{}}","[""Snapshot context is not observation date or boundary date."",""Map geometry does not establish sovereignty or succession."",""Existing applicability intervals: []""]","35c5a20cdfaf4e7e7a788fd82d4c2b997e0fe878efe2392487968b8d61b9029f",""
"entity-korea@1880/population-statistics","entity-korea@1880","korea-joseon-framework","Korea — Joseon dynasty","1880","population-statistics","MISSING","A","core-supported","political-polity","false","[]","[]","[]","[]","{""map_identity_id"":""entity-korea"",""aliases"":[],""historical_names"":[{""value"":""Korea — Joseon dynasty"",""kind"":""primary"",""validFrom"":""1800-01-01"",""validUntil"":""1897-10""}],""identifiers"":{}}","[""Snapshot context is not observation date or boundary date."",""Map geometry does not establish sovereignty or succession."",""Existing applicability intervals: []""]","35c5a20cdfaf4e7e7a788fd82d4c2b997e0fe878efe2392487968b8d61b9029f",""
"entity-korea@1900/population-statistics","entity-korea@1900","korea-imperial-framework","Korean Empire","1900","population-statistics","MISSING","A","partially-supported","political-polity","false","[]","[]","[]","[]","{""map_identity_id"":""entity-korea"",""aliases"":[],""historical_names"":[{""value"":""Korean Empire"",""kind"":""primary"",""validFrom"":""1897-10"",""validUntil"":""1904-01-01""}],""identifiers"":{}}","[""Snapshot context is not observation date or boundary date."",""Map geometry does not establish sovereignty or succession."",""Existing applicability intervals: []""]","35c5a20cdfaf4e7e7a788fd82d4c2b997e0fe878efe2392487968b8d61b9029f",""
"entity-korea-democratic-people-s-republic-of@1960/population-statistics","entity-korea-democratic-people-s-republic-of@1960","korea-dprk-1948","Democratic People’s Republic of Korea","1960","population-statistics","MISSING","A","partially-supported","political-polity","false","[]","[]","[]","[]","{""map_identity_id"":""entity-korea-democratic-people-s-republic-of"",""aliases"":[],""historical_names"":[{""value"":""Democratic People’s Republic of Korea"",""kind"":""primary"",""validFrom"":""1948-09-09"",""validUntil"":""1961-01-01""}],""identifiers"":{}}","[""Snapshot context is not observation date or boundary date."",""Map geometry does not establish sovereignty or succession."",""Existing applicability intervals: []""]","35c5a20cdfaf4e7e7a788fd82d4c2b997e0fe878efe2392487968b8d61b9029f",""
"entity-korea-republic-of@1960/population-statistics","entity-korea-republic-of@1960","korea-republic-1948","Republic of Korea","1960","population-statistics","MISSING","A","partially-supported","political-polity","false","[]","[]","[]","[]","{""map_identity_id"":""entity-korea-republic-of"",""aliases"":[],""historical_names"":[{""value"":""Republic of Korea"",""kind"":""primary"",""validFrom"":""1948-08"",""validUntil"":""1961-01-01""}],""identifiers"":{}}","[""Snapshot context is not observation date or boundary date."",""Map geometry does not establish sovereignty or succession."",""Existing applicability intervals: []""]","35c5a20cdfaf4e7e7a788fd82d4c2b997e0fe878efe2392487968b8d61b9029f",""
"entity-korea-usa@1945/population-statistics","entity-korea-usa@1945","korea-us-occupation","Southern Korea — United States occupation","1945","population-statistics","MISSING","A","partially-supported","dependent-administration","false","[]","[]","[]","[]","{""map_identity_id"":""entity-korea-usa"",""aliases"":[],""historical_names"":[{""value"":""Southern Korea — United States occupation"",""kind"":""primary"",""validFrom"":""1945-09"",""validUntil"":""1948-01-01""}],""identifiers"":{}}","[""Snapshot context is not observation date or boundary date."",""Map geometry does not establish sovereignty or succession."",""Existing applicability intervals: []""]","35c5a20cdfaf4e7e7a788fd82d4c2b997e0fe878efe2392487968b8d61b9029f",""
"entity-korea-ussr@1945/population-statistics","entity-korea-ussr@1945","korea-soviet-occupation","Northern Korea — Soviet occupation","1945","population-statistics","MISSING","A","partially-supported","dependent-administration","false","[]","[]","[]","[]","{""map_identity_id"":""entity-korea-ussr"",""aliases"":[],""historical_names"":[{""value"":""Northern Korea — Soviet occupation"",""kind"":""primary"",""validFrom"":""1945-09"",""validUntil"":""1948-01-01""}],""identifiers"":{}}","[""Snapshot context is not observation date or boundary date."",""Map geometry does not establish sovereignty or succession."",""Existing applicability intervals: []""]","35c5a20cdfaf4e7e7a788fd82d4c2b997e0fe878efe2392487968b8d61b9029f",""
"entity-portugal@1800/population-statistics","entity-portugal@1800","","Portugal","1800","population-statistics","MISSING","A","completely-empty","political-polity","true","[]","[]","[]","[]","{""map_identity_id"":""entity-portugal"",""aliases"":[],""historical_names"":[],""identifiers"":{}}","[""Snapshot context is not observation date or boundary date."",""Map geometry does not establish sovereignty or succession."",""Resolve historical identity before proposing entity-specific facts."",""Existing applicability intervals: []""]","35c5a20cdfaf4e7e7a788fd82d4c2b997e0fe878efe2392487968b8d61b9029f",""
"entity-portugal@1815/population-statistics","entity-portugal@1815","portugal-political-frameworks","Portugal","1815","population-statistics","MISSING","A","partially-supported","political-polity","false","[]","[]","[]","[]","{""map_identity_id"":""entity-portugal"",""aliases"":[],""historical_names"":[{""value"":""Portugal"",""kind"":""primary"",""validFrom"":""1808""},{""value"":""United Kingdom of Portugal, Brazil and the Algarves"",""kind"":""formal"",""validFrom"":""1815-12-16"",""validUntil"":""1816-01-01""}],""identifiers"":{}}","[""Snapshot context is not observation date or boundary date."",""Map geometry does not establish sovereignty or succession."",""Existing applicability intervals: []""]","35c5a20cdfaf4e7e7a788fd82d4c2b997e0fe878efe2392487968b8d61b9029f",""
"entity-rattanakosin-kingdom@1800/population-statistics","entity-rattanakosin-kingdom@1800","b13-siam-absolute","Siam — Chakkri monarchy","1800","population-statistics","MISSING","A","core-supported","political-polity","false","[]","[]","[]","[]","{""map_identity_id"":""entity-rattanakosin-kingdom"",""aliases"":[],""historical_names"":[{""value"":""Siam — Chakkri monarchy"",""kind"":""primary"",""validFrom"":""1800-01-01"",""validUntil"":""1932-06-24""}],""identifiers"":{}}","[""Snapshot context is not observation date or boundary date."",""Map geometry does not establish sovereignty or succession."",""Existing applicability intervals: []""]","35c5a20cdfaf4e7e7a788fd82d4c2b997e0fe878efe2392487968b8d61b9029f",""
"entity-rattanakosin-kingdom@1815/population-statistics","entity-rattanakosin-kingdom@1815","b13-siam-absolute","Siam — Chakkri monarchy","1815","population-statistics","MISSING","A","core-supported","political-polity","false","[]","[]","[]","[]","{""map_identity_id"":""entity-rattanakosin-kingdom"",""aliases"":[],""historical_names"":[{""value"":""Siam — Chakkri monarchy"",""kind"":""primary"",""validFrom"":""1800-01-01"",""validUntil"":""1932-06-24""}],""identifiers"":{}}","[""Snapshot context is not observation date or boundary date."",""Map geometry does not establish sovereignty or succession."",""Existing applicability intervals: []""]","35c5a20cdfaf4e7e7a788fd82d4c2b997e0fe878efe2392487968b8d61b9029f",""
"entity-rattanakosin-kingdom@1878/population-statistics","entity-rattanakosin-kingdom@1878","b13-siam-absolute","Siam — Chakkri monarchy","1878","population-statistics","MISSING","A","core-supported","political-polity","false","[]","[]","[]","[]","{""map_identity_id"":""entity-rattanakosin-kingdom"",""aliases"":[],""historical_names"":[{""value"":""Siam — Chakkri monarchy"",""kind"":""primary"",""validFrom"":""1800-01-01"",""validUntil"":""1932-06-24""}],""identifiers"":{}}","[""Snapshot context is not observation date or boundary date."",""Map geometry does not establish sovereignty or succession."",""Existing applicability intervals: []""]","35c5a20cdfaf4e7e7a788fd82d4c2b997e0fe878efe2392487968b8d61b9029f",""
"entity-rattanakosin-kingdom@1880/population-statistics","entity-rattanakosin-kingdom@1880","b13-siam-absolute","Siam — Chakkri monarchy","1880","population-statistics","MISSING","A","core-supported","political-polity","false","[]","[]","[]","[]","{""map_identity_id"":""entity-rattanakosin-kingdom"",""aliases"":[],""historical_names"":[{""value"":""Siam — Chakkri monarchy"",""kind"":""primary"",""validFrom"":""1800-01-01"",""validUntil"":""1932-06-24""}],""identifiers"":{}}","[""Snapshot context is not observation date or boundary date."",""Map geometry does not establish sovereignty or succession."",""Existing applicability intervals: []""]","35c5a20cdfaf4e7e7a788fd82d4c2b997e0fe878efe2392487968b8d61b9029f",""
"entity-siam@1800/population-statistics","entity-siam@1800","b13-siam-absolute","Siam — Chakkri monarchy","1800","population-statistics","MISSING","A","core-supported","political-polity","false","[]","[]","[]","[]","{""map_identity_id"":""entity-siam"",""aliases"":[],""historical_names"":[{""value"":""Siam — Chakkri monarchy"",""kind"":""primary"",""validFrom"":""1800-01-01"",""validUntil"":""1932-06-24""}],""identifiers"":{}}","[""Snapshot context is not observation date or boundary date."",""Map geometry does not establish sovereignty or succession."",""Existing applicability intervals: []""]","35c5a20cdfaf4e7e7a788fd82d4c2b997e0fe878efe2392487968b8d61b9029f",""
"entity-thailand@1945/population-statistics","entity-thailand@1945","","Thailand","1945","population-statistics","MISSING","A","completely-empty","political-polity","true","[]","[]","[]","[]","{""map_identity_id"":""entity-thailand"",""aliases"":[],""historical_names"":[],""identifiers"":{}}","[""Snapshot context is not observation date or boundary date."",""Map geometry does not establish sovereignty or succession."",""Resolve historical identity before proposing entity-specific facts."",""Existing applicability intervals: []""]","35c5a20cdfaf4e7e7a788fd82d4c2b997e0fe878efe2392487968b8d61b9029f",""
"entity-france@1800/population-statistics","entity-france@1800","france-political-frameworks","France","1800","population-statistics","MISSING","A","core-supported","political-polity","false","[]","[]","[]","[]","{""map_identity_id"":""entity-france"",""aliases"":[],""historical_names"":[{""value"":""France"",""kind"":""primary"",""validFrom"":""1799-12-13""}],""identifiers"":{}}","[""Snapshot context is not observation date or boundary date."",""Map geometry does not establish sovereignty or succession."",""Existing applicability intervals: []""]","35c5a20cdfaf4e7e7a788fd82d4c2b997e0fe878efe2392487968b8d61b9029f",""
"entity-france@1815/population-statistics","entity-france@1815","france-political-frameworks","France","1815","population-statistics","MISSING","A","partially-supported","political-polity","false","[]","[]","[]","[]","{""map_identity_id"":""entity-france"",""aliases"":[],""historical_names"":[{""value"":""France"",""kind"":""primary"",""validFrom"":""1799-12-13""}],""identifiers"":{}}","[""Snapshot context is not observation date or boundary date."",""Map geometry does not establish sovereignty or succession."",""Existing applicability intervals: []""]","35c5a20cdfaf4e7e7a788fd82d4c2b997e0fe878efe2392487968b8d61b9029f",""
"entity-france@1945/population-statistics","entity-france@1945","france-political-frameworks","France","1945","population-statistics","MISSING","A","partially-supported","political-polity","false","[]","[]","[]","[]","{""map_identity_id"":""entity-france"",""aliases"":[],""historical_names"":[{""value"":""France"",""kind"":""primary"",""validFrom"":""1799-12-13""}],""identifiers"":{}}","[""Snapshot context is not observation date or boundary date."",""Map geometry does not establish sovereignty or succession."",""Existing applicability intervals: []""]","35c5a20cdfaf4e7e7a788fd82d4c2b997e0fe878efe2392487968b8d61b9029f",""
"entity-iran@1920/population-statistics","entity-iran@1920","qajar-postwar-constitutional-framework","Iran — postwar Qajar framework","1920","population-statistics","MISSING","A","core-supported","political-polity","false","[]","[]","[]","[]","{""map_identity_id"":""entity-iran"",""aliases"":[],""historical_names"":[{""value"":""Iran — postwar Qajar framework"",""kind"":""primary"",""validFrom"":""1919-01-01"",""validUntil"":""1921-02-21""}],""identifiers"":{}}","[""Snapshot context is not observation date or boundary date."",""Map geometry does not establish sovereignty or succession."",""Existing applicability intervals: []""]","35c5a20cdfaf4e7e7a788fd82d4c2b997e0fe878efe2392487968b8d61b9029f",""
"entity-iran@1930/population-statistics","entity-iran@1930","iran-early-pahlavi-framework","Iran — early Pahlavi constitutional framework","1930","population-statistics","MISSING","A","core-supported","political-polity","false","[]","[]","[]","[]","{""map_identity_id"":""entity-iran"",""aliases"":[],""historical_names"":[{""value"":""Iran — early Pahlavi constitutional framework"",""kind"":""primary"",""validFrom"":""1925-12-11"",""validUntil"":""1933-03-01""}],""identifiers"":{}}","[""Snapshot context is not observation date or boundary date."",""Map geometry does not establish sovereignty or succession."",""Existing applicability intervals: []""]","35c5a20cdfaf4e7e7a788fd82d4c2b997e0fe878efe2392487968b8d61b9029f",""
"entity-iran@1938/population-statistics","entity-iran@1938","iran-reza-packed-majles-framework","Iran — Reza Shah and subordinated Majles","1938","population-statistics","MISSING","A","core-supported","political-polity","false","[]","[]","[]","[]","{""map_identity_id"":""entity-iran"",""aliases"":[],""historical_names"":[{""value"":""Iran — Reza Shah and subordinated Majles"",""kind"":""primary"",""validFrom"":""1933-03-01"",""validUntil"":""1941-01-01""}],""identifiers"":{}}","[""Snapshot context is not observation date or boundary date."",""Map geometry does not establish sovereignty or succession."",""Existing applicability intervals: []""]","35c5a20cdfaf4e7e7a788fd82d4c2b997e0fe878efe2392487968b8d61b9029f",""
"entity-iran@1945/population-statistics","entity-iran@1945","iran-revived-majles-framework","Iran — revived Majles framework","1945","population-statistics","MISSING","A","core-supported","political-polity","false","[]","[]","[]","[]","{""map_identity_id"":""entity-iran"",""aliases"":[],""historical_names"":[{""value"":""Iran — revived Majles framework"",""kind"":""primary"",""validFrom"":""1942-01-01"",""validUntil"":""1949-01-01""}],""identifiers"":{}}","[""Snapshot context is not observation date or boundary date."",""Map geometry does not establish sovereignty or succession."",""Existing applicability intervals: []""]","35c5a20cdfaf4e7e7a788fd82d4c2b997e0fe878efe2392487968b8d61b9029f",""
"entity-persia@1800/population-statistics","entity-persia@1800","qajar-preconstitutional-framework","Persia — Qajar royal framework","1800","population-statistics","MISSING","A","core-supported","political-polity","false","[]","[]","[]","[]","{""map_identity_id"":""entity-persia"",""aliases"":[],""historical_names"":[{""value"":""Persia — Qajar royal framework"",""kind"":""primary"",""validFrom"":""1800-01-01"",""validUntil"":""1906-01-01""}],""identifiers"":{}}","[""Snapshot context is not observation date or boundary date."",""Map geometry does not establish sovereignty or succession."",""Existing applicability intervals: []""]","35c5a20cdfaf4e7e7a788fd82d4c2b997e0fe878efe2392487968b8d61b9029f",""
"entity-persia@1815/population-statistics","entity-persia@1815","qajar-preconstitutional-framework","Persia — Qajar royal framework","1815","population-statistics","MISSING","A","core-supported","political-polity","false","[]","[]","[]","[]","{""map_identity_id"":""entity-persia"",""aliases"":[],""historical_names"":[{""value"":""Persia — Qajar royal framework"",""kind"":""primary"",""validFrom"":""1800-01-01"",""validUntil"":""1906-01-01""}],""identifiers"":{}}","[""Snapshot context is not observation date or boundary date."",""Map geometry does not establish sovereignty or succession."",""Existing applicability intervals: []""]","35c5a20cdfaf4e7e7a788fd82d4c2b997e0fe878efe2392487968b8d61b9029f",""
"entity-persia@1878/population-statistics","entity-persia@1878","qajar-preconstitutional-framework","Persia — Qajar royal framework","1878","population-statistics","MISSING","A","core-supported","political-polity","false","[]","[]","[]","[]","{""map_identity_id"":""entity-persia"",""aliases"":[],""historical_names"":[{""value"":""Persia — Qajar royal framework"",""kind"":""primary"",""validFrom"":""1800-01-01"",""validUntil"":""1906-01-01""}],""identifiers"":{}}","[""Snapshot context is not observation date or boundary date."",""Map geometry does not establish sovereignty or succession."",""Existing applicability intervals: []""]","35c5a20cdfaf4e7e7a788fd82d4c2b997e0fe878efe2392487968b8d61b9029f",""
"entity-persia@1880/population-statistics","entity-persia@1880","qajar-preconstitutional-framework","Persia — Qajar royal framework","1880","population-statistics","MISSING","A","core-supported","political-polity","false","[]","[]","[]","[]","{""map_identity_id"":""entity-persia"",""aliases"":[],""historical_names"":[{""value"":""Persia — Qajar royal framework"",""kind"":""primary"",""validFrom"":""1800-01-01"",""validUntil"":""1906-01-01""}],""identifiers"":{}}","[""Snapshot context is not observation date or boundary date."",""Map geometry does not establish sovereignty or succession."",""Existing applicability intervals: []""]","35c5a20cdfaf4e7e7a788fd82d4c2b997e0fe878efe2392487968b8d61b9029f",""
"entity-persia@1900/population-statistics","entity-persia@1900","qajar-preconstitutional-framework","Persia — Qajar royal framework","1900","population-statistics","MISSING","A","core-supported","political-polity","false","[]","[]","[]","[]","{""map_identity_id"":""entity-persia"",""aliases"":[],""historical_names"":[{""value"":""Persia — Qajar royal framework"",""kind"":""primary"",""validFrom"":""1800-01-01"",""validUntil"":""1906-01-01""}],""identifiers"":{}}","[""Snapshot context is not observation date or boundary date."",""Map geometry does not establish sovereignty or succession."",""Existing applicability intervals: []""]","35c5a20cdfaf4e7e7a788fd82d4c2b997e0fe878efe2392487968b8d61b9029f",""
"entity-persia@1914/population-statistics","entity-persia@1914","","Persia","1914","population-statistics","MISSING","A","completely-empty","political-polity","true","[]","[]","[]","[]","{""map_identity_id"":""entity-persia"",""aliases"":[],""historical_names"":[],""identifiers"":{}}","[""Snapshot context is not observation date or boundary date."",""Map geometry does not establish sovereignty or succession."",""Resolve historical identity before proposing entity-specific facts."",""Existing applicability intervals: []""]","35c5a20cdfaf4e7e7a788fd82d4c2b997e0fe878efe2392487968b8d61b9029f",""
"entity-belgian-congo@1914/population-statistics","entity-belgian-congo@1914","b17-belgian-congo-colonial","Belgian Congo — colonial administration","1914","population-statistics","MISSING","A","partially-supported","dependent-administration","false","[]","[]","[]","[]","{""map_identity_id"":""entity-belgian-congo"",""aliases"":[],""historical_names"":[{""value"":""Belgian Congo — colonial administration"",""kind"":""primary"",""validFrom"":""1914-01-01"",""validUntil"":""1939-01-01""}],""identifiers"":{}}","[""Snapshot context is not observation date or boundary date."",""Map geometry does not establish sovereignty or succession."",""Existing applicability intervals: []""]","35c5a20cdfaf4e7e7a788fd82d4c2b997e0fe878efe2392487968b8d61b9029f",""
"entity-belgian-congo@1938/population-statistics","entity-belgian-congo@1938","b17-belgian-congo-colonial","Belgian Congo — colonial administration","1938","population-statistics","MISSING","A","partially-supported","dependent-administration","false","[]","[]","[]","[]","{""map_identity_id"":""entity-belgian-congo"",""aliases"":[],""historical_names"":[{""value"":""Belgian Congo — colonial administration"",""kind"":""primary"",""validFrom"":""1914-01-01"",""validUntil"":""1939-01-01""}],""identifiers"":{}}","[""Snapshot context is not observation date or boundary date."",""Map geometry does not establish sovereignty or succession."",""Existing applicability intervals: []""]","35c5a20cdfaf4e7e7a788fd82d4c2b997e0fe878efe2392487968b8d61b9029f",""
"entity-zaire-belgium@1920/population-statistics","entity-zaire-belgium@1920","b17-belgian-congo-colonial","Belgian Congo — colonial administration","1920","population-statistics","MISSING","A","partially-supported","dependent-administration","false","[]","[]","[]","[]","{""map_identity_id"":""entity-zaire-belgium"",""aliases"":[],""historical_names"":[{""value"":""Belgian Congo — colonial administration"",""kind"":""primary"",""validFrom"":""1914-01-01"",""validUntil"":""1939-01-01""}],""identifiers"":{}}","[""Snapshot context is not observation date or boundary date."",""Map geometry does not establish sovereignty or succession."",""Existing applicability intervals: []""]","35c5a20cdfaf4e7e7a788fd82d4c2b997e0fe878efe2392487968b8d61b9029f",""
"entity-zaire-belgium@1930/population-statistics","entity-zaire-belgium@1930","b17-belgian-congo-colonial","Belgian Congo — colonial administration","1930","population-statistics","MISSING","A","partially-supported","dependent-administration","false","[]","[]","[]","[]","{""map_identity_id"":""entity-zaire-belgium"",""aliases"":[],""historical_names"":[{""value"":""Belgian Congo — colonial administration"",""kind"":""primary"",""validFrom"":""1914-01-01"",""validUntil"":""1939-01-01""}],""identifiers"":{}}","[""Snapshot context is not observation date or boundary date."",""Map geometry does not establish sovereignty or succession."",""Existing applicability intervals: []""]","35c5a20cdfaf4e7e7a788fd82d4c2b997e0fe878efe2392487968b8d61b9029f",""
"entity-spain@1938/population-statistics","entity-spain@1938","spain-political-frameworks","Spain","1938","population-statistics","MISSING","A","core-supported","political-polity","false","[]","[]","[]","[]","{""map_identity_id"":""entity-spain"",""aliases"":[],""historical_names"":[{""value"":""Spain"",""kind"":""primary"",""validFrom"":""1800-01-01""}],""identifiers"":{}}","[""Snapshot context is not observation date or boundary date."",""Map geometry does not establish sovereignty or succession."",""Existing applicability intervals: []""]","35c5a20cdfaf4e7e7a788fd82d4c2b997e0fe878efe2392487968b8d61b9029f",""
"entity-united-kingdom@1800/population-statistics","entity-united-kingdom@1800","great-britain-1707","Kingdom of Great Britain","1800","population-statistics","MISSING","A","core-supported","political-polity","false","[]","[]","[]","[]","{""map_identity_id"":""entity-united-kingdom"",""aliases"":[],""historical_names"":[{""value"":""Kingdom of Great Britain"",""kind"":""primary"",""validFrom"":""1707-05-01"",""validUntil"":""1801-01-01""}],""identifiers"":{}}","[""Snapshot context is not observation date or boundary date."",""Map geometry does not establish sovereignty or succession."",""Existing applicability intervals: []""]","35c5a20cdfaf4e7e7a788fd82d4c2b997e0fe878efe2392487968b8d61b9029f",""
"entity-poland@1920/population-statistics","entity-poland@1920","polish-small-constitution-framework","Republic of Poland — provisional parliamentary framework","1920","population-statistics","MISSING","A","partially-supported","political-polity","false","[]","[]","[]","[]","{""map_identity_id"":""entity-poland"",""aliases"":[],""historical_names"":[{""value"":""Republic of Poland — provisional parliamentary framework"",""kind"":""primary"",""validFrom"":""1919-03-01"",""validUntil"":""1921-01-01""}],""identifiers"":{}}","[""Snapshot context is not observation date or boundary date."",""Map geometry does not establish sovereignty or succession."",""Existing applicability intervals: []""]","35c5a20cdfaf4e7e7a788fd82d4c2b997e0fe878efe2392487968b8d61b9029f",""
"entity-poland@1945/population-statistics","entity-poland@1945","","Poland","1945","population-statistics","MISSING","A","completely-empty","political-polity","true","[]","[]","[]","[]","{""map_identity_id"":""entity-poland"",""aliases"":[],""historical_names"":[],""identifiers"":{}}","[""Snapshot context is not observation date or boundary date."",""Map geometry does not establish sovereignty or succession."",""Resolve historical identity before proposing entity-specific facts."",""Existing applicability intervals: []""]","35c5a20cdfaf4e7e7a788fd82d4c2b997e0fe878efe2392487968b8d61b9029f",""
