"cell_id","occurrence_id","atlas_entity_id","atlas_display_name","snapshot_year","dossier_category","current_status","research_priority","mapping_status","eligibility_classification","identity_review_required","current_values","observation_dates","territorial_scopes","held_reasons","known_aliases_identifiers","notes","production_fingerprint","proposals_json"
"entity-saint-martin@1800/relationships","entity-saint-martin@1800","","Saint Martin","1800","relationships","MISSING","C","held-ambiguous","dependent-administration","true","[]","[]","[]","[]","{""map_identity_id"":""entity-saint-martin"",""aliases"":[],""historical_names"":[],""identifiers"":{}}","[""Snapshot context is not observation date or boundary date."",""Map geometry does not establish sovereignty or succession."",""Resolve historical identity before proposing entity-specific facts.""]","851acb012ccfa2a4bfa05ea83ec2694b3f773a7a6fee8703e87969c9225e6997",""
"entity-saint-martin@1815/relationships","entity-saint-martin@1815","","Saint Martin","1815","relationships","MISSING","C","held-ambiguous","dependent-administration","true","[]","[]","[]","[]","{""map_identity_id"":""entity-saint-martin"",""aliases"":[],""historical_names"":[],""identifiers"":{}}","[""Snapshot context is not observation date or boundary date."",""Map geometry does not establish sovereignty or succession."",""Resolve historical identity before proposing entity-specific facts.""]","851acb012ccfa2a4bfa05ea83ec2694b3f773a7a6fee8703e87969c9225e6997",""
"entity-saint-martin@1878/relationships","entity-saint-martin@1878","","Saint Martin","1878","relationships","MISSING","C","held-ambiguous","dependent-administration","true","[]","[]","[]","[]","{""map_identity_id"":""entity-saint-martin"",""aliases"":[],""historical_names"":[],""identifiers"":{}}","[""Snapshot context is not observation date or boundary date."",""Map geometry does not establish sovereignty or succession."",""Resolve historical identity before proposing entity-specific facts.""]","851acb012ccfa2a4bfa05ea83ec2694b3f773a7a6fee8703e87969c9225e6997",""
"entity-saint-martin@1880/relationships","entity-saint-martin@1880","","Saint Martin","1880","relationships","MISSING","C","held-ambiguous","dependent-administration","true","[]","[]","[]","[]","{""map_identity_id"":""entity-saint-martin"",""aliases"":[],""historical_names"":[],""identifiers"":{}}","[""Snapshot context is not observation date or boundary date."",""Map geometry does not establish sovereignty or succession."",""Resolve historical identity before proposing entity-specific facts.""]","851acb012ccfa2a4bfa05ea83ec2694b3f773a7a6fee8703e87969c9225e6997",""
"entity-saint-martin@1900/relationships","entity-saint-martin@1900","","Saint Martin","1900","relationships","MISSING","C","held-ambiguous","dependent-administration","true","[]","[]","[]","[]","{""map_identity_id"":""entity-saint-martin"",""aliases"":[],""historical_names"":[],""identifiers"":{}}","[""Snapshot context is not observation date or boundary date."",""Map geometry does not establish sovereignty or succession."",""Resolve historical identity before proposing entity-specific facts.""]","851acb012ccfa2a4bfa05ea83ec2694b3f773a7a6fee8703e87969c9225e6997",""
"entity-saint-martin@1914/relationships","entity-saint-martin@1914","","Saint Martin","1914","relationships","MISSING","C","held-ambiguous","dependent-administration","true","[]","[]","[]","[]","{""map_identity_id"":""entity-saint-martin"",""aliases"":[],""historical_names"":[],""identifiers"":{}}","[""Snapshot context is not observation date or boundary date."",""Map geometry does not establish sovereignty or succession."",""Resolve historical identity before proposing entity-specific facts.""]","851acb012ccfa2a4bfa05ea83ec2694b3f773a7a6fee8703e87969c9225e6997",""
"entity-saint-martin@1920/relationships","entity-saint-martin@1920","","Saint Martin","1920","relationships","MISSING","C","held-ambiguous","dependent-administration","true","[]","[]","[]","[]","{""map_identity_id"":""entity-saint-martin"",""aliases"":[],""historical_names"":[],""identifiers"":{}}","[""Snapshot context is not observation date or boundary date."",""Map geometry does not establish sovereignty or succession."",""Resolve historical identity before proposing entity-specific facts.""]","851acb012ccfa2a4bfa05ea83ec2694b3f773a7a6fee8703e87969c9225e6997",""
"entity-saint-martin@1930/relationships","entity-saint-martin@1930","","Saint Martin","1930","relationships","MISSING","C","held-ambiguous","dependent-administration","true","[]","[]","[]","[]","{""map_identity_id"":""entity-saint-martin"",""aliases"":[],""historical_names"":[],""identifiers"":{}}","[""Snapshot context is not observation date or boundary date."",""Map geometry does not establish sovereignty or succession."",""Resolve historical identity before proposing entity-specific facts.""]","851acb012ccfa2a4bfa05ea83ec2694b3f773a7a6fee8703e87969c9225e6997",""
"entity-saint-martin@1938/relationships","entity-saint-martin@1938","","Saint Martin","1938","relationships","MISSING","C","held-ambiguous","dependent-administration","true","[]","[]","[]","[]","{""map_identity_id"":""entity-saint-martin"",""aliases"":[],""historical_names"":[],""identifiers"":{}}","[""Snapshot context is not observation date or boundary date."",""Map geometry does not establish sovereignty or succession."",""Resolve historical identity before proposing entity-specific facts.""]","851acb012ccfa2a4bfa05ea83ec2694b3f773a7a6fee8703e87969c9225e6997",""
"entity-saint-martin@1945/relationships","entity-saint-martin@1945","","Saint Martin","1945","relationships","MISSING","C","held-ambiguous","dependent-administration","true","[]","[]","[]","[]","{""map_identity_id"":""entity-saint-martin"",""aliases"":[],""historical_names"":[],""identifiers"":{}}","[""Snapshot context is not observation date or boundary date."",""Map geometry does not establish sovereignty or succession."",""Resolve historical identity before proposing entity-specific facts.""]","851acb012ccfa2a4bfa05ea83ec2694b3f773a7a6fee8703e87969c9225e6997",""
"entity-papua-new-guinea@1800/relationships","entity-papua-new-guinea@1800","","Papua New Guinea","1800","relationships","MISSING","C","held-ambiguous","dependent-administration","true","[]","[]","[]","[]","{""map_identity_id"":""entity-papua-new-guinea"",""aliases"":[],""historical_names"":[],""identifiers"":{}}","[""Snapshot context is not observation date or boundary date."",""Map geometry does not establish sovereignty or succession."",""Resolve historical identity before proposing entity-specific facts.""]","851acb012ccfa2a4bfa05ea83ec2694b3f773a7a6fee8703e87969c9225e6997",""
"entity-papua-new-guinea@1878/relationships","entity-papua-new-guinea@1878","","Papua New Guinea","1878","relationships","MISSING","C","held-ambiguous","dependent-administration","true","[]","[]","[]","[]","{""map_identity_id"":""entity-papua-new-guinea"",""aliases"":[],""historical_names"":[],""identifiers"":{}}","[""Snapshot context is not observation date or boundary date."",""Map geometry does not establish sovereignty or succession."",""Resolve historical identity before proposing entity-specific facts.""]","851acb012ccfa2a4bfa05ea83ec2694b3f773a7a6fee8703e87969c9225e6997",""
"entity-papua-new-guinea@1880/relationships","entity-papua-new-guinea@1880","","Papua New Guinea","1880","relationships","MISSING","C","held-ambiguous","dependent-administration","true","[]","[]","[]","[]","{""map_identity_id"":""entity-papua-new-guinea"",""aliases"":[],""historical_names"":[],""identifiers"":{}}","[""Snapshot context is not observation date or boundary date."",""Map geometry does not establish sovereignty or succession."",""Resolve historical identity before proposing entity-specific facts.""]","851acb012ccfa2a4bfa05ea83ec2694b3f773a7a6fee8703e87969c9225e6997",""
"entity-papua-new-guinea@1900/relationships","entity-papua-new-guinea@1900","","Papua New Guinea","1900","relationships","MISSING","C","held-ambiguous","dependent-administration","true","[]","[]","[]","[]","{""map_identity_id"":""entity-papua-new-guinea"",""aliases"":[],""historical_names"":[],""identifiers"":{}}","[""Snapshot context is not observation date or boundary date."",""Map geometry does not establish sovereignty or succession."",""Resolve historical identity before proposing entity-specific facts.""]","851acb012ccfa2a4bfa05ea83ec2694b3f773a7a6fee8703e87969c9225e6997",""
"entity-papua-new-guinea@1914/relationships","entity-papua-new-guinea@1914","","Papua New Guinea","1914","relationships","MISSING","C","held-ambiguous","dependent-administration","true","[]","[]","[]","[]","{""map_identity_id"":""entity-papua-new-guinea"",""aliases"":[],""historical_names"":[],""identifiers"":{}}","[""Snapshot context is not observation date or boundary date."",""Map geometry does not establish sovereignty or succession."",""Resolve historical identity before proposing entity-specific facts.""]","851acb012ccfa2a4bfa05ea83ec2694b3f773a7a6fee8703e87969c9225e6997",""
"entity-papua-new-guinea@1920/relationships","entity-papua-new-guinea@1920","","Papua New Guinea","1920","relationships","MISSING","C","held-ambiguous","dependent-administration","true","[]","[]","[]","[]","{""map_identity_id"":""entity-papua-new-guinea"",""aliases"":[],""historical_names"":[],""identifiers"":{}}","[""Snapshot context is not observation date or boundary date."",""Map geometry does not establish sovereignty or succession."",""Resolve historical identity before proposing entity-specific facts.""]","851acb012ccfa2a4bfa05ea83ec2694b3f773a7a6fee8703e87969c9225e6997",""
"entity-papua-new-guinea@1930/relationships","entity-papua-new-guinea@1930","","Papua New Guinea","1930","relationships","MISSING","C","held-ambiguous","dependent-administration","true","[]","[]","[]","[]","{""map_identity_id"":""entity-papua-new-guinea"",""aliases"":[],""historical_names"":[],""identifiers"":{}}","[""Snapshot context is not observation date or boundary date."",""Map geometry does not establish sovereignty or succession."",""Resolve historical identity before proposing entity-specific facts.""]","851acb012ccfa2a4bfa05ea83ec2694b3f773a7a6fee8703e87969c9225e6997",""
"entity-papua-new-guinea@1945/relationships","entity-papua-new-guinea@1945","","Papua New Guinea","1945","relationships","MISSING","C","held-ambiguous","dependent-administration","true","[]","[]","[]","[]","{""map_identity_id"":""entity-papua-new-guinea"",""aliases"":[],""historical_names"":[],""identifiers"":{}}","[""Snapshot context is not observation date or boundary date."",""Map geometry does not establish sovereignty or succession."",""Resolve historical identity before proposing entity-specific facts.""]","851acb012ccfa2a4bfa05ea83ec2694b3f773a7a6fee8703e87969c9225e6997",""
"entity-papua-new-guinea@1960/relationships","entity-papua-new-guinea@1960","papua-new-guinea-union-1960-core","Papua and New Guinea — administrative union in 1960","1960","relationships","MISSING","C","partially-supported","dependent-administration","false","[]","[]","[]","[]","{""map_identity_id"":""entity-papua-new-guinea"",""aliases"":[],""historical_names"":[{""value"":""Papua and New Guinea — administrative union in 1960"",""kind"":""primary"",""validFrom"":""1960-01-01"",""validUntil"":""1961-01-01""}],""identifiers"":{}}","[""Snapshot context is not observation date or boundary date."",""Map geometry does not establish sovereignty or succession.""]","851acb012ccfa2a4bfa05ea83ec2694b3f773a7a6fee8703e87969c9225e6997",""
"entity-brunei@1800/relationships","entity-brunei@1800","","Brunei","1800","relationships","MISSING","C","completely-empty","political-polity","true","[]","[]","[]","[]","{""map_identity_id"":""entity-brunei"",""aliases"":[],""historical_names"":[],""identifiers"":{}}","[""Snapshot context is not observation date or boundary date."",""Map geometry does not establish sovereignty or succession."",""Resolve historical identity before proposing entity-specific facts.""]","851acb012ccfa2a4bfa05ea83ec2694b3f773a7a6fee8703e87969c9225e6997",""
"entity-brunei@1815/relationships","entity-brunei@1815","","Brunei","1815","relationships","MISSING","C","completely-empty","political-polity","true","[]","[]","[]","[]","{""map_identity_id"":""entity-brunei"",""aliases"":[],""historical_names"":[],""identifiers"":{}}","[""Snapshot context is not observation date or boundary date."",""Map geometry does not establish sovereignty or succession."",""Resolve historical identity before proposing entity-specific facts.""]","851acb012ccfa2a4bfa05ea83ec2694b3f773a7a6fee8703e87969c9225e6997",""
"entity-brunei@1878/relationships","entity-brunei@1878","","Brunei","1878","relationships","MISSING","C","completely-empty","political-polity","true","[]","[]","[]","[]","{""map_identity_id"":""entity-brunei"",""aliases"":[],""historical_names"":[],""identifiers"":{}}","[""Snapshot context is not observation date or boundary date."",""Map geometry does not establish sovereignty or succession."",""Resolve historical identity before proposing entity-specific facts.""]","851acb012ccfa2a4bfa05ea83ec2694b3f773a7a6fee8703e87969c9225e6997",""
"entity-brunei@1880/relationships","entity-brunei@1880","","Brunei","1880","relationships","MISSING","C","completely-empty","political-polity","true","[]","[]","[]","[]","{""map_identity_id"":""entity-brunei"",""aliases"":[],""historical_names"":[],""identifiers"":{}}","[""Snapshot context is not observation date or boundary date."",""Map geometry does not establish sovereignty or succession."",""Resolve historical identity before proposing entity-specific facts.""]","851acb012ccfa2a4bfa05ea83ec2694b3f773a7a6fee8703e87969c9225e6997",""
"entity-brunei@1945/relationships","entity-brunei@1945","","Brunei","1945","relationships","MISSING","C","completely-empty","political-polity","true","[]","[]","[]","[]","{""map_identity_id"":""entity-brunei"",""aliases"":[],""historical_names"":[],""identifiers"":{}}","[""Snapshot context is not observation date or boundary date."",""Map geometry does not establish sovereignty or succession."",""Resolve historical identity before proposing entity-specific facts.""]","851acb012ccfa2a4bfa05ea83ec2694b3f773a7a6fee8703e87969c9225e6997",""
"entity-guatemala@1878/relationships","entity-guatemala@1878","","Guatemala","1878","relationships","MISSING","C","completely-empty","political-polity","true","[]","[]","[]","[]","{""map_identity_id"":""entity-guatemala"",""aliases"":[],""historical_names"":[],""identifiers"":{}}","[""Snapshot context is not observation date or boundary date."",""Map geometry does not establish sovereignty or succession."",""Resolve historical identity before proposing entity-specific facts.""]","851acb012ccfa2a4bfa05ea83ec2694b3f773a7a6fee8703e87969c9225e6997",""
"entity-guatemala@1880/relationships","entity-guatemala@1880","","Guatemala","1880","relationships","MISSING","C","completely-empty","political-polity","true","[]","[]","[]","[]","{""map_identity_id"":""entity-guatemala"",""aliases"":[],""historical_names"":[],""identifiers"":{}}","[""Snapshot context is not observation date or boundary date."",""Map geometry does not establish sovereignty or succession."",""Resolve historical identity before proposing entity-specific facts.""]","851acb012ccfa2a4bfa05ea83ec2694b3f773a7a6fee8703e87969c9225e6997",""
"entity-guatemala@1900/relationships","entity-guatemala@1900","","Guatemala","1900","relationships","MISSING","C","completely-empty","political-polity","true","[]","[]","[]","[]","{""map_identity_id"":""entity-guatemala"",""aliases"":[],""historical_names"":[],""identifiers"":{}}","[""Snapshot context is not observation date or boundary date."",""Map geometry does not establish sovereignty or succession."",""Resolve historical identity before proposing entity-specific facts.""]","851acb012ccfa2a4bfa05ea83ec2694b3f773a7a6fee8703e87969c9225e6997",""
"entity-guatemala@1914/relationships","entity-guatemala@1914","","Guatemala","1914","relationships","MISSING","C","completely-empty","political-polity","true","[]","[]","[]","[]","{""map_identity_id"":""entity-guatemala"",""aliases"":[],""historical_names"":[],""identifiers"":{}}","[""Snapshot context is not observation date or boundary date."",""Map geometry does not establish sovereignty or succession."",""Resolve historical identity before proposing entity-specific facts.""]","851acb012ccfa2a4bfa05ea83ec2694b3f773a7a6fee8703e87969c9225e6997",""
"entity-guatemala@1920/relationships","entity-guatemala@1920","","Guatemala","1920","relationships","MISSING","C","completely-empty","political-polity","true","[]","[]","[]","[]","{""map_identity_id"":""entity-guatemala"",""aliases"":[],""historical_names"":[],""identifiers"":{}}","[""Snapshot context is not observation date or boundary date."",""Map geometry does not establish sovereignty or succession."",""Resolve historical identity before proposing entity-specific facts.""]","851acb012ccfa2a4bfa05ea83ec2694b3f773a7a6fee8703e87969c9225e6997",""
"entity-guatemala@1930/relationships","entity-guatemala@1930","","Guatemala","1930","relationships","MISSING","C","completely-empty","political-polity","true","[]","[]","[]","[]","{""map_identity_id"":""entity-guatemala"",""aliases"":[],""historical_names"":[],""identifiers"":{}}","[""Snapshot context is not observation date or boundary date."",""Map geometry does not establish sovereignty or succession."",""Resolve historical identity before proposing entity-specific facts.""]","851acb012ccfa2a4bfa05ea83ec2694b3f773a7a6fee8703e87969c9225e6997",""
"entity-guatemala@1938/relationships","entity-guatemala@1938","b10-guatemala-ubico","Guatemala — Ubico government","1938","relationships","MISSING","C","core-supported","political-polity","false","[]","[]","[]","[]","{""map_identity_id"":""entity-guatemala"",""aliases"":[],""historical_names"":[{""value"":""Guatemala — Ubico government"",""kind"":""primary"",""validFrom"":""1932-01-01"",""validUntil"":""1944-07-01""}],""identifiers"":{}}","[""Snapshot context is not observation date or boundary date."",""Map geometry does not establish sovereignty or succession.""]","851acb012ccfa2a4bfa05ea83ec2694b3f773a7a6fee8703e87969c9225e6997",""
"entity-guatemala@1945/relationships","entity-guatemala@1945","","Guatemala","1945","relationships","MISSING","C","completely-empty","political-polity","true","[]","[]","[]","[]","{""map_identity_id"":""entity-guatemala"",""aliases"":[],""historical_names"":[],""identifiers"":{}}","[""Snapshot context is not observation date or boundary date."",""Map geometry does not establish sovereignty or succession."",""Resolve historical identity before proposing entity-specific facts.""]","851acb012ccfa2a4bfa05ea83ec2694b3f773a7a6fee8703e87969c9225e6997",""
"entity-guatemala@1960/relationships","entity-guatemala@1960","","Guatemala","1960","relationships","MISSING","C","completely-empty","political-polity","true","[]","[]","[]","[]","{""map_identity_id"":""entity-guatemala"",""aliases"":[],""historical_names"":[],""identifiers"":{}}","[""Snapshot context is not observation date or boundary date."",""Map geometry does not establish sovereignty or succession."",""Resolve historical identity before proposing entity-specific facts.""]","851acb012ccfa2a4bfa05ea83ec2694b3f773a7a6fee8703e87969c9225e6997",""
"entity-costa-rica@1878/relationships","entity-costa-rica@1878","","Costa Rica","1878","relationships","MISSING","C","completely-empty","political-polity","true","[]","[]","[]","[]","{""map_identity_id"":""entity-costa-rica"",""aliases"":[],""historical_names"":[],""identifiers"":{}}","[""Snapshot context is not observation date or boundary date."",""Map geometry does not establish sovereignty or succession."",""Resolve historical identity before proposing entity-specific facts.""]","851acb012ccfa2a4bfa05ea83ec2694b3f773a7a6fee8703e87969c9225e6997",""
"entity-costa-rica@1880/relationships","entity-costa-rica@1880","","Costa Rica","1880","relationships","MISSING","C","completely-empty","political-polity","true","[]","[]","[]","[]","{""map_identity_id"":""entity-costa-rica"",""aliases"":[],""historical_names"":[],""identifiers"":{}}","[""Snapshot context is not observation date or boundary date."",""Map geometry does not establish sovereignty or succession."",""Resolve historical identity before proposing entity-specific facts.""]","851acb012ccfa2a4bfa05ea83ec2694b3f773a7a6fee8703e87969c9225e6997",""
"entity-costa-rica@1900/relationships","entity-costa-rica@1900","","Costa Rica","1900","relationships","MISSING","C","completely-empty","political-polity","true","[]","[]","[]","[]","{""map_identity_id"":""entity-costa-rica"",""aliases"":[],""historical_names"":[],""identifiers"":{}}","[""Snapshot context is not observation date or boundary date."",""Map geometry does not establish sovereignty or succession."",""Resolve historical identity before proposing entity-specific facts.""]","851acb012ccfa2a4bfa05ea83ec2694b3f773a7a6fee8703e87969c9225e6997",""
"entity-costa-rica@1914/relationships","entity-costa-rica@1914","","Costa Rica","1914","relationships","MISSING","C","completely-empty","political-polity","true","[]","[]","[]","[]","{""map_identity_id"":""entity-costa-rica"",""aliases"":[],""historical_names"":[],""identifiers"":{}}","[""Snapshot context is not observation date or boundary date."",""Map geometry does not establish sovereignty or succession."",""Resolve historical identity before proposing entity-specific facts.""]","851acb012ccfa2a4bfa05ea83ec2694b3f773a7a6fee8703e87969c9225e6997",""
"entity-costa-rica@1920/relationships","entity-costa-rica@1920","","Costa Rica","1920","relationships","MISSING","C","completely-empty","political-polity","true","[]","[]","[]","[]","{""map_identity_id"":""entity-costa-rica"",""aliases"":[],""historical_names"":[],""identifiers"":{}}","[""Snapshot context is not observation date or boundary date."",""Map geometry does not establish sovereignty or succession."",""Resolve historical identity before proposing entity-specific facts.""]","851acb012ccfa2a4bfa05ea83ec2694b3f773a7a6fee8703e87969c9225e6997",""
"entity-costa-rica@1930/relationships","entity-costa-rica@1930","","Costa Rica","1930","relationships","MISSING","C","completely-empty","political-polity","true","[]","[]","[]","[]","{""map_identity_id"":""entity-costa-rica"",""aliases"":[],""historical_names"":[],""identifiers"":{}}","[""Snapshot context is not observation date or boundary date."",""Map geometry does not establish sovereignty or succession."",""Resolve historical identity before proposing entity-specific facts.""]","851acb012ccfa2a4bfa05ea83ec2694b3f773a7a6fee8703e87969c9225e6997",""
"entity-costa-rica@1938/relationships","entity-costa-rica@1938","","Costa Rica","1938","relationships","MISSING","C","completely-empty","political-polity","true","[]","[]","[]","[]","{""map_identity_id"":""entity-costa-rica"",""aliases"":[],""historical_names"":[],""identifiers"":{}}","[""Snapshot context is not observation date or boundary date."",""Map geometry does not establish sovereignty or succession."",""Resolve historical identity before proposing entity-specific facts.""]","851acb012ccfa2a4bfa05ea83ec2694b3f773a7a6fee8703e87969c9225e6997",""
"entity-costa-rica@1945/relationships","entity-costa-rica@1945","","Costa Rica","1945","relationships","MISSING","C","completely-empty","political-polity","true","[]","[]","[]","[]","{""map_identity_id"":""entity-costa-rica"",""aliases"":[],""historical_names"":[],""identifiers"":{}}","[""Snapshot context is not observation date or boundary date."",""Map geometry does not establish sovereignty or succession."",""Resolve historical identity before proposing entity-specific facts.""]","851acb012ccfa2a4bfa05ea83ec2694b3f773a7a6fee8703e87969c9225e6997",""
"entity-costa-rica@1960/relationships","entity-costa-rica@1960","b10-costa-rica-post-1949","Costa Rica — 1949 constitutional framework","1960","relationships","MISSING","C","core-supported","political-polity","false","[]","[]","[]","[]","{""map_identity_id"":""entity-costa-rica"",""aliases"":[],""historical_names"":[{""value"":""Costa Rica — 1949 constitutional framework"",""kind"":""primary"",""validFrom"":""1949-11-08"",""validUntil"":""1961-01-01""}],""identifiers"":{}}","[""Snapshot context is not observation date or boundary date."",""Map geometry does not establish sovereignty or succession.""]","851acb012ccfa2a4bfa05ea83ec2694b3f773a7a6fee8703e87969c9225e6997",""
"entity-el-salvador@1878/relationships","entity-el-salvador@1878","","El Salvador","1878","relationships","MISSING","C","completely-empty","political-polity","true","[]","[]","[]","[]","{""map_identity_id"":""entity-el-salvador"",""aliases"":[],""historical_names"":[],""identifiers"":{}}","[""Snapshot context is not observation date or boundary date."",""Map geometry does not establish sovereignty or succession."",""Resolve historical identity before proposing entity-specific facts.""]","851acb012ccfa2a4bfa05ea83ec2694b3f773a7a6fee8703e87969c9225e6997",""
"entity-el-salvador@1880/relationships","entity-el-salvador@1880","","El Salvador","1880","relationships","MISSING","C","completely-empty","political-polity","true","[]","[]","[]","[]","{""map_identity_id"":""entity-el-salvador"",""aliases"":[],""historical_names"":[],""identifiers"":{}}","[""Snapshot context is not observation date or boundary date."",""Map geometry does not establish sovereignty or succession."",""Resolve historical identity before proposing entity-specific facts.""]","851acb012ccfa2a4bfa05ea83ec2694b3f773a7a6fee8703e87969c9225e6997",""
"entity-el-salvador@1900/relationships","entity-el-salvador@1900","","El Salvador","1900","relationships","MISSING","C","completely-empty","political-polity","true","[]","[]","[]","[]","{""map_identity_id"":""entity-el-salvador"",""aliases"":[],""historical_names"":[],""identifiers"":{}}","[""Snapshot context is not observation date or boundary date."",""Map geometry does not establish sovereignty or succession."",""Resolve historical identity before proposing entity-specific facts.""]","851acb012ccfa2a4bfa05ea83ec2694b3f773a7a6fee8703e87969c9225e6997",""
"entity-el-salvador@1914/relationships","entity-el-salvador@1914","","El Salvador","1914","relationships","MISSING","C","completely-empty","political-polity","true","[]","[]","[]","[]","{""map_identity_id"":""entity-el-salvador"",""aliases"":[],""historical_names"":[],""identifiers"":{}}","[""Snapshot context is not observation date or boundary date."",""Map geometry does not establish sovereignty or succession."",""Resolve historical identity before proposing entity-specific facts.""]","851acb012ccfa2a4bfa05ea83ec2694b3f773a7a6fee8703e87969c9225e6997",""
"entity-el-salvador@1920/relationships","entity-el-salvador@1920","","El Salvador","1920","relationships","MISSING","C","completely-empty","political-polity","true","[]","[]","[]","[]","{""map_identity_id"":""entity-el-salvador"",""aliases"":[],""historical_names"":[],""identifiers"":{}}","[""Snapshot context is not observation date or boundary date."",""Map geometry does not establish sovereignty or succession."",""Resolve historical identity before proposing entity-specific facts.""]","851acb012ccfa2a4bfa05ea83ec2694b3f773a7a6fee8703e87969c9225e6997",""
"entity-el-salvador@1930/relationships","entity-el-salvador@1930","","El Salvador","1930","relationships","MISSING","C","completely-empty","political-polity","true","[]","[]","[]","[]","{""map_identity_id"":""entity-el-salvador"",""aliases"":[],""historical_names"":[],""identifiers"":{}}","[""Snapshot context is not observation date or boundary date."",""Map geometry does not establish sovereignty or succession."",""Resolve historical identity before proposing entity-specific facts.""]","851acb012ccfa2a4bfa05ea83ec2694b3f773a7a6fee8703e87969c9225e6997",""
"entity-el-salvador@1938/relationships","entity-el-salvador@1938","b10-salvador-martinez","El Salvador — Martínez military government","1938","relationships","MISSING","C","core-supported","political-polity","false","[]","[]","[]","[]","{""map_identity_id"":""entity-el-salvador"",""aliases"":[],""historical_names"":[{""value"":""El Salvador — Martínez military government"",""kind"":""primary"",""validFrom"":""1936-01-01"",""validUntil"":""1939-01-01""}],""identifiers"":{}}","[""Snapshot context is not observation date or boundary date."",""Map geometry does not establish sovereignty or succession.""]","851acb012ccfa2a4bfa05ea83ec2694b3f773a7a6fee8703e87969c9225e6997",""
"entity-el-salvador@1945/relationships","entity-el-salvador@1945","","El Salvador","1945","relationships","MISSING","C","completely-empty","political-polity","true","[]","[]","[]","[]","{""map_identity_id"":""entity-el-salvador"",""aliases"":[],""historical_names"":[],""identifiers"":{}}","[""Snapshot context is not observation date or boundary date."",""Map geometry does not establish sovereignty or succession."",""Resolve historical identity before proposing entity-specific facts.""]","851acb012ccfa2a4bfa05ea83ec2694b3f773a7a6fee8703e87969c9225e6997",""
"entity-el-salvador@1960/relationships","entity-el-salvador@1960","","El Salvador","1960","relationships","MISSING","C","completely-empty","political-polity","true","[]","[]","[]","[]","{""map_identity_id"":""entity-el-salvador"",""aliases"":[],""historical_names"":[],""identifiers"":{}}","[""Snapshot context is not observation date or boundary date."",""Map geometry does not establish sovereignty or succession."",""Resolve historical identity before proposing entity-specific facts.""]","851acb012ccfa2a4bfa05ea83ec2694b3f773a7a6fee8703e87969c9225e6997",""
"entity-bhutan@1800/relationships","entity-bhutan@1800","","Bhutan","1800","relationships","MISSING","C","completely-empty","political-polity","true","[]","[]","[]","[]","{""map_identity_id"":""entity-bhutan"",""aliases"":[],""historical_names"":[],""identifiers"":{}}","[""Snapshot context is not observation date or boundary date."",""Map geometry does not establish sovereignty or succession."",""Resolve historical identity before proposing entity-specific facts.""]","851acb012ccfa2a4bfa05ea83ec2694b3f773a7a6fee8703e87969c9225e6997",""
"entity-bhutan@1815/relationships","entity-bhutan@1815","","Bhutan","1815","relationships","MISSING","C","completely-empty","political-polity","true","[]","[]","[]","[]","{""map_identity_id"":""entity-bhutan"",""aliases"":[],""historical_names"":[],""identifiers"":{}}","[""Snapshot context is not observation date or boundary date."",""Map geometry does not establish sovereignty or succession."",""Resolve historical identity before proposing entity-specific facts.""]","851acb012ccfa2a4bfa05ea83ec2694b3f773a7a6fee8703e87969c9225e6997",""
"entity-bhutan@1878/relationships","entity-bhutan@1878","","Bhutan","1878","relationships","MISSING","C","completely-empty","political-polity","true","[]","[]","[]","[]","{""map_identity_id"":""entity-bhutan"",""aliases"":[],""historical_names"":[],""identifiers"":{}}","[""Snapshot context is not observation date or boundary date."",""Map geometry does not establish sovereignty or succession."",""Resolve historical identity before proposing entity-specific facts.""]","851acb012ccfa2a4bfa05ea83ec2694b3f773a7a6fee8703e87969c9225e6997",""
"entity-bhutan@1880/relationships","entity-bhutan@1880","","Bhutan","1880","relationships","MISSING","C","completely-empty","political-polity","true","[]","[]","[]","[]","{""map_identity_id"":""entity-bhutan"",""aliases"":[],""historical_names"":[],""identifiers"":{}}","[""Snapshot context is not observation date or boundary date."",""Map geometry does not establish sovereignty or succession."",""Resolve historical identity before proposing entity-specific facts.""]","851acb012ccfa2a4bfa05ea83ec2694b3f773a7a6fee8703e87969c9225e6997",""
"entity-bhutan@1900/relationships","entity-bhutan@1900","","Bhutan","1900","relationships","MISSING","C","completely-empty","political-polity","true","[]","[]","[]","[]","{""map_identity_id"":""entity-bhutan"",""aliases"":[],""historical_names"":[],""identifiers"":{}}","[""Snapshot context is not observation date or boundary date."",""Map geometry does not establish sovereignty or succession."",""Resolve historical identity before proposing entity-specific facts.""]","851acb012ccfa2a4bfa05ea83ec2694b3f773a7a6fee8703e87969c9225e6997",""
"entity-bhutan@1914/relationships","entity-bhutan@1914","bhutan-punakha-treaty-framework","Bhutan — Punakha treaty framework","1914","relationships","MISSING","C","partially-supported","political-polity","false","[]","[]","[]","[]","{""map_identity_id"":""entity-bhutan"",""aliases"":[],""historical_names"":[{""value"":""Bhutan — Punakha treaty framework"",""kind"":""primary"",""validFrom"":""1911-01-01"",""validUntil"":""1947-01-01""}],""identifiers"":{}}","[""Snapshot context is not observation date or boundary date."",""Map geometry does not establish sovereignty or succession.""]","851acb012ccfa2a4bfa05ea83ec2694b3f773a7a6fee8703e87969c9225e6997",""
"entity-bhutan@1920/relationships","entity-bhutan@1920","bhutan-punakha-treaty-framework","Bhutan — Punakha treaty framework","1920","relationships","MISSING","C","partially-supported","political-polity","false","[]","[]","[]","[]","{""map_identity_id"":""entity-bhutan"",""aliases"":[],""historical_names"":[{""value"":""Bhutan — Punakha treaty framework"",""kind"":""primary"",""validFrom"":""1911-01-01"",""validUntil"":""1947-01-01""}],""identifiers"":{}}","[""Snapshot context is not observation date or boundary date."",""Map geometry does not establish sovereignty or succession.""]","851acb012ccfa2a4bfa05ea83ec2694b3f773a7a6fee8703e87969c9225e6997",""
"entity-bhutan@1930/relationships","entity-bhutan@1930","bhutan-punakha-treaty-framework","Bhutan — Punakha treaty framework","1930","relationships","MISSING","C","partially-supported","political-polity","false","[]","[]","[]","[]","{""map_identity_id"":""entity-bhutan"",""aliases"":[],""historical_names"":[{""value"":""Bhutan — Punakha treaty framework"",""kind"":""primary"",""validFrom"":""1911-01-01"",""validUntil"":""1947-01-01""}],""identifiers"":{}}","[""Snapshot context is not observation date or boundary date."",""Map geometry does not establish sovereignty or succession.""]","851acb012ccfa2a4bfa05ea83ec2694b3f773a7a6fee8703e87969c9225e6997",""
"entity-bhutan@1938/relationships","entity-bhutan@1938","bhutan-punakha-treaty-framework","Bhutan — Punakha treaty framework","1938","relationships","MISSING","C","partially-supported","political-polity","false","[]","[]","[]","[]","{""map_identity_id"":""entity-bhutan"",""aliases"":[],""historical_names"":[{""value"":""Bhutan — Punakha treaty framework"",""kind"":""primary"",""validFrom"":""1911-01-01"",""validUntil"":""1947-01-01""}],""identifiers"":{}}","[""Snapshot context is not observation date or boundary date."",""Map geometry does not establish sovereignty or succession.""]","851acb012ccfa2a4bfa05ea83ec2694b3f773a7a6fee8703e87969c9225e6997",""
"entity-bhutan@1945/relationships","entity-bhutan@1945","bhutan-punakha-treaty-framework","Bhutan — Punakha treaty framework","1945","relationships","MISSING","C","partially-supported","political-polity","false","[]","[]","[]","[]","{""map_identity_id"":""entity-bhutan"",""aliases"":[],""historical_names"":[{""value"":""Bhutan — Punakha treaty framework"",""kind"":""primary"",""validFrom"":""1911-01-01"",""validUntil"":""1947-01-01""}],""identifiers"":{}}","[""Snapshot context is not observation date or boundary date."",""Map geometry does not establish sovereignty or succession.""]","851acb012ccfa2a4bfa05ea83ec2694b3f773a7a6fee8703e87969c9225e6997",""
"entity-bhutan@1960/relationships","entity-bhutan@1960","bhutan-india-friendship-framework","Bhutan — India friendship treaty framework","1960","relationships","MISSING","C","partially-supported","political-polity","false","[]","[]","[]","[]","{""map_identity_id"":""entity-bhutan"",""aliases"":[],""historical_names"":[{""value"":""Bhutan — India friendship treaty framework"",""kind"":""primary"",""validFrom"":""1950-01-01"",""validUntil"":""1961-01-01""}],""identifiers"":{}}","[""Snapshot context is not observation date or boundary date."",""Map geometry does not establish sovereignty or succession.""]","851acb012ccfa2a4bfa05ea83ec2694b3f773a7a6fee8703e87969c9225e6997",""
"entity-dominican-republic@1878/relationships","entity-dominican-republic@1878","","Dominican Republic","1878","relationships","MISSING","C","completely-empty","political-polity","true","[]","[]","[]","[]","{""map_identity_id"":""entity-dominican-republic"",""aliases"":[],""historical_names"":[],""identifiers"":{}}","[""Snapshot context is not observation date or boundary date."",""Map geometry does not establish sovereignty or succession."",""Resolve historical identity before proposing entity-specific facts.""]","851acb012ccfa2a4bfa05ea83ec2694b3f773a7a6fee8703e87969c9225e6997",""
"entity-dominican-republic@1880/relationships","entity-dominican-republic@1880","","Dominican Republic","1880","relationships","MISSING","C","completely-empty","political-polity","true","[]","[]","[]","[]","{""map_identity_id"":""entity-dominican-republic"",""aliases"":[],""historical_names"":[],""identifiers"":{}}","[""Snapshot context is not observation date or boundary date."",""Map geometry does not establish sovereignty or succession."",""Resolve historical identity before proposing entity-specific facts.""]","851acb012ccfa2a4bfa05ea83ec2694b3f773a7a6fee8703e87969c9225e6997",""
"entity-dominican-republic@1900/relationships","entity-dominican-republic@1900","","Dominican Republic","1900","relationships","MISSING","C","completely-empty","political-polity","true","[]","[]","[]","[]","{""map_identity_id"":""entity-dominican-republic"",""aliases"":[],""historical_names"":[],""identifiers"":{}}","[""Snapshot context is not observation date or boundary date."",""Map geometry does not establish sovereignty or succession."",""Resolve historical identity before proposing entity-specific facts.""]","851acb012ccfa2a4bfa05ea83ec2694b3f773a7a6fee8703e87969c9225e6997",""
"entity-dominican-republic@1914/relationships","entity-dominican-republic@1914","","Dominican Republic","1914","relationships","MISSING","C","completely-empty","political-polity","true","[]","[]","[]","[]","{""map_identity_id"":""entity-dominican-republic"",""aliases"":[],""historical_names"":[],""identifiers"":{}}","[""Snapshot context is not observation date or boundary date."",""Map geometry does not establish sovereignty or succession."",""Resolve historical identity before proposing entity-specific facts.""]","851acb012ccfa2a4bfa05ea83ec2694b3f773a7a6fee8703e87969c9225e6997",""
"entity-dominican-republic@1930/relationships","entity-dominican-republic@1930","","Dominican Republic","1930","relationships","MISSING","C","completely-empty","political-polity","true","[]","[]","[]","[]","{""map_identity_id"":""entity-dominican-republic"",""aliases"":[],""historical_names"":[],""identifiers"":{}}","[""Snapshot context is not observation date or boundary date."",""Map geometry does not establish sovereignty or succession."",""Resolve historical identity before proposing entity-specific facts.""]","851acb012ccfa2a4bfa05ea83ec2694b3f773a7a6fee8703e87969c9225e6997",""
"entity-dominican-republic@1938/relationships","entity-dominican-republic@1938","b10-dominican-trujillo","Dominican Republic — Trujillo regime","1938","relationships","MISSING","C","partially-supported","political-polity","false","[]","[]","[]","[]","{""map_identity_id"":""entity-dominican-republic"",""aliases"":[],""historical_names"":[{""value"":""Dominican Republic — Trujillo regime"",""kind"":""primary"",""validFrom"":""1931-01-01"",""validUntil"":""1952-01-01""}],""identifiers"":{}}","[""Snapshot context is not observation date or boundary date."",""Map geometry does not establish sovereignty or succession.""]","851acb012ccfa2a4bfa05ea83ec2694b3f773a7a6fee8703e87969c9225e6997",""
"entity-dominican-republic@1945/relationships","entity-dominican-republic@1945","b10-dominican-trujillo","Dominican Republic — Trujillo regime","1945","relationships","MISSING","C","partially-supported","political-polity","false","[]","[]","[]","[]","{""map_identity_id"":""entity-dominican-republic"",""aliases"":[],""historical_names"":[{""value"":""Dominican Republic — Trujillo regime"",""kind"":""primary"",""validFrom"":""1931-01-01"",""validUntil"":""1952-01-01""}],""identifiers"":{}}","[""Snapshot context is not observation date or boundary date."",""Map geometry does not establish sovereignty or succession.""]","851acb012ccfa2a4bfa05ea83ec2694b3f773a7a6fee8703e87969c9225e6997",""
"entity-dominican-republic@1960/relationships","entity-dominican-republic@1960","","Dominican Republic","1960","relationships","MISSING","C","completely-empty","political-polity","true","[]","[]","[]","[]","{""map_identity_id"":""entity-dominican-republic"",""aliases"":[],""historical_names"":[],""identifiers"":{}}","[""Snapshot context is not observation date or boundary date."",""Map geometry does not establish sovereignty or succession."",""Resolve historical identity before proposing entity-specific facts.""]","851acb012ccfa2a4bfa05ea83ec2694b3f773a7a6fee8703e87969c9225e6997",""
"entity-netherlands-antilles@1800/relationships","entity-netherlands-antilles@1800","","Netherlands Antilles","1800","relationships","MISSING","C","held-ambiguous","dependent-administration","true","[]","[]","[]","[]","{""map_identity_id"":""entity-netherlands-antilles"",""aliases"":[],""historical_names"":[],""identifiers"":{}}","[""Snapshot context is not observation date or boundary date."",""Map geometry does not establish sovereignty or succession."",""Resolve historical identity before proposing entity-specific facts.""]","851acb012ccfa2a4bfa05ea83ec2694b3f773a7a6fee8703e87969c9225e6997",""
"entity-netherlands-antilles@1815/relationships","entity-netherlands-antilles@1815","","Netherlands Antilles","1815","relationships","MISSING","C","held-ambiguous","dependent-administration","true","[]","[]","[]","[]","{""map_identity_id"":""entity-netherlands-antilles"",""aliases"":[],""historical_names"":[],""identifiers"":{}}","[""Snapshot context is not observation date or boundary date."",""Map geometry does not establish sovereignty or succession."",""Resolve historical identity before proposing entity-specific facts.""]","851acb012ccfa2a4bfa05ea83ec2694b3f773a7a6fee8703e87969c9225e6997",""
"entity-netherlands-antilles@1878/relationships","entity-netherlands-antilles@1878","b10-curacao-dependencies-colony","Curaçao and Dependencies — Dutch colony","1878","relationships","MISSING","C","partially-supported","dependent-administration","false","[]","[]","[]","[]","{""map_identity_id"":""entity-netherlands-antilles"",""aliases"":[],""historical_names"":[{""value"":""Curaçao and Dependencies — Dutch colony"",""kind"":""primary"",""validFrom"":""1878-01-01"",""validUntil"":""1936-01-01""}],""identifiers"":{}}","[""Snapshot context is not observation date or boundary date."",""Map geometry does not establish sovereignty or succession.""]","851acb012ccfa2a4bfa05ea83ec2694b3f773a7a6fee8703e87969c9225e6997",""
"entity-netherlands-antilles@1880/relationships","entity-netherlands-antilles@1880","b10-curacao-dependencies-colony","Curaçao and Dependencies — Dutch colony","1880","relationships","MISSING","C","partially-supported","dependent-administration","false","[]","[]","[]","[]","{""map_identity_id"":""entity-netherlands-antilles"",""aliases"":[],""historical_names"":[{""value"":""Curaçao and Dependencies — Dutch colony"",""kind"":""primary"",""validFrom"":""1878-01-01"",""validUntil"":""1936-01-01""}],""identifiers"":{}}","[""Snapshot context is not observation date or boundary date."",""Map geometry does not establish sovereignty or succession.""]","851acb012ccfa2a4bfa05ea83ec2694b3f773a7a6fee8703e87969c9225e6997",""
"entity-netherlands-antilles@1900/relationships","entity-netherlands-antilles@1900","b10-curacao-dependencies-colony","Curaçao and Dependencies — Dutch colony","1900","relationships","MISSING","C","partially-supported","dependent-administration","false","[]","[]","[]","[]","{""map_identity_id"":""entity-netherlands-antilles"",""aliases"":[],""historical_names"":[{""value"":""Curaçao and Dependencies — Dutch colony"",""kind"":""primary"",""validFrom"":""1878-01-01"",""validUntil"":""1936-01-01""}],""identifiers"":{}}","[""Snapshot context is not observation date or boundary date."",""Map geometry does not establish sovereignty or succession.""]","851acb012ccfa2a4bfa05ea83ec2694b3f773a7a6fee8703e87969c9225e6997",""
"entity-netherlands-antilles@1914/relationships","entity-netherlands-antilles@1914","b10-curacao-dependencies-colony","Curaçao and Dependencies — Dutch colony","1914","relationships","MISSING","C","partially-supported","dependent-administration","false","[]","[]","[]","[]","{""map_identity_id"":""entity-netherlands-antilles"",""aliases"":[],""historical_names"":[{""value"":""Curaçao and Dependencies — Dutch colony"",""kind"":""primary"",""validFrom"":""1878-01-01"",""validUntil"":""1936-01-01""}],""identifiers"":{}}","[""Snapshot context is not observation date or boundary date."",""Map geometry does not establish sovereignty or succession.""]","851acb012ccfa2a4bfa05ea83ec2694b3f773a7a6fee8703e87969c9225e6997",""
"entity-netherlands-antilles@1920/relationships","entity-netherlands-antilles@1920","b10-curacao-dependencies-colony","Curaçao and Dependencies — Dutch colony","1920","relationships","MISSING","C","partially-supported","dependent-administration","false","[]","[]","[]","[]","{""map_identity_id"":""entity-netherlands-antilles"",""aliases"":[],""historical_names"":[{""value"":""Curaçao and Dependencies — Dutch colony"",""kind"":""primary"",""validFrom"":""1878-01-01"",""validUntil"":""1936-01-01""}],""identifiers"":{}}","[""Snapshot context is not observation date or boundary date."",""Map geometry does not establish sovereignty or succession.""]","851acb012ccfa2a4bfa05ea83ec2694b3f773a7a6fee8703e87969c9225e6997",""
"entity-netherlands-antilles@1930/relationships","entity-netherlands-antilles@1930","b10-curacao-dependencies-colony","Curaçao and Dependencies — Dutch colony","1930","relationships","MISSING","C","partially-supported","dependent-administration","false","[]","[]","[]","[]","{""map_identity_id"":""entity-netherlands-antilles"",""aliases"":[],""historical_names"":[{""value"":""Curaçao and Dependencies — Dutch colony"",""kind"":""primary"",""validFrom"":""1878-01-01"",""validUntil"":""1936-01-01""}],""identifiers"":{}}","[""Snapshot context is not observation date or boundary date."",""Map geometry does not establish sovereignty or succession.""]","851acb012ccfa2a4bfa05ea83ec2694b3f773a7a6fee8703e87969c9225e6997",""
"entity-netherlands-antilles@1938/relationships","entity-netherlands-antilles@1938","","Netherlands Antilles","1938","relationships","MISSING","C","held-ambiguous","dependent-administration","true","[]","[]","[]","[]","{""map_identity_id"":""entity-netherlands-antilles"",""aliases"":[],""historical_names"":[],""identifiers"":{}}","[""Snapshot context is not observation date or boundary date."",""Map geometry does not establish sovereignty or succession."",""Resolve historical identity before proposing entity-specific facts.""]","851acb012ccfa2a4bfa05ea83ec2694b3f773a7a6fee8703e87969c9225e6997",""
"entity-netherlands-antilles@1945/relationships","entity-netherlands-antilles@1945","","Netherlands Antilles","1945","relationships","MISSING","C","held-ambiguous","dependent-administration","true","[]","[]","[]","[]","{""map_identity_id"":""entity-netherlands-antilles"",""aliases"":[],""historical_names"":[],""identifiers"":{}}","[""Snapshot context is not observation date or boundary date."",""Map geometry does not establish sovereignty or succession."",""Resolve historical identity before proposing entity-specific facts.""]","851acb012ccfa2a4bfa05ea83ec2694b3f773a7a6fee8703e87969c9225e6997",""
"entity-anguilla@1800/relationships","entity-anguilla@1800","","Anguilla","1800","relationships","MISSING","C","completely-empty","dependent-administration","true","[]","[]","[]","[]","{""map_identity_id"":""entity-anguilla"",""aliases"":[],""historical_names"":[],""identifiers"":{}}","[""Snapshot context is not observation date or boundary date."",""Map geometry does not establish sovereignty or succession."",""Resolve historical identity before proposing entity-specific facts.""]","851acb012ccfa2a4bfa05ea83ec2694b3f773a7a6fee8703e87969c9225e6997",""
"entity-anguilla@1815/relationships","entity-anguilla@1815","","Anguilla","1815","relationships","MISSING","C","completely-empty","dependent-administration","true","[]","[]","[]","[]","{""map_identity_id"":""entity-anguilla"",""aliases"":[],""historical_names"":[],""identifiers"":{}}","[""Snapshot context is not observation date or boundary date."",""Map geometry does not establish sovereignty or succession."",""Resolve historical identity before proposing entity-specific facts.""]","851acb012ccfa2a4bfa05ea83ec2694b3f773a7a6fee8703e87969c9225e6997",""
"entity-anguilla@1878/relationships","entity-anguilla@1878","","Anguilla","1878","relationships","MISSING","C","completely-empty","dependent-administration","true","[]","[]","[]","[]","{""map_identity_id"":""entity-anguilla"",""aliases"":[],""historical_names"":[],""identifiers"":{}}","[""Snapshot context is not observation date or boundary date."",""Map geometry does not establish sovereignty or succession."",""Resolve historical identity before proposing entity-specific facts.""]","851acb012ccfa2a4bfa05ea83ec2694b3f773a7a6fee8703e87969c9225e6997",""
"entity-anguilla@1880/relationships","entity-anguilla@1880","","Anguilla","1880","relationships","MISSING","C","completely-empty","dependent-administration","true","[]","[]","[]","[]","{""map_identity_id"":""entity-anguilla"",""aliases"":[],""historical_names"":[],""identifiers"":{}}","[""Snapshot context is not observation date or boundary date."",""Map geometry does not establish sovereignty or succession."",""Resolve historical identity before proposing entity-specific facts.""]","851acb012ccfa2a4bfa05ea83ec2694b3f773a7a6fee8703e87969c9225e6997",""
"entity-nicaragua@1878/relationships","entity-nicaragua@1878","","Nicaragua","1878","relationships","MISSING","C","completely-empty","political-polity","true","[]","[]","[]","[]","{""map_identity_id"":""entity-nicaragua"",""aliases"":[],""historical_names"":[],""identifiers"":{}}","[""Snapshot context is not observation date or boundary date."",""Map geometry does not establish sovereignty or succession."",""Resolve historical identity before proposing entity-specific facts.""]","851acb012ccfa2a4bfa05ea83ec2694b3f773a7a6fee8703e87969c9225e6997",""
"entity-nicaragua@1880/relationships","entity-nicaragua@1880","","Nicaragua","1880","relationships","MISSING","C","completely-empty","political-polity","true","[]","[]","[]","[]","{""map_identity_id"":""entity-nicaragua"",""aliases"":[],""historical_names"":[],""identifiers"":{}}","[""Snapshot context is not observation date or boundary date."",""Map geometry does not establish sovereignty or succession."",""Resolve historical identity before proposing entity-specific facts.""]","851acb012ccfa2a4bfa05ea83ec2694b3f773a7a6fee8703e87969c9225e6997",""
"entity-nicaragua@1900/relationships","entity-nicaragua@1900","","Nicaragua","1900","relationships","MISSING","C","completely-empty","political-polity","true","[]","[]","[]","[]","{""map_identity_id"":""entity-nicaragua"",""aliases"":[],""historical_names"":[],""identifiers"":{}}","[""Snapshot context is not observation date or boundary date."",""Map geometry does not establish sovereignty or succession."",""Resolve historical identity before proposing entity-specific facts.""]","851acb012ccfa2a4bfa05ea83ec2694b3f773a7a6fee8703e87969c9225e6997",""
"entity-nicaragua@1914/relationships","entity-nicaragua@1914","","Nicaragua","1914","relationships","MISSING","C","completely-empty","political-polity","true","[]","[]","[]","[]","{""map_identity_id"":""entity-nicaragua"",""aliases"":[],""historical_names"":[],""identifiers"":{}}","[""Snapshot context is not observation date or boundary date."",""Map geometry does not establish sovereignty or succession."",""Resolve historical identity before proposing entity-specific facts.""]","851acb012ccfa2a4bfa05ea83ec2694b3f773a7a6fee8703e87969c9225e6997",""
"entity-nicaragua@1920/relationships","entity-nicaragua@1920","","Nicaragua","1920","relationships","MISSING","C","completely-empty","political-polity","true","[]","[]","[]","[]","{""map_identity_id"":""entity-nicaragua"",""aliases"":[],""historical_names"":[],""identifiers"":{}}","[""Snapshot context is not observation date or boundary date."",""Map geometry does not establish sovereignty or succession."",""Resolve historical identity before proposing entity-specific facts.""]","851acb012ccfa2a4bfa05ea83ec2694b3f773a7a6fee8703e87969c9225e6997",""
"entity-nicaragua@1930/relationships","entity-nicaragua@1930","","Nicaragua","1930","relationships","MISSING","C","completely-empty","political-polity","true","[]","[]","[]","[]","{""map_identity_id"":""entity-nicaragua"",""aliases"":[],""historical_names"":[],""identifiers"":{}}","[""Snapshot context is not observation date or boundary date."",""Map geometry does not establish sovereignty or succession."",""Resolve historical identity before proposing entity-specific facts.""]","851acb012ccfa2a4bfa05ea83ec2694b3f773a7a6fee8703e87969c9225e6997",""
"entity-nicaragua@1938/relationships","entity-nicaragua@1938","b10-nicaragua-somoza-control","Nicaragua — Somoza-dominated government","1938","relationships","MISSING","C","core-supported","political-polity","false","[]","[]","[]","[]","{""map_identity_id"":""entity-nicaragua"",""aliases"":[],""historical_names"":[{""value"":""Nicaragua — Somoza-dominated government"",""kind"":""primary"",""validFrom"":""1938-01-01"",""validUntil"":""1952-01-01""}],""identifiers"":{}}","[""Snapshot context is not observation date or boundary date."",""Map geometry does not establish sovereignty or succession.""]","851acb012ccfa2a4bfa05ea83ec2694b3f773a7a6fee8703e87969c9225e6997",""
"entity-nicaragua@1945/relationships","entity-nicaragua@1945","b10-nicaragua-somoza-control","Nicaragua — Somoza-dominated government","1945","relationships","MISSING","C","core-supported","political-polity","false","[]","[]","[]","[]","{""map_identity_id"":""entity-nicaragua"",""aliases"":[],""historical_names"":[{""value"":""Nicaragua — Somoza-dominated government"",""kind"":""primary"",""validFrom"":""1938-01-01"",""validUntil"":""1952-01-01""}],""identifiers"":{}}","[""Snapshot context is not observation date or boundary date."",""Map geometry does not establish sovereignty or succession.""]","851acb012ccfa2a4bfa05ea83ec2694b3f773a7a6fee8703e87969c9225e6997",""
"entity-nicaragua@1960/relationships","entity-nicaragua@1960","","Nicaragua","1960","relationships","MISSING","C","completely-empty","political-polity","true","[]","[]","[]","[]","{""map_identity_id"":""entity-nicaragua"",""aliases"":[],""historical_names"":[],""identifiers"":{}}","[""Snapshot context is not observation date or boundary date."",""Map geometry does not establish sovereignty or succession."",""Resolve historical identity before proposing entity-specific facts.""]","851acb012ccfa2a4bfa05ea83ec2694b3f773a7a6fee8703e87969c9225e6997",""
"entity-honduras@1878/relationships","entity-honduras@1878","","Honduras","1878","relationships","MISSING","C","completely-empty","political-polity","true","[]","[]","[]","[]","{""map_identity_id"":""entity-honduras"",""aliases"":[],""historical_names"":[],""identifiers"":{}}","[""Snapshot context is not observation date or boundary date."",""Map geometry does not establish sovereignty or succession."",""Resolve historical identity before proposing entity-specific facts.""]","851acb012ccfa2a4bfa05ea83ec2694b3f773a7a6fee8703e87969c9225e6997",""
"entity-honduras@1880/relationships","entity-honduras@1880","","Honduras","1880","relationships","MISSING","C","completely-empty","political-polity","true","[]","[]","[]","[]","{""map_identity_id"":""entity-honduras"",""aliases"":[],""historical_names"":[],""identifiers"":{}}","[""Snapshot context is not observation date or boundary date."",""Map geometry does not establish sovereignty or succession."",""Resolve historical identity before proposing entity-specific facts.""]","851acb012ccfa2a4bfa05ea83ec2694b3f773a7a6fee8703e87969c9225e6997",""
"entity-honduras@1900/relationships","entity-honduras@1900","","Honduras","1900","relationships","MISSING","C","completely-empty","political-polity","true","[]","[]","[]","[]","{""map_identity_id"":""entity-honduras"",""aliases"":[],""historical_names"":[],""identifiers"":{}}","[""Snapshot context is not observation date or boundary date."",""Map geometry does not establish sovereignty or succession."",""Resolve historical identity before proposing entity-specific facts.""]","851acb012ccfa2a4bfa05ea83ec2694b3f773a7a6fee8703e87969c9225e6997",""
"entity-honduras@1914/relationships","entity-honduras@1914","","Honduras","1914","relationships","MISSING","C","completely-empty","political-polity","true","[]","[]","[]","[]","{""map_identity_id"":""entity-honduras"",""aliases"":[],""historical_names"":[],""identifiers"":{}}","[""Snapshot context is not observation date or boundary date."",""Map geometry does not establish sovereignty or succession."",""Resolve historical identity before proposing entity-specific facts.""]","851acb012ccfa2a4bfa05ea83ec2694b3f773a7a6fee8703e87969c9225e6997",""
"entity-honduras@1920/relationships","entity-honduras@1920","","Honduras","1920","relationships","MISSING","C","completely-empty","political-polity","true","[]","[]","[]","[]","{""map_identity_id"":""entity-honduras"",""aliases"":[],""historical_names"":[],""identifiers"":{}}","[""Snapshot context is not observation date or boundary date."",""Map geometry does not establish sovereignty or succession."",""Resolve historical identity before proposing entity-specific facts.""]","851acb012ccfa2a4bfa05ea83ec2694b3f773a7a6fee8703e87969c9225e6997",""
"entity-honduras@1930/relationships","entity-honduras@1930","","Honduras","1930","relationships","MISSING","C","completely-empty","political-polity","true","[]","[]","[]","[]","{""map_identity_id"":""entity-honduras"",""aliases"":[],""historical_names"":[],""identifiers"":{}}","[""Snapshot context is not observation date or boundary date."",""Map geometry does not establish sovereignty or succession."",""Resolve historical identity before proposing entity-specific facts.""]","851acb012ccfa2a4bfa05ea83ec2694b3f773a7a6fee8703e87969c9225e6997",""
"entity-honduras@1938/relationships","entity-honduras@1938","b10-honduras-carias","Honduras — Carías government","1938","relationships","MISSING","C","core-supported","political-polity","false","[]","[]","[]","[]","{""map_identity_id"":""entity-honduras"",""aliases"":[],""historical_names"":[{""value"":""Honduras — Carías government"",""kind"":""primary"",""validFrom"":""1934-01-01"",""validUntil"":""1949-01-01""}],""identifiers"":{}}","[""Snapshot context is not observation date or boundary date."",""Map geometry does not establish sovereignty or succession.""]","851acb012ccfa2a4bfa05ea83ec2694b3f773a7a6fee8703e87969c9225e6997",""
"entity-honduras@1945/relationships","entity-honduras@1945","b10-honduras-carias","Honduras — Carías government","1945","relationships","MISSING","C","core-supported","political-polity","false","[]","[]","[]","[]","{""map_identity_id"":""entity-honduras"",""aliases"":[],""historical_names"":[{""value"":""Honduras — Carías government"",""kind"":""primary"",""validFrom"":""1934-01-01"",""validUntil"":""1949-01-01""}],""identifiers"":{}}","[""Snapshot context is not observation date or boundary date."",""Map geometry does not establish sovereignty or succession.""]","851acb012ccfa2a4bfa05ea83ec2694b3f773a7a6fee8703e87969c9225e6997",""
"entity-honduras@1960/relationships","entity-honduras@1960","","Honduras","1960","relationships","MISSING","C","completely-empty","political-polity","true","[]","[]","[]","[]","{""map_identity_id"":""entity-honduras"",""aliases"":[],""historical_names"":[],""identifiers"":{}}","[""Snapshot context is not observation date or boundary date."",""Map geometry does not establish sovereignty or succession."",""Resolve historical identity before proposing entity-specific facts.""]","851acb012ccfa2a4bfa05ea83ec2694b3f773a7a6fee8703e87969c9225e6997",""
"entity-hong-kong@1800/relationships","entity-hong-kong@1800","","Hong Kong","1800","relationships","MISSING","C","completely-empty","dependent-administration","true","[]","[]","[]","[]","{""map_identity_id"":""entity-hong-kong"",""aliases"":[],""historical_names"":[],""identifiers"":{}}","[""Snapshot context is not observation date or boundary date."",""Map geometry does not establish sovereignty or succession."",""Resolve historical identity before proposing entity-specific facts.""]","851acb012ccfa2a4bfa05ea83ec2694b3f773a7a6fee8703e87969c9225e6997",""
"entity-hong-kong@1815/relationships","entity-hong-kong@1815","","Hong Kong","1815","relationships","MISSING","C","completely-empty","dependent-administration","true","[]","[]","[]","[]","{""map_identity_id"":""entity-hong-kong"",""aliases"":[],""historical_names"":[],""identifiers"":{}}","[""Snapshot context is not observation date or boundary date."",""Map geometry does not establish sovereignty or succession."",""Resolve historical identity before proposing entity-specific facts.""]","851acb012ccfa2a4bfa05ea83ec2694b3f773a7a6fee8703e87969c9225e6997",""
"entity-hong-kong@1945/relationships","entity-hong-kong@1945","hong-kong-historical-administration","Hong Kong — historical administrations","1945","relationships","PARTIAL","C","partially-supported","dependent-administration","false","[""Japanese military occupation"",""Restored British military administration""]","[]","[{""id"":""hong-kong-historical-administration"",""description"":""Existing accepted political-status scope of Hong Kong — historical administrations; original statement and qualifications preserved."",""relationship"":""same""},{""id"":""hong-kong-historical-administration"",""description"":""Existing accepted political-status scope of Hong Kong — historical administrations; original statement and qualifications preserved."",""relationship"":""same""}]","[]","{""map_identity_id"":""entity-hong-kong"",""aliases"":[],""historical_names"":[{""value"":""Hong Kong — historical administrations"",""kind"":""primary"",""validFrom"":""1841-01-26"",""validUntil"":""1961-01-01""}],""identifiers"":{}}","[""Snapshot context is not observation date or boundary date."",""Map geometry does not establish sovereignty or succession."",""Exact reuse of an already accepted sourced political-status statement; no additional sovereignty, succession, occupation legitimacy or target-entity assertion."",""Named party is a literal text marker only, without inferred historical entity ID."",""Original interval dates and precision are copied exactly inside the existing source/entity/atlas validity envelope."",""Existing applicability intervals: [{\""kind\"":\""interval\"",\""from\"":\""1941-12-25\"",\""until\"":\""1945-08\"",\""certainty\"":\""exact\""},{\""kind\"":\""interval\"",\""from\"":\""1945-08-30\"",\""until\"":\""1946-05-01\"",\""certainty\"":\""exact\""}]""]","851acb012ccfa2a4bfa05ea83ec2694b3f773a7a6fee8703e87969c9225e6997",""
"entity-dominica@1800/relationships","entity-dominica@1800","","Dominica","1800","relationships","MISSING","C","completely-empty","dependent-administration","true","[]","[]","[]","[]","{""map_identity_id"":""entity-dominica"",""aliases"":[],""historical_names"":[],""identifiers"":{}}","[""Snapshot context is not observation date or boundary date."",""Map geometry does not establish sovereignty or succession."",""Resolve historical identity before proposing entity-specific facts.""]","851acb012ccfa2a4bfa05ea83ec2694b3f773a7a6fee8703e87969c9225e6997",""
"entity-dominica@1815/relationships","entity-dominica@1815","","Dominica","1815","relationships","MISSING","C","completely-empty","dependent-administration","true","[]","[]","[]","[]","{""map_identity_id"":""entity-dominica"",""aliases"":[],""historical_names"":[],""identifiers"":{}}","[""Snapshot context is not observation date or boundary date."",""Map geometry does not establish sovereignty or succession."",""Resolve historical identity before proposing entity-specific facts.""]","851acb012ccfa2a4bfa05ea83ec2694b3f773a7a6fee8703e87969c9225e6997",""
"entity-dominica@1945/relationships","entity-dominica@1945","","Dominica","1945","relationships","MISSING","C","completely-empty","dependent-administration","true","[]","[]","[]","[]","{""map_identity_id"":""entity-dominica"",""aliases"":[],""historical_names"":[],""identifiers"":{}}","[""Snapshot context is not observation date or boundary date."",""Map geometry does not establish sovereignty or succession."",""Resolve historical identity before proposing entity-specific facts.""]","851acb012ccfa2a4bfa05ea83ec2694b3f773a7a6fee8703e87969c9225e6997",""
"entity-samoa@1878/relationships","entity-samoa@1878","","Samoa","1878","relationships","MISSING","C","held-ambiguous","dependent-administration","true","[]","[]","[]","[]","{""map_identity_id"":""entity-samoa"",""aliases"":[],""historical_names"":[],""identifiers"":{}}","[""Snapshot context is not observation date or boundary date."",""Map geometry does not establish sovereignty or succession."",""Resolve historical identity before proposing entity-specific facts.""]","851acb012ccfa2a4bfa05ea83ec2694b3f773a7a6fee8703e87969c9225e6997",""
"entity-samoa@1880/relationships","entity-samoa@1880","","Samoa","1880","relationships","MISSING","C","held-ambiguous","dependent-administration","true","[]","[]","[]","[]","{""map_identity_id"":""entity-samoa"",""aliases"":[],""historical_names"":[],""identifiers"":{}}","[""Snapshot context is not observation date or boundary date."",""Map geometry does not establish sovereignty or succession."",""Resolve historical identity before proposing entity-specific facts.""]","851acb012ccfa2a4bfa05ea83ec2694b3f773a7a6fee8703e87969c9225e6997",""
"entity-samoa@1900/relationships","entity-samoa@1900","","Samoa","1900","relationships","MISSING","C","held-ambiguous","dependent-administration","true","[]","[]","[]","[]","{""map_identity_id"":""entity-samoa"",""aliases"":[],""historical_names"":[],""identifiers"":{}}","[""Snapshot context is not observation date or boundary date."",""Map geometry does not establish sovereignty or succession."",""Resolve historical identity before proposing entity-specific facts.""]","851acb012ccfa2a4bfa05ea83ec2694b3f773a7a6fee8703e87969c9225e6997",""
"entity-samoa@1914/relationships","entity-samoa@1914","","Samoa","1914","relationships","MISSING","C","held-ambiguous","dependent-administration","true","[]","[]","[]","[]","{""map_identity_id"":""entity-samoa"",""aliases"":[],""historical_names"":[],""identifiers"":{}}","[""Snapshot context is not observation date or boundary date."",""Map geometry does not establish sovereignty or succession."",""Resolve historical identity before proposing entity-specific facts.""]","851acb012ccfa2a4bfa05ea83ec2694b3f773a7a6fee8703e87969c9225e6997",""
"entity-samoa@1920/relationships","entity-samoa@1920","samoa-nz-military-core","Western Samoa — New Zealand military occupation","1920","relationships","MISSING","C","held-ambiguous","dependent-administration","false","[]","[]","[]","[]","{""map_identity_id"":""entity-samoa"",""aliases"":[],""historical_names"":[{""value"":""Western Samoa — New Zealand military occupation"",""kind"":""primary"",""validFrom"":""1914-08-29"",""validUntil"":""1920-05-01""}],""identifiers"":{}}","[""Snapshot context is not observation date or boundary date."",""Map geometry does not establish sovereignty or succession.""]","851acb012ccfa2a4bfa05ea83ec2694b3f773a7a6fee8703e87969c9225e6997",""
"entity-samoa@1930/relationships","entity-samoa@1930","samoa-nz-mandate-core","Western Samoa — League of Nations mandate","1930","relationships","MISSING","C","partially-supported","dependent-administration","false","[]","[]","[]","[]","{""map_identity_id"":""entity-samoa"",""aliases"":[],""historical_names"":[{""value"":""Western Samoa — League of Nations mandate"",""kind"":""primary"",""validFrom"":""1921-01-01"",""validUntil"":""1946-01-01""}],""identifiers"":{}}","[""Snapshot context is not observation date or boundary date."",""Map geometry does not establish sovereignty or succession.""]","851acb012ccfa2a4bfa05ea83ec2694b3f773a7a6fee8703e87969c9225e6997",""
"entity-samoa@1938/relationships","entity-samoa@1938","samoa-nz-mandate-core","Western Samoa — League of Nations mandate","1938","relationships","MISSING","C","partially-supported","dependent-administration","false","[]","[]","[]","[]","{""map_identity_id"":""entity-samoa"",""aliases"":[],""historical_names"":[{""value"":""Western Samoa — League of Nations mandate"",""kind"":""primary"",""validFrom"":""1921-01-01"",""validUntil"":""1946-01-01""}],""identifiers"":{}}","[""Snapshot context is not observation date or boundary date."",""Map geometry does not establish sovereignty or succession.""]","851acb012ccfa2a4bfa05ea83ec2694b3f773a7a6fee8703e87969c9225e6997",""
"entity-samoa@1945/relationships","entity-samoa@1945","samoa-nz-mandate-core","Western Samoa — League of Nations mandate","1945","relationships","MISSING","C","partially-supported","dependent-administration","false","[]","[]","[]","[]","{""map_identity_id"":""entity-samoa"",""aliases"":[],""historical_names"":[{""value"":""Western Samoa — League of Nations mandate"",""kind"":""primary"",""validFrom"":""1921-01-01"",""validUntil"":""1946-01-01""}],""identifiers"":{}}","[""Snapshot context is not observation date or boundary date."",""Map geometry does not establish sovereignty or succession.""]","851acb012ccfa2a4bfa05ea83ec2694b3f773a7a6fee8703e87969c9225e6997",""
"entity-samoa@1960/relationships","entity-samoa@1960","samoa-self-government-1960-core","Western Samoa — cabinet government within trusteeship","1960","relationships","MISSING","C","partially-supported","dependent-administration","false","[]","[]","[]","[]","{""map_identity_id"":""entity-samoa"",""aliases"":[],""historical_names"":[{""value"":""Western Samoa — cabinet government within trusteeship"",""kind"":""primary"",""validFrom"":""1960-01-01"",""validUntil"":""1961-01-01""}],""identifiers"":{}}","[""Snapshot context is not observation date or boundary date."",""Map geometry does not establish sovereignty or succession.""]","851acb012ccfa2a4bfa05ea83ec2694b3f773a7a6fee8703e87969c9225e6997",""
"entity-saint-kitts-and-nevis@1815/relationships","entity-saint-kitts-and-nevis@1815","","Saint Kitts and Nevis","1815","relationships","MISSING","C","held-ambiguous","dependent-administration","true","[]","[]","[]","[]","{""map_identity_id"":""entity-saint-kitts-and-nevis"",""aliases"":[],""historical_names"":[],""identifiers"":{}}","[""Snapshot context is not observation date or boundary date."",""Map geometry does not establish sovereignty or succession."",""Resolve historical identity before proposing entity-specific facts.""]","851acb012ccfa2a4bfa05ea83ec2694b3f773a7a6fee8703e87969c9225e6997",""
"entity-saint-kitts-and-nevis@1878/relationships","entity-saint-kitts-and-nevis@1878","","Saint Kitts and Nevis","1878","relationships","MISSING","C","held-ambiguous","dependent-administration","true","[]","[]","[]","[]","{""map_identity_id"":""entity-saint-kitts-and-nevis"",""aliases"":[],""historical_names"":[],""identifiers"":{}}","[""Snapshot context is not observation date or boundary date."",""Map geometry does not establish sovereignty or succession."",""Resolve historical identity before proposing entity-specific facts.""]","851acb012ccfa2a4bfa05ea83ec2694b3f773a7a6fee8703e87969c9225e6997",""
"entity-saint-kitts-and-nevis@1880/relationships","entity-saint-kitts-and-nevis@1880","","Saint Kitts and Nevis","1880","relationships","MISSING","C","held-ambiguous","dependent-administration","true","[]","[]","[]","[]","{""map_identity_id"":""entity-saint-kitts-and-nevis"",""aliases"":[],""historical_names"":[],""identifiers"":{}}","[""Snapshot context is not observation date or boundary date."",""Map geometry does not establish sovereignty or succession."",""Resolve historical identity before proposing entity-specific facts.""]","851acb012ccfa2a4bfa05ea83ec2694b3f773a7a6fee8703e87969c9225e6997",""
"entity-saint-kitts-and-nevis@1900/relationships","entity-saint-kitts-and-nevis@1900","b11-saint-kitts-nevis-union","Saint Christopher, Nevis and Anguilla — colonial union","1900","relationships","MISSING","C","partially-supported","dependent-administration","false","[]","[]","[]","[]","{""map_identity_id"":""entity-saint-kitts-and-nevis"",""aliases"":[],""historical_names"":[{""value"":""Saint Christopher, Nevis and Anguilla — colonial union"",""kind"":""primary"",""validFrom"":""1883-01-01"",""validUntil"":""1947-01-01""}],""identifiers"":{}}","[""Snapshot context is not observation date or boundary date."",""Map geometry does not establish sovereignty or succession.""]","851acb012ccfa2a4bfa05ea83ec2694b3f773a7a6fee8703e87969c9225e6997",""
"entity-saint-kitts-and-nevis@1914/relationships","entity-saint-kitts-and-nevis@1914","b11-saint-kitts-nevis-union","Saint Christopher, Nevis and Anguilla — colonial union","1914","relationships","MISSING","C","partially-supported","dependent-administration","false","[]","[]","[]","[]","{""map_identity_id"":""entity-saint-kitts-and-nevis"",""aliases"":[],""historical_names"":[{""value"":""Saint Christopher, Nevis and Anguilla — colonial union"",""kind"":""primary"",""validFrom"":""1883-01-01"",""validUntil"":""1947-01-01""}],""identifiers"":{}}","[""Snapshot context is not observation date or boundary date."",""Map geometry does not establish sovereignty or succession.""]","851acb012ccfa2a4bfa05ea83ec2694b3f773a7a6fee8703e87969c9225e6997",""
"entity-saint-kitts-and-nevis@1920/relationships","entity-saint-kitts-and-nevis@1920","b11-saint-kitts-nevis-union","Saint Christopher, Nevis and Anguilla — colonial union","1920","relationships","MISSING","C","partially-supported","dependent-administration","false","[]","[]","[]","[]","{""map_identity_id"":""entity-saint-kitts-and-nevis"",""aliases"":[],""historical_names"":[{""value"":""Saint Christopher, Nevis and Anguilla — colonial union"",""kind"":""primary"",""validFrom"":""1883-01-01"",""validUntil"":""1947-01-01""}],""identifiers"":{}}","[""Snapshot context is not observation date or boundary date."",""Map geometry does not establish sovereignty or succession.""]","851acb012ccfa2a4bfa05ea83ec2694b3f773a7a6fee8703e87969c9225e6997",""
"entity-saint-kitts-and-nevis@1930/relationships","entity-saint-kitts-and-nevis@1930","b11-saint-kitts-nevis-union","Saint Christopher, Nevis and Anguilla — colonial union","1930","relationships","MISSING","C","partially-supported","dependent-administration","false","[]","[]","[]","[]","{""map_identity_id"":""entity-saint-kitts-and-nevis"",""aliases"":[],""historical_names"":[{""value"":""Saint Christopher, Nevis and Anguilla — colonial union"",""kind"":""primary"",""validFrom"":""1883-01-01"",""validUntil"":""1947-01-01""}],""identifiers"":{}}","[""Snapshot context is not observation date or boundary date."",""Map geometry does not establish sovereignty or succession.""]","851acb012ccfa2a4bfa05ea83ec2694b3f773a7a6fee8703e87969c9225e6997",""
"entity-saint-kitts-and-nevis@1938/relationships","entity-saint-kitts-and-nevis@1938","b11-saint-kitts-nevis-union","Saint Christopher, Nevis and Anguilla — colonial union","1938","relationships","MISSING","C","partially-supported","dependent-administration","false","[]","[]","[]","[]","{""map_identity_id"":""entity-saint-kitts-and-nevis"",""aliases"":[],""historical_names"":[{""value"":""Saint Christopher, Nevis and Anguilla — colonial union"",""kind"":""primary"",""validFrom"":""1883-01-01"",""validUntil"":""1947-01-01""}],""identifiers"":{}}","[""Snapshot context is not observation date or boundary date."",""Map geometry does not establish sovereignty or succession.""]","851acb012ccfa2a4bfa05ea83ec2694b3f773a7a6fee8703e87969c9225e6997",""
"entity-saint-kitts-and-nevis@1945/relationships","entity-saint-kitts-and-nevis@1945","b11-saint-kitts-nevis-union","Saint Christopher, Nevis and Anguilla — colonial union","1945","relationships","MISSING","C","partially-supported","dependent-administration","false","[]","[]","[]","[]","{""map_identity_id"":""entity-saint-kitts-and-nevis"",""aliases"":[],""historical_names"":[{""value"":""Saint Christopher, Nevis and Anguilla — colonial union"",""kind"":""primary"",""validFrom"":""1883-01-01"",""validUntil"":""1947-01-01""}],""identifiers"":{}}","[""Snapshot context is not observation date or boundary date."",""Map geometry does not establish sovereignty or succession.""]","851acb012ccfa2a4bfa05ea83ec2694b3f773a7a6fee8703e87969c9225e6997",""
"entity-niue@1878/relationships","entity-niue@1878","","Niue","1878","relationships","MISSING","C","held-ambiguous","dependent-administration","true","[]","[]","[]","[]","{""map_identity_id"":""entity-niue"",""aliases"":[],""historical_names"":[],""identifiers"":{}}","[""Snapshot context is not observation date or boundary date."",""Map geometry does not establish sovereignty or succession."",""Resolve historical identity before proposing entity-specific facts.""]","851acb012ccfa2a4bfa05ea83ec2694b3f773a7a6fee8703e87969c9225e6997",""
"entity-niue@1880/relationships","entity-niue@1880","","Niue","1880","relationships","MISSING","C","held-ambiguous","dependent-administration","true","[]","[]","[]","[]","{""map_identity_id"":""entity-niue"",""aliases"":[],""historical_names"":[],""identifiers"":{}}","[""Snapshot context is not observation date or boundary date."",""Map geometry does not establish sovereignty or succession."",""Resolve historical identity before proposing entity-specific facts.""]","851acb012ccfa2a4bfa05ea83ec2694b3f773a7a6fee8703e87969c9225e6997",""
"entity-niue@1900/relationships","entity-niue@1900","","Niue","1900","relationships","MISSING","C","held-ambiguous","dependent-administration","true","[]","[]","[]","[]","{""map_identity_id"":""entity-niue"",""aliases"":[],""historical_names"":[],""identifiers"":{}}","[""Snapshot context is not observation date or boundary date."",""Map geometry does not establish sovereignty or succession."",""Resolve historical identity before proposing entity-specific facts.""]","851acb012ccfa2a4bfa05ea83ec2694b3f773a7a6fee8703e87969c9225e6997",""
"entity-niue@1914/relationships","entity-niue@1914","niue-nz-administration-core","Niue — New Zealand dependency","1914","relationships","MISSING","C","partially-supported","dependent-administration","false","[]","[]","[]","[]","{""map_identity_id"":""entity-niue"",""aliases"":[],""historical_names"":[{""value"":""Niue — New Zealand dependency"",""kind"":""primary"",""validFrom"":""1902-01-01"",""validUntil"":""1961-01-01""}],""identifiers"":{}}","[""Snapshot context is not observation date or boundary date."",""Map geometry does not establish sovereignty or succession.""]","851acb012ccfa2a4bfa05ea83ec2694b3f773a7a6fee8703e87969c9225e6997",""
"entity-niue@1920/relationships","entity-niue@1920","niue-nz-administration-core","Niue — New Zealand dependency","1920","relationships","MISSING","C","partially-supported","dependent-administration","false","[]","[]","[]","[]","{""map_identity_id"":""entity-niue"",""aliases"":[],""historical_names"":[{""value"":""Niue — New Zealand dependency"",""kind"":""primary"",""validFrom"":""1902-01-01"",""validUntil"":""1961-01-01""}],""identifiers"":{}}","[""Snapshot context is not observation date or boundary date."",""Map geometry does not establish sovereignty or succession.""]","851acb012ccfa2a4bfa05ea83ec2694b3f773a7a6fee8703e87969c9225e6997",""
"entity-niue@1930/relationships","entity-niue@1930","niue-nz-administration-core","Niue — New Zealand dependency","1930","relationships","MISSING","C","partially-supported","dependent-administration","false","[]","[]","[]","[]","{""map_identity_id"":""entity-niue"",""aliases"":[],""historical_names"":[{""value"":""Niue — New Zealand dependency"",""kind"":""primary"",""validFrom"":""1902-01-01"",""validUntil"":""1961-01-01""}],""identifiers"":{}}","[""Snapshot context is not observation date or boundary date."",""Map geometry does not establish sovereignty or succession.""]","851acb012ccfa2a4bfa05ea83ec2694b3f773a7a6fee8703e87969c9225e6997",""
"entity-niue@1938/relationships","entity-niue@1938","niue-nz-administration-core","Niue — New Zealand dependency","1938","relationships","MISSING","C","partially-supported","dependent-administration","false","[]","[]","[]","[]","{""map_identity_id"":""entity-niue"",""aliases"":[],""historical_names"":[{""value"":""Niue — New Zealand dependency"",""kind"":""primary"",""validFrom"":""1902-01-01"",""validUntil"":""1961-01-01""}],""identifiers"":{}}","[""Snapshot context is not observation date or boundary date."",""Map geometry does not establish sovereignty or succession.""]","851acb012ccfa2a4bfa05ea83ec2694b3f773a7a6fee8703e87969c9225e6997",""
"entity-niue@1945/relationships","entity-niue@1945","niue-nz-administration-core","Niue — New Zealand dependency","1945","relationships","MISSING","C","partially-supported","dependent-administration","false","[]","[]","[]","[]","{""map_identity_id"":""entity-niue"",""aliases"":[],""historical_names"":[{""value"":""Niue — New Zealand dependency"",""kind"":""primary"",""validFrom"":""1902-01-01"",""validUntil"":""1961-01-01""}],""identifiers"":{}}","[""Snapshot context is not observation date or boundary date."",""Map geometry does not establish sovereignty or succession.""]","851acb012ccfa2a4bfa05ea83ec2694b3f773a7a6fee8703e87969c9225e6997",""
"entity-niue@1960/relationships","entity-niue@1960","niue-nz-administration-core","Niue — New Zealand dependency","1960","relationships","MISSING","C","partially-supported","dependent-administration","false","[]","[]","[]","[]","{""map_identity_id"":""entity-niue"",""aliases"":[],""historical_names"":[{""value"":""Niue — New Zealand dependency"",""kind"":""primary"",""validFrom"":""1902-01-01"",""validUntil"":""1961-01-01""}],""identifiers"":{}}","[""Snapshot context is not observation date or boundary date."",""Map geometry does not establish sovereignty or succession.""]","851acb012ccfa2a4bfa05ea83ec2694b3f773a7a6fee8703e87969c9225e6997",""
"entity-american-samoa@1878/relationships","entity-american-samoa@1878","","American Samoa","1878","relationships","MISSING","C","held-ambiguous","dependent-administration","true","[]","[]","[]","[]","{""map_identity_id"":""entity-american-samoa"",""aliases"":[],""historical_names"":[],""identifiers"":{}}","[""Snapshot context is not observation date or boundary date."",""Map geometry does not establish sovereignty or succession."",""Resolve historical identity before proposing entity-specific facts.""]","851acb012ccfa2a4bfa05ea83ec2694b3f773a7a6fee8703e87969c9225e6997",""
"entity-american-samoa@1880/relationships","entity-american-samoa@1880","","American Samoa","1880","relationships","MISSING","C","held-ambiguous","dependent-administration","true","[]","[]","[]","[]","{""map_identity_id"":""entity-american-samoa"",""aliases"":[],""historical_names"":[],""identifiers"":{}}","[""Snapshot context is not observation date or boundary date."",""Map geometry does not establish sovereignty or succession."",""Resolve historical identity before proposing entity-specific facts.""]","851acb012ccfa2a4bfa05ea83ec2694b3f773a7a6fee8703e87969c9225e6997",""
"entity-american-samoa@1900/relationships","entity-american-samoa@1900","","American Samoa","1900","relationships","MISSING","C","held-ambiguous","dependent-administration","true","[]","[]","[]","[]","{""map_identity_id"":""entity-american-samoa"",""aliases"":[],""historical_names"":[],""identifiers"":{}}","[""Snapshot context is not observation date or boundary date."",""Map geometry does not establish sovereignty or succession."",""Resolve historical identity before proposing entity-specific facts.""]","851acb012ccfa2a4bfa05ea83ec2694b3f773a7a6fee8703e87969c9225e6997",""
"entity-american-samoa@1914/relationships","entity-american-samoa@1914","american-samoa-naval-core","American Samoa — naval territorial administration","1914","relationships","MISSING","C","partially-supported","dependent-administration","false","[]","[]","[]","[]","{""map_identity_id"":""entity-american-samoa"",""aliases"":[],""historical_names"":[{""value"":""American Samoa — naval territorial administration"",""kind"":""primary"",""validFrom"":""1905-01-01"",""validUntil"":""1951-01-01""}],""identifiers"":{}}","[""Snapshot context is not observation date or boundary date."",""Map geometry does not establish sovereignty or succession.""]","851acb012ccfa2a4bfa05ea83ec2694b3f773a7a6fee8703e87969c9225e6997",""
"entity-american-samoa@1920/relationships","entity-american-samoa@1920","american-samoa-naval-core","American Samoa — naval territorial administration","1920","relationships","MISSING","C","partially-supported","dependent-administration","false","[]","[]","[]","[]","{""map_identity_id"":""entity-american-samoa"",""aliases"":[],""historical_names"":[{""value"":""American Samoa — naval territorial administration"",""kind"":""primary"",""validFrom"":""1905-01-01"",""validUntil"":""1951-01-01""}],""identifiers"":{}}","[""Snapshot context is not observation date or boundary date."",""Map geometry does not establish sovereignty or succession.""]","851acb012ccfa2a4bfa05ea83ec2694b3f773a7a6fee8703e87969c9225e6997",""
"entity-american-samoa@1930/relationships","entity-american-samoa@1930","american-samoa-naval-core","American Samoa — naval territorial administration","1930","relationships","MISSING","C","partially-supported","dependent-administration","false","[]","[]","[]","[]","{""map_identity_id"":""entity-american-samoa"",""aliases"":[],""historical_names"":[{""value"":""American Samoa — naval territorial administration"",""kind"":""primary"",""validFrom"":""1905-01-01"",""validUntil"":""1951-01-01""}],""identifiers"":{}}","[""Snapshot context is not observation date or boundary date."",""Map geometry does not establish sovereignty or succession.""]","851acb012ccfa2a4bfa05ea83ec2694b3f773a7a6fee8703e87969c9225e6997",""
"entity-american-samoa@1938/relationships","entity-american-samoa@1938","american-samoa-naval-core","American Samoa — naval territorial administration","1938","relationships","MISSING","C","partially-supported","dependent-administration","false","[]","[]","[]","[]","{""map_identity_id"":""entity-american-samoa"",""aliases"":[],""historical_names"":[{""value"":""American Samoa — naval territorial administration"",""kind"":""primary"",""validFrom"":""1905-01-01"",""validUntil"":""1951-01-01""}],""identifiers"":{}}","[""Snapshot context is not observation date or boundary date."",""Map geometry does not establish sovereignty or succession.""]","851acb012ccfa2a4bfa05ea83ec2694b3f773a7a6fee8703e87969c9225e6997",""
"entity-american-samoa@1945/relationships","entity-american-samoa@1945","american-samoa-naval-core","American Samoa — naval territorial administration","1945","relationships","MISSING","C","partially-supported","dependent-administration","false","[]","[]","[]","[]","{""map_identity_id"":""entity-american-samoa"",""aliases"":[],""historical_names"":[{""value"":""American Samoa — naval territorial administration"",""kind"":""primary"",""validFrom"":""1905-01-01"",""validUntil"":""1951-01-01""}],""identifiers"":{}}","[""Snapshot context is not observation date or boundary date."",""Map geometry does not establish sovereignty or succession.""]","851acb012ccfa2a4bfa05ea83ec2694b3f773a7a6fee8703e87969c9225e6997",""
"entity-american-samoa@1960/relationships","entity-american-samoa@1960","american-samoa-interior-1960-core","American Samoa — Interior administration in 1960","1960","relationships","MISSING","C","partially-supported","dependent-administration","false","[]","[]","[]","[]","{""map_identity_id"":""entity-american-samoa"",""aliases"":[],""historical_names"":[{""value"":""American Samoa — Interior administration in 1960"",""kind"":""primary"",""validFrom"":""1960-01-01"",""validUntil"":""1961-01-01""}],""identifiers"":{}}","[""Snapshot context is not observation date or boundary date."",""Map geometry does not establish sovereignty or succession.""]","851acb012ccfa2a4bfa05ea83ec2694b3f773a7a6fee8703e87969c9225e6997",""
"entity-french-guiana@1930/relationships","entity-french-guiana@1930","","French Guiana","1930","relationships","MISSING","C","completely-empty","dependent-administration","true","[]","[]","[]","[]","{""map_identity_id"":""entity-french-guiana"",""aliases"":[],""historical_names"":[],""identifiers"":{}}","[""Snapshot context is not observation date or boundary date."",""Map geometry does not establish sovereignty or succession."",""Resolve historical identity before proposing entity-specific facts.""]","851acb012ccfa2a4bfa05ea83ec2694b3f773a7a6fee8703e87969c9225e6997",""
"entity-french-guiana@1938/relationships","entity-french-guiana@1938","","French Guiana","1938","relationships","MISSING","C","completely-empty","dependent-administration","true","[]","[]","[]","[]","{""map_identity_id"":""entity-french-guiana"",""aliases"":[],""historical_names"":[],""identifiers"":{}}","[""Snapshot context is not observation date or boundary date."",""Map geometry does not establish sovereignty or succession."",""Resolve historical identity before proposing entity-specific facts.""]","851acb012ccfa2a4bfa05ea83ec2694b3f773a7a6fee8703e87969c9225e6997",""
"entity-french-guiana@1945/relationships","entity-french-guiana@1945","","French Guiana","1945","relationships","MISSING","C","completely-empty","dependent-administration","true","[]","[]","[]","[]","{""map_identity_id"":""entity-french-guiana"",""aliases"":[],""historical_names"":[],""identifiers"":{}}","[""Snapshot context is not observation date or boundary date."",""Map geometry does not establish sovereignty or succession."",""Resolve historical identity before proposing entity-specific facts.""]","851acb012ccfa2a4bfa05ea83ec2694b3f773a7a6fee8703e87969c9225e6997",""
"entity-french-guiana@1960/relationships","entity-french-guiana@1960","french-guiana-departmental-framework","French Guiana — French departmental government","1960","relationships","MISSING","C","partially-supported","dependent-administration","false","[]","[]","[]","[]","{""map_identity_id"":""entity-french-guiana"",""aliases"":[],""historical_names"":[{""value"":""French Guiana — French departmental government"",""kind"":""primary"",""validFrom"":""1948-01-01"",""validUntil"":""1961-01-01""}],""identifiers"":{}}","[""Snapshot context is not observation date or boundary date."",""Map geometry does not establish sovereignty or succession.""]","851acb012ccfa2a4bfa05ea83ec2694b3f773a7a6fee8703e87969c9225e6997",""
"entity-saint-barthelemy@1800/relationships","entity-saint-barthelemy@1800","","Saint Barthelemy","1800","relationships","MISSING","C","completely-empty","dependent-administration","true","[]","[]","[]","[]","{""map_identity_id"":""entity-saint-barthelemy"",""aliases"":[],""historical_names"":[],""identifiers"":{}}","[""Snapshot context is not observation date or boundary date."",""Map geometry does not establish sovereignty or succession."",""Resolve historical identity before proposing entity-specific facts.""]","851acb012ccfa2a4bfa05ea83ec2694b3f773a7a6fee8703e87969c9225e6997",""
"entity-saint-barthelemy@1878/relationships","entity-saint-barthelemy@1878","","Saint Barthelemy","1878","relationships","MISSING","C","held-ambiguous","dependent-administration","true","[]","[]","[]","[]","{""map_identity_id"":""entity-saint-barthelemy"",""aliases"":[],""historical_names"":[],""identifiers"":{}}","[""Snapshot context is not observation date or boundary date."",""Map geometry does not establish sovereignty or succession."",""Resolve historical identity before proposing entity-specific facts.""]","851acb012ccfa2a4bfa05ea83ec2694b3f773a7a6fee8703e87969c9225e6997",""
"entity-belize@1938/relationships","entity-belize@1938","","Belize","1938","relationships","MISSING","C","completely-empty","dependent-administration","true","[]","[]","[]","[]","{""map_identity_id"":""entity-belize"",""aliases"":[],""historical_names"":[],""identifiers"":{}}","[""Snapshot context is not observation date or boundary date."",""Map geometry does not establish sovereignty or succession."",""Resolve historical identity before proposing entity-specific facts.""]","851acb012ccfa2a4bfa05ea83ec2694b3f773a7a6fee8703e87969c9225e6997",""
"entity-belize@1945/relationships","entity-belize@1945","","Belize","1945","relationships","MISSING","C","completely-empty","dependent-administration","true","[]","[]","[]","[]","{""map_identity_id"":""entity-belize"",""aliases"":[],""historical_names"":[],""identifiers"":{}}","[""Snapshot context is not observation date or boundary date."",""Map geometry does not establish sovereignty or succession."",""Resolve historical identity before proposing entity-specific facts.""]","851acb012ccfa2a4bfa05ea83ec2694b3f773a7a6fee8703e87969c9225e6997",""
"entity-belize@1960/relationships","entity-belize@1960","","Belize","1960","relationships","MISSING","C","completely-empty","dependent-administration","true","[]","[]","[]","[]","{""map_identity_id"":""entity-belize"",""aliases"":[],""historical_names"":[],""identifiers"":{}}","[""Snapshot context is not observation date or boundary date."",""Map geometry does not establish sovereignty or succession."",""Resolve historical identity before proposing entity-specific facts.""]","851acb012ccfa2a4bfa05ea83ec2694b3f773a7a6fee8703e87969c9225e6997",""
"entity-qatar@1878/relationships","entity-qatar@1878","qatar-ottoman-period-core","Qatar — Ottoman relationship","1878","relationships","MISSING","C","partially-supported","political-polity","false","[]","[]","[]","[]","{""map_identity_id"":""entity-qatar"",""aliases"":[],""historical_names"":[{""value"":""Qatar — Ottoman relationship"",""kind"":""primary"",""validFrom"":""1878-01-01"",""validUntil"":""1881-01-01""}],""identifiers"":{}}","[""Snapshot context is not observation date or boundary date."",""Map geometry does not establish sovereignty or succession.""]","851acb012ccfa2a4bfa05ea83ec2694b3f773a7a6fee8703e87969c9225e6997",""
"entity-qatar@1880/relationships","entity-qatar@1880","qatar-ottoman-period-core","Qatar — Ottoman relationship","1880","relationships","MISSING","C","partially-supported","political-polity","false","[]","[]","[]","[]","{""map_identity_id"":""entity-qatar"",""aliases"":[],""historical_names"":[{""value"":""Qatar — Ottoman relationship"",""kind"":""primary"",""validFrom"":""1878-01-01"",""validUntil"":""1881-01-01""}],""identifiers"":{}}","[""Snapshot context is not observation date or boundary date."",""Map geometry does not establish sovereignty or succession.""]","851acb012ccfa2a4bfa05ea83ec2694b3f773a7a6fee8703e87969c9225e6997",""
"entity-qatar@1900/relationships","entity-qatar@1900","","Qatar","1900","relationships","MISSING","C","completely-empty","political-polity","true","[]","[]","[]","[]","{""map_identity_id"":""entity-qatar"",""aliases"":[],""historical_names"":[],""identifiers"":{}}","[""Snapshot context is not observation date or boundary date."",""Map geometry does not establish sovereignty or succession."",""Resolve historical identity before proposing entity-specific facts.""]","851acb012ccfa2a4bfa05ea83ec2694b3f773a7a6fee8703e87969c9225e6997",""
"entity-qatar@1914/relationships","entity-qatar@1914","","Qatar","1914","relationships","MISSING","C","completely-empty","political-polity","true","[]","[]","[]","[]","{""map_identity_id"":""entity-qatar"",""aliases"":[],""historical_names"":[],""identifiers"":{}}","[""Snapshot context is not observation date or boundary date."",""Map geometry does not establish sovereignty or succession."",""Resolve historical identity before proposing entity-specific facts.""]","851acb012ccfa2a4bfa05ea83ec2694b3f773a7a6fee8703e87969c9225e6997",""
"entity-wallis-and-futuna-islands@1878/relationships","entity-wallis-and-futuna-islands@1878","","Wallis and Futuna Islands","1878","relationships","MISSING","C","held-ambiguous","dependent-administration","true","[]","[]","[]","[]","{""map_identity_id"":""entity-wallis-and-futuna-islands"",""aliases"":[],""historical_names"":[],""identifiers"":{}}","[""Snapshot context is not observation date or boundary date."",""Map geometry does not establish sovereignty or succession."",""Resolve historical identity before proposing entity-specific facts.""]","851acb012ccfa2a4bfa05ea83ec2694b3f773a7a6fee8703e87969c9225e6997",""
"entity-wallis-and-futuna-islands@1880/relationships","entity-wallis-and-futuna-islands@1880","","Wallis and Futuna Islands","1880","relationships","MISSING","C","held-ambiguous","dependent-administration","true","[]","[]","[]","[]","{""map_identity_id"":""entity-wallis-and-futuna-islands"",""aliases"":[],""historical_names"":[],""identifiers"":{}}","[""Snapshot context is not observation date or boundary date."",""Map geometry does not establish sovereignty or succession."",""Resolve historical identity before proposing entity-specific facts.""]","851acb012ccfa2a4bfa05ea83ec2694b3f773a7a6fee8703e87969c9225e6997",""
"entity-wallis-and-futuna-islands@1900/relationships","entity-wallis-and-futuna-islands@1900","wallis-futuna-protectorate-core","Wallis and Futuna — French protectorate","1900","relationships","MISSING","C","partially-supported","dependent-administration","false","[]","[]","[]","[]","{""map_identity_id"":""entity-wallis-and-futuna-islands"",""aliases"":[],""historical_names"":[{""value"":""Wallis and Futuna — French protectorate"",""kind"":""primary"",""validFrom"":""1900-01-01"",""validUntil"":""1961-01-01""}],""identifiers"":{}}","[""Snapshot context is not observation date or boundary date."",""Map geometry does not establish sovereignty or succession.""]","851acb012ccfa2a4bfa05ea83ec2694b3f773a7a6fee8703e87969c9225e6997",""
"entity-wallis-and-futuna-islands@1914/relationships","entity-wallis-and-futuna-islands@1914","wallis-futuna-protectorate-core","Wallis and Futuna — French protectorate","1914","relationships","MISSING","C","partially-supported","dependent-administration","false","[]","[]","[]","[]","{""map_identity_id"":""entity-wallis-and-futuna-islands"",""aliases"":[],""historical_names"":[{""value"":""Wallis and Futuna — French protectorate"",""kind"":""primary"",""validFrom"":""1900-01-01"",""validUntil"":""1961-01-01""}],""identifiers"":{}}","[""Snapshot context is not observation date or boundary date."",""Map geometry does not establish sovereignty or succession.""]","851acb012ccfa2a4bfa05ea83ec2694b3f773a7a6fee8703e87969c9225e6997",""
"entity-wallis-and-futuna-islands@1920/relationships","entity-wallis-and-futuna-islands@1920","wallis-futuna-protectorate-core","Wallis and Futuna — French protectorate","1920","relationships","MISSING","C","partially-supported","dependent-administration","false","[]","[]","[]","[]","{""map_identity_id"":""entity-wallis-and-futuna-islands"",""aliases"":[],""historical_names"":[{""value"":""Wallis and Futuna — French protectorate"",""kind"":""primary"",""validFrom"":""1900-01-01"",""validUntil"":""1961-01-01""}],""identifiers"":{}}","[""Snapshot context is not observation date or boundary date."",""Map geometry does not establish sovereignty or succession.""]","851acb012ccfa2a4bfa05ea83ec2694b3f773a7a6fee8703e87969c9225e6997",""
"entity-wallis-and-futuna-islands@1930/relationships","entity-wallis-and-futuna-islands@1930","wallis-futuna-protectorate-core","Wallis and Futuna — French protectorate","1930","relationships","MISSING","C","partially-supported","dependent-administration","false","[]","[]","[]","[]","{""map_identity_id"":""entity-wallis-and-futuna-islands"",""aliases"":[],""historical_names"":[{""value"":""Wallis and Futuna — French protectorate"",""kind"":""primary"",""validFrom"":""1900-01-01"",""validUntil"":""1961-01-01""}],""identifiers"":{}}","[""Snapshot context is not observation date or boundary date."",""Map geometry does not establish sovereignty or succession.""]","851acb012ccfa2a4bfa05ea83ec2694b3f773a7a6fee8703e87969c9225e6997",""
"entity-wallis-and-futuna-islands@1938/relationships","entity-wallis-and-futuna-islands@1938","wallis-futuna-protectorate-core","Wallis and Futuna — French protectorate","1938","relationships","MISSING","C","partially-supported","dependent-administration","false","[]","[]","[]","[]","{""map_identity_id"":""entity-wallis-and-futuna-islands"",""aliases"":[],""historical_names"":[{""value"":""Wallis and Futuna — French protectorate"",""kind"":""primary"",""validFrom"":""1900-01-01"",""validUntil"":""1961-01-01""}],""identifiers"":{}}","[""Snapshot context is not observation date or boundary date."",""Map geometry does not establish sovereignty or succession.""]","851acb012ccfa2a4bfa05ea83ec2694b3f773a7a6fee8703e87969c9225e6997",""
"entity-wallis-and-futuna-islands@1945/relationships","entity-wallis-and-futuna-islands@1945","wallis-futuna-protectorate-core","Wallis and Futuna — French protectorate","1945","relationships","MISSING","C","partially-supported","dependent-administration","false","[]","[]","[]","[]","{""map_identity_id"":""entity-wallis-and-futuna-islands"",""aliases"":[],""historical_names"":[{""value"":""Wallis and Futuna — French protectorate"",""kind"":""primary"",""validFrom"":""1900-01-01"",""validUntil"":""1961-01-01""}],""identifiers"":{}}","[""Snapshot context is not observation date or boundary date."",""Map geometry does not establish sovereignty or succession.""]","851acb012ccfa2a4bfa05ea83ec2694b3f773a7a6fee8703e87969c9225e6997",""
"entity-wallis-and-futuna-islands@1960/relationships","entity-wallis-and-futuna-islands@1960","wallis-futuna-protectorate-core","Wallis and Futuna — French protectorate","1960","relationships","MISSING","C","partially-supported","dependent-administration","false","[]","[]","[]","[]","{""map_identity_id"":""entity-wallis-and-futuna-islands"",""aliases"":[],""historical_names"":[{""value"":""Wallis and Futuna — French protectorate"",""kind"":""primary"",""validFrom"":""1900-01-01"",""validUntil"":""1961-01-01""}],""identifiers"":{}}","[""Snapshot context is not observation date or boundary date."",""Map geometry does not establish sovereignty or succession.""]","851acb012ccfa2a4bfa05ea83ec2694b3f773a7a6fee8703e87969c9225e6997",""
"entity-burundi@1815/relationships","entity-burundi@1815","b17-burundi-precolonial","Burundi — precolonial kingdom","1815","relationships","MISSING","C","partially-supported","political-polity","false","[]","[]","[]","[]","{""map_identity_id"":""entity-burundi"",""aliases"":[],""historical_names"":[{""value"":""Burundi — precolonial kingdom"",""kind"":""primary"",""validFrom"":""1815-01-01"",""validUntil"":""1881-01-01""}],""identifiers"":{}}","[""Snapshot context is not observation date or boundary date."",""Map geometry does not establish sovereignty or succession.""]","851acb012ccfa2a4bfa05ea83ec2694b3f773a7a6fee8703e87969c9225e6997",""
"entity-burundi@1878/relationships","entity-burundi@1878","b17-burundi-precolonial","Burundi — precolonial kingdom","1878","relationships","MISSING","C","partially-supported","political-polity","false","[]","[]","[]","[]","{""map_identity_id"":""entity-burundi"",""aliases"":[],""historical_names"":[{""value"":""Burundi — precolonial kingdom"",""kind"":""primary"",""validFrom"":""1815-01-01"",""validUntil"":""1881-01-01""}],""identifiers"":{}}","[""Snapshot context is not observation date or boundary date."",""Map geometry does not establish sovereignty or succession.""]","851acb012ccfa2a4bfa05ea83ec2694b3f773a7a6fee8703e87969c9225e6997",""
"entity-burundi@1880/relationships","entity-burundi@1880","b17-burundi-precolonial","Burundi — precolonial kingdom","1880","relationships","MISSING","C","partially-supported","political-polity","false","[]","[]","[]","[]","{""map_identity_id"":""entity-burundi"",""aliases"":[],""historical_names"":[{""value"":""Burundi — precolonial kingdom"",""kind"":""primary"",""validFrom"":""1815-01-01"",""validUntil"":""1881-01-01""}],""identifiers"":{}}","[""Snapshot context is not observation date or boundary date."",""Map geometry does not establish sovereignty or succession.""]","851acb012ccfa2a4bfa05ea83ec2694b3f773a7a6fee8703e87969c9225e6997",""
"entity-burundi@1920/relationships","entity-burundi@1920","","Burundi","1920","relationships","MISSING","C","completely-empty","political-polity","true","[]","[]","[]","[]","{""map_identity_id"":""entity-burundi"",""aliases"":[],""historical_names"":[],""identifiers"":{}}","[""Snapshot context is not observation date or boundary date."",""Map geometry does not establish sovereignty or succession."",""Resolve historical identity before proposing entity-specific facts.""]","851acb012ccfa2a4bfa05ea83ec2694b3f773a7a6fee8703e87969c9225e6997",""
"entity-swaziland@1878/relationships","entity-swaziland@1878","b20-swazi-royal","Swazi royal polity","1878","relationships","MISSING","C","partially-supported","political-polity","false","[]","[]","[]","[]","{""map_identity_id"":""entity-swaziland"",""aliases"":[],""historical_names"":[{""value"":""Swazi royal polity"",""kind"":""primary"",""validFrom"":""1878-01-01"",""validUntil"":""1881-01-01""}],""identifiers"":{}}","[""Snapshot context is not observation date or boundary date."",""Map geometry does not establish sovereignty or succession.""]","851acb012ccfa2a4bfa05ea83ec2694b3f773a7a6fee8703e87969c9225e6997",""
"entity-swaziland@1880/relationships","entity-swaziland@1880","b20-swazi-royal","Swazi royal polity","1880","relationships","MISSING","C","partially-supported","political-polity","false","[]","[]","[]","[]","{""map_identity_id"":""entity-swaziland"",""aliases"":[],""historical_names"":[{""value"":""Swazi royal polity"",""kind"":""primary"",""validFrom"":""1878-01-01"",""validUntil"":""1881-01-01""}],""identifiers"":{}}","[""Snapshot context is not observation date or boundary date."",""Map geometry does not establish sovereignty or succession.""]","851acb012ccfa2a4bfa05ea83ec2694b3f773a7a6fee8703e87969c9225e6997",""
"entity-swaziland@1900/relationships","entity-swaziland@1900","","Swaziland","1900","relationships","MISSING","C","completely-empty","political-polity","true","[]","[]","[]","[]","{""map_identity_id"":""entity-swaziland"",""aliases"":[],""historical_names"":[],""identifiers"":{}}","[""Snapshot context is not observation date or boundary date."",""Map geometry does not establish sovereignty or succession."",""Resolve historical identity before proposing entity-specific facts.""]","851acb012ccfa2a4bfa05ea83ec2694b3f773a7a6fee8703e87969c9225e6997",""
"entity-antigua-and-barbuda@1815/relationships","entity-antigua-and-barbuda@1815","","Antigua and Barbuda","1815","relationships","MISSING","C","completely-empty","dependent-administration","true","[]","[]","[]","[]","{""map_identity_id"":""entity-antigua-and-barbuda"",""aliases"":[],""historical_names"":[],""identifiers"":{}}","[""Snapshot context is not observation date or boundary date."",""Map geometry does not establish sovereignty or succession."",""Resolve historical identity before proposing entity-specific facts.""]","851acb012ccfa2a4bfa05ea83ec2694b3f773a7a6fee8703e87969c9225e6997",""
"entity-montserrat@1815/relationships","entity-montserrat@1815","","Montserrat","1815","relationships","MISSING","C","completely-empty","dependent-administration","true","[]","[]","[]","[]","{""map_identity_id"":""entity-montserrat"",""aliases"":[],""historical_names"":[],""identifiers"":{}}","[""Snapshot context is not observation date or boundary date."",""Map geometry does not establish sovereignty or succession."",""Resolve historical identity before proposing entity-specific facts.""]","851acb012ccfa2a4bfa05ea83ec2694b3f773a7a6fee8703e87969c9225e6997",""
"entity-panama@1914/relationships","entity-panama@1914","b10-panama-1904-core","Panama — early constitutional republic","1914","relationships","MISSING","C","partially-supported","political-polity","false","[]","[]","[]","[]","{""map_identity_id"":""entity-panama"",""aliases"":[],""historical_names"":[{""value"":""Panama — early constitutional republic"",""kind"":""primary"",""validFrom"":""1914-01-01"",""validUntil"":""1915-01-01""}],""identifiers"":{}}","[""Snapshot context is not observation date or boundary date."",""Map geometry does not establish sovereignty or succession.""]","851acb012ccfa2a4bfa05ea83ec2694b3f773a7a6fee8703e87969c9225e6997",""
"entity-panama@1920/relationships","entity-panama@1920","","Panama","1920","relationships","MISSING","C","completely-empty","political-polity","true","[]","[]","[]","[]","{""map_identity_id"":""entity-panama"",""aliases"":[],""historical_names"":[],""identifiers"":{}}","[""Snapshot context is not observation date or boundary date."",""Map geometry does not establish sovereignty or succession."",""Resolve historical identity before proposing entity-specific facts.""]","851acb012ccfa2a4bfa05ea83ec2694b3f773a7a6fee8703e87969c9225e6997",""
"entity-panama@1930/relationships","entity-panama@1930","","Panama","1930","relationships","MISSING","C","completely-empty","political-polity","true","[]","[]","[]","[]","{""map_identity_id"":""entity-panama"",""aliases"":[],""historical_names"":[],""identifiers"":{}}","[""Snapshot context is not observation date or boundary date."",""Map geometry does not establish sovereignty or succession."",""Resolve historical identity before proposing entity-specific facts.""]","851acb012ccfa2a4bfa05ea83ec2694b3f773a7a6fee8703e87969c9225e6997",""
"entity-panama@1938/relationships","entity-panama@1938","","Panama","1938","relationships","MISSING","C","completely-empty","political-polity","true","[]","[]","[]","[]","{""map_identity_id"":""entity-panama"",""aliases"":[],""historical_names"":[],""identifiers"":{}}","[""Snapshot context is not observation date or boundary date."",""Map geometry does not establish sovereignty or succession."",""Resolve historical identity before proposing entity-specific facts.""]","851acb012ccfa2a4bfa05ea83ec2694b3f773a7a6fee8703e87969c9225e6997",""
"entity-panama@1945/relationships","entity-panama@1945","","Panama","1945","relationships","MISSING","C","completely-empty","political-polity","true","[]","[]","[]","[]","{""map_identity_id"":""entity-panama"",""aliases"":[],""historical_names"":[],""identifiers"":{}}","[""Snapshot context is not observation date or boundary date."",""Map geometry does not establish sovereignty or succession."",""Resolve historical identity before proposing entity-specific facts.""]","851acb012ccfa2a4bfa05ea83ec2694b3f773a7a6fee8703e87969c9225e6997",""
"entity-panama@1960/relationships","entity-panama@1960","","Panama","1960","relationships","MISSING","C","completely-empty","political-polity","true","[]","[]","[]","[]","{""map_identity_id"":""entity-panama"",""aliases"":[],""historical_names"":[],""identifiers"":{}}","[""Snapshot context is not observation date or boundary date."",""Map geometry does not establish sovereignty or succession."",""Resolve historical identity before proposing entity-specific facts.""]","851acb012ccfa2a4bfa05ea83ec2694b3f773a7a6fee8703e87969c9225e6997",""
"entity-equatorial-guinea@1914/relationships","entity-equatorial-guinea@1914","","Equatorial Guinea","1914","relationships","MISSING","C","completely-empty","dependent-administration","true","[]","[]","[]","[]","{""map_identity_id"":""entity-equatorial-guinea"",""aliases"":[],""historical_names"":[],""identifiers"":{}}","[""Snapshot context is not observation date or boundary date."",""Map geometry does not establish sovereignty or succession."",""Resolve historical identity before proposing entity-specific facts.""]","851acb012ccfa2a4bfa05ea83ec2694b3f773a7a6fee8703e87969c9225e6997",""
"entity-equatorial-guinea@1920/relationships","entity-equatorial-guinea@1920","","Equatorial Guinea","1920","relationships","MISSING","C","completely-empty","dependent-administration","true","[]","[]","[]","[]","{""map_identity_id"":""entity-equatorial-guinea"",""aliases"":[],""historical_names"":[],""identifiers"":{}}","[""Snapshot context is not observation date or boundary date."",""Map geometry does not establish sovereignty or succession."",""Resolve historical identity before proposing entity-specific facts.""]","851acb012ccfa2a4bfa05ea83ec2694b3f773a7a6fee8703e87969c9225e6997",""
"entity-equatorial-guinea@1930/relationships","entity-equatorial-guinea@1930","","Equatorial Guinea","1930","relationships","MISSING","C","completely-empty","dependent-administration","true","[]","[]","[]","[]","{""map_identity_id"":""entity-equatorial-guinea"",""aliases"":[],""historical_names"":[],""identifiers"":{}}","[""Snapshot context is not observation date or boundary date."",""Map geometry does not establish sovereignty or succession."",""Resolve historical identity before proposing entity-specific facts.""]","851acb012ccfa2a4bfa05ea83ec2694b3f773a7a6fee8703e87969c9225e6997",""
"entity-equatorial-guinea@1938/relationships","entity-equatorial-guinea@1938","","Equatorial Guinea","1938","relationships","MISSING","C","completely-empty","dependent-administration","true","[]","[]","[]","[]","{""map_identity_id"":""entity-equatorial-guinea"",""aliases"":[],""historical_names"":[],""identifiers"":{}}","[""Snapshot context is not observation date or boundary date."",""Map geometry does not establish sovereignty or succession."",""Resolve historical identity before proposing entity-specific facts.""]","851acb012ccfa2a4bfa05ea83ec2694b3f773a7a6fee8703e87969c9225e6997",""
"entity-equatorial-guinea@1945/relationships","entity-equatorial-guinea@1945","","Equatorial Guinea","1945","relationships","MISSING","C","completely-empty","dependent-administration","true","[]","[]","[]","[]","{""map_identity_id"":""entity-equatorial-guinea"",""aliases"":[],""historical_names"":[],""identifiers"":{}}","[""Snapshot context is not observation date or boundary date."",""Map geometry does not establish sovereignty or succession."",""Resolve historical identity before proposing entity-specific facts.""]","851acb012ccfa2a4bfa05ea83ec2694b3f773a7a6fee8703e87969c9225e6997",""
"entity-tonga@1878/relationships","entity-tonga@1878","tonga-independent-constitutional-core","Tonga — constitutional kingdom before British protection","1878","relationships","MISSING","C","partially-supported","political-polity","false","[]","[]","[]","[]","{""map_identity_id"":""entity-tonga"",""aliases"":[],""historical_names"":[{""value"":""Tonga — constitutional kingdom before British protection"",""kind"":""primary"",""validFrom"":""1878-01-01"",""validUntil"":""1881-01-01""}],""identifiers"":{}}","[""Snapshot context is not observation date or boundary date."",""Map geometry does not establish sovereignty or succession.""]","851acb012ccfa2a4bfa05ea83ec2694b3f773a7a6fee8703e87969c9225e6997",""
"entity-tonga@1880/relationships","entity-tonga@1880","tonga-independent-constitutional-core","Tonga — constitutional kingdom before British protection","1880","relationships","MISSING","C","partially-supported","political-polity","false","[]","[]","[]","[]","{""map_identity_id"":""entity-tonga"",""aliases"":[],""historical_names"":[{""value"":""Tonga — constitutional kingdom before British protection"",""kind"":""primary"",""validFrom"":""1878-01-01"",""validUntil"":""1881-01-01""}],""identifiers"":{}}","[""Snapshot context is not observation date or boundary date."",""Map geometry does not establish sovereignty or succession.""]","851acb012ccfa2a4bfa05ea83ec2694b3f773a7a6fee8703e87969c9225e6997",""
"entity-tonga@1900/relationships","entity-tonga@1900","","Tonga","1900","relationships","MISSING","C","completely-empty","political-polity","true","[]","[]","[]","[]","{""map_identity_id"":""entity-tonga"",""aliases"":[],""historical_names"":[],""identifiers"":{}}","[""Snapshot context is not observation date or boundary date."",""Map geometry does not establish sovereignty or succession."",""Resolve historical identity before proposing entity-specific facts.""]","851acb012ccfa2a4bfa05ea83ec2694b3f773a7a6fee8703e87969c9225e6997",""
"entity-guadeloupe@1815/relationships","entity-guadeloupe@1815","","Guadeloupe","1815","relationships","MISSING","C","completely-empty","dependent-administration","true","[]","[]","[]","[]","{""map_identity_id"":""entity-guadeloupe"",""aliases"":[],""historical_names"":[],""identifiers"":{}}","[""Snapshot context is not observation date or boundary date."",""Map geometry does not establish sovereignty or succession."",""Resolve historical identity before proposing entity-specific facts.""]","851acb012ccfa2a4bfa05ea83ec2694b3f773a7a6fee8703e87969c9225e6997",""
"entity-saint-vincent-and-the-grenadines@1815/relationships","entity-saint-vincent-and-the-grenadines@1815","","Saint Vincent and the Grenadines","1815","relationships","MISSING","C","completely-empty","dependent-administration","true","[]","[]","[]","[]","{""map_identity_id"":""entity-saint-vincent-and-the-grenadines"",""aliases"":[],""historical_names"":[],""identifiers"":{}}","[""Snapshot context is not observation date or boundary date."",""Map geometry does not establish sovereignty or succession."",""Resolve historical identity before proposing entity-specific facts.""]","851acb012ccfa2a4bfa05ea83ec2694b3f773a7a6fee8703e87969c9225e6997",""
"entity-saint-vincent-and-the-grenadines@1914/relationships","entity-saint-vincent-and-the-grenadines@1914","","Saint Vincent and the Grenadines","1914","relationships","MISSING","C","completely-empty","dependent-administration","true","[]","[]","[]","[]","{""map_identity_id"":""entity-saint-vincent-and-the-grenadines"",""aliases"":[],""historical_names"":[],""identifiers"":{}}","[""Snapshot context is not observation date or boundary date."",""Map geometry does not establish sovereignty or succession."",""Resolve historical identity before proposing entity-specific facts.""]","851acb012ccfa2a4bfa05ea83ec2694b3f773a7a6fee8703e87969c9225e6997",""
"entity-saint-vincent-and-the-grenadines@1920/relationships","entity-saint-vincent-and-the-grenadines@1920","","Saint Vincent and the Grenadines","1920","relationships","MISSING","C","completely-empty","dependent-administration","true","[]","[]","[]","[]","{""map_identity_id"":""entity-saint-vincent-and-the-grenadines"",""aliases"":[],""historical_names"":[],""identifiers"":{}}","[""Snapshot context is not observation date or boundary date."",""Map geometry does not establish sovereignty or succession."",""Resolve historical identity before proposing entity-specific facts.""]","851acb012ccfa2a4bfa05ea83ec2694b3f773a7a6fee8703e87969c9225e6997",""
"entity-saint-vincent-and-the-grenadines@1930/relationships","entity-saint-vincent-and-the-grenadines@1930","","Saint Vincent and the Grenadines","1930","relationships","MISSING","C","completely-empty","dependent-administration","true","[]","[]","[]","[]","{""map_identity_id"":""entity-saint-vincent-and-the-grenadines"",""aliases"":[],""historical_names"":[],""identifiers"":{}}","[""Snapshot context is not observation date or boundary date."",""Map geometry does not establish sovereignty or succession."",""Resolve historical identity before proposing entity-specific facts.""]","851acb012ccfa2a4bfa05ea83ec2694b3f773a7a6fee8703e87969c9225e6997",""
"entity-botswana@1938/relationships","entity-botswana@1938","","Botswana","1938","relationships","MISSING","C","completely-empty","dependent-administration","true","[]","[]","[]","[]","{""map_identity_id"":""entity-botswana"",""aliases"":[],""historical_names"":[],""identifiers"":{}}","[""Snapshot context is not observation date or boundary date."",""Map geometry does not establish sovereignty or succession."",""Resolve historical identity before proposing entity-specific facts.""]","851acb012ccfa2a4bfa05ea83ec2694b3f773a7a6fee8703e87969c9225e6997",""
"entity-botswana@1945/relationships","entity-botswana@1945","","Botswana","1945","relationships","MISSING","C","completely-empty","dependent-administration","true","[]","[]","[]","[]","{""map_identity_id"":""entity-botswana"",""aliases"":[],""historical_names"":[],""identifiers"":{}}","[""Snapshot context is not observation date or boundary date."",""Map geometry does not establish sovereignty or succession."",""Resolve historical identity before proposing entity-specific facts.""]","851acb012ccfa2a4bfa05ea83ec2694b3f773a7a6fee8703e87969c9225e6997",""
"entity-botswana@1960/relationships","entity-botswana@1960","","Botswana","1960","relationships","MISSING","C","completely-empty","dependent-administration","true","[]","[]","[]","[]","{""map_identity_id"":""entity-botswana"",""aliases"":[],""historical_names"":[],""identifiers"":{}}","[""Snapshot context is not observation date or boundary date."",""Map geometry does not establish sovereignty or succession."",""Resolve historical identity before proposing entity-specific facts.""]","851acb012ccfa2a4bfa05ea83ec2694b3f773a7a6fee8703e87969c9225e6997",""
"entity-rwanda@1815/relationships","entity-rwanda@1815","","Rwanda","1815","relationships","MISSING","C","completely-empty","political-polity","true","[]","[]","[]","[]","{""map_identity_id"":""entity-rwanda"",""aliases"":[],""historical_names"":[],""identifiers"":{}}","[""Snapshot context is not observation date or boundary date."",""Map geometry does not establish sovereignty or succession."",""Resolve historical identity before proposing entity-specific facts.""]","851acb012ccfa2a4bfa05ea83ec2694b3f773a7a6fee8703e87969c9225e6997",""
"entity-rwanda@1878/relationships","entity-rwanda@1878","","Rwanda","1878","relationships","MISSING","C","completely-empty","political-polity","true","[]","[]","[]","[]","{""map_identity_id"":""entity-rwanda"",""aliases"":[],""historical_names"":[],""identifiers"":{}}","[""Snapshot context is not observation date or boundary date."",""Map geometry does not establish sovereignty or succession."",""Resolve historical identity before proposing entity-specific facts.""]","851acb012ccfa2a4bfa05ea83ec2694b3f773a7a6fee8703e87969c9225e6997",""
"entity-rwanda@1880/relationships","entity-rwanda@1880","","Rwanda","1880","relationships","MISSING","C","completely-empty","political-polity","true","[]","[]","[]","[]","{""map_identity_id"":""entity-rwanda"",""aliases"":[],""historical_names"":[],""identifiers"":{}}","[""Snapshot context is not observation date or boundary date."",""Map geometry does not establish sovereignty or succession."",""Resolve historical identity before proposing entity-specific facts.""]","851acb012ccfa2a4bfa05ea83ec2694b3f773a7a6fee8703e87969c9225e6997",""
"entity-lesotho@1938/relationships","entity-lesotho@1938","","Lesotho","1938","relationships","MISSING","C","completely-empty","dependent-administration","true","[]","[]","[]","[]","{""map_identity_id"":""entity-lesotho"",""aliases"":[],""historical_names"":[],""identifiers"":{}}","[""Snapshot context is not observation date or boundary date."",""Map geometry does not establish sovereignty or succession."",""Resolve historical identity before proposing entity-specific facts.""]","851acb012ccfa2a4bfa05ea83ec2694b3f773a7a6fee8703e87969c9225e6997",""
"entity-lesotho@1945/relationships","entity-lesotho@1945","","Lesotho","1945","relationships","MISSING","C","completely-empty","dependent-administration","true","[]","[]","[]","[]","{""map_identity_id"":""entity-lesotho"",""aliases"":[],""historical_names"":[],""identifiers"":{}}","[""Snapshot context is not observation date or boundary date."",""Map geometry does not establish sovereignty or succession."",""Resolve historical identity before proposing entity-specific facts.""]","851acb012ccfa2a4bfa05ea83ec2694b3f773a7a6fee8703e87969c9225e6997",""
"entity-lesotho@1960/relationships","entity-lesotho@1960","","Lesotho","1960","relationships","MISSING","C","completely-empty","dependent-administration","true","[]","[]","[]","[]","{""map_identity_id"":""entity-lesotho"",""aliases"":[],""historical_names"":[],""identifiers"":{}}","[""Snapshot context is not observation date or boundary date."",""Map geometry does not establish sovereignty or succession."",""Resolve historical identity before proposing entity-specific facts.""]","851acb012ccfa2a4bfa05ea83ec2694b3f773a7a6fee8703e87969c9225e6997",""
"entity-united-states-virgin-islands@1920/relationships","entity-united-states-virgin-islands@1920","b11-virgin-islands-us-early","US Virgin Islands — early US territory","1920","relationships","MISSING","C","partially-supported","dependent-administration","false","[]","[]","[]","[]","{""map_identity_id"":""entity-united-states-virgin-islands"",""aliases"":[],""historical_names"":[{""value"":""US Virgin Islands — early US territory"",""kind"":""primary"",""validFrom"":""1918-01-01"",""validUntil"":""1931-01-01""}],""identifiers"":{}}","[""Snapshot context is not observation date or boundary date."",""Map geometry does not establish sovereignty or succession.""]","851acb012ccfa2a4bfa05ea83ec2694b3f773a7a6fee8703e87969c9225e6997",""
"entity-united-states-virgin-islands@1930/relationships","entity-united-states-virgin-islands@1930","b11-virgin-islands-us-early","US Virgin Islands — early US territory","1930","relationships","MISSING","C","partially-supported","dependent-administration","false","[]","[]","[]","[]","{""map_identity_id"":""entity-united-states-virgin-islands"",""aliases"":[],""historical_names"":[{""value"":""US Virgin Islands — early US territory"",""kind"":""primary"",""validFrom"":""1918-01-01"",""validUntil"":""1931-01-01""}],""identifiers"":{}}","[""Snapshot context is not observation date or boundary date."",""Map geometry does not establish sovereignty or succession.""]","851acb012ccfa2a4bfa05ea83ec2694b3f773a7a6fee8703e87969c9225e6997",""
"entity-united-states-virgin-islands@1938/relationships","entity-united-states-virgin-islands@1938","b11-virgin-islands-organic","US Virgin Islands — 1936 Organic Act framework","1938","relationships","MISSING","C","partially-supported","dependent-administration","false","[]","[]","[]","[]","{""map_identity_id"":""entity-united-states-virgin-islands"",""aliases"":[],""historical_names"":[{""value"":""US Virgin Islands — 1936 Organic Act framework"",""kind"":""primary"",""validFrom"":""1937-01-01"",""validUntil"":""1954-01-01""}],""identifiers"":{}}","[""Snapshot context is not observation date or boundary date."",""Map geometry does not establish sovereignty or succession.""]","851acb012ccfa2a4bfa05ea83ec2694b3f773a7a6fee8703e87969c9225e6997",""
"entity-united-states-virgin-islands@1945/relationships","entity-united-states-virgin-islands@1945","b11-virgin-islands-organic","US Virgin Islands — 1936 Organic Act framework","1945","relationships","MISSING","C","partially-supported","dependent-administration","false","[]","[]","[]","[]","{""map_identity_id"":""entity-united-states-virgin-islands"",""aliases"":[],""historical_names"":[{""value"":""US Virgin Islands — 1936 Organic Act framework"",""kind"":""primary"",""validFrom"":""1937-01-01"",""validUntil"":""1954-01-01""}],""identifiers"":{}}","[""Snapshot context is not observation date or boundary date."",""Map geometry does not establish sovereignty or succession.""]","851acb012ccfa2a4bfa05ea83ec2694b3f773a7a6fee8703e87969c9225e6997",""
"entity-yemen@1800/relationships","entity-yemen@1800","","Yemen","1800","relationships","MISSING","C","completely-empty","political-polity","true","[]","[]","[]","[]","{""map_identity_id"":""entity-yemen"",""aliases"":[],""historical_names"":[],""identifiers"":{}}","[""Snapshot context is not observation date or boundary date."",""Map geometry does not establish sovereignty or succession."",""Resolve historical identity before proposing entity-specific facts.""]","851acb012ccfa2a4bfa05ea83ec2694b3f773a7a6fee8703e87969c9225e6997",""
"entity-yemen@1815/relationships","entity-yemen@1815","","Yemen","1815","relationships","MISSING","C","completely-empty","political-polity","true","[]","[]","[]","[]","{""map_identity_id"":""entity-yemen"",""aliases"":[],""historical_names"":[],""identifiers"":{}}","[""Snapshot context is not observation date or boundary date."",""Map geometry does not establish sovereignty or succession."",""Resolve historical identity before proposing entity-specific facts.""]","851acb012ccfa2a4bfa05ea83ec2694b3f773a7a6fee8703e87969c9225e6997",""
"entity-yemen@1920/relationships","entity-yemen@1920","yemen-yahya-monarchical-core","Yemen — Imam Yahya’s kingdom","1920","relationships","MISSING","C","partially-supported","political-polity","false","[]","[]","[]","[]","{""map_identity_id"":""entity-yemen"",""aliases"":[],""historical_names"":[{""value"":""Yemen — Imam Yahya’s kingdom"",""kind"":""primary"",""validFrom"":""1919-01-01"",""validUntil"":""1948-02-17""}],""identifiers"":{}}","[""Snapshot context is not observation date or boundary date."",""Map geometry does not establish sovereignty or succession.""]","851acb012ccfa2a4bfa05ea83ec2694b3f773a7a6fee8703e87969c9225e6997",""
"entity-yemen@1930/relationships","entity-yemen@1930","yemen-yahya-monarchical-core","Yemen — Imam Yahya’s kingdom","1930","relationships","MISSING","C","partially-supported","political-polity","false","[]","[]","[]","[]","{""map_identity_id"":""entity-yemen"",""aliases"":[],""historical_names"":[{""value"":""Yemen — Imam Yahya’s kingdom"",""kind"":""primary"",""validFrom"":""1919-01-01"",""validUntil"":""1948-02-17""}],""identifiers"":{}}","[""Snapshot context is not observation date or boundary date."",""Map geometry does not establish sovereignty or succession.""]","851acb012ccfa2a4bfa05ea83ec2694b3f773a7a6fee8703e87969c9225e6997",""
"entity-yemen@1938/relationships","entity-yemen@1938","yemen-yahya-monarchical-core","Yemen — Imam Yahya’s kingdom","1938","relationships","MISSING","C","partially-supported","political-polity","false","[]","[]","[]","[]","{""map_identity_id"":""entity-yemen"",""aliases"":[],""historical_names"":[{""value"":""Yemen — Imam Yahya’s kingdom"",""kind"":""primary"",""validFrom"":""1919-01-01"",""validUntil"":""1948-02-17""}],""identifiers"":{}}","[""Snapshot context is not observation date or boundary date."",""Map geometry does not establish sovereignty or succession.""]","851acb012ccfa2a4bfa05ea83ec2694b3f773a7a6fee8703e87969c9225e6997",""
"entity-yemen@1945/relationships","entity-yemen@1945","yemen-yahya-monarchical-core","Yemen — Imam Yahya’s kingdom","1945","relationships","MISSING","C","partially-supported","political-polity","false","[]","[]","[]","[]","{""map_identity_id"":""entity-yemen"",""aliases"":[],""historical_names"":[{""value"":""Yemen — Imam Yahya’s kingdom"",""kind"":""primary"",""validFrom"":""1919-01-01"",""validUntil"":""1948-02-17""}],""identifiers"":{}}","[""Snapshot context is not observation date or boundary date."",""Map geometry does not establish sovereignty or succession.""]","851acb012ccfa2a4bfa05ea83ec2694b3f773a7a6fee8703e87969c9225e6997",""
"entity-cambodia@1800/relationships","entity-cambodia@1800","","Cambodia","1800","relationships","MISSING","C","completely-empty","political-polity","true","[]","[]","[]","[]","{""map_identity_id"":""entity-cambodia"",""aliases"":[],""historical_names"":[],""identifiers"":{}}","[""Snapshot context is not observation date or boundary date."",""Map geometry does not establish sovereignty or succession."",""Resolve historical identity before proposing entity-specific facts.""]","851acb012ccfa2a4bfa05ea83ec2694b3f773a7a6fee8703e87969c9225e6997",""
"entity-cambodia@1815/relationships","entity-cambodia@1815","","Cambodia","1815","relationships","MISSING","C","completely-empty","political-polity","true","[]","[]","[]","[]","{""map_identity_id"":""entity-cambodia"",""aliases"":[],""historical_names"":[],""identifiers"":{}}","[""Snapshot context is not observation date or boundary date."",""Map geometry does not establish sovereignty or succession."",""Resolve historical identity before proposing entity-specific facts.""]","851acb012ccfa2a4bfa05ea83ec2694b3f773a7a6fee8703e87969c9225e6997",""
"entity-cambodia@1945/relationships","entity-cambodia@1945","","Cambodia","1945","relationships","MISSING","C","completely-empty","political-polity","true","[]","[]","[]","[]","{""map_identity_id"":""entity-cambodia"",""aliases"":[],""historical_names"":[],""identifiers"":{}}","[""Snapshot context is not observation date or boundary date."",""Map geometry does not establish sovereignty or succession."",""Resolve historical identity before proposing entity-specific facts.""]","851acb012ccfa2a4bfa05ea83ec2694b3f773a7a6fee8703e87969c9225e6997",""
"entity-cambodia@1960/relationships","entity-cambodia@1960","","Cambodia","1960","relationships","MISSING","C","completely-empty","political-polity","true","[]","[]","[]","[]","{""map_identity_id"":""entity-cambodia"",""aliases"":[],""historical_names"":[],""identifiers"":{}}","[""Snapshot context is not observation date or boundary date."",""Map geometry does not establish sovereignty or succession."",""Resolve historical identity before proposing entity-specific facts.""]","851acb012ccfa2a4bfa05ea83ec2694b3f773a7a6fee8703e87969c9225e6997",""
"entity-oman@1800/relationships","entity-oman@1800","oman-1800-dynastic-maritime-core","Oman — Al Said maritime dynasty around 1800","1800","relationships","MISSING","C","partially-supported","political-polity","false","[]","[]","[]","[]","{""map_identity_id"":""entity-oman"",""aliases"":[],""historical_names"":[{""value"":""Oman — Al Said maritime dynasty around 1800"",""kind"":""primary"",""validFrom"":""1800-01-01"",""validUntil"":""1801-01-01""}],""identifiers"":{}}","[""Snapshot context is not observation date or boundary date."",""Map geometry does not establish sovereignty or succession.""]","851acb012ccfa2a4bfa05ea83ec2694b3f773a7a6fee8703e87969c9225e6997",""
"entity-oman@1815/relationships","entity-oman@1815","oman-1815-said-maritime-core","Oman — Said bin Sultan in 1815","1815","relationships","MISSING","C","partially-supported","political-polity","false","[]","[]","[]","[]","{""map_identity_id"":""entity-oman"",""aliases"":[],""historical_names"":[{""value"":""Oman — Said bin Sultan in 1815"",""kind"":""primary"",""validFrom"":""1815-01-01"",""validUntil"":""1816-01-01""}],""identifiers"":{}}","[""Snapshot context is not observation date or boundary date."",""Map geometry does not establish sovereignty or succession.""]","851acb012ccfa2a4bfa05ea83ec2694b3f773a7a6fee8703e87969c9225e6997",""
"entity-oman@1878/relationships","entity-oman@1878","oman-late-nineteenth-coastal-core","Muscat and Oman — late nineteenth-century rule","1878","relationships","MISSING","C","partially-supported","political-polity","false","[]","[]","[]","[]","{""map_identity_id"":""entity-oman"",""aliases"":[],""historical_names"":[{""value"":""Muscat and Oman — late nineteenth-century rule"",""kind"":""primary"",""validFrom"":""1878-01-01"",""validUntil"":""1913-01-01""}],""identifiers"":{}}","[""Snapshot context is not observation date or boundary date."",""Map geometry does not establish sovereignty or succession.""]","851acb012ccfa2a4bfa05ea83ec2694b3f773a7a6fee8703e87969c9225e6997",""
"entity-oman@1880/relationships","entity-oman@1880","oman-late-nineteenth-coastal-core","Muscat and Oman — late nineteenth-century rule","1880","relationships","MISSING","C","partially-supported","political-polity","false","[]","[]","[]","[]","{""map_identity_id"":""entity-oman"",""aliases"":[],""historical_names"":[{""value"":""Muscat and Oman — late nineteenth-century rule"",""kind"":""primary"",""validFrom"":""1878-01-01"",""validUntil"":""1913-01-01""}],""identifiers"":{}}","[""Snapshot context is not observation date or boundary date."",""Map geometry does not establish sovereignty or succession.""]","851acb012ccfa2a4bfa05ea83ec2694b3f773a7a6fee8703e87969c9225e6997",""
"entity-oman@1900/relationships","entity-oman@1900","oman-late-nineteenth-coastal-core","Muscat and Oman — late nineteenth-century rule","1900","relationships","MISSING","C","partially-supported","political-polity","false","[]","[]","[]","[]","{""map_identity_id"":""entity-oman"",""aliases"":[],""historical_names"":[{""value"":""Muscat and Oman — late nineteenth-century rule"",""kind"":""primary"",""validFrom"":""1878-01-01"",""validUntil"":""1913-01-01""}],""identifiers"":{}}","[""Snapshot context is not observation date or boundary date."",""Map geometry does not establish sovereignty or succession.""]","851acb012ccfa2a4bfa05ea83ec2694b3f773a7a6fee8703e87969c9225e6997",""
"entity-oman@1945/relationships","entity-oman@1945","","Oman","1945","relationships","MISSING","C","held-ambiguous","political-polity","true","[]","[]","[]","[]","{""map_identity_id"":""entity-oman"",""aliases"":[],""historical_names"":[],""identifiers"":{}}","[""Snapshot context is not observation date or boundary date."",""Map geometry does not establish sovereignty or succession."",""Resolve historical identity before proposing entity-specific facts.""]","851acb012ccfa2a4bfa05ea83ec2694b3f773a7a6fee8703e87969c9225e6997",""
"entity-oman@1960/relationships","entity-oman@1960","oman-1960-post-imamate-core","Muscat and Oman — after 1959 intervention","1960","relationships","MISSING","C","partially-supported","political-polity","false","[]","[]","[]","[]","{""map_identity_id"":""entity-oman"",""aliases"":[],""historical_names"":[{""value"":""Muscat and Oman — after 1959 intervention"",""kind"":""primary"",""validFrom"":""1960-01-01"",""validUntil"":""1961-01-01""}],""identifiers"":{}}","[""Snapshot context is not observation date or boundary date."",""Map geometry does not establish sovereignty or succession.""]","851acb012ccfa2a4bfa05ea83ec2694b3f773a7a6fee8703e87969c9225e6997",""
"entity-lunda@1800/relationships","entity-lunda@1800","b17-lunda-early","Lunda — early nineteenth-century royal polity","1800","relationships","MISSING","C","partially-supported","political-polity","false","[]","[]","[]","[]","{""map_identity_id"":""entity-lunda"",""aliases"":[],""historical_names"":[{""value"":""Lunda — early nineteenth-century royal polity"",""kind"":""primary"",""validFrom"":""1800-01-01"",""validUntil"":""1816-01-01""}],""identifiers"":{}}","[""Snapshot context is not observation date or boundary date."",""Map geometry does not establish sovereignty or succession.""]","851acb012ccfa2a4bfa05ea83ec2694b3f773a7a6fee8703e87969c9225e6997",""
"entity-lunda@1815/relationships","entity-lunda@1815","b17-lunda-early","Lunda — early nineteenth-century royal polity","1815","relationships","MISSING","C","partially-supported","political-polity","false","[]","[]","[]","[]","{""map_identity_id"":""entity-lunda"",""aliases"":[],""historical_names"":[{""value"":""Lunda — early nineteenth-century royal polity"",""kind"":""primary"",""validFrom"":""1800-01-01"",""validUntil"":""1816-01-01""}],""identifiers"":{}}","[""Snapshot context is not observation date or boundary date."",""Map geometry does not establish sovereignty or succession.""]","851acb012ccfa2a4bfa05ea83ec2694b3f773a7a6fee8703e87969c9225e6997",""
"entity-lunda@1878/relationships","entity-lunda@1878","","Lunda","1878","relationships","MISSING","C","completely-empty","political-polity","true","[]","[]","[]","[]","{""map_identity_id"":""entity-lunda"",""aliases"":[],""historical_names"":[],""identifiers"":{}}","[""Snapshot context is not observation date or boundary date."",""Map geometry does not establish sovereignty or succession."",""Resolve historical identity before proposing entity-specific facts.""]","851acb012ccfa2a4bfa05ea83ec2694b3f773a7a6fee8703e87969c9225e6997",""
"entity-lunda@1880/relationships","entity-lunda@1880","","Lunda","1880","relationships","MISSING","C","completely-empty","political-polity","true","[]","[]","[]","[]","{""map_identity_id"":""entity-lunda"",""aliases"":[],""historical_names"":[],""identifiers"":{}}","[""Snapshot context is not observation date or boundary date."",""Map geometry does not establish sovereignty or succession."",""Resolve historical identity before proposing entity-specific facts.""]","851acb012ccfa2a4bfa05ea83ec2694b3f773a7a6fee8703e87969c9225e6997",""
"entity-lunda@1900/relationships","entity-lunda@1900","","Lunda","1900","relationships","MISSING","C","completely-empty","political-polity","true","[]","[]","[]","[]","{""map_identity_id"":""entity-lunda"",""aliases"":[],""historical_names"":[],""identifiers"":{}}","[""Snapshot context is not observation date or boundary date."",""Map geometry does not establish sovereignty or succession."",""Resolve historical identity before proposing entity-specific facts.""]","851acb012ccfa2a4bfa05ea83ec2694b3f773a7a6fee8703e87969c9225e6997",""
"entity-oyo@1800/relationships","entity-oyo@1800","oyo-early-nineteenth-core","Oyo — early nineteenth-century royal state","1800","relationships","MISSING","C","partially-supported","political-polity","false","[]","[]","[]","[]","{""map_identity_id"":""entity-oyo"",""aliases"":[],""historical_names"":[{""value"":""Oyo — early nineteenth-century royal state"",""kind"":""primary"",""validFrom"":""1800-01-01"",""validUntil"":""1816-01-01""}],""identifiers"":{}}","[""Snapshot context is not observation date or boundary date."",""Map geometry does not establish sovereignty or succession.""]","851acb012ccfa2a4bfa05ea83ec2694b3f773a7a6fee8703e87969c9225e6997",""
"entity-oyo@1815/relationships","entity-oyo@1815","oyo-early-nineteenth-core","Oyo — early nineteenth-century royal state","1815","relationships","MISSING","C","partially-supported","political-polity","false","[]","[]","[]","[]","{""map_identity_id"":""entity-oyo"",""aliases"":[],""historical_names"":[{""value"":""Oyo — early nineteenth-century royal state"",""kind"":""primary"",""validFrom"":""1800-01-01"",""validUntil"":""1816-01-01""}],""identifiers"":{}}","[""Snapshot context is not observation date or boundary date."",""Map geometry does not establish sovereignty or succession.""]","851acb012ccfa2a4bfa05ea83ec2694b3f773a7a6fee8703e87969c9225e6997",""
"entity-oyo@1878/relationships","entity-oyo@1878","","Oyo","1878","relationships","MISSING","C","held-ambiguous","political-polity","true","[]","[]","[]","[]","{""map_identity_id"":""entity-oyo"",""aliases"":[],""historical_names"":[],""identifiers"":{}}","[""Snapshot context is not observation date or boundary date."",""Map geometry does not establish sovereignty or succession."",""Resolve historical identity before proposing entity-specific facts.""]","851acb012ccfa2a4bfa05ea83ec2694b3f773a7a6fee8703e87969c9225e6997",""
"entity-oyo@1880/relationships","entity-oyo@1880","","Oyo","1880","relationships","MISSING","C","held-ambiguous","political-polity","true","[]","[]","[]","[]","{""map_identity_id"":""entity-oyo"",""aliases"":[],""historical_names"":[],""identifiers"":{}}","[""Snapshot context is not observation date or boundary date."",""Map geometry does not establish sovereignty or succession."",""Resolve historical identity before proposing entity-specific facts.""]","851acb012ccfa2a4bfa05ea83ec2694b3f773a7a6fee8703e87969c9225e6997",""
"entity-oyo@1900/relationships","entity-oyo@1900","","Oyo","1900","relationships","MISSING","C","held-ambiguous","political-polity","true","[]","[]","[]","[]","{""map_identity_id"":""entity-oyo"",""aliases"":[],""historical_names"":[],""identifiers"":{}}","[""Snapshot context is not observation date or boundary date."",""Map geometry does not establish sovereignty or succession."",""Resolve historical identity before proposing entity-specific facts.""]","851acb012ccfa2a4bfa05ea83ec2694b3f773a7a6fee8703e87969c9225e6997",""
"entity-gabon@1878/relationships","entity-gabon@1878","","Gabon","1878","relationships","MISSING","C","completely-empty","dependent-administration","true","[]","[]","[]","[]","{""map_identity_id"":""entity-gabon"",""aliases"":[],""historical_names"":[],""identifiers"":{}}","[""Snapshot context is not observation date or boundary date."",""Map geometry does not establish sovereignty or succession."",""Resolve historical identity before proposing entity-specific facts.""]","851acb012ccfa2a4bfa05ea83ec2694b3f773a7a6fee8703e87969c9225e6997",""
"entity-gabon@1880/relationships","entity-gabon@1880","","Gabon","1880","relationships","MISSING","C","completely-empty","dependent-administration","true","[]","[]","[]","[]","{""map_identity_id"":""entity-gabon"",""aliases"":[],""historical_names"":[],""identifiers"":{}}","[""Snapshot context is not observation date or boundary date."",""Map geometry does not establish sovereignty or succession."",""Resolve historical identity before proposing entity-specific facts.""]","851acb012ccfa2a4bfa05ea83ec2694b3f773a7a6fee8703e87969c9225e6997",""
"entity-gabon@1900/relationships","entity-gabon@1900","","Gabon","1900","relationships","MISSING","C","completely-empty","dependent-administration","true","[]","[]","[]","[]","{""map_identity_id"":""entity-gabon"",""aliases"":[],""historical_names"":[],""identifiers"":{}}","[""Snapshot context is not observation date or boundary date."",""Map geometry does not establish sovereignty or succession."",""Resolve historical identity before proposing entity-specific facts.""]","851acb012ccfa2a4bfa05ea83ec2694b3f773a7a6fee8703e87969c9225e6997",""
"entity-gabon@1960/relationships","entity-gabon@1960","","Gabon","1960","relationships","MISSING","C","held-ambiguous","dependent-administration","true","[]","[]","[]","[]","{""map_identity_id"":""entity-gabon"",""aliases"":[],""historical_names"":[],""identifiers"":{}}","[""Snapshot context is not observation date or boundary date."",""Map geometry does not establish sovereignty or succession."",""Resolve historical identity before proposing entity-specific facts.""]","851acb012ccfa2a4bfa05ea83ec2694b3f773a7a6fee8703e87969c9225e6997",""
"entity-suriname@1938/relationships","entity-suriname@1938","","Suriname","1938","relationships","MISSING","C","completely-empty","dependent-administration","true","[]","[]","[]","[]","{""map_identity_id"":""entity-suriname"",""aliases"":[],""historical_names"":[],""identifiers"":{}}","[""Snapshot context is not observation date or boundary date."",""Map geometry does not establish sovereignty or succession."",""Resolve historical identity before proposing entity-specific facts.""]","851acb012ccfa2a4bfa05ea83ec2694b3f773a7a6fee8703e87969c9225e6997",""
"entity-suriname@1945/relationships","entity-suriname@1945","","Suriname","1945","relationships","MISSING","C","completely-empty","dependent-administration","true","[]","[]","[]","[]","{""map_identity_id"":""entity-suriname"",""aliases"":[],""historical_names"":[],""identifiers"":{}}","[""Snapshot context is not observation date or boundary date."",""Map geometry does not establish sovereignty or succession."",""Resolve historical identity before proposing entity-specific facts.""]","851acb012ccfa2a4bfa05ea83ec2694b3f773a7a6fee8703e87969c9225e6997",""
"entity-suriname@1960/relationships","entity-suriname@1960","suriname-kingdom-autonomy-framework","Suriname — autonomous country within the Kingdom","1960","relationships","MISSING","C","partially-supported","dependent-administration","false","[]","[]","[]","[]","{""map_identity_id"":""entity-suriname"",""aliases"":[],""historical_names"":[{""value"":""Suriname — autonomous country within the Kingdom"",""kind"":""primary"",""validFrom"":""1955-01-01"",""validUntil"":""1961-01-01""}],""identifiers"":{}}","[""Snapshot context is not observation date or boundary date."",""Map geometry does not establish sovereignty or succession.""]","851acb012ccfa2a4bfa05ea83ec2694b3f773a7a6fee8703e87969c9225e6997",""
"entity-trinidad@1945/relationships","entity-trinidad@1945","","Trinidad","1945","relationships","MISSING","C","completely-empty","dependent-administration","true","[]","[]","[]","[]","{""map_identity_id"":""entity-trinidad"",""aliases"":[],""historical_names"":[],""identifiers"":{}}","[""Snapshot context is not observation date or boundary date."",""Map geometry does not establish sovereignty or succession."",""Resolve historical identity before proposing entity-specific facts.""]","851acb012ccfa2a4bfa05ea83ec2694b3f773a7a6fee8703e87969c9225e6997",""
"entity-trinidad@1960/relationships","entity-trinidad@1960","","Trinidad","1960","relationships","MISSING","C","completely-empty","dependent-administration","true","[]","[]","[]","[]","{""map_identity_id"":""entity-trinidad"",""aliases"":[],""historical_names"":[],""identifiers"":{}}","[""Snapshot context is not observation date or boundary date."",""Map geometry does not establish sovereignty or succession."",""Resolve historical identity before proposing entity-specific facts.""]","851acb012ccfa2a4bfa05ea83ec2694b3f773a7a6fee8703e87969c9225e6997",""
"entity-senegal@1800/relationships","entity-senegal@1800","","Senegal","1800","relationships","MISSING","C","held-ambiguous","dependent-administration","true","[]","[]","[]","[]","{""map_identity_id"":""entity-senegal"",""aliases"":[],""historical_names"":[],""identifiers"":{}}","[""Snapshot context is not observation date or boundary date."",""Map geometry does not establish sovereignty or succession."",""Resolve historical identity before proposing entity-specific facts.""]","851acb012ccfa2a4bfa05ea83ec2694b3f773a7a6fee8703e87969c9225e6997",""
"entity-senegal@1815/relationships","entity-senegal@1815","","Senegal","1815","relationships","MISSING","C","held-ambiguous","dependent-administration","true","[]","[]","[]","[]","{""map_identity_id"":""entity-senegal"",""aliases"":[],""historical_names"":[],""identifiers"":{}}","[""Snapshot context is not observation date or boundary date."",""Map geometry does not establish sovereignty or succession."",""Resolve historical identity before proposing entity-specific facts.""]","851acb012ccfa2a4bfa05ea83ec2694b3f773a7a6fee8703e87969c9225e6997",""
"entity-senegal@1900/relationships","entity-senegal@1900","senegal-1900-colonial-core","Senegal — French colony around 1900","1900","relationships","MISSING","C","partially-supported","dependent-administration","false","[]","[]","[]","[]","{""map_identity_id"":""entity-senegal"",""aliases"":[],""historical_names"":[{""value"":""Senegal — French colony around 1900"",""kind"":""primary"",""validFrom"":""1900-01-01"",""validUntil"":""1901-01-01""},{""value"":""Senegal — French colony around 1900"",""kind"":""primary"",""validFrom"":""1905-01-01"",""validUntil"":""1940-01-01""}],""identifiers"":{}}","[""Snapshot context is not observation date or boundary date."",""Map geometry does not establish sovereignty or succession.""]","851acb012ccfa2a4bfa05ea83ec2694b3f773a7a6fee8703e87969c9225e6997",""
"entity-senegal@1945/relationships","entity-senegal@1945","senegal-1945-colonial-core","Senegal — French colonial administration in 1945","1945","relationships","MISSING","C","partially-supported","dependent-administration","false","[]","[]","[]","[]","{""map_identity_id"":""entity-senegal"",""aliases"":[],""historical_names"":[{""value"":""Senegal — French colonial administration in 1945"",""kind"":""primary"",""validFrom"":""1945-01-01"",""validUntil"":""1946-01-01""}],""identifiers"":{}}","[""Snapshot context is not observation date or boundary date."",""Map geometry does not establish sovereignty or succession.""]","851acb012ccfa2a4bfa05ea83ec2694b3f773a7a6fee8703e87969c9225e6997",""
"entity-senegal@1960/relationships","entity-senegal@1960","senegal-1960-parliamentary-core","Senegal —1960 parliamentary republic","1960","relationships","MISSING","C","held-ambiguous","dependent-administration","false","[]","[]","[]","[]","{""map_identity_id"":""entity-senegal"",""aliases"":[],""historical_names"":[{""value"":""Senegal —1960 parliamentary republic"",""kind"":""primary"",""validFrom"":""1960-09-01"",""validUntil"":""1961-01-01""}],""identifiers"":{}}","[""Snapshot context is not observation date or boundary date."",""Map geometry does not establish sovereignty or succession.""]","851acb012ccfa2a4bfa05ea83ec2694b3f773a7a6fee8703e87969c9225e6997",""
"entity-luxembourg@1800/relationships","entity-luxembourg@1800","","Luxembourg","1800","relationships","MISSING","C","completely-empty","political-polity","true","[]","[]","[]","[]","{""map_identity_id"":""entity-luxembourg"",""aliases"":[],""historical_names"":[],""identifiers"":{}}","[""Snapshot context is not observation date or boundary date."",""Map geometry does not establish sovereignty or succession."",""Resolve historical identity before proposing entity-specific facts.""]","851acb012ccfa2a4bfa05ea83ec2694b3f773a7a6fee8703e87969c9225e6997",""
"entity-luxembourg@1815/relationships","entity-luxembourg@1815","luxembourg-grand-duchy","Grand Duchy of Luxembourg","1815","relationships","PARTIAL","C","partially-supported","political-polity","false","[""Grand duchy in personal union with the Dutch monarchy""]","[]","[{""id"":""luxembourg-grand-duchy"",""description"":""Existing accepted political-status scope of Grand Duchy of Luxembourg; original statement and qualifications preserved."",""relationship"":""same""}]","[]","{""map_identity_id"":""entity-luxembourg"",""aliases"":[],""historical_names"":[{""value"":""Grand Duchy of Luxembourg"",""kind"":""primary"",""validFrom"":""1815""}],""identifiers"":{}}","[""Snapshot context is not observation date or boundary date."",""Map geometry does not establish sovereignty or succession."",""Exact reuse of an already accepted sourced political-status statement; no additional sovereignty, succession, occupation legitimacy or target-entity assertion."",""Named party is a literal text marker only, without inferred historical entity ID."",""Original interval dates and precision are copied exactly inside the existing source/entity/atlas validity envelope."",""Existing applicability intervals: [{\""kind\"":\""interval\"",\""from\"":\""1815\"",\""until\"":\""1890-11-23\"",\""certainty\"":\""exact\""}]""]","851acb012ccfa2a4bfa05ea83ec2694b3f773a7a6fee8703e87969c9225e6997",""
"entity-luxembourg@1900/relationships","entity-luxembourg@1900","luxembourg-grand-duchy","Grand Duchy of Luxembourg","1900","relationships","MISSING","C","core-supported","political-polity","false","[]","[]","[]","[]","{""map_identity_id"":""entity-luxembourg"",""aliases"":[],""historical_names"":[{""value"":""Grand Duchy of Luxembourg"",""kind"":""primary"",""validFrom"":""1815""}],""identifiers"":{}}","[""Snapshot context is not observation date or boundary date."",""Map geometry does not establish sovereignty or succession.""]","851acb012ccfa2a4bfa05ea83ec2694b3f773a7a6fee8703e87969c9225e6997",""
"entity-luxembourg@1914/relationships","entity-luxembourg@1914","luxembourg-grand-duchy","Grand Duchy of Luxembourg","1914","relationships","MISSING","C","core-supported","political-polity","false","[]","[]","[]","[]","{""map_identity_id"":""entity-luxembourg"",""aliases"":[],""historical_names"":[{""value"":""Grand Duchy of Luxembourg"",""kind"":""primary"",""validFrom"":""1815""}],""identifiers"":{}}","[""Snapshot context is not observation date or boundary date."",""Map geometry does not establish sovereignty or succession.""]","851acb012ccfa2a4bfa05ea83ec2694b3f773a7a6fee8703e87969c9225e6997",""
"entity-luxembourg@1920/relationships","entity-luxembourg@1920","luxembourg-grand-duchy","Grand Duchy of Luxembourg","1920","relationships","MISSING","C","core-supported","political-polity","false","[]","[]","[]","[]","{""map_identity_id"":""entity-luxembourg"",""aliases"":[],""historical_names"":[{""value"":""Grand Duchy of Luxembourg"",""kind"":""primary"",""validFrom"":""1815""}],""identifiers"":{}}","[""Snapshot context is not observation date or boundary date."",""Map geometry does not establish sovereignty or succession.""]","851acb012ccfa2a4bfa05ea83ec2694b3f773a7a6fee8703e87969c9225e6997",""
"entity-luxembourg@1960/relationships","entity-luxembourg@1960","luxembourg-grand-duchy","Grand Duchy of Luxembourg","1960","relationships","PARTIAL","C","core-supported","political-polity","false","[""Linked to the other state through the Belgium–Luxembourg Economic Union (BLEU)."",""A founding participant in the North Atlantic Treaty collective-defence alliance alongside the other founding states.""]","[]","[{""id"":""luxembourg-grand-duchy-luxembourg-grand-duchy-bleu"",""description"":""Named historical state or institutional/person association; no statistical or polygon-wide inference."",""relationship"":""same""},{""id"":""luxembourg-grand-duchy-sourced-treaty-relationships-r01-nato-founders"",""description"":""Documented inter-state treaty relationship; does not imply merged sovereignty, uniform borders or currency issuer."",""relationship"":""same""}]","[]","{""map_identity_id"":""entity-luxembourg"",""aliases"":[],""historical_names"":[{""value"":""Grand Duchy of Luxembourg"",""kind"":""primary"",""validFrom"":""1815""}],""identifiers"":{}}","[""Snapshot context is not observation date or boundary date."",""Map geometry does not establish sovereignty or succession."",""Year precision retained. Bounded research interval is not an assertion that the historical institution or person began or ended at its research cutoff."",""Related entities list the Western/Northern European founding partners represented in this research batch; Canada, Italy and the United States are also founding parties but not enumerated here."",""No assertion that all members have identical armed forces or military-command participation."",""Existing applicability intervals: [{\""kind\"":\""interval\"",\""from\"":\""1923\"",\""until\"":\""1960\"",\""certainty\"":\""exact\""},{\""kind\"":\""interval\"",\""from\"":\""1950\"",\""until\"":\""1960\"",\""certainty\"":\""exact\""}]""]","851acb012ccfa2a4bfa05ea83ec2694b3f773a7a6fee8703e87969c9225e6997",""
"entity-grenada@1815/relationships","entity-grenada@1815","","Grenada","1815","relationships","MISSING","C","completely-empty","dependent-administration","true","[]","[]","[]","[]","{""map_identity_id"":""entity-grenada"",""aliases"":[],""historical_names"":[],""identifiers"":{}}","[""Snapshot context is not observation date or boundary date."",""Map geometry does not establish sovereignty or succession."",""Resolve historical identity before proposing entity-specific facts.""]","851acb012ccfa2a4bfa05ea83ec2694b3f773a7a6fee8703e87969c9225e6997",""
"entity-ivory-coast@1878/relationships","entity-ivory-coast@1878","","Ivory Coast","1878","relationships","MISSING","C","held-ambiguous","dependent-administration","true","[]","[]","[]","[]","{""map_identity_id"":""entity-ivory-coast"",""aliases"":[],""historical_names"":[],""identifiers"":{}}","[""Snapshot context is not observation date or boundary date."",""Map geometry does not establish sovereignty or succession."",""Resolve historical identity before proposing entity-specific facts.""]","851acb012ccfa2a4bfa05ea83ec2694b3f773a7a6fee8703e87969c9225e6997",""
"entity-ivory-coast@1880/relationships","entity-ivory-coast@1880","","Ivory Coast","1880","relationships","MISSING","C","held-ambiguous","dependent-administration","true","[]","[]","[]","[]","{""map_identity_id"":""entity-ivory-coast"",""aliases"":[],""historical_names"":[],""identifiers"":{}}","[""Snapshot context is not observation date or boundary date."",""Map geometry does not establish sovereignty or succession."",""Resolve historical identity before proposing entity-specific facts.""]","851acb012ccfa2a4bfa05ea83ec2694b3f773a7a6fee8703e87969c9225e6997",""
"entity-ivory-coast@1900/relationships","entity-ivory-coast@1900","ivory-coast-1900-colonial-core","Ivory Coast — French colony around 1900","1900","relationships","MISSING","C","partially-supported","dependent-administration","false","[]","[]","[]","[]","{""map_identity_id"":""entity-ivory-coast"",""aliases"":[],""historical_names"":[{""value"":""Ivory Coast — French colony around 1900"",""kind"":""primary"",""validFrom"":""1900-01-01"",""validUntil"":""1901-01-01""}],""identifiers"":{}}","[""Snapshot context is not observation date or boundary date."",""Map geometry does not establish sovereignty or succession.""]","851acb012ccfa2a4bfa05ea83ec2694b3f773a7a6fee8703e87969c9225e6997",""
"entity-ivory-coast@1945/relationships","entity-ivory-coast@1945","ivory-coast-1945-colonial-core","Ivory Coast — late colonial administration in 1945","1945","relationships","MISSING","C","partially-supported","dependent-administration","false","[]","[]","[]","[]","{""map_identity_id"":""entity-ivory-coast"",""aliases"":[],""historical_names"":[{""value"":""Ivory Coast — late colonial administration in 1945"",""kind"":""primary"",""validFrom"":""1945-01-01"",""validUntil"":""1946-01-01""}],""identifiers"":{}}","[""Snapshot context is not observation date or boundary date."",""Map geometry does not establish sovereignty or succession.""]","851acb012ccfa2a4bfa05ea83ec2694b3f773a7a6fee8703e87969c9225e6997",""
"entity-ivory-coast@1960/relationships","entity-ivory-coast@1960","ivory-coast-1960-independent-core","Ivory Coast — independent republic in 1960","1960","relationships","MISSING","C","held-ambiguous","dependent-administration","false","[]","[]","[]","[]","{""map_identity_id"":""entity-ivory-coast"",""aliases"":[],""historical_names"":[{""value"":""Ivory Coast — independent republic in 1960"",""kind"":""primary"",""validFrom"":""1960-08-07"",""validUntil"":""1960-08-08""}],""identifiers"":{}}","[""Snapshot context is not observation date or boundary date."",""Map geometry does not establish sovereignty or succession.""]","851acb012ccfa2a4bfa05ea83ec2694b3f773a7a6fee8703e87969c9225e6997",""
"entity-armenia@1914/relationships","entity-armenia@1914","","Armenia","1914","relationships","MISSING","C","completely-empty","political-polity","true","[]","[]","[]","[]","{""map_identity_id"":""entity-armenia"",""aliases"":[],""historical_names"":[],""identifiers"":{}}","[""Snapshot context is not observation date or boundary date."",""Map geometry does not establish sovereignty or succession."",""Resolve historical identity before proposing entity-specific facts.""]","851acb012ccfa2a4bfa05ea83ec2694b3f773a7a6fee8703e87969c9225e6997",""
"entity-armenia@1920/relationships","entity-armenia@1920","armenian-first-republic-parliamentary-framework","Republic of Armenia — parliamentary framework","1920","relationships","MISSING","C","partially-supported","political-polity","false","[]","[]","[]","[]","{""map_identity_id"":""entity-armenia"",""aliases"":[],""historical_names"":[{""value"":""Republic of Armenia — parliamentary framework"",""kind"":""primary"",""validFrom"":""1918-08-01"",""validUntil"":""1920-12-02""}],""identifiers"":{}}","[""Snapshot context is not observation date or boundary date."",""Map geometry does not establish sovereignty or succession.""]","851acb012ccfa2a4bfa05ea83ec2694b3f773a7a6fee8703e87969c9225e6997",""
"entity-armenia@1930/relationships","entity-armenia@1930","","Armenia","1930","relationships","MISSING","C","completely-empty","political-polity","true","[]","[]","[]","[]","{""map_identity_id"":""entity-armenia"",""aliases"":[],""historical_names"":[],""identifiers"":{}}","[""Snapshot context is not observation date or boundary date."",""Map geometry does not establish sovereignty or succession."",""Resolve historical identity before proposing entity-specific facts.""]","851acb012ccfa2a4bfa05ea83ec2694b3f773a7a6fee8703e87969c9225e6997",""
"entity-armenia@1938/relationships","entity-armenia@1938","","Armenia","1938","relationships","MISSING","C","completely-empty","political-polity","true","[]","[]","[]","[]","{""map_identity_id"":""entity-armenia"",""aliases"":[],""historical_names"":[],""identifiers"":{}}","[""Snapshot context is not observation date or boundary date."",""Map geometry does not establish sovereignty or succession."",""Resolve historical identity before proposing entity-specific facts.""]","851acb012ccfa2a4bfa05ea83ec2694b3f773a7a6fee8703e87969c9225e6997",""
"entity-benin@1878/relationships","entity-benin@1878","benin-oba-1880-core","Benin — kingdom around 1880","1878","relationships","MISSING","C","partially-supported","political-polity","false","[]","[]","[]","[]","{""map_identity_id"":""entity-benin"",""aliases"":[],""historical_names"":[{""value"":""Benin — kingdom around 1880"",""kind"":""primary"",""validFrom"":""1878-01-01"",""validUntil"":""1881-01-01""}],""identifiers"":{}}","[""Snapshot context is not observation date or boundary date."",""Map geometry does not establish sovereignty or succession.""]","851acb012ccfa2a4bfa05ea83ec2694b3f773a7a6fee8703e87969c9225e6997",""
"entity-benin@1880/relationships","entity-benin@1880","benin-oba-1880-core","Benin — kingdom around 1880","1880","relationships","MISSING","C","partially-supported","political-polity","false","[]","[]","[]","[]","{""map_identity_id"":""entity-benin"",""aliases"":[],""historical_names"":[{""value"":""Benin — kingdom around 1880"",""kind"":""primary"",""validFrom"":""1878-01-01"",""validUntil"":""1881-01-01""}],""identifiers"":{}}","[""Snapshot context is not observation date or boundary date."",""Map geometry does not establish sovereignty or succession.""]","851acb012ccfa2a4bfa05ea83ec2694b3f773a7a6fee8703e87969c9225e6997",""
"entity-benin@1900/relationships","entity-benin@1900","benin-1900-protectorate-core","Benin — former kingdom under British protectorate administration","1900","relationships","MISSING","C","partially-supported","political-polity","false","[]","[]","[]","[]","{""map_identity_id"":""entity-benin"",""aliases"":[],""historical_names"":[{""value"":""Benin — former kingdom under British protectorate administration"",""kind"":""primary"",""validFrom"":""1900-01-01"",""validUntil"":""1901-01-01""}],""identifiers"":{}}","[""Snapshot context is not observation date or boundary date."",""Map geometry does not establish sovereignty or succession.""]","851acb012ccfa2a4bfa05ea83ec2694b3f773a7a6fee8703e87969c9225e6997",""
"entity-benin@1945/relationships","entity-benin@1945","","Benin","1945","relationships","MISSING","C","held-ambiguous","political-polity","true","[]","[]","[]","[]","{""map_identity_id"":""entity-benin"",""aliases"":[],""historical_names"":[],""identifiers"":{}}","[""Snapshot context is not observation date or boundary date."",""Map geometry does not establish sovereignty or succession."",""Resolve historical identity before proposing entity-specific facts.""]","851acb012ccfa2a4bfa05ea83ec2694b3f773a7a6fee8703e87969c9225e6997",""
"entity-benin@1960/relationships","entity-benin@1960","","Benin","1960","relationships","MISSING","C","held-ambiguous","political-polity","true","[]","[]","[]","[]","{""map_identity_id"":""entity-benin"",""aliases"":[],""historical_names"":[],""identifiers"":{}}","[""Snapshot context is not observation date or boundary date."",""Map geometry does not establish sovereignty or succession."",""Resolve historical identity before proposing entity-specific facts.""]","851acb012ccfa2a4bfa05ea83ec2694b3f773a7a6fee8703e87969c9225e6997",""
"entity-montenegro@1878/relationships","entity-montenegro@1878","montenegrin-berlin-recognition-framework","Montenegro — Berlin recognition framework","1878","relationships","MISSING","C","partially-supported","political-polity","false","[]","[]","[]","[]","{""map_identity_id"":""entity-montenegro"",""aliases"":[],""historical_names"":[{""value"":""Montenegro — Berlin recognition framework"",""kind"":""primary"",""validFrom"":""1878-07-13"",""validUntil"":""1879-01-01""}],""identifiers"":{}}","[""Snapshot context is not observation date or boundary date."",""Map geometry does not establish sovereignty or succession.""]","851acb012ccfa2a4bfa05ea83ec2694b3f773a7a6fee8703e87969c9225e6997",""
"entity-montenegro@1880/relationships","entity-montenegro@1880","","Montenegro","1880","relationships","MISSING","C","completely-empty","political-polity","true","[]","[]","[]","[]","{""map_identity_id"":""entity-montenegro"",""aliases"":[],""historical_names"":[],""identifiers"":{}}","[""Snapshot context is not observation date or boundary date."",""Map geometry does not establish sovereignty or succession."",""Resolve historical identity before proposing entity-specific facts.""]","851acb012ccfa2a4bfa05ea83ec2694b3f773a7a6fee8703e87969c9225e6997",""
"entity-montenegro@1900/relationships","entity-montenegro@1900","","Montenegro","1900","relationships","MISSING","C","completely-empty","political-polity","true","[]","[]","[]","[]","{""map_identity_id"":""entity-montenegro"",""aliases"":[],""historical_names"":[],""identifiers"":{}}","[""Snapshot context is not observation date or boundary date."",""Map geometry does not establish sovereignty or succession."",""Resolve historical identity before proposing entity-specific facts.""]","851acb012ccfa2a4bfa05ea83ec2694b3f773a7a6fee8703e87969c9225e6997",""
"entity-montenegro@1914/relationships","entity-montenegro@1914","","Montenegro","1914","relationships","MISSING","C","completely-empty","political-polity","true","[]","[]","[]","[]","{""map_identity_id"":""entity-montenegro"",""aliases"":[],""historical_names"":[],""identifiers"":{}}","[""Snapshot context is not observation date or boundary date."",""Map geometry does not establish sovereignty or succession."",""Resolve historical identity before proposing entity-specific facts.""]","851acb012ccfa2a4bfa05ea83ec2694b3f773a7a6fee8703e87969c9225e6997",""
"entity-luba@1800/relationships","entity-luba@1800","b17-luba-1800","Luba — royal and council framework","1800","relationships","MISSING","C","partially-supported","political-polity","false","[]","[]","[]","[]","{""map_identity_id"":""entity-luba"",""aliases"":[],""historical_names"":[{""value"":""Luba — royal and council framework"",""kind"":""primary"",""validFrom"":""1800-01-01"",""validUntil"":""1801-01-01""}],""identifiers"":{}}","[""Snapshot context is not observation date or boundary date."",""Map geometry does not establish sovereignty or succession.""]","851acb012ccfa2a4bfa05ea83ec2694b3f773a7a6fee8703e87969c9225e6997",""
"entity-luba@1878/relationships","entity-luba@1878","","Luba","1878","relationships","MISSING","C","completely-empty","political-polity","true","[]","[]","[]","[]","{""map_identity_id"":""entity-luba"",""aliases"":[],""historical_names"":[],""identifiers"":{}}","[""Snapshot context is not observation date or boundary date."",""Map geometry does not establish sovereignty or succession."",""Resolve historical identity before proposing entity-specific facts.""]","851acb012ccfa2a4bfa05ea83ec2694b3f773a7a6fee8703e87969c9225e6997",""
"entity-luba@1880/relationships","entity-luba@1880","","Luba","1880","relationships","MISSING","C","completely-empty","political-polity","true","[]","[]","[]","[]","{""map_identity_id"":""entity-luba"",""aliases"":[],""historical_names"":[],""identifiers"":{}}","[""Snapshot context is not observation date or boundary date."",""Map geometry does not establish sovereignty or succession."",""Resolve historical identity before proposing entity-specific facts.""]","851acb012ccfa2a4bfa05ea83ec2694b3f773a7a6fee8703e87969c9225e6997",""
"entity-luba@1900/relationships","entity-luba@1900","","Luba","1900","relationships","MISSING","C","completely-empty","political-polity","true","[]","[]","[]","[]","{""map_identity_id"":""entity-luba"",""aliases"":[],""historical_names"":[],""identifiers"":{}}","[""Snapshot context is not observation date or boundary date."",""Map geometry does not establish sovereignty or succession."",""Resolve historical identity before proposing entity-specific facts.""]","851acb012ccfa2a4bfa05ea83ec2694b3f773a7a6fee8703e87969c9225e6997",""
"entity-laos@1800/relationships","entity-laos@1800","","Laos","1800","relationships","MISSING","C","completely-empty","political-polity","true","[]","[]","[]","[]","{""map_identity_id"":""entity-laos"",""aliases"":[],""historical_names"":[],""identifiers"":{}}","[""Snapshot context is not observation date or boundary date."",""Map geometry does not establish sovereignty or succession."",""Resolve historical identity before proposing entity-specific facts.""]","851acb012ccfa2a4bfa05ea83ec2694b3f773a7a6fee8703e87969c9225e6997",""
"entity-laos@1945/relationships","entity-laos@1945","","Laos","1945","relationships","MISSING","C","completely-empty","political-polity","true","[]","[]","[]","[]","{""map_identity_id"":""entity-laos"",""aliases"":[],""historical_names"":[],""identifiers"":{}}","[""Snapshot context is not observation date or boundary date."",""Map geometry does not establish sovereignty or succession."",""Resolve historical identity before proposing entity-specific facts.""]","851acb012ccfa2a4bfa05ea83ec2694b3f773a7a6fee8703e87969c9225e6997",""
"entity-laos@1960/relationships","entity-laos@1960","","Laos","1960","relationships","MISSING","C","completely-empty","political-polity","true","[]","[]","[]","[]","{""map_identity_id"":""entity-laos"",""aliases"":[],""historical_names"":[],""identifiers"":{}}","[""Snapshot context is not observation date or boundary date."",""Map geometry does not establish sovereignty or succession."",""Resolve historical identity before proposing entity-specific facts.""]","851acb012ccfa2a4bfa05ea83ec2694b3f773a7a6fee8703e87969c9225e6997",""
"entity-trucial-oman@1878/relationships","entity-trucial-oman@1878","trucial-coast-maritime-composite-core","Trucial Oman — maritime-truce composite","1878","relationships","MISSING","C","partially-supported","dependent-administration","false","[]","[]","[]","[]","{""map_identity_id"":""entity-trucial-oman"",""aliases"":[],""historical_names"":[{""value"":""Trucial Oman — maritime-truce composite"",""kind"":""primary"",""validFrom"":""1878-01-01"",""validUntil"":""1892-01-01""}],""identifiers"":{}}","[""Snapshot context is not observation date or boundary date."",""Map geometry does not establish sovereignty or succession.""]","851acb012ccfa2a4bfa05ea83ec2694b3f773a7a6fee8703e87969c9225e6997",""
"entity-trucial-oman@1880/relationships","entity-trucial-oman@1880","trucial-coast-maritime-composite-core","Trucial Oman — maritime-truce composite","1880","relationships","MISSING","C","partially-supported","dependent-administration","false","[]","[]","[]","[]","{""map_identity_id"":""entity-trucial-oman"",""aliases"":[],""historical_names"":[{""value"":""Trucial Oman — maritime-truce composite"",""kind"":""primary"",""validFrom"":""1878-01-01"",""validUntil"":""1892-01-01""}],""identifiers"":{}}","[""Snapshot context is not observation date or boundary date."",""Map geometry does not establish sovereignty or succession.""]","851acb012ccfa2a4bfa05ea83ec2694b3f773a7a6fee8703e87969c9225e6997",""
"entity-trucial-oman@1900/relationships","entity-trucial-oman@1900","trucial-coast-exclusive-composite-core","Trucial Oman — exclusive-agreement composite","1900","relationships","MISSING","C","partially-supported","dependent-administration","false","[]","[]","[]","[]","{""map_identity_id"":""entity-trucial-oman"",""aliases"":[],""historical_names"":[{""value"":""Trucial Oman — exclusive-agreement composite"",""kind"":""primary"",""validFrom"":""1893-01-01"",""validUntil"":""1939-01-01""}],""identifiers"":{}}","[""Snapshot context is not observation date or boundary date."",""Map geometry does not establish sovereignty or succession.""]","851acb012ccfa2a4bfa05ea83ec2694b3f773a7a6fee8703e87969c9225e6997",""
"entity-trucial-oman@1920/relationships","entity-trucial-oman@1920","trucial-coast-exclusive-composite-core","Trucial Oman — exclusive-agreement composite","1920","relationships","MISSING","C","partially-supported","dependent-administration","false","[]","[]","[]","[]","{""map_identity_id"":""entity-trucial-oman"",""aliases"":[],""historical_names"":[{""value"":""Trucial Oman — exclusive-agreement composite"",""kind"":""primary"",""validFrom"":""1893-01-01"",""validUntil"":""1939-01-01""}],""identifiers"":{}}","[""Snapshot context is not observation date or boundary date."",""Map geometry does not establish sovereignty or succession.""]","851acb012ccfa2a4bfa05ea83ec2694b3f773a7a6fee8703e87969c9225e6997",""
"entity-trucial-oman@1930/relationships","entity-trucial-oman@1930","trucial-coast-exclusive-composite-core","Trucial Oman — exclusive-agreement composite","1930","relationships","MISSING","C","partially-supported","dependent-administration","false","[]","[]","[]","[]","{""map_identity_id"":""entity-trucial-oman"",""aliases"":[],""historical_names"":[{""value"":""Trucial Oman — exclusive-agreement composite"",""kind"":""primary"",""validFrom"":""1893-01-01"",""validUntil"":""1939-01-01""}],""identifiers"":{}}","[""Snapshot context is not observation date or boundary date."",""Map geometry does not establish sovereignty or succession.""]","851acb012ccfa2a4bfa05ea83ec2694b3f773a7a6fee8703e87969c9225e6997",""
"entity-trucial-oman@1938/relationships","entity-trucial-oman@1938","trucial-coast-exclusive-composite-core","Trucial Oman — exclusive-agreement composite","1938","relationships","MISSING","C","partially-supported","dependent-administration","false","[]","[]","[]","[]","{""map_identity_id"":""entity-trucial-oman"",""aliases"":[],""historical_names"":[{""value"":""Trucial Oman — exclusive-agreement composite"",""kind"":""primary"",""validFrom"":""1893-01-01"",""validUntil"":""1939-01-01""}],""identifiers"":{}}","[""Snapshot context is not observation date or boundary date."",""Map geometry does not establish sovereignty or succession.""]","851acb012ccfa2a4bfa05ea83ec2694b3f773a7a6fee8703e87969c9225e6997",""
"entity-kanem-bornu@1800/relationships","entity-kanem-bornu@1800","b17-kanem-bornu-1800","Borno — late Sayfawa royal framework","1800","relationships","MISSING","C","partially-supported","political-polity","false","[]","[]","[]","[]","{""map_identity_id"":""entity-kanem-bornu"",""aliases"":[],""historical_names"":[{""value"":""Borno — late Sayfawa royal framework"",""kind"":""primary"",""validFrom"":""1800-01-01"",""validUntil"":""1801-01-01""}],""identifiers"":{}}","[""Snapshot context is not observation date or boundary date."",""Map geometry does not establish sovereignty or succession.""]","851acb012ccfa2a4bfa05ea83ec2694b3f773a7a6fee8703e87969c9225e6997",""
"entity-kanem-bornu@1815/relationships","entity-kanem-bornu@1815","b17-bornu-1815","Borno — titular kingship and al-Kanemi authority","1815","relationships","MISSING","C","partially-supported","political-polity","false","[]","[]","[]","[]","{""map_identity_id"":""entity-kanem-bornu"",""aliases"":[],""historical_names"":[{""value"":""Borno — titular kingship and al-Kanemi authority"",""kind"":""primary"",""validFrom"":""1815-01-01"",""validUntil"":""1816-01-01""}],""identifiers"":{}}","[""Snapshot context is not observation date or boundary date."",""Map geometry does not establish sovereignty or succession.""]","851acb012ccfa2a4bfa05ea83ec2694b3f773a7a6fee8703e87969c9225e6997",""
"entity-kanem-bornu@1878/relationships","entity-kanem-bornu@1878","b17-bornu-shehu","Borno — nineteenth-century shehu framework","1878","relationships","MISSING","C","partially-supported","political-polity","false","[]","[]","[]","[]","{""map_identity_id"":""entity-kanem-bornu"",""aliases"":[],""historical_names"":[{""value"":""Borno — nineteenth-century shehu framework"",""kind"":""primary"",""validFrom"":""1878-01-01"",""validUntil"":""1881-01-01""}],""identifiers"":{}}","[""Snapshot context is not observation date or boundary date."",""Map geometry does not establish sovereignty or succession.""]","851acb012ccfa2a4bfa05ea83ec2694b3f773a7a6fee8703e87969c9225e6997",""
"entity-kanem-bornu@1880/relationships","entity-kanem-bornu@1880","b17-bornu-shehu","Borno — nineteenth-century shehu framework","1880","relationships","MISSING","C","partially-supported","political-polity","false","[]","[]","[]","[]","{""map_identity_id"":""entity-kanem-bornu"",""aliases"":[],""historical_names"":[{""value"":""Borno — nineteenth-century shehu framework"",""kind"":""primary"",""validFrom"":""1878-01-01"",""validUntil"":""1881-01-01""}],""identifiers"":{}}","[""Snapshot context is not observation date or boundary date."",""Map geometry does not establish sovereignty or succession.""]","851acb012ccfa2a4bfa05ea83ec2694b3f773a7a6fee8703e87969c9225e6997",""
"entity-kanem-bornu@1900/relationships","entity-kanem-bornu@1900","","Kanem-Bornu","1900","relationships","MISSING","C","completely-empty","political-polity","true","[]","[]","[]","[]","{""map_identity_id"":""entity-kanem-bornu"",""aliases"":[],""historical_names"":[],""identifiers"":{}}","[""Snapshot context is not observation date or boundary date."",""Map geometry does not establish sovereignty or succession."",""Resolve historical identity before proposing entity-specific facts.""]","851acb012ccfa2a4bfa05ea83ec2694b3f773a7a6fee8703e87969c9225e6997",""
"entity-eritrea@1930/relationships","entity-eritrea@1930","","Eritrea","1930","relationships","MISSING","C","completely-empty","dependent-administration","true","[]","[]","[]","[]","{""map_identity_id"":""entity-eritrea"",""aliases"":[],""historical_names"":[],""identifiers"":{}}","[""Snapshot context is not observation date or boundary date."",""Map geometry does not establish sovereignty or succession."",""Resolve historical identity before proposing entity-specific facts.""]","851acb012ccfa2a4bfa05ea83ec2694b3f773a7a6fee8703e87969c9225e6997",""
"entity-eritrea@1960/relationships","entity-eritrea@1960","eritrea-federal-formal-core","Eritrea — formal federation with Ethiopia","1960","relationships","MISSING","C","partially-supported","dependent-administration","false","[]","[]","[]","[]","{""map_identity_id"":""entity-eritrea"",""aliases"":[],""historical_names"":[{""value"":""Eritrea — formal federation with Ethiopia"",""kind"":""primary"",""validFrom"":""1952-09-11"",""validUntil"":""1961-01-01""}],""identifiers"":{}}","[""Snapshot context is not observation date or boundary date."",""Map geometry does not establish sovereignty or succession.""]","851acb012ccfa2a4bfa05ea83ec2694b3f773a7a6fee8703e87969c9225e6997",""
"entity-albania@1914/relationships","entity-albania@1914","","Albania","1914","relationships","MISSING","C","completely-empty","political-polity","true","[]","[]","[]","[]","{""map_identity_id"":""entity-albania"",""aliases"":[],""historical_names"":[],""identifiers"":{}}","[""Snapshot context is not observation date or boundary date."",""Map geometry does not establish sovereignty or succession."",""Resolve historical identity before proposing entity-specific facts.""]","851acb012ccfa2a4bfa05ea83ec2694b3f773a7a6fee8703e87969c9225e6997",""
"entity-albania@1920/relationships","entity-albania@1920","albanian-national-council-1920-framework","Albanian State — National Council framework","1920","relationships","MISSING","C","partially-supported","political-polity","false","[]","[]","[]","[]","{""map_identity_id"":""entity-albania"",""aliases"":[],""historical_names"":[{""value"":""Albanian State — National Council framework"",""kind"":""primary"",""validFrom"":""1920-03-27"",""validUntil"":""1920-12-20""}],""identifiers"":{}}","[""Snapshot context is not observation date or boundary date."",""Map geometry does not establish sovereignty or succession.""]","851acb012ccfa2a4bfa05ea83ec2694b3f773a7a6fee8703e87969c9225e6997",""
"entity-albania@1930/relationships","entity-albania@1930","albanian-royal-statute-framework","Kingdom of Albania — royal statute framework","1930","relationships","MISSING","C","core-supported","political-polity","false","[]","[]","[]","[]","{""map_identity_id"":""entity-albania"",""aliases"":[],""historical_names"":[{""value"":""Kingdom of Albania — royal statute framework"",""kind"":""primary"",""validFrom"":""1929-01-01"",""validUntil"":""1939-01-01""}],""identifiers"":{}}","[""Snapshot context is not observation date or boundary date."",""Map geometry does not establish sovereignty or succession.""]","851acb012ccfa2a4bfa05ea83ec2694b3f773a7a6fee8703e87969c9225e6997",""
"entity-albania@1938/relationships","entity-albania@1938","albanian-royal-statute-framework","Kingdom of Albania — royal statute framework","1938","relationships","MISSING","C","core-supported","political-polity","false","[]","[]","[]","[]","{""map_identity_id"":""entity-albania"",""aliases"":[],""historical_names"":[{""value"":""Kingdom of Albania — royal statute framework"",""kind"":""primary"",""validFrom"":""1929-01-01"",""validUntil"":""1939-01-01""}],""identifiers"":{}}","[""Snapshot context is not observation date or boundary date."",""Map geometry does not establish sovereignty or succession.""]","851acb012ccfa2a4bfa05ea83ec2694b3f773a7a6fee8703e87969c9225e6997",""
"entity-albania@1945/relationships","entity-albania@1945","","Albania","1945","relationships","MISSING","C","completely-empty","political-polity","true","[]","[]","[]","[]","{""map_identity_id"":""entity-albania"",""aliases"":[],""historical_names"":[],""identifiers"":{}}","[""Snapshot context is not observation date or boundary date."",""Map geometry does not establish sovereignty or succession."",""Resolve historical identity before proposing entity-specific facts.""]","851acb012ccfa2a4bfa05ea83ec2694b3f773a7a6fee8703e87969c9225e6997",""
"entity-albania@1960/relationships","entity-albania@1960","albanian-postwar-peoples-parliament-framework","Albania — postwar People’s Parliament framework","1960","relationships","MISSING","C","core-supported","political-polity","false","[]","[]","[]","[]","{""map_identity_id"":""entity-albania"",""aliases"":[],""historical_names"":[{""value"":""Albania — postwar People’s Parliament framework"",""kind"":""primary"",""validFrom"":""1947-01-01"",""validUntil"":""1961-01-01""}],""identifiers"":{}}","[""Snapshot context is not observation date or boundary date."",""Map geometry does not establish sovereignty or succession.""]","851acb012ccfa2a4bfa05ea83ec2694b3f773a7a6fee8703e87969c9225e6997",""
"entity-turks-and-caicos-islands@1800/relationships","entity-turks-and-caicos-islands@1800","","Turks and Caicos Islands","1800","relationships","MISSING","C","completely-empty","dependent-administration","true","[]","[]","[]","[]","{""map_identity_id"":""entity-turks-and-caicos-islands"",""aliases"":[],""historical_names"":[],""identifiers"":{}}","[""Snapshot context is not observation date or boundary date."",""Map geometry does not establish sovereignty or succession."",""Resolve historical identity before proposing entity-specific facts.""]","851acb012ccfa2a4bfa05ea83ec2694b3f773a7a6fee8703e87969c9225e6997",""
"entity-turks-and-caicos-islands@1960/relationships","entity-turks-and-caicos-islands@1960","","Turks and Caicos Islands","1960","relationships","MISSING","C","completely-empty","dependent-administration","true","[]","[]","[]","[]","{""map_identity_id"":""entity-turks-and-caicos-islands"",""aliases"":[],""historical_names"":[],""identifiers"":{}}","[""Snapshot context is not observation date or boundary date."",""Map geometry does not establish sovereignty or succession."",""Resolve historical identity before proposing entity-specific facts.""]","851acb012ccfa2a4bfa05ea83ec2694b3f773a7a6fee8703e87969c9225e6997",""
"entity-kenya@1920/relationships","entity-kenya@1920","","Kenya","1920","relationships","MISSING","C","completely-empty","dependent-administration","true","[]","[]","[]","[]","{""map_identity_id"":""entity-kenya"",""aliases"":[],""historical_names"":[],""identifiers"":{}}","[""Snapshot context is not observation date or boundary date."",""Map geometry does not establish sovereignty or succession."",""Resolve historical identity before proposing entity-specific facts.""]","851acb012ccfa2a4bfa05ea83ec2694b3f773a7a6fee8703e87969c9225e6997",""
"entity-tukular-caliphate@1878/relationships","entity-tukular-caliphate@1878","","Tukular Caliphate","1878","relationships","MISSING","C","held-ambiguous","political-polity","true","[]","[]","[]","[]","{""map_identity_id"":""entity-tukular-caliphate"",""aliases"":[],""historical_names"":[],""identifiers"":{}}","[""Snapshot context is not observation date or boundary date."",""Map geometry does not establish sovereignty or succession."",""Resolve historical identity before proposing entity-specific facts.""]","851acb012ccfa2a4bfa05ea83ec2694b3f773a7a6fee8703e87969c9225e6997",""
"entity-tukular-caliphate@1880/relationships","entity-tukular-caliphate@1880","","Tukular Caliphate","1880","relationships","MISSING","C","held-ambiguous","political-polity","true","[]","[]","[]","[]","{""map_identity_id"":""entity-tukular-caliphate"",""aliases"":[],""historical_names"":[],""identifiers"":{}}","[""Snapshot context is not observation date or boundary date."",""Map geometry does not establish sovereignty or succession."",""Resolve historical identity before proposing entity-specific facts.""]","851acb012ccfa2a4bfa05ea83ec2694b3f773a7a6fee8703e87969c9225e6997",""
"entity-tukular-caliphate@1900/relationships","entity-tukular-caliphate@1900","","Tukular Caliphate","1900","relationships","MISSING","C","held-ambiguous","political-polity","true","[]","[]","[]","[]","{""map_identity_id"":""entity-tukular-caliphate"",""aliases"":[],""historical_names"":[],""identifiers"":{}}","[""Snapshot context is not observation date or boundary date."",""Map geometry does not establish sovereignty or succession."",""Resolve historical identity before proposing entity-specific facts.""]","851acb012ccfa2a4bfa05ea83ec2694b3f773a7a6fee8703e87969c9225e6997",""
"entity-sultanate-of-utetera@1878/relationships","entity-sultanate-of-utetera@1878","","Sultanate of Utetera","1878","relationships","MISSING","C","held-ambiguous","political-polity","true","[]","[]","[]","[]","{""map_identity_id"":""entity-sultanate-of-utetera"",""aliases"":[],""historical_names"":[],""identifiers"":{}}","[""Snapshot context is not observation date or boundary date."",""Map geometry does not establish sovereignty or succession."",""Resolve historical identity before proposing entity-specific facts.""]","851acb012ccfa2a4bfa05ea83ec2694b3f773a7a6fee8703e87969c9225e6997",""
"entity-sultanate-of-utetera@1880/relationships","entity-sultanate-of-utetera@1880","","Sultanate of Utetera","1880","relationships","MISSING","C","held-ambiguous","political-polity","true","[]","[]","[]","[]","{""map_identity_id"":""entity-sultanate-of-utetera"",""aliases"":[],""historical_names"":[],""identifiers"":{}}","[""Snapshot context is not observation date or boundary date."",""Map geometry does not establish sovereignty or succession."",""Resolve historical identity before proposing entity-specific facts.""]","851acb012ccfa2a4bfa05ea83ec2694b3f773a7a6fee8703e87969c9225e6997",""
"entity-sultanate-of-utetera@1900/relationships","entity-sultanate-of-utetera@1900","","Sultanate of Utetera","1900","relationships","MISSING","C","held-ambiguous","political-polity","true","[]","[]","[]","[]","{""map_identity_id"":""entity-sultanate-of-utetera"",""aliases"":[],""historical_names"":[],""identifiers"":{}}","[""Snapshot context is not observation date or boundary date."",""Map geometry does not establish sovereignty or succession."",""Resolve historical identity before proposing entity-specific facts.""]","851acb012ccfa2a4bfa05ea83ec2694b3f773a7a6fee8703e87969c9225e6997",""
"entity-togo@1920/relationships","entity-togo@1920","togo-1920-occupation-core","Togo — French occupation administration in 1920","1920","relationships","PARTIAL","C","partially-supported","dependent-administration","false","[""French-administered occupied former German territory""]","[]","[{""id"":""togo-1920-occupation-core"",""description"":""Existing accepted political-status scope of Togo — French occupation administration in 1920; original statement and qualifications preserved."",""relationship"":""same""}]","[]","{""map_identity_id"":""entity-togo"",""aliases"":[],""historical_names"":[{""value"":""Togo — French occupation administration in 1920"",""kind"":""primary"",""validFrom"":""1920-10-01"",""validUntil"":""1921-01-01""}],""identifiers"":{}}","[""Snapshot context is not observation date or boundary date."",""Map geometry does not establish sovereignty or succession."",""Exact reuse of an already accepted sourced political-status statement; no additional sovereignty, succession, occupation legitimacy or target-entity assertion."",""Named party is a literal text marker only, without inferred historical entity ID."",""Original interval dates and precision are copied exactly inside the existing source/entity/atlas validity envelope."",""Existing applicability intervals: [{\""kind\"":\""interval\"",\""from\"":\""1920-10-01\"",\""until\"":\""1921-01-01\"",\""certainty\"":\""exact\""}]""]","851acb012ccfa2a4bfa05ea83ec2694b3f773a7a6fee8703e87969c9225e6997",""
"entity-togo@1930/relationships","entity-togo@1930","togo-1922-mandate-core","Togoland — French League mandate","1930","relationships","MISSING","C","partially-supported","dependent-administration","false","[]","[]","[]","[]","{""map_identity_id"":""entity-togo"",""aliases"":[],""historical_names"":[{""value"":""Togoland — French League mandate"",""kind"":""primary"",""validFrom"":""1923-01-01"",""validUntil"":""1946-01-01""}],""identifiers"":{}}","[""Snapshot context is not observation date or boundary date."",""Map geometry does not establish sovereignty or succession.""]","851acb012ccfa2a4bfa05ea83ec2694b3f773a7a6fee8703e87969c9225e6997",""
"entity-togo@1938/relationships","entity-togo@1938","togo-1922-mandate-core","Togoland — French League mandate","1938","relationships","MISSING","C","partially-supported","dependent-administration","false","[]","[]","[]","[]","{""map_identity_id"":""entity-togo"",""aliases"":[],""historical_names"":[{""value"":""Togoland — French League mandate"",""kind"":""primary"",""validFrom"":""1923-01-01"",""validUntil"":""1946-01-01""}],""identifiers"":{}}","[""Snapshot context is not observation date or boundary date."",""Map geometry does not establish sovereignty or succession.""]","851acb012ccfa2a4bfa05ea83ec2694b3f773a7a6fee8703e87969c9225e6997",""
"entity-togo@1945/relationships","entity-togo@1945","togo-1922-mandate-core","Togoland — French League mandate","1945","relationships","MISSING","C","partially-supported","dependent-administration","false","[]","[]","[]","[]","{""map_identity_id"":""entity-togo"",""aliases"":[],""historical_names"":[{""value"":""Togoland — French League mandate"",""kind"":""primary"",""validFrom"":""1923-01-01"",""validUntil"":""1946-01-01""}],""identifiers"":{}}","[""Snapshot context is not observation date or boundary date."",""Map geometry does not establish sovereignty or succession.""]","851acb012ccfa2a4bfa05ea83ec2694b3f773a7a6fee8703e87969c9225e6997",""
"entity-togo@1960/relationships","entity-togo@1960","togo-1960-independent-core","Togo — independent republic in 1960","1960","relationships","MISSING","C","partially-supported","dependent-administration","false","[]","[]","[]","[]","{""map_identity_id"":""entity-togo"",""aliases"":[],""historical_names"":[{""value"":""Togo — independent republic in 1960"",""kind"":""primary"",""validFrom"":""1960-04-27"",""validUntil"":""1961-01-01""}],""identifiers"":{}}","[""Snapshot context is not observation date or boundary date."",""Map geometry does not establish sovereignty or succession.""]","851acb012ccfa2a4bfa05ea83ec2694b3f773a7a6fee8703e87969c9225e6997",""
"entity-futa-toro@1878/relationships","entity-futa-toro@1878","","Futa Toro","1878","relationships","MISSING","C","held-ambiguous","political-polity","true","[]","[]","[]","[]","{""map_identity_id"":""entity-futa-toro"",""aliases"":[],""historical_names"":[],""identifiers"":{}}","[""Snapshot context is not observation date or boundary date."",""Map geometry does not establish sovereignty or succession."",""Resolve historical identity before proposing entity-specific facts.""]","851acb012ccfa2a4bfa05ea83ec2694b3f773a7a6fee8703e87969c9225e6997",""
"entity-futa-toro@1880/relationships","entity-futa-toro@1880","","Futa Toro","1880","relationships","MISSING","C","held-ambiguous","political-polity","true","[]","[]","[]","[]","{""map_identity_id"":""entity-futa-toro"",""aliases"":[],""historical_names"":[],""identifiers"":{}}","[""Snapshot context is not observation date or boundary date."",""Map geometry does not establish sovereignty or succession."",""Resolve historical identity before proposing entity-specific facts.""]","851acb012ccfa2a4bfa05ea83ec2694b3f773a7a6fee8703e87969c9225e6997",""
"entity-futa-toro@1900/relationships","entity-futa-toro@1900","","Futa Toro","1900","relationships","MISSING","C","held-ambiguous","political-polity","true","[]","[]","[]","[]","{""map_identity_id"":""entity-futa-toro"",""aliases"":[],""historical_names"":[],""identifiers"":{}}","[""Snapshot context is not observation date or boundary date."",""Map geometry does not establish sovereignty or succession."",""Resolve historical identity before proposing entity-specific facts.""]","851acb012ccfa2a4bfa05ea83ec2694b3f773a7a6fee8703e87969c9225e6997",""
"entity-puerto-rico@1914/relationships","entity-puerto-rico@1914","b11-puerto-rico-foraker","Puerto Rico — Foraker civil government","1914","relationships","MISSING","C","partially-supported","dependent-administration","false","[]","[]","[]","[]","{""map_identity_id"":""entity-puerto-rico"",""aliases"":[],""historical_names"":[{""value"":""Puerto Rico — Foraker civil government"",""kind"":""primary"",""validFrom"":""1901-01-01"",""validUntil"":""1917-03-02""}],""identifiers"":{}}","[""Snapshot context is not observation date or boundary date."",""Map geometry does not establish sovereignty or succession.""]","851acb012ccfa2a4bfa05ea83ec2694b3f773a7a6fee8703e87969c9225e6997",""
"entity-puerto-rico@1920/relationships","entity-puerto-rico@1920","b11-puerto-rico-jones","Puerto Rico — Jones Act framework","1920","relationships","MISSING","C","partially-supported","dependent-administration","false","[]","[]","[]","[]","{""map_identity_id"":""entity-puerto-rico"",""aliases"":[],""historical_names"":[{""value"":""Puerto Rico — Jones Act framework"",""kind"":""primary"",""validFrom"":""1917-03-02"",""validUntil"":""1947-01-01""}],""identifiers"":{}}","[""Snapshot context is not observation date or boundary date."",""Map geometry does not establish sovereignty or succession.""]","851acb012ccfa2a4bfa05ea83ec2694b3f773a7a6fee8703e87969c9225e6997",""
"entity-puerto-rico@1930/relationships","entity-puerto-rico@1930","b11-puerto-rico-jones","Puerto Rico — Jones Act framework","1930","relationships","MISSING","C","partially-supported","dependent-administration","false","[]","[]","[]","[]","{""map_identity_id"":""entity-puerto-rico"",""aliases"":[],""historical_names"":[{""value"":""Puerto Rico — Jones Act framework"",""kind"":""primary"",""validFrom"":""1917-03-02"",""validUntil"":""1947-01-01""}],""identifiers"":{}}","[""Snapshot context is not observation date or boundary date."",""Map geometry does not establish sovereignty or succession.""]","851acb012ccfa2a4bfa05ea83ec2694b3f773a7a6fee8703e87969c9225e6997",""
"entity-puerto-rico@1938/relationships","entity-puerto-rico@1938","b11-puerto-rico-jones","Puerto Rico — Jones Act framework","1938","relationships","MISSING","C","partially-supported","dependent-administration","false","[]","[]","[]","[]","{""map_identity_id"":""entity-puerto-rico"",""aliases"":[],""historical_names"":[{""value"":""Puerto Rico — Jones Act framework"",""kind"":""primary"",""validFrom"":""1917-03-02"",""validUntil"":""1947-01-01""}],""identifiers"":{}}","[""Snapshot context is not observation date or boundary date."",""Map geometry does not establish sovereignty or succession.""]","851acb012ccfa2a4bfa05ea83ec2694b3f773a7a6fee8703e87969c9225e6997",""
"entity-puerto-rico@1945/relationships","entity-puerto-rico@1945","b11-puerto-rico-jones","Puerto Rico — Jones Act framework","1945","relationships","MISSING","C","partially-supported","dependent-administration","false","[]","[]","[]","[]","{""map_identity_id"":""entity-puerto-rico"",""aliases"":[],""historical_names"":[{""value"":""Puerto Rico — Jones Act framework"",""kind"":""primary"",""validFrom"":""1917-03-02"",""validUntil"":""1947-01-01""}],""identifiers"":{}}","[""Snapshot context is not observation date or boundary date."",""Map geometry does not establish sovereignty or succession.""]","851acb012ccfa2a4bfa05ea83ec2694b3f773a7a6fee8703e87969c9225e6997",""
"entity-puerto-rico@1960/relationships","entity-puerto-rico@1960","b11-puerto-rico-commonwealth","Puerto Rico — Commonwealth constitutional framework","1960","relationships","MISSING","C","partially-supported","dependent-administration","false","[]","[]","[]","[]","{""map_identity_id"":""entity-puerto-rico"",""aliases"":[],""historical_names"":[{""value"":""Puerto Rico — Commonwealth constitutional framework"",""kind"":""primary"",""validFrom"":""1952-07-25"",""validUntil"":""1961-01-01""}],""identifiers"":{}}","[""Snapshot context is not observation date or boundary date."",""Map geometry does not establish sovereignty or succession.""]","851acb012ccfa2a4bfa05ea83ec2694b3f773a7a6fee8703e87969c9225e6997",""
"entity-martinique@1815/relationships","entity-martinique@1815","","Martinique","1815","relationships","MISSING","C","completely-empty","dependent-administration","true","[]","[]","[]","[]","{""map_identity_id"":""entity-martinique"",""aliases"":[],""historical_names"":[],""identifiers"":{}}","[""Snapshot context is not observation date or boundary date."",""Map geometry does not establish sovereignty or succession."",""Resolve historical identity before proposing entity-specific facts.""]","851acb012ccfa2a4bfa05ea83ec2694b3f773a7a6fee8703e87969c9225e6997",""
"entity-azerbaijan@1914/relationships","entity-azerbaijan@1914","","Azerbaijan","1914","relationships","MISSING","C","completely-empty","political-polity","true","[]","[]","[]","[]","{""map_identity_id"":""entity-azerbaijan"",""aliases"":[],""historical_names"":[],""identifiers"":{}}","[""Snapshot context is not observation date or boundary date."",""Map geometry does not establish sovereignty or succession."",""Resolve historical identity before proposing entity-specific facts.""]","851acb012ccfa2a4bfa05ea83ec2694b3f773a7a6fee8703e87969c9225e6997",""
"entity-azerbaijan@1920/relationships","entity-azerbaijan@1920","azerbaijan-first-republic-parliamentary-framework","Azerbaijan Democratic Republic — parliamentary framework","1920","relationships","MISSING","C","partially-supported","political-polity","false","[]","[]","[]","[]","{""map_identity_id"":""entity-azerbaijan"",""aliases"":[],""historical_names"":[{""value"":""Azerbaijan Democratic Republic — parliamentary framework"",""kind"":""primary"",""validFrom"":""1918-12-07"",""validUntil"":""1920-04-28""}],""identifiers"":{}}","[""Snapshot context is not observation date or boundary date."",""Map geometry does not establish sovereignty or succession.""]","851acb012ccfa2a4bfa05ea83ec2694b3f773a7a6fee8703e87969c9225e6997",""
"entity-azerbaijan@1930/relationships","entity-azerbaijan@1930","","Azerbaijan","1930","relationships","MISSING","C","completely-empty","political-polity","true","[]","[]","[]","[]","{""map_identity_id"":""entity-azerbaijan"",""aliases"":[],""historical_names"":[],""identifiers"":{}}","[""Snapshot context is not observation date or boundary date."",""Map geometry does not establish sovereignty or succession."",""Resolve historical identity before proposing entity-specific facts.""]","851acb012ccfa2a4bfa05ea83ec2694b3f773a7a6fee8703e87969c9225e6997",""
"entity-buganda@1815/relationships","entity-buganda@1815","buganda-precolonial-kingship-core","Buganda — royal polity in 1815","1815","relationships","MISSING","C","partially-supported","political-polity","false","[]","[]","[]","[]","{""map_identity_id"":""entity-buganda"",""aliases"":[],""historical_names"":[{""value"":""Buganda — royal polity in 1815"",""kind"":""primary"",""validFrom"":""1815-01-01"",""validUntil"":""1816-01-01""},{""value"":""Buganda — kingdom around 1880"",""kind"":""primary"",""validFrom"":""1878-01-01"",""validUntil"":""1881-01-01""}],""identifiers"":{}}","[""Snapshot context is not observation date or boundary date."",""Map geometry does not establish sovereignty or succession.""]","851acb012ccfa2a4bfa05ea83ec2694b3f773a7a6fee8703e87969c9225e6997",""
"entity-buganda@1878/relationships","entity-buganda@1878","buganda-precolonial-kingship-core","Buganda — kingdom around 1880","1878","relationships","MISSING","C","partially-supported","political-polity","false","[]","[]","[]","[]","{""map_identity_id"":""entity-buganda"",""aliases"":[],""historical_names"":[{""value"":""Buganda — royal polity in 1815"",""kind"":""primary"",""validFrom"":""1815-01-01"",""validUntil"":""1816-01-01""},{""value"":""Buganda — kingdom around 1880"",""kind"":""primary"",""validFrom"":""1878-01-01"",""validUntil"":""1881-01-01""}],""identifiers"":{}}","[""Snapshot context is not observation date or boundary date."",""Map geometry does not establish sovereignty or succession.""]","851acb012ccfa2a4bfa05ea83ec2694b3f773a7a6fee8703e87969c9225e6997",""
"entity-buganda@1880/relationships","entity-buganda@1880","buganda-precolonial-kingship-core","Buganda — kingdom around 1880","1880","relationships","MISSING","C","partially-supported","political-polity","false","[]","[]","[]","[]","{""map_identity_id"":""entity-buganda"",""aliases"":[],""historical_names"":[{""value"":""Buganda — royal polity in 1815"",""kind"":""primary"",""validFrom"":""1815-01-01"",""validUntil"":""1816-01-01""},{""value"":""Buganda — kingdom around 1880"",""kind"":""primary"",""validFrom"":""1878-01-01"",""validUntil"":""1881-01-01""}],""identifiers"":{}}","[""Snapshot context is not observation date or boundary date."",""Map geometry does not establish sovereignty or succession.""]","851acb012ccfa2a4bfa05ea83ec2694b3f773a7a6fee8703e87969c9225e6997",""
"entity-buganda@1900/relationships","entity-buganda@1900","","Buganda","1900","relationships","MISSING","C","completely-empty","political-polity","true","[]","[]","[]","[]","{""map_identity_id"":""entity-buganda"",""aliases"":[],""historical_names"":[],""identifiers"":{}}","[""Snapshot context is not observation date or boundary date."",""Map geometry does not establish sovereignty or succession."",""Resolve historical identity before proposing entity-specific facts.""]","851acb012ccfa2a4bfa05ea83ec2694b3f773a7a6fee8703e87969c9225e6997",""
"entity-kuwait@1914/relationships","entity-kuwait@1914","kuwait-1899-protection-core","Kuwait — 1899 British treaty","1914","relationships","MISSING","C","partially-supported","political-polity","false","[]","[]","[]","[]","{""map_identity_id"":""entity-kuwait"",""aliases"":[],""historical_names"":[{""value"":""Kuwait — 1899 British treaty"",""kind"":""primary"",""validFrom"":""1900-01-01"",""validUntil"":""1938-01-01""}],""identifiers"":{}}","[""Snapshot context is not observation date or boundary date."",""Map geometry does not establish sovereignty or succession.""]","851acb012ccfa2a4bfa05ea83ec2694b3f773a7a6fee8703e87969c9225e6997",""
"entity-kuwait@1938/relationships","entity-kuwait@1938","","Kuwait","1938","relationships","MISSING","C","completely-empty","political-polity","true","[]","[]","[]","[]","{""map_identity_id"":""entity-kuwait"",""aliases"":[],""historical_names"":[],""identifiers"":{}}","[""Snapshot context is not observation date or boundary date."",""Map geometry does not establish sovereignty or succession."",""Resolve historical identity before proposing entity-specific facts.""]","851acb012ccfa2a4bfa05ea83ec2694b3f773a7a6fee8703e87969c9225e6997",""
"entity-kuwait@1945/relationships","entity-kuwait@1945","kuwait-post-1938-ruler-core","Kuwait — after 1938 assembly","1945","relationships","MISSING","C","partially-supported","political-polity","false","[]","[]","[]","[]","{""map_identity_id"":""entity-kuwait"",""aliases"":[],""historical_names"":[{""value"":""Kuwait — after 1938 assembly"",""kind"":""primary"",""validFrom"":""1939-01-01"",""validUntil"":""1961-01-01""}],""identifiers"":{}}","[""Snapshot context is not observation date or boundary date."",""Map geometry does not establish sovereignty or succession.""]","851acb012ccfa2a4bfa05ea83ec2694b3f773a7a6fee8703e87969c9225e6997",""
"entity-kuwait@1960/relationships","entity-kuwait@1960","kuwait-post-1938-ruler-core","Kuwait — after 1938 assembly","1960","relationships","MISSING","C","partially-supported","political-polity","false","[]","[]","[]","[]","{""map_identity_id"":""entity-kuwait"",""aliases"":[],""historical_names"":[{""value"":""Kuwait — after 1938 assembly"",""kind"":""primary"",""validFrom"":""1939-01-01"",""validUntil"":""1961-01-01""}],""identifiers"":{}}","[""Snapshot context is not observation date or boundary date."",""Map geometry does not establish sovereignty or succession.""]","851acb012ccfa2a4bfa05ea83ec2694b3f773a7a6fee8703e87969c9225e6997",""
"entity-spanish-guinea@1878/relationships","entity-spanish-guinea@1878","b17-spanish-guinea-1878","Fernando Poo dependencies — Spanish colonial decree attestation","1878","relationships","PARTIAL","C","partially-supported","dependent-administration","false","[""Spanish island colonial administration""]","[]","[{""id"":""b17-spanish-guinea-1878"",""description"":""Existing accepted political-status scope of Fernando Poo dependencies — Spanish colonial decree attestation; original statement and qualifications preserved."",""relationship"":""same""}]","[]","{""map_identity_id"":""entity-spanish-guinea"",""aliases"":[],""historical_names"":[{""value"":""Fernando Poo dependencies — Spanish colonial decree attestation"",""kind"":""primary"",""validFrom"":""1878-12-26"",""validUntil"":""1878-12-27""}],""identifiers"":{}}","[""Snapshot context is not observation date or boundary date."",""Map geometry does not establish sovereignty or succession."",""Exact reuse of an already accepted sourced political-status statement; no additional sovereignty, succession, occupation legitimacy or target-entity assertion."",""Named party is a literal text marker only, without inferred historical entity ID."",""Original interval dates and precision are copied exactly inside the existing source/entity/atlas validity envelope."",""Existing applicability intervals: [{\""kind\"":\""interval\"",\""from\"":\""1878-12-26\"",\""until\"":\""1878-12-27\"",\""certainty\"":\""exact\""}]""]","851acb012ccfa2a4bfa05ea83ec2694b3f773a7a6fee8703e87969c9225e6997",""
"entity-spanish-guinea@1880/relationships","entity-spanish-guinea@1880","","Spanish Guinea","1880","relationships","MISSING","C","completely-empty","dependent-administration","true","[]","[]","[]","[]","{""map_identity_id"":""entity-spanish-guinea"",""aliases"":[],""historical_names"":[],""identifiers"":{}}","[""Snapshot context is not observation date or boundary date."",""Map geometry does not establish sovereignty or succession."",""Resolve historical identity before proposing entity-specific facts.""]","851acb012ccfa2a4bfa05ea83ec2694b3f773a7a6fee8703e87969c9225e6997",""
"entity-spanish-guinea@1900/relationships","entity-spanish-guinea@1900","","Spanish Guinea","1900","relationships","MISSING","C","completely-empty","dependent-administration","true","[]","[]","[]","[]","{""map_identity_id"":""entity-spanish-guinea"",""aliases"":[],""historical_names"":[],""identifiers"":{}}","[""Snapshot context is not observation date or boundary date."",""Map geometry does not establish sovereignty or succession."",""Resolve historical identity before proposing entity-specific facts.""]","851acb012ccfa2a4bfa05ea83ec2694b3f773a7a6fee8703e87969c9225e6997",""
"entity-british-guiana@1800/relationships","entity-british-guiana@1800","","British Guiana","1800","relationships","MISSING","C","held-ambiguous","dependent-administration","true","[]","[]","[]","[]","{""map_identity_id"":""entity-british-guiana"",""aliases"":[],""historical_names"":[],""identifiers"":{}}","[""Snapshot context is not observation date or boundary date."",""Map geometry does not establish sovereignty or succession."",""Resolve historical identity before proposing entity-specific facts.""]","851acb012ccfa2a4bfa05ea83ec2694b3f773a7a6fee8703e87969c9225e6997",""
"entity-british-guiana@1878/relationships","entity-british-guiana@1878","british-guiana-court-policy-framework","British Guiana — Court of Policy framework","1878","relationships","MISSING","C","partially-supported","dependent-administration","false","[]","[]","[]","[]","{""map_identity_id"":""entity-british-guiana"",""aliases"":[],""historical_names"":[{""value"":""British Guiana — Court of Policy framework"",""kind"":""primary"",""validFrom"":""1914-01-01"",""validUntil"":""1928-01-01""},{""value"":""British Guiana — Court of Policy framework"",""kind"":""primary"",""validFrom"":""1832-01-01"",""validUntil"":""1914-01-01""}],""identifiers"":{}}","[""Snapshot context is not observation date or boundary date."",""Map geometry does not establish sovereignty or succession.""]","851acb012ccfa2a4bfa05ea83ec2694b3f773a7a6fee8703e87969c9225e6997",""
"entity-british-guiana@1880/relationships","entity-british-guiana@1880","british-guiana-court-policy-framework","British Guiana — Court of Policy framework","1880","relationships","MISSING","C","partially-supported","dependent-administration","false","[]","[]","[]","[]","{""map_identity_id"":""entity-british-guiana"",""aliases"":[],""historical_names"":[{""value"":""British Guiana — Court of Policy framework"",""kind"":""primary"",""validFrom"":""1914-01-01"",""validUntil"":""1928-01-01""},{""value"":""British Guiana — Court of Policy framework"",""kind"":""primary"",""validFrom"":""1832-01-01"",""validUntil"":""1914-01-01""}],""identifiers"":{}}","[""Snapshot context is not observation date or boundary date."",""Map geometry does not establish sovereignty or succession.""]","851acb012ccfa2a4bfa05ea83ec2694b3f773a7a6fee8703e87969c9225e6997",""
"entity-british-guiana@1900/relationships","entity-british-guiana@1900","british-guiana-court-policy-framework","British Guiana — Court of Policy framework","1900","relationships","MISSING","C","partially-supported","dependent-administration","false","[]","[]","[]","[]","{""map_identity_id"":""entity-british-guiana"",""aliases"":[],""historical_names"":[{""value"":""British Guiana — Court of Policy framework"",""kind"":""primary"",""validFrom"":""1914-01-01"",""validUntil"":""1928-01-01""},{""value"":""British Guiana — Court of Policy framework"",""kind"":""primary"",""validFrom"":""1832-01-01"",""validUntil"":""1914-01-01""}],""identifiers"":{}}","[""Snapshot context is not observation date or boundary date."",""Map geometry does not establish sovereignty or succession.""]","851acb012ccfa2a4bfa05ea83ec2694b3f773a7a6fee8703e87969c9225e6997",""
"entity-kingdom-of-hawaii@1815/relationships","entity-kingdom-of-hawaii@1815","hawaii-1815-royal-core","Hawaiian Kingdom — Kamehameha’s royal government in 1815","1815","relationships","MISSING","C","partially-supported","political-polity","false","[]","[]","[]","[]","{""map_identity_id"":""entity-kingdom-of-hawaii"",""aliases"":[],""historical_names"":[{""value"":""Hawaiian Kingdom — Kamehameha’s royal government in 1815"",""kind"":""primary"",""validFrom"":""1815-01-01"",""validUntil"":""1816-01-01""}],""identifiers"":{}}","[""Snapshot context is not observation date or boundary date."",""Map geometry does not establish sovereignty or succession.""]","851acb012ccfa2a4bfa05ea83ec2694b3f773a7a6fee8703e87969c9225e6997",""
"entity-kingdom-of-hawaii@1878/relationships","entity-kingdom-of-hawaii@1878","hawaii-kalakaua-royal-core","Hawaiian Kingdom — royal government around 1880","1878","relationships","MISSING","C","partially-supported","political-polity","false","[]","[]","[]","[]","{""map_identity_id"":""entity-kingdom-of-hawaii"",""aliases"":[],""historical_names"":[{""value"":""Hawaiian Kingdom — royal government around 1880"",""kind"":""primary"",""validFrom"":""1878-01-01"",""validUntil"":""1881-01-01""}],""identifiers"":{}}","[""Snapshot context is not observation date or boundary date."",""Map geometry does not establish sovereignty or succession.""]","851acb012ccfa2a4bfa05ea83ec2694b3f773a7a6fee8703e87969c9225e6997",""
"entity-kingdom-of-hawaii@1880/relationships","entity-kingdom-of-hawaii@1880","hawaii-kalakaua-royal-core","Hawaiian Kingdom — royal government around 1880","1880","relationships","MISSING","C","partially-supported","political-polity","false","[]","[]","[]","[]","{""map_identity_id"":""entity-kingdom-of-hawaii"",""aliases"":[],""historical_names"":[{""value"":""Hawaiian Kingdom — royal government around 1880"",""kind"":""primary"",""validFrom"":""1878-01-01"",""validUntil"":""1881-01-01""}],""identifiers"":{}}","[""Snapshot context is not observation date or boundary date."",""Map geometry does not establish sovereignty or succession.""]","851acb012ccfa2a4bfa05ea83ec2694b3f773a7a6fee8703e87969c9225e6997",""
"entity-kingdom-of-hawaii@1900/relationships","entity-kingdom-of-hawaii@1900","","Kingdom of Hawaii","1900","relationships","MISSING","C","held-ambiguous","political-polity","true","[]","[]","[]","[]","{""map_identity_id"":""entity-kingdom-of-hawaii"",""aliases"":[],""historical_names"":[],""identifiers"":{}}","[""Snapshot context is not observation date or boundary date."",""Map geometry does not establish sovereignty or succession."",""Resolve historical identity before proposing entity-specific facts.""]","851acb012ccfa2a4bfa05ea83ec2694b3f773a7a6fee8703e87969c9225e6997",""
"entity-hail@1920/relationships","entity-hail@1920","hail-rashidi-1920-core","Hail — Rashidi authority in 1920","1920","relationships","MISSING","C","partially-supported","political-polity","false","[]","[]","[]","[]","{""map_identity_id"":""entity-hail"",""aliases"":[],""historical_names"":[{""value"":""Hail — Rashidi authority in 1920"",""kind"":""primary"",""validFrom"":""1920-01-01"",""validUntil"":""1921-01-01""}],""identifiers"":{}}","[""Snapshot context is not observation date or boundary date."",""Map geometry does not establish sovereignty or succession.""]","851acb012ccfa2a4bfa05ea83ec2694b3f773a7a6fee8703e87969c9225e6997",""
"entity-hail@1930/relationships","entity-hail@1930","","Hail","1930","relationships","MISSING","C","held-ambiguous","political-polity","true","[]","[]","[]","[]","{""map_identity_id"":""entity-hail"",""aliases"":[],""historical_names"":[],""identifiers"":{}}","[""Snapshot context is not observation date or boundary date."",""Map geometry does not establish sovereignty or succession."",""Resolve historical identity before proposing entity-specific facts.""]","851acb012ccfa2a4bfa05ea83ec2694b3f773a7a6fee8703e87969c9225e6997",""
"entity-hail@1938/relationships","entity-hail@1938","","Hail","1938","relationships","MISSING","C","held-ambiguous","political-polity","true","[]","[]","[]","[]","{""map_identity_id"":""entity-hail"",""aliases"":[],""historical_names"":[],""identifiers"":{}}","[""Snapshot context is not observation date or boundary date."",""Map geometry does not establish sovereignty or succession."",""Resolve historical identity before proposing entity-specific facts.""]","851acb012ccfa2a4bfa05ea83ec2694b3f773a7a6fee8703e87969c9225e6997",""
"entity-georgia@1914/relationships","entity-georgia@1914","","Georgia","1914","relationships","MISSING","C","completely-empty","political-polity","true","[]","[]","[]","[]","{""map_identity_id"":""entity-georgia"",""aliases"":[],""historical_names"":[],""identifiers"":{}}","[""Snapshot context is not observation date or boundary date."",""Map geometry does not establish sovereignty or succession."",""Resolve historical identity before proposing entity-specific facts.""]","851acb012ccfa2a4bfa05ea83ec2694b3f773a7a6fee8703e87969c9225e6997",""
"entity-georgia@1920/relationships","entity-georgia@1920","georgian-constituent-republic-framework","Democratic Republic of Georgia — constituent framework","1920","relationships","MISSING","C","partially-supported","political-polity","false","[]","[]","[]","[]","{""map_identity_id"":""entity-georgia"",""aliases"":[],""historical_names"":[{""value"":""Democratic Republic of Georgia — constituent framework"",""kind"":""primary"",""validFrom"":""1919-04-01"",""validUntil"":""1921-02-21""}],""identifiers"":{}}","[""Snapshot context is not observation date or boundary date."",""Map geometry does not establish sovereignty or succession.""]","851acb012ccfa2a4bfa05ea83ec2694b3f773a7a6fee8703e87969c9225e6997",""
"entity-georgia@1930/relationships","entity-georgia@1930","","Georgia","1930","relationships","MISSING","C","completely-empty","political-polity","true","[]","[]","[]","[]","{""map_identity_id"":""entity-georgia"",""aliases"":[],""historical_names"":[],""identifiers"":{}}","[""Snapshot context is not observation date or boundary date."",""Map geometry does not establish sovereignty or succession."",""Resolve historical identity before proposing entity-specific facts.""]","851acb012ccfa2a4bfa05ea83ec2694b3f773a7a6fee8703e87969c9225e6997",""
"entity-israel@1938/relationships","entity-israel@1938","","Israel","1938","relationships","MISSING","C","held-ambiguous","political-polity","true","[]","[]","[]","[]","{""map_identity_id"":""entity-israel"",""aliases"":[],""historical_names"":[],""identifiers"":{}}","[""Snapshot context is not observation date or boundary date."",""Map geometry does not establish sovereignty or succession."",""Resolve historical identity before proposing entity-specific facts.""]","851acb012ccfa2a4bfa05ea83ec2694b3f773a7a6fee8703e87969c9225e6997",""
"entity-israel@1945/relationships","entity-israel@1945","","Israel","1945","relationships","MISSING","C","held-ambiguous","political-polity","true","[]","[]","[]","[]","{""map_identity_id"":""entity-israel"",""aliases"":[],""historical_names"":[],""identifiers"":{}}","[""Snapshot context is not observation date or boundary date."",""Map geometry does not establish sovereignty or succession."",""Resolve historical identity before proposing entity-specific facts.""]","851acb012ccfa2a4bfa05ea83ec2694b3f773a7a6fee8703e87969c9225e6997",""
"entity-israel@1960/relationships","entity-israel@1960","israel-1958-knesset-core","Israel — elected Knesset framework","1960","relationships","MISSING","C","partially-supported","political-polity","false","[]","[]","[]","[]","{""map_identity_id"":""entity-israel"",""aliases"":[],""historical_names"":[{""value"":""Israel — elected Knesset framework"",""kind"":""primary"",""validFrom"":""1959-01-01"",""validUntil"":""1961-01-01""}],""identifiers"":{}}","[""Snapshot context is not observation date or boundary date."",""Map geometry does not establish sovereignty or succession.""]","851acb012ccfa2a4bfa05ea83ec2694b3f773a7a6fee8703e87969c9225e6997",""
"entity-liberia@1878/relationships","entity-liberia@1878","liberia-presidential-constitutional-core","Liberia — amended 1847 constitutional tradition","1878","relationships","PARTIAL","C","partially-supported","political-polity","false","[""Diplomatic relations with the United States""]","[]","[{""id"":""liberia-presidential-constitutional-core-r15-relationships-liberia-us-relations"",""description"":""Explicit historical institution, office, affiliation or event of the named entity; not an inference about polygon sovereignty or statistical territory."",""relationship"":""same""}]","[]","{""map_identity_id"":""entity-liberia"",""aliases"":[],""historical_names"":[{""value"":""Liberia — amended 1847 constitutional tradition"",""kind"":""primary"",""validFrom"":""1878-01-01"",""validUntil"":""1961-01-01""}],""identifiers"":{}}","[""Snapshot context is not observation date or boundary date."",""Map geometry does not establish sovereignty or succession."",""Diplomatic relationship, not United States sovereignty over Liberia."",""No assertion of identical diplomatic staffing, financial support or agreement throughout the interval."",""Coarse research endpoint years remain partial; earlier or later events are not back-projected."",""Existing applicability intervals: [{\""kind\"":\""interval\"",\""from\"":\""1878\"",\""until\"":\""1960\"",\""certainty\"":\""exact\""}]""]","851acb012ccfa2a4bfa05ea83ec2694b3f773a7a6fee8703e87969c9225e6997",""
"entity-liberia@1960/relationships","entity-liberia@1960","liberia-presidential-constitutional-core","Liberia — amended 1847 constitutional tradition","1960","relationships","PARTIAL","C","core-supported","political-polity","false","[""Diplomatic relations with the United States""]","[]","[{""id"":""liberia-presidential-constitutional-core-r15-relationships-liberia-us-relations"",""description"":""Explicit historical institution, office, affiliation or event of the named entity; not an inference about polygon sovereignty or statistical territory."",""relationship"":""same""}]","[]","{""map_identity_id"":""entity-liberia"",""aliases"":[],""historical_names"":[{""value"":""Liberia — amended 1847 constitutional tradition"",""kind"":""primary"",""validFrom"":""1878-01-01"",""validUntil"":""1961-01-01""}],""identifiers"":{}}","[""Snapshot context is not observation date or boundary date."",""Map geometry does not establish sovereignty or succession."",""Diplomatic relationship, not United States sovereignty over Liberia."",""No assertion of identical diplomatic staffing, financial support or agreement throughout the interval."",""Coarse research endpoint years remain partial; earlier or later events are not back-projected."",""Existing applicability intervals: [{\""kind\"":\""interval\"",\""from\"":\""1878\"",\""until\"":\""1960\"",\""certainty\"":\""exact\""}]""]","851acb012ccfa2a4bfa05ea83ec2694b3f773a7a6fee8703e87969c9225e6997",""
"entity-bahamas@1800/relationships","entity-bahamas@1800","","Bahamas","1800","relationships","MISSING","C","completely-empty","dependent-administration","true","[]","[]","[]","[]","{""map_identity_id"":""entity-bahamas"",""aliases"":[],""historical_names"":[],""identifiers"":{}}","[""Snapshot context is not observation date or boundary date."",""Map geometry does not establish sovereignty or succession."",""Resolve historical identity before proposing entity-specific facts.""]","851acb012ccfa2a4bfa05ea83ec2694b3f773a7a6fee8703e87969c9225e6997",""
"entity-jamaica@1960/relationships","entity-jamaica@1960","","Jamaica","1960","relationships","MISSING","C","completely-empty","dependent-administration","true","[]","[]","[]","[]","{""map_identity_id"":""entity-jamaica"",""aliases"":[],""historical_names"":[],""identifiers"":{}}","[""Snapshot context is not observation date or boundary date."",""Map geometry does not establish sovereignty or succession."",""Resolve historical identity before proposing entity-specific facts.""]","851acb012ccfa2a4bfa05ea83ec2694b3f773a7a6fee8703e87969c9225e6997",""
"entity-bunyoro@1815/relationships","entity-bunyoro@1815","bunyoro-precolonial-kingship-core","Bunyoro — royal polity in 1815","1815","relationships","MISSING","C","partially-supported","political-polity","false","[]","[]","[]","[]","{""map_identity_id"":""entity-bunyoro"",""aliases"":[],""historical_names"":[{""value"":""Bunyoro — royal polity in 1815"",""kind"":""primary"",""validFrom"":""1815-01-01"",""validUntil"":""1816-01-01""},{""value"":""Bunyoro — kingdom around 1880"",""kind"":""primary"",""validFrom"":""1878-01-01"",""validUntil"":""1881-01-01""}],""identifiers"":{}}","[""Snapshot context is not observation date or boundary date."",""Map geometry does not establish sovereignty or succession.""]","851acb012ccfa2a4bfa05ea83ec2694b3f773a7a6fee8703e87969c9225e6997",""
"entity-bunyoro@1878/relationships","entity-bunyoro@1878","bunyoro-precolonial-kingship-core","Bunyoro — kingdom around 1880","1878","relationships","MISSING","C","partially-supported","political-polity","false","[]","[]","[]","[]","{""map_identity_id"":""entity-bunyoro"",""aliases"":[],""historical_names"":[{""value"":""Bunyoro — royal polity in 1815"",""kind"":""primary"",""validFrom"":""1815-01-01"",""validUntil"":""1816-01-01""},{""value"":""Bunyoro — kingdom around 1880"",""kind"":""primary"",""validFrom"":""1878-01-01"",""validUntil"":""1881-01-01""}],""identifiers"":{}}","[""Snapshot context is not observation date or boundary date."",""Map geometry does not establish sovereignty or succession.""]","851acb012ccfa2a4bfa05ea83ec2694b3f773a7a6fee8703e87969c9225e6997",""
"entity-bunyoro@1880/relationships","entity-bunyoro@1880","bunyoro-precolonial-kingship-core","Bunyoro — kingdom around 1880","1880","relationships","MISSING","C","partially-supported","political-polity","false","[]","[]","[]","[]","{""map_identity_id"":""entity-bunyoro"",""aliases"":[],""historical_names"":[{""value"":""Bunyoro — royal polity in 1815"",""kind"":""primary"",""validFrom"":""1815-01-01"",""validUntil"":""1816-01-01""},{""value"":""Bunyoro — kingdom around 1880"",""kind"":""primary"",""validFrom"":""1878-01-01"",""validUntil"":""1881-01-01""}],""identifiers"":{}}","[""Snapshot context is not observation date or boundary date."",""Map geometry does not establish sovereignty or succession.""]","851acb012ccfa2a4bfa05ea83ec2694b3f773a7a6fee8703e87969c9225e6997",""
"entity-zululand@1878/relationships","entity-zululand@1878","b20-zulu-royal","Zulu kingdom","1878","relationships","MISSING","C","partially-supported","dependent-administration","false","[]","[]","[]","[]","{""map_identity_id"":""entity-zululand"",""aliases"":[],""historical_names"":[{""value"":""Zulu kingdom"",""kind"":""primary"",""validFrom"":""1878-01-01"",""validUntil"":""1879-01-01""}],""identifiers"":{}}","[""Snapshot context is not observation date or boundary date."",""Map geometry does not establish sovereignty or succession.""]","851acb012ccfa2a4bfa05ea83ec2694b3f773a7a6fee8703e87969c9225e6997",""
"entity-zululand@1880/relationships","entity-zululand@1880","b20-zululand-postwar","Zululand — postwar chiefdom settlement","1880","relationships","MISSING","C","partially-supported","dependent-administration","false","[]","[]","[]","[]","{""map_identity_id"":""entity-zululand"",""aliases"":[],""historical_names"":[{""value"":""Zululand — postwar chiefdom settlement"",""kind"":""primary"",""validFrom"":""1880-03-12"",""validUntil"":""1880-03-13""}],""identifiers"":{}}","[""Snapshot context is not observation date or boundary date."",""Map geometry does not establish sovereignty or succession.""]","851acb012ccfa2a4bfa05ea83ec2694b3f773a7a6fee8703e87969c9225e6997",""
"entity-zululand@1900/relationships","entity-zululand@1900","","Zululand","1900","relationships","MISSING","C","completely-empty","dependent-administration","true","[]","[]","[]","[]","{""map_identity_id"":""entity-zululand"",""aliases"":[],""historical_names"":[],""identifiers"":{}}","[""Snapshot context is not observation date or boundary date."",""Map geometry does not establish sovereignty or succession."",""Resolve historical identity before proposing entity-specific facts.""]","851acb012ccfa2a4bfa05ea83ec2694b3f773a7a6fee8703e87969c9225e6997",""
"entity-somalia@1815/relationships","entity-somalia@1815","","Somalia","1815","relationships","MISSING","C","held-ambiguous","dependent-administration","true","[]","[]","[]","[]","{""map_identity_id"":""entity-somalia"",""aliases"":[],""historical_names"":[],""identifiers"":{}}","[""Snapshot context is not observation date or boundary date."",""Map geometry does not establish sovereignty or succession."",""Resolve historical identity before proposing entity-specific facts.""]","851acb012ccfa2a4bfa05ea83ec2694b3f773a7a6fee8703e87969c9225e6997",""
"entity-somalia@1945/relationships","entity-somalia@1945","somalia-south-1945-military-core","Former Italian Somaliland — British military administration in 1945","1945","relationships","MISSING","C","partially-supported","dependent-administration","false","[]","[]","[]","[]","{""map_identity_id"":""entity-somalia"",""aliases"":[],""historical_names"":[{""value"":""Former Italian Somaliland — British military administration in 1945"",""kind"":""primary"",""validFrom"":""1945-01-01"",""validUntil"":""1946-01-01""}],""identifiers"":{}}","[""Snapshot context is not observation date or boundary date."",""Map geometry does not establish sovereignty or succession.""]","851acb012ccfa2a4bfa05ea83ec2694b3f773a7a6fee8703e87969c9225e6997",""
"entity-somalia@1960/relationships","entity-somalia@1960","","Somalia","1960","relationships","MISSING","C","held-ambiguous","dependent-administration","true","[]","[]","[]","[]","{""map_identity_id"":""entity-somalia"",""aliases"":[],""historical_names"":[],""identifiers"":{}}","[""Snapshot context is not observation date or boundary date."",""Map geometry does not establish sovereignty or succession."",""Resolve historical identity before proposing entity-specific facts.""]","851acb012ccfa2a4bfa05ea83ec2694b3f773a7a6fee8703e87969c9225e6997",""
"entity-natal@1878/relationships","entity-natal@1878","b20-natal-colony","Natal — British colonial administration","1878","relationships","PARTIAL","C","partially-supported","dependent-administration","false","[""British colony""]","[]","[{""id"":""b20-natal-colony"",""description"":""Existing accepted political-status scope of Natal — British colonial administration; original statement and qualifications preserved."",""relationship"":""same""}]","[]","{""map_identity_id"":""entity-natal"",""aliases"":[],""historical_names"":[{""value"":""Natal — British colonial administration"",""kind"":""primary"",""validFrom"":""1878-07-26"",""validUntil"":""1878-07-27""},{""value"":""Natal — British colony"",""kind"":""primary"",""validFrom"":""1880-08-31"",""validUntil"":""1880-09-01""},{""value"":""Natal — British colony during South African War"",""kind"":""primary"",""validFrom"":""1900-12-12"",""validUntil"":""1900-12-13""}],""identifiers"":{}}","[""Snapshot context is not observation date or boundary date."",""Map geometry does not establish sovereignty or succession."",""Exact reuse of an already accepted sourced political-status statement; no additional sovereignty, succession, occupation legitimacy or target-entity assertion."",""Named party is a literal text marker only, without inferred historical entity ID."",""Original interval dates and precision are copied exactly inside the existing source/entity/atlas validity envelope."",""Existing applicability intervals: [{\""kind\"":\""interval\"",\""from\"":\""1878-07-26\"",\""until\"":\""1878-07-27\"",\""certainty\"":\""exact\""}]""]","851acb012ccfa2a4bfa05ea83ec2694b3f773a7a6fee8703e87969c9225e6997",""
"entity-natal@1880/relationships","entity-natal@1880","b20-natal-colony","Natal — British colony","1880","relationships","PARTIAL","C","partially-supported","dependent-administration","false","[""British colony""]","[]","[{""id"":""b20-natal-colony"",""description"":""Existing accepted political-status scope of Natal — British colonial administration; original statement and qualifications preserved."",""relationship"":""same""}]","[]","{""map_identity_id"":""entity-natal"",""aliases"":[],""historical_names"":[{""value"":""Natal — British colonial administration"",""kind"":""primary"",""validFrom"":""1878-07-26"",""validUntil"":""1878-07-27""},{""value"":""Natal — British colony"",""kind"":""primary"",""validFrom"":""1880-08-31"",""validUntil"":""1880-09-01""},{""value"":""Natal — British colony during South African War"",""kind"":""primary"",""validFrom"":""1900-12-12"",""validUntil"":""1900-12-13""}],""identifiers"":{}}","[""Snapshot context is not observation date or boundary date."",""Map geometry does not establish sovereignty or succession."",""Exact reuse of an already accepted sourced political-status statement; no additional sovereignty, succession, occupation legitimacy or target-entity assertion."",""Named party is a literal text marker only, without inferred historical entity ID."",""Original interval dates and precision are copied exactly inside the existing source/entity/atlas validity envelope."",""Existing applicability intervals: [{\""kind\"":\""interval\"",\""from\"":\""1880-08-31\"",\""until\"":\""1880-09-01\"",\""certainty\"":\""exact\""}]""]","851acb012ccfa2a4bfa05ea83ec2694b3f773a7a6fee8703e87969c9225e6997",""
"entity-natal@1900/relationships","entity-natal@1900","b20-natal-colony","Natal — British colony during South African War","1900","relationships","PARTIAL","C","partially-supported","dependent-administration","false","[""British colony affected by war""]","[]","[{""id"":""b20-natal-colony"",""description"":""Existing accepted political-status scope of Natal — British colonial administration; original statement and qualifications preserved."",""relationship"":""same""}]","[]","{""map_identity_id"":""entity-natal"",""aliases"":[],""historical_names"":[{""value"":""Natal — British colonial administration"",""kind"":""primary"",""validFrom"":""1878-07-26"",""validUntil"":""1878-07-27""},{""value"":""Natal — British colony"",""kind"":""primary"",""validFrom"":""1880-08-31"",""validUntil"":""1880-09-01""},{""value"":""Natal — British colony during South African War"",""kind"":""primary"",""validFrom"":""1900-12-12"",""validUntil"":""1900-12-13""}],""identifiers"":{}}","[""Snapshot context is not observation date or boundary date."",""Map geometry does not establish sovereignty or succession."",""Exact reuse of an already accepted sourced political-status statement; no additional sovereignty, succession, occupation legitimacy or target-entity assertion."",""Named party is a literal text marker only, without inferred historical entity ID."",""Original interval dates and precision are copied exactly inside the existing source/entity/atlas validity envelope."",""Existing applicability intervals: [{\""kind\"":\""interval\"",\""from\"":\""1900-12-12\"",\""until\"":\""1900-12-13\"",\""certainty\"":\""exact\""}]""]","851acb012ccfa2a4bfa05ea83ec2694b3f773a7a6fee8703e87969c9225e6997",""
"entity-hejaz@1920/relationships","entity-hejaz@1920","hejaz-hussein-1920-core","Hejaz — Hussein’s kingdom in 1920","1920","relationships","MISSING","C","partially-supported","political-polity","false","[]","[]","[]","[]","{""map_identity_id"":""entity-hejaz"",""aliases"":[],""historical_names"":[{""value"":""Hejaz — Hussein’s kingdom in 1920"",""kind"":""primary"",""validFrom"":""1920-01-01"",""validUntil"":""1921-01-01""}],""identifiers"":{}}","[""Snapshot context is not observation date or boundary date."",""Map geometry does not establish sovereignty or succession.""]","851acb012ccfa2a4bfa05ea83ec2694b3f773a7a6fee8703e87969c9225e6997",""
"entity-hejaz@1930/relationships","entity-hejaz@1930","hejaz-najd-1927-composite-core","Hejaz and Najd — Abdulaziz’s paired crowns","1930","relationships","MISSING","C","partially-supported","political-polity","false","[]","[]","[]","[]","{""map_identity_id"":""entity-hejaz"",""aliases"":[],""historical_names"":[{""value"":""Hejaz and Najd — Abdulaziz’s paired crowns"",""kind"":""primary"",""validFrom"":""1928-01-01"",""validUntil"":""1932-09-23""}],""identifiers"":{}}","[""Snapshot context is not observation date or boundary date."",""Map geometry does not establish sovereignty or succession.""]","851acb012ccfa2a4bfa05ea83ec2694b3f773a7a6fee8703e87969c9225e6997",""
"entity-hejaz@1938/relationships","entity-hejaz@1938","","Hejaz","1938","relationships","MISSING","C","held-ambiguous","political-polity","true","[]","[]","[]","[]","{""map_identity_id"":""entity-hejaz"",""aliases"":[],""historical_names"":[],""identifiers"":{}}","[""Snapshot context is not observation date or boundary date."",""Map geometry does not establish sovereignty or succession."",""Resolve historical identity before proposing entity-specific facts.""]","851acb012ccfa2a4bfa05ea83ec2694b3f773a7a6fee8703e87969c9225e6997",""
"entity-zimbabwe@1920/relationships","entity-zimbabwe@1920","","Zimbabwe","1920","relationships","MISSING","C","completely-empty","dependent-administration","true","[]","[]","[]","[]","{""map_identity_id"":""entity-zimbabwe"",""aliases"":[],""historical_names"":[],""identifiers"":{}}","[""Snapshot context is not observation date or boundary date."",""Map geometry does not establish sovereignty or succession."",""Resolve historical identity before proposing entity-specific facts.""]","851acb012ccfa2a4bfa05ea83ec2694b3f773a7a6fee8703e87969c9225e6997",""
"entity-muscat-and-oman@1920/relationships","entity-muscat-and-oman@1920","","Muscat and Oman","1920","relationships","MISSING","C","completely-empty","political-polity","true","[]","[]","[]","[]","{""map_identity_id"":""entity-muscat-and-oman"",""aliases"":[],""historical_names"":[],""identifiers"":{}}","[""Snapshot context is not observation date or boundary date."",""Map geometry does not establish sovereignty or succession."",""Resolve historical identity before proposing entity-specific facts.""]","851acb012ccfa2a4bfa05ea83ec2694b3f773a7a6fee8703e87969c9225e6997",""
"entity-muscat-and-oman@1930/relationships","entity-muscat-and-oman@1930","muscat-post-sib-coastal-framework","Muscat and Oman — coastal government after As Sib","1930","relationships","MISSING","C","partially-supported","political-polity","false","[]","[]","[]","[]","{""map_identity_id"":""entity-muscat-and-oman"",""aliases"":[],""historical_names"":[{""value"":""Muscat and Oman — coastal government after As Sib"",""kind"":""primary"",""validFrom"":""1921-01-01"",""validUntil"":""1954-01-01""}],""identifiers"":{}}","[""Snapshot context is not observation date or boundary date."",""Map geometry does not establish sovereignty or succession.""]","851acb012ccfa2a4bfa05ea83ec2694b3f773a7a6fee8703e87969c9225e6997",""
"entity-muscat-and-oman@1938/relationships","entity-muscat-and-oman@1938","muscat-post-sib-coastal-framework","Muscat and Oman — coastal government after As Sib","1938","relationships","MISSING","C","partially-supported","political-polity","false","[]","[]","[]","[]","{""map_identity_id"":""entity-muscat-and-oman"",""aliases"":[],""historical_names"":[{""value"":""Muscat and Oman — coastal government after As Sib"",""kind"":""primary"",""validFrom"":""1921-01-01"",""validUntil"":""1954-01-01""}],""identifiers"":{}}","[""Snapshot context is not observation date or boundary date."",""Map geometry does not establish sovereignty or succession.""]","851acb012ccfa2a4bfa05ea83ec2694b3f773a7a6fee8703e87969c9225e6997",""
"entity-imerina@1878/relationships","entity-imerina@1878","b20-merina-royal","Madagascar — Merina royal government","1878","relationships","MISSING","C","partially-supported","political-polity","false","[]","[]","[]","[]","{""map_identity_id"":""entity-imerina"",""aliases"":[],""historical_names"":[{""value"":""Merina kingdom"",""kind"":""primary"",""validFrom"":""1800-01-01"",""validUntil"":""1816-01-01""},{""value"":""Madagascar — Merina royal government"",""kind"":""primary"",""validFrom"":""1878-01-01"",""validUntil"":""1881-01-01""}],""identifiers"":{}}","[""Snapshot context is not observation date or boundary date."",""Map geometry does not establish sovereignty or succession.""]","851acb012ccfa2a4bfa05ea83ec2694b3f773a7a6fee8703e87969c9225e6997",""
"entity-imerina@1880/relationships","entity-imerina@1880","b20-merina-royal","Madagascar — Merina royal government","1880","relationships","MISSING","C","partially-supported","political-polity","false","[]","[]","[]","[]","{""map_identity_id"":""entity-imerina"",""aliases"":[],""historical_names"":[{""value"":""Merina kingdom"",""kind"":""primary"",""validFrom"":""1800-01-01"",""validUntil"":""1816-01-01""},{""value"":""Madagascar — Merina royal government"",""kind"":""primary"",""validFrom"":""1878-01-01"",""validUntil"":""1881-01-01""}],""identifiers"":{}}","[""Snapshot context is not observation date or boundary date."",""Map geometry does not establish sovereignty or succession.""]","851acb012ccfa2a4bfa05ea83ec2694b3f773a7a6fee8703e87969c9225e6997",""
"entity-imerina@1900/relationships","entity-imerina@1900","","Imerina","1900","relationships","MISSING","C","completely-empty","political-polity","true","[]","[]","[]","[]","{""map_identity_id"":""entity-imerina"",""aliases"":[],""historical_names"":[],""identifiers"":{}}","[""Snapshot context is not observation date or boundary date."",""Map geometry does not establish sovereignty or succession."",""Resolve historical identity before proposing entity-specific facts.""]","851acb012ccfa2a4bfa05ea83ec2694b3f773a7a6fee8703e87969c9225e6997",""
"entity-harer-egypt@1878/relationships","entity-harer-egypt@1878","harer-egyptian-1880-core","Harer — Egyptian occupation around 1880","1878","relationships","MISSING","C","partially-supported","dependent-administration","false","[]","[]","[]","[]","{""map_identity_id"":""entity-harer-egypt"",""aliases"":[],""historical_names"":[{""value"":""Harer — Egyptian occupation around 1880"",""kind"":""primary"",""validFrom"":""1878-01-01"",""validUntil"":""1881-01-01""}],""identifiers"":{}}","[""Snapshot context is not observation date or boundary date."",""Map geometry does not establish sovereignty or succession.""]","851acb012ccfa2a4bfa05ea83ec2694b3f773a7a6fee8703e87969c9225e6997",""
"entity-harer-egypt@1880/relationships","entity-harer-egypt@1880","harer-egyptian-1880-core","Harer — Egyptian occupation around 1880","1880","relationships","MISSING","C","partially-supported","dependent-administration","false","[]","[]","[]","[]","{""map_identity_id"":""entity-harer-egypt"",""aliases"":[],""historical_names"":[{""value"":""Harer — Egyptian occupation around 1880"",""kind"":""primary"",""validFrom"":""1878-01-01"",""validUntil"":""1881-01-01""}],""identifiers"":{}}","[""Snapshot context is not observation date or boundary date."",""Map geometry does not establish sovereignty or succession.""]","851acb012ccfa2a4bfa05ea83ec2694b3f773a7a6fee8703e87969c9225e6997",""
"entity-harer-egypt@1900/relationships","entity-harer-egypt@1900","","Harer (Egypt)","1900","relationships","MISSING","C","held-ambiguous","dependent-administration","true","[]","[]","[]","[]","{""map_identity_id"":""entity-harer-egypt"",""aliases"":[],""historical_names"":[],""identifiers"":{}}","[""Snapshot context is not observation date or boundary date."",""Map geometry does not establish sovereignty or succession."",""Resolve historical identity before proposing entity-specific facts.""]","851acb012ccfa2a4bfa05ea83ec2694b3f773a7a6fee8703e87969c9225e6997",""
"entity-kuba@1878/relationships","entity-kuba@1878","b17-kuba-19c","Kuba — late nineteenth-century kingdom","1878","relationships","MISSING","C","partially-supported","political-polity","false","[]","[]","[]","[]","{""map_identity_id"":""entity-kuba"",""aliases"":[],""historical_names"":[{""value"":""Kuba — late nineteenth-century kingdom"",""kind"":""primary"",""validFrom"":""1878-01-01"",""validUntil"":""1881-01-01""}],""identifiers"":{}}","[""Snapshot context is not observation date or boundary date."",""Map geometry does not establish sovereignty or succession.""]","851acb012ccfa2a4bfa05ea83ec2694b3f773a7a6fee8703e87969c9225e6997",""
"entity-kuba@1880/relationships","entity-kuba@1880","b17-kuba-19c","Kuba — late nineteenth-century kingdom","1880","relationships","MISSING","C","partially-supported","political-polity","false","[]","[]","[]","[]","{""map_identity_id"":""entity-kuba"",""aliases"":[],""historical_names"":[{""value"":""Kuba — late nineteenth-century kingdom"",""kind"":""primary"",""validFrom"":""1878-01-01"",""validUntil"":""1881-01-01""}],""identifiers"":{}}","[""Snapshot context is not observation date or boundary date."",""Map geometry does not establish sovereignty or succession.""]","851acb012ccfa2a4bfa05ea83ec2694b3f773a7a6fee8703e87969c9225e6997",""
"entity-kuba@1900/relationships","entity-kuba@1900","","Kuba","1900","relationships","MISSING","C","completely-empty","political-polity","true","[]","[]","[]","[]","{""map_identity_id"":""entity-kuba"",""aliases"":[],""historical_names"":[],""identifiers"":{}}","[""Snapshot context is not observation date or boundary date."",""Map geometry does not establish sovereignty or succession."",""Resolve historical identity before proposing entity-specific facts.""]","851acb012ccfa2a4bfa05ea83ec2694b3f773a7a6fee8703e87969c9225e6997",""
"entity-mandatory-palestine-gb@1920/relationships","entity-mandatory-palestine-gb@1920","","Mandatory Palestine (GB)","1920","relationships","MISSING","C","completely-empty","dependent-administration","true","[]","[]","[]","[]","{""map_identity_id"":""entity-mandatory-palestine-gb"",""aliases"":[],""historical_names"":[],""identifiers"":{}}","[""Snapshot context is not observation date or boundary date."",""Map geometry does not establish sovereignty or succession."",""Resolve historical identity before proposing entity-specific facts.""]","851acb012ccfa2a4bfa05ea83ec2694b3f773a7a6fee8703e87969c9225e6997",""
"entity-rwanda-belgium@1920/relationships","entity-rwanda-belgium@1920","","Rwanda (Belgium)","1920","relationships","MISSING","C","completely-empty","dependent-administration","true","[]","[]","[]","[]","{""map_identity_id"":""entity-rwanda-belgium"",""aliases"":[],""historical_names"":[],""identifiers"":{}}","[""Snapshot context is not observation date or boundary date."",""Map geometry does not establish sovereignty or succession."",""Resolve historical identity before proposing entity-specific facts.""]","851acb012ccfa2a4bfa05ea83ec2694b3f773a7a6fee8703e87969c9225e6997",""
"entity-dendi-kingdom@1878/relationships","entity-dendi-kingdom@1878","","Dendi Kingdom","1878","relationships","MISSING","C","held-ambiguous","political-polity","true","[]","[]","[]","[]","{""map_identity_id"":""entity-dendi-kingdom"",""aliases"":[],""historical_names"":[],""identifiers"":{}}","[""Snapshot context is not observation date or boundary date."",""Map geometry does not establish sovereignty or succession."",""Resolve historical identity before proposing entity-specific facts.""]","851acb012ccfa2a4bfa05ea83ec2694b3f773a7a6fee8703e87969c9225e6997",""
"entity-dendi-kingdom@1880/relationships","entity-dendi-kingdom@1880","","Dendi Kingdom","1880","relationships","MISSING","C","held-ambiguous","political-polity","true","[]","[]","[]","[]","{""map_identity_id"":""entity-dendi-kingdom"",""aliases"":[],""historical_names"":[],""identifiers"":{}}","[""Snapshot context is not observation date or boundary date."",""Map geometry does not establish sovereignty or succession."",""Resolve historical identity before proposing entity-specific facts.""]","851acb012ccfa2a4bfa05ea83ec2694b3f773a7a6fee8703e87969c9225e6997",""
"entity-wassoulou-empire@1878/relationships","entity-wassoulou-empire@1878","","Wassoulou Empire","1878","relationships","MISSING","C","completely-empty","political-polity","true","[]","[]","[]","[]","{""map_identity_id"":""entity-wassoulou-empire"",""aliases"":[],""historical_names"":[],""identifiers"":{}}","[""Snapshot context is not observation date or boundary date."",""Map geometry does not establish sovereignty or succession."",""Resolve historical identity before proposing entity-specific facts.""]","851acb012ccfa2a4bfa05ea83ec2694b3f773a7a6fee8703e87969c9225e6997",""
"entity-wassoulou-empire@1880/relationships","entity-wassoulou-empire@1880","","Wassoulou Empire","1880","relationships","MISSING","C","completely-empty","political-polity","true","[]","[]","[]","[]","{""map_identity_id"":""entity-wassoulou-empire"",""aliases"":[],""historical_names"":[],""identifiers"":{}}","[""Snapshot context is not observation date or boundary date."",""Map geometry does not establish sovereignty or succession."",""Resolve historical identity before proposing entity-specific facts.""]","851acb012ccfa2a4bfa05ea83ec2694b3f773a7a6fee8703e87969c9225e6997",""
"entity-futa-jalon@1878/relationships","entity-futa-jalon@1878","futa-jalon-1880-imamate-core","Futa Jalon — Islamic state around 1880","1878","relationships","MISSING","C","partially-supported","political-polity","false","[]","[]","[]","[]","{""map_identity_id"":""entity-futa-jalon"",""aliases"":[],""historical_names"":[{""value"":""Futa Jalon — Islamic state around 1880"",""kind"":""primary"",""validFrom"":""1878-01-01"",""validUntil"":""1881-01-01""}],""identifiers"":{}}","[""Snapshot context is not observation date or boundary date."",""Map geometry does not establish sovereignty or succession.""]","851acb012ccfa2a4bfa05ea83ec2694b3f773a7a6fee8703e87969c9225e6997",""
"entity-futa-jalon@1880/relationships","entity-futa-jalon@1880","futa-jalon-1880-imamate-core","Futa Jalon — Islamic state around 1880","1880","relationships","MISSING","C","partially-supported","political-polity","false","[]","[]","[]","[]","{""map_identity_id"":""entity-futa-jalon"",""aliases"":[],""historical_names"":[{""value"":""Futa Jalon — Islamic state around 1880"",""kind"":""primary"",""validFrom"":""1878-01-01"",""validUntil"":""1881-01-01""}],""identifiers"":{}}","[""Snapshot context is not observation date or boundary date."",""Map geometry does not establish sovereignty or succession.""]","851acb012ccfa2a4bfa05ea83ec2694b3f773a7a6fee8703e87969c9225e6997",""
"entity-futa-jalon@1900/relationships","entity-futa-jalon@1900","","Futa Jalon","1900","relationships","MISSING","C","held-ambiguous","political-polity","true","[]","[]","[]","[]","{""map_identity_id"":""entity-futa-jalon"",""aliases"":[],""historical_names"":[],""identifiers"":{}}","[""Snapshot context is not observation date or boundary date."",""Map geometry does not establish sovereignty or succession."",""Resolve historical identity before proposing entity-specific facts.""]","851acb012ccfa2a4bfa05ea83ec2694b3f773a7a6fee8703e87969c9225e6997",""
"entity-tu-i-tonga-empire@1800/relationships","entity-tu-i-tonga-empire@1800","","Tuʻi Tonga Empire","1800","relationships","MISSING","C","held-ambiguous","political-polity","true","[]","[]","[]","[]","{""map_identity_id"":""entity-tu-i-tonga-empire"",""aliases"":[],""historical_names"":[],""identifiers"":{}}","[""Snapshot context is not observation date or boundary date."",""Map geometry does not establish sovereignty or succession."",""Resolve historical identity before proposing entity-specific facts.""]","851acb012ccfa2a4bfa05ea83ec2694b3f773a7a6fee8703e87969c9225e6997",""
"entity-tu-i-tonga-empire@1815/relationships","entity-tu-i-tonga-empire@1815","","Tuʻi Tonga Empire","1815","relationships","MISSING","C","held-ambiguous","political-polity","true","[]","[]","[]","[]","{""map_identity_id"":""entity-tu-i-tonga-empire"",""aliases"":[],""historical_names"":[],""identifiers"":{}}","[""Snapshot context is not observation date or boundary date."",""Map geometry does not establish sovereignty or succession."",""Resolve historical identity before proposing entity-specific facts.""]","851acb012ccfa2a4bfa05ea83ec2694b3f773a7a6fee8703e87969c9225e6997",""
"entity-delagoa-bay@1800/relationships","entity-delagoa-bay@1800","","Delagoa Bay","1800","relationships","MISSING","C","held-ambiguous","dependent-administration","true","[]","[]","[]","[]","{""map_identity_id"":""entity-delagoa-bay"",""aliases"":[],""historical_names"":[],""identifiers"":{}}","[""Snapshot context is not observation date or boundary date."",""Map geometry does not establish sovereignty or succession."",""Resolve historical identity before proposing entity-specific facts.""]","851acb012ccfa2a4bfa05ea83ec2694b3f773a7a6fee8703e87969c9225e6997",""
"entity-delagoa-bay@1815/relationships","entity-delagoa-bay@1815","","Delagoa Bay","1815","relationships","MISSING","C","held-ambiguous","dependent-administration","true","[]","[]","[]","[]","{""map_identity_id"":""entity-delagoa-bay"",""aliases"":[],""historical_names"":[],""identifiers"":{}}","[""Snapshot context is not observation date or boundary date."",""Map geometry does not establish sovereignty or succession."",""Resolve historical identity before proposing entity-specific facts.""]","851acb012ccfa2a4bfa05ea83ec2694b3f773a7a6fee8703e87969c9225e6997",""
"entity-opobo@1878/relationships","entity-opobo@1878","opobo-jaja-pre1884-core","Opobo — Jaja’s treaty-recognised kingship","1878","relationships","MISSING","C","partially-supported","political-polity","false","[]","[]","[]","[]","{""map_identity_id"":""entity-opobo"",""aliases"":[],""historical_names"":[{""value"":""Opobo — Jaja’s treaty-recognised kingship"",""kind"":""primary"",""validFrom"":""1878-01-01"",""validUntil"":""1881-01-01""}],""identifiers"":{}}","[""Snapshot context is not observation date or boundary date."",""Map geometry does not establish sovereignty or succession.""]","851acb012ccfa2a4bfa05ea83ec2694b3f773a7a6fee8703e87969c9225e6997",""
"entity-opobo@1880/relationships","entity-opobo@1880","opobo-jaja-pre1884-core","Opobo — Jaja’s treaty-recognised kingship","1880","relationships","MISSING","C","partially-supported","political-polity","false","[]","[]","[]","[]","{""map_identity_id"":""entity-opobo"",""aliases"":[],""historical_names"":[{""value"":""Opobo — Jaja’s treaty-recognised kingship"",""kind"":""primary"",""validFrom"":""1878-01-01"",""validUntil"":""1881-01-01""}],""identifiers"":{}}","[""Snapshot context is not observation date or boundary date."",""Map geometry does not establish sovereignty or succession.""]","851acb012ccfa2a4bfa05ea83ec2694b3f773a7a6fee8703e87969c9225e6997",""
"entity-opobo@1900/relationships","entity-opobo@1900","","Opobo","1900","relationships","MISSING","C","held-ambiguous","political-polity","true","[]","[]","[]","[]","{""map_identity_id"":""entity-opobo"",""aliases"":[],""historical_names"":[],""identifiers"":{}}","[""Snapshot context is not observation date or boundary date."",""Map geometry does not establish sovereignty or succession."",""Resolve historical identity before proposing entity-specific facts.""]","851acb012ccfa2a4bfa05ea83ec2694b3f773a7a6fee8703e87969c9225e6997",""
"entity-anhalt@1800/relationships","entity-anhalt@1800","","Anhalt","1800","relationships","MISSING","C","held-ambiguous","political-polity","true","[]","[]","[]","[]","{""map_identity_id"":""entity-anhalt"",""aliases"":[],""historical_names"":[],""identifiers"":{}}","[""Snapshot context is not observation date or boundary date."",""Map geometry does not establish sovereignty or succession."",""Resolve historical identity before proposing entity-specific facts.""]","851acb012ccfa2a4bfa05ea83ec2694b3f773a7a6fee8703e87969c9225e6997",""
"entity-anhalt@1815/relationships","entity-anhalt@1815","","Anhalt","1815","relationships","MISSING","C","held-ambiguous","political-polity","true","[]","[]","[]","[]","{""map_identity_id"":""entity-anhalt"",""aliases"":[],""historical_names"":[],""identifiers"":{}}","[""Snapshot context is not observation date or boundary date."",""Map geometry does not establish sovereignty or succession."",""Resolve historical identity before proposing entity-specific facts.""]","851acb012ccfa2a4bfa05ea83ec2694b3f773a7a6fee8703e87969c9225e6997",""
"entity-hohenzollern@1800/relationships","entity-hohenzollern@1800","","Hohenzollern","1800","relationships","MISSING","C","held-ambiguous","political-polity","true","[]","[]","[]","[]","{""map_identity_id"":""entity-hohenzollern"",""aliases"":[],""historical_names"":[],""identifiers"":{}}","[""Snapshot context is not observation date or boundary date."",""Map geometry does not establish sovereignty or succession."",""Resolve historical identity before proposing entity-specific facts.""]","851acb012ccfa2a4bfa05ea83ec2694b3f773a7a6fee8703e87969c9225e6997",""
"entity-hohenzollern@1815/relationships","entity-hohenzollern@1815","","Hohenzollern","1815","relationships","MISSING","C","held-ambiguous","political-polity","true","[]","[]","[]","[]","{""map_identity_id"":""entity-hohenzollern"",""aliases"":[],""historical_names"":[],""identifiers"":{}}","[""Snapshot context is not observation date or boundary date."",""Map geometry does not establish sovereignty or succession."",""Resolve historical identity before proposing entity-specific facts.""]","851acb012ccfa2a4bfa05ea83ec2694b3f773a7a6fee8703e87969c9225e6997",""
"entity-lithuania@1920/relationships","entity-lithuania@1920","lithuanian-constituent-seimas-framework","Republic of Lithuania — constituent framework","1920","relationships","MISSING","C","partially-supported","political-polity","false","[]","[]","[]","[]","{""map_identity_id"":""entity-lithuania"",""aliases"":[],""historical_names"":[{""value"":""Republic of Lithuania — constituent framework"",""kind"":""primary"",""validFrom"":""1920-05-15"",""validUntil"":""1922-01-01""}],""identifiers"":{}}","[""Snapshot context is not observation date or boundary date."",""Map geometry does not establish sovereignty or succession.""]","851acb012ccfa2a4bfa05ea83ec2694b3f773a7a6fee8703e87969c9225e6997",""
"entity-lithuania@1930/relationships","entity-lithuania@1930","lithuanian-no-seimas-framework","Republic of Lithuania — government without a Seimas","1930","relationships","MISSING","C","core-supported","political-polity","false","[]","[]","[]","[]","{""map_identity_id"":""entity-lithuania"",""aliases"":[],""historical_names"":[{""value"":""Republic of Lithuania — government without a Seimas"",""kind"":""primary"",""validFrom"":""1928-01-01"",""validUntil"":""1936-01-01""}],""identifiers"":{}}","[""Snapshot context is not observation date or boundary date."",""Map geometry does not establish sovereignty or succession.""]","851acb012ccfa2a4bfa05ea83ec2694b3f773a7a6fee8703e87969c9225e6997",""
"entity-lithuania@1938/relationships","entity-lithuania@1938","","Lithuania","1938","relationships","MISSING","C","completely-empty","political-polity","true","[]","[]","[]","[]","{""map_identity_id"":""entity-lithuania"",""aliases"":[],""historical_names"":[],""identifiers"":{}}","[""Snapshot context is not observation date or boundary date."",""Map geometry does not establish sovereignty or succession."",""Resolve historical identity before proposing entity-specific facts.""]","851acb012ccfa2a4bfa05ea83ec2694b3f773a7a6fee8703e87969c9225e6997",""
"entity-bosnia-herzegovina@1878/relationships","entity-bosnia-herzegovina@1878","bosnia-habsburg-administration","Bosnia and Herzegovina — Habsburg administration","1878","relationships","PARTIAL","C","partially-supported","dependent-administration","false","[""Austro-Hungarian occupation and administration under Ottoman legal sovereignty""]","[]","[{""id"":""bosnia-habsburg-administration"",""description"":""Existing accepted political-status scope of Bosnia and Herzegovina — Habsburg administration; original statement and qualifications preserved."",""relationship"":""same""}]","[]","{""map_identity_id"":""entity-bosnia-herzegovina"",""aliases"":[],""historical_names"":[{""value"":""Bosnia and Herzegovina — Habsburg administration"",""kind"":""primary"",""validFrom"":""1878"",""validUntil"":""1918-01-01""}],""identifiers"":{}}","[""Snapshot context is not observation date or boundary date."",""Map geometry does not establish sovereignty or succession."",""Exact reuse of an already accepted sourced political-status statement; no additional sovereignty, succession, occupation legitimacy or target-entity assertion."",""Named party is a literal text marker only, without inferred historical entity ID."",""Original interval dates and precision are copied exactly inside the existing source/entity/atlas validity envelope."",""Existing applicability intervals: [{\""kind\"":\""interval\"",\""from\"":\""1878\"",\""until\"":\""1908\"",\""certainty\"":\""exact\""}]""]","851acb012ccfa2a4bfa05ea83ec2694b3f773a7a6fee8703e87969c9225e6997",""
"entity-burkina-faso@1945/relationships","entity-burkina-faso@1945","","Burkina Faso","1945","relationships","MISSING","C","held-ambiguous","dependent-administration","true","[]","[]","[]","[]","{""map_identity_id"":""entity-burkina-faso"",""aliases"":[],""historical_names"":[],""identifiers"":{}}","[""Snapshot context is not observation date or boundary date."",""Map geometry does not establish sovereignty or succession."",""Resolve historical identity before proposing entity-specific facts.""]","851acb012ccfa2a4bfa05ea83ec2694b3f773a7a6fee8703e87969c9225e6997",""
"entity-burkina-faso@1960/relationships","entity-burkina-faso@1960","upper-volta-1960-independent-core","Upper Volta — independence in 1960","1960","relationships","MISSING","C","held-ambiguous","dependent-administration","false","[]","[]","[]","[]","{""map_identity_id"":""entity-burkina-faso"",""aliases"":[],""historical_names"":[{""value"":""Upper Volta — independence in 1960"",""kind"":""primary"",""validFrom"":""1960-08-05"",""validUntil"":""1960-08-06""}],""identifiers"":{}}","[""Snapshot context is not observation date or boundary date."",""Map geometry does not establish sovereignty or succession.""]","851acb012ccfa2a4bfa05ea83ec2694b3f773a7a6fee8703e87969c9225e6997",""
"entity-kong-empire@1800/relationships","entity-kong-empire@1800","kong-early-nineteenth-state-core","Kong — early nineteenth-century empire","1800","relationships","MISSING","C","partially-supported","political-polity","false","[]","[]","[]","[]","{""map_identity_id"":""entity-kong-empire"",""aliases"":[],""historical_names"":[{""value"":""Kong — early nineteenth-century empire"",""kind"":""primary"",""validFrom"":""1800-01-01"",""validUntil"":""1801-01-01""}],""identifiers"":{}}","[""Snapshot context is not observation date or boundary date."",""Map geometry does not establish sovereignty or succession.""]","851acb012ccfa2a4bfa05ea83ec2694b3f773a7a6fee8703e87969c9225e6997",""
"entity-kong-empire@1878/relationships","entity-kong-empire@1878","kong-late-nineteenth-state-core","Kong — empire around 1880","1878","relationships","MISSING","C","partially-supported","political-polity","false","[]","[]","[]","[]","{""map_identity_id"":""entity-kong-empire"",""aliases"":[],""historical_names"":[{""value"":""Kong — empire around 1880"",""kind"":""primary"",""validFrom"":""1878-01-01"",""validUntil"":""1881-01-01""}],""identifiers"":{}}","[""Snapshot context is not observation date or boundary date."",""Map geometry does not establish sovereignty or succession.""]","851acb012ccfa2a4bfa05ea83ec2694b3f773a7a6fee8703e87969c9225e6997",""
"entity-kong-empire@1880/relationships","entity-kong-empire@1880","kong-late-nineteenth-state-core","Kong — empire around 1880","1880","relationships","MISSING","C","partially-supported","political-polity","false","[]","[]","[]","[]","{""map_identity_id"":""entity-kong-empire"",""aliases"":[],""historical_names"":[{""value"":""Kong — empire around 1880"",""kind"":""primary"",""validFrom"":""1878-01-01"",""validUntil"":""1881-01-01""}],""identifiers"":{}}","[""Snapshot context is not observation date or boundary date."",""Map geometry does not establish sovereignty or succession.""]","851acb012ccfa2a4bfa05ea83ec2694b3f773a7a6fee8703e87969c9225e6997",""
"entity-latvia@1920/relationships","entity-latvia@1920","latvian-constituent-framework","Republic of Latvia — constituent framework","1920","relationships","MISSING","C","partially-supported","political-polity","false","[]","[]","[]","[]","{""map_identity_id"":""entity-latvia"",""aliases"":[],""historical_names"":[{""value"":""Republic of Latvia — constituent framework"",""kind"":""primary"",""validFrom"":""1920-06-01"",""validUntil"":""1922-11-07""}],""identifiers"":{}}","[""Snapshot context is not observation date or boundary date."",""Map geometry does not establish sovereignty or succession.""]","851acb012ccfa2a4bfa05ea83ec2694b3f773a7a6fee8703e87969c9225e6997",""
"entity-latvia@1930/relationships","entity-latvia@1930","latvian-saeima-framework","Republic of Latvia — Saeima framework","1930","relationships","MISSING","C","partially-supported","political-polity","false","[]","[]","[]","[]","{""map_identity_id"":""entity-latvia"",""aliases"":[],""historical_names"":[{""value"":""Republic of Latvia — Saeima framework"",""kind"":""primary"",""validFrom"":""1922-11-07"",""validUntil"":""1934-05-15""}],""identifiers"":{}}","[""Snapshot context is not observation date or boundary date."",""Map geometry does not establish sovereignty or succession.""]","851acb012ccfa2a4bfa05ea83ec2694b3f773a7a6fee8703e87969c9225e6997",""
"entity-latvia@1938/relationships","entity-latvia@1938","latvian-cabinet-legislative-framework","Republic of Latvia — Cabinet legislative framework","1938","relationships","MISSING","C","partially-supported","political-polity","false","[]","[]","[]","[]","{""map_identity_id"":""entity-latvia"",""aliases"":[],""historical_names"":[{""value"":""Republic of Latvia — Cabinet legislative framework"",""kind"":""primary"",""validFrom"":""1934-05-15"",""validUntil"":""1939-01-01""}],""identifiers"":{}}","[""Snapshot context is not observation date or boundary date."",""Map geometry does not establish sovereignty or succession.""]","851acb012ccfa2a4bfa05ea83ec2694b3f773a7a6fee8703e87969c9225e6997",""
"entity-saxony@1800/relationships","entity-saxony@1800","","Saxony","1800","relationships","MISSING","C","completely-empty","political-polity","true","[]","[]","[]","[]","{""map_identity_id"":""entity-saxony"",""aliases"":[],""historical_names"":[],""identifiers"":{}}","[""Snapshot context is not observation date or boundary date."",""Map geometry does not establish sovereignty or succession."",""Resolve historical identity before proposing entity-specific facts.""]","851acb012ccfa2a4bfa05ea83ec2694b3f773a7a6fee8703e87969c9225e6997",""
"entity-saxony@1815/relationships","entity-saxony@1815","saxony-restored-royal-framework","Kingdom of Saxony — restored royal framework","1815","relationships","MISSING","C","partially-supported","political-polity","false","[]","[]","[]","[]","{""map_identity_id"":""entity-saxony"",""aliases"":[],""historical_names"":[{""value"":""Kingdom of Saxony — restored royal framework"",""kind"":""primary"",""validFrom"":""1815-06-07"",""validUntil"":""1818-01-01""}],""identifiers"":{}}","[""Snapshot context is not observation date or boundary date."",""Map geometry does not establish sovereignty or succession.""]","851acb012ccfa2a4bfa05ea83ec2694b3f773a7a6fee8703e87969c9225e6997",""
"entity-venetia@1800/relationships","entity-venetia@1800","","Venetia","1800","relationships","MISSING","C","completely-empty","dependent-administration","true","[]","[]","[]","[]","{""map_identity_id"":""entity-venetia"",""aliases"":[],""historical_names"":[],""identifiers"":{}}","[""Snapshot context is not observation date or boundary date."",""Map geometry does not establish sovereignty or succession."",""Resolve historical identity before proposing entity-specific facts.""]","851acb012ccfa2a4bfa05ea83ec2694b3f773a7a6fee8703e87969c9225e6997",""
"entity-venetia@1815/relationships","entity-venetia@1815","venetia-1815-administration","Venetia — Venetian government","1815","relationships","MISSING","C","partially-supported","dependent-administration","false","[]","[]","[]","[]","{""map_identity_id"":""entity-venetia"",""aliases"":[],""historical_names"":[{""value"":""Venetia — Venetian government"",""kind"":""primary"",""validFrom"":""1815-04-07"",""validUntil"":""1818-01-01""}],""identifiers"":{}}","[""Snapshot context is not observation date or boundary date."",""Map geometry does not establish sovereignty or succession.""]","851acb012ccfa2a4bfa05ea83ec2694b3f773a7a6fee8703e87969c9225e6997",""
"entity-lombardy@1800/relationships","entity-lombardy@1800","","Lombardy","1800","relationships","MISSING","C","completely-empty","dependent-administration","true","[]","[]","[]","[]","{""map_identity_id"":""entity-lombardy"",""aliases"":[],""historical_names"":[],""identifiers"":{}}","[""Snapshot context is not observation date or boundary date."",""Map geometry does not establish sovereignty or succession."",""Resolve historical identity before proposing entity-specific facts.""]","851acb012ccfa2a4bfa05ea83ec2694b3f773a7a6fee8703e87969c9225e6997",""
"entity-lombardy@1815/relationships","entity-lombardy@1815","lombardy-1815-administration","Lombardy — Milanese government","1815","relationships","MISSING","C","partially-supported","dependent-administration","false","[]","[]","[]","[]","{""map_identity_id"":""entity-lombardy"",""aliases"":[],""historical_names"":[{""value"":""Lombardy — Milanese government"",""kind"":""primary"",""validFrom"":""1815-04-07"",""validUntil"":""1818-01-01""}],""identifiers"":{}}","[""Snapshot context is not observation date or boundary date."",""Map geometry does not establish sovereignty or succession.""]","851acb012ccfa2a4bfa05ea83ec2694b3f773a7a6fee8703e87969c9225e6997",""
"entity-djibouti@1960/relationships","entity-djibouti@1960","french-somaliland-1960-overseas-core","French Somaliland — overseas territory in 1960","1960","relationships","MISSING","C","partially-supported","dependent-administration","false","[]","[]","[]","[]","{""map_identity_id"":""entity-djibouti"",""aliases"":[],""historical_names"":[{""value"":""French Somaliland — overseas territory in 1960"",""kind"":""primary"",""validFrom"":""1960-01-01"",""validUntil"":""1961-01-01""}],""identifiers"":{}}","[""Snapshot context is not observation date or boundary date."",""Map geometry does not establish sovereignty or succession.""]","851acb012ccfa2a4bfa05ea83ec2694b3f773a7a6fee8703e87969c9225e6997",""
"entity-hamburg@1800/relationships","entity-hamburg@1800","","Hamburg","1800","relationships","MISSING","C","completely-empty","political-polity","true","[]","[]","[]","[]","{""map_identity_id"":""entity-hamburg"",""aliases"":[],""historical_names"":[],""identifiers"":{}}","[""Snapshot context is not observation date or boundary date."",""Map geometry does not establish sovereignty or succession."",""Resolve historical identity before proposing entity-specific facts.""]","851acb012ccfa2a4bfa05ea83ec2694b3f773a7a6fee8703e87969c9225e6997",""
"entity-hamburg@1815/relationships","entity-hamburg@1815","hamburg-restored-republic-framework","Hamburg — restored city republic","1815","relationships","PARTIAL","C","partially-supported","political-polity","false","[""Independent city republic in the German Confederation""]","[]","[{""id"":""hamburg-restored-republic-framework"",""description"":""Existing accepted political-status scope of Hamburg — restored city republic; original statement and qualifications preserved."",""relationship"":""same""}]","[]","{""map_identity_id"":""entity-hamburg"",""aliases"":[],""historical_names"":[{""value"":""Hamburg — restored city republic"",""kind"":""primary"",""validFrom"":""1815-06-08"",""validUntil"":""1819-01-01""}],""identifiers"":{}}","[""Snapshot context is not observation date or boundary date."",""Map geometry does not establish sovereignty or succession."",""Exact reuse of an already accepted sourced political-status statement; no additional sovereignty, succession, occupation legitimacy or target-entity assertion."",""Named party is a literal text marker only, without inferred historical entity ID."",""Original interval dates and precision are copied exactly inside the existing source/entity/atlas validity envelope."",""Existing applicability intervals: [{\""kind\"":\""interval\"",\""from\"":\""1815-06-08\"",\""until\"":\""1819-01-01\"",\""certainty\"":\""exact\""}]""]","851acb012ccfa2a4bfa05ea83ec2694b3f773a7a6fee8703e87969c9225e6997",""
"entity-lubeck@1800/relationships","entity-lubeck@1800","","Lübeck","1800","relationships","MISSING","C","completely-empty","political-polity","true","[]","[]","[]","[]","{""map_identity_id"":""entity-lubeck"",""aliases"":[],""historical_names"":[],""identifiers"":{}}","[""Snapshot context is not observation date or boundary date."",""Map geometry does not establish sovereignty or succession."",""Resolve historical identity before proposing entity-specific facts.""]","851acb012ccfa2a4bfa05ea83ec2694b3f773a7a6fee8703e87969c9225e6997",""
"entity-lubeck@1815/relationships","entity-lubeck@1815","lubeck-restored-civic-framework","Lübeck — restored civic republic","1815","relationships","PARTIAL","C","partially-supported","political-polity","false","[""Independent city republic in the German Confederation""]","[]","[{""id"":""lubeck-restored-civic-framework"",""description"":""Existing accepted political-status scope of Lübeck — restored civic republic; original statement and qualifications preserved."",""relationship"":""same""}]","[]","{""map_identity_id"":""entity-lubeck"",""aliases"":[],""historical_names"":[{""value"":""Lübeck — restored civic republic"",""kind"":""primary"",""validFrom"":""1815-06-08"",""validUntil"":""1818-01-01""}],""identifiers"":{}}","[""Snapshot context is not observation date or boundary date."",""Map geometry does not establish sovereignty or succession."",""Exact reuse of an already accepted sourced political-status statement; no additional sovereignty, succession, occupation legitimacy or target-entity assertion."",""Named party is a literal text marker only, without inferred historical entity ID."",""Original interval dates and precision are copied exactly inside the existing source/entity/atlas validity envelope."",""Existing applicability intervals: [{\""kind\"":\""interval\"",\""from\"":\""1815-06-08\"",\""until\"":\""1818-01-01\"",\""certainty\"":\""exact\""}]""]","851acb012ccfa2a4bfa05ea83ec2694b3f773a7a6fee8703e87969c9225e6997",""
"entity-namibia@1960/relationships","entity-namibia@1960","","Namibia","1960","relationships","MISSING","C","completely-empty","dependent-administration","true","[]","[]","[]","[]","{""map_identity_id"":""entity-namibia"",""aliases"":[],""historical_names"":[],""identifiers"":{}}","[""Snapshot context is not observation date or boundary date."",""Map geometry does not establish sovereignty or succession."",""Resolve historical identity before proposing entity-specific facts.""]","851acb012ccfa2a4bfa05ea83ec2694b3f773a7a6fee8703e87969c9225e6997",""
"entity-jordan@1938/relationships","entity-jordan@1938","transjordan-1928-basic-law-core","Transjordan — 1928 Basic Law","1938","relationships","MISSING","C","partially-supported","political-polity","false","[]","[]","[]","[]","{""map_identity_id"":""entity-jordan"",""aliases"":[],""historical_names"":[{""value"":""Transjordan — 1928 Basic Law"",""kind"":""primary"",""validFrom"":""1929-01-01"",""validUntil"":""1946-05-25""}],""identifiers"":{}}","[""Snapshot context is not observation date or boundary date."",""Map geometry does not establish sovereignty or succession.""]","851acb012ccfa2a4bfa05ea83ec2694b3f773a7a6fee8703e87969c9225e6997",""
"entity-jordan@1945/relationships","entity-jordan@1945","transjordan-1928-basic-law-core","Transjordan — 1928 Basic Law","1945","relationships","MISSING","C","partially-supported","political-polity","false","[]","[]","[]","[]","{""map_identity_id"":""entity-jordan"",""aliases"":[],""historical_names"":[{""value"":""Transjordan — 1928 Basic Law"",""kind"":""primary"",""validFrom"":""1929-01-01"",""validUntil"":""1946-05-25""}],""identifiers"":{}}","[""Snapshot context is not observation date or boundary date."",""Map geometry does not establish sovereignty or succession.""]","851acb012ccfa2a4bfa05ea83ec2694b3f773a7a6fee8703e87969c9225e6997",""
"entity-jordan@1960/relationships","entity-jordan@1960","jordan-1952-constitutional-core","Jordan — 1952 constitutional framework","1960","relationships","MISSING","C","partially-supported","political-polity","false","[]","[]","[]","[]","{""map_identity_id"":""entity-jordan"",""aliases"":[],""historical_names"":[{""value"":""Jordan — 1952 constitutional framework"",""kind"":""primary"",""validFrom"":""1959-01-01"",""validUntil"":""1961-01-01""}],""identifiers"":{}}","[""Snapshot context is not observation date or boundary date."",""Map geometry does not establish sovereignty or succession.""]","851acb012ccfa2a4bfa05ea83ec2694b3f773a7a6fee8703e87969c9225e6997",""
"entity-estonia@1920/relationships","entity-estonia@1920","estonian-constituent-framework","Republic of Estonia — constituent framework","1920","relationships","MISSING","C","partially-supported","political-polity","false","[]","[]","[]","[]","{""map_identity_id"":""entity-estonia"",""aliases"":[],""historical_names"":[{""value"":""Republic of Estonia — constituent framework"",""kind"":""primary"",""validFrom"":""1919-07-04"",""validUntil"":""1920-12-20""}],""identifiers"":{}}","[""Snapshot context is not observation date or boundary date."",""Map geometry does not establish sovereignty or succession.""]","851acb012ccfa2a4bfa05ea83ec2694b3f773a7a6fee8703e87969c9225e6997",""
"entity-estonia@1930/relationships","entity-estonia@1930","estonian-fourth-parliament-framework","Republic of Estonia — Fourth Riigikogu framework","1930","relationships","MISSING","C","core-supported","political-polity","false","[]","[]","[]","[]","{""map_identity_id"":""entity-estonia"",""aliases"":[],""historical_names"":[{""value"":""Republic of Estonia — Fourth Riigikogu framework"",""kind"":""primary"",""validFrom"":""1929-06-15"",""validUntil"":""1932-06-15""}],""identifiers"":{}}","[""Snapshot context is not observation date or boundary date."",""Map geometry does not establish sovereignty or succession.""]","851acb012ccfa2a4bfa05ea83ec2694b3f773a7a6fee8703e87969c9225e6997",""
"entity-estonia@1938/relationships","entity-estonia@1938","estonian-1938-presidential-framework","Republic of Estonia — 1938 presidential framework","1938","relationships","MISSING","C","partially-supported","political-polity","false","[]","[]","[]","[]","{""map_identity_id"":""entity-estonia"",""aliases"":[],""historical_names"":[{""value"":""Republic of Estonia — 1938 presidential framework"",""kind"":""primary"",""validFrom"":""1938-04-07"",""validUntil"":""1939-01-01""}],""identifiers"":{}}","[""Snapshot context is not observation date or boundary date."",""Map geometry does not establish sovereignty or succession.""]","851acb012ccfa2a4bfa05ea83ec2694b3f773a7a6fee8703e87969c9225e6997",""
"entity-guinea@1945/relationships","entity-guinea@1945","","Guinea","1945","relationships","MISSING","C","completely-empty","dependent-administration","true","[]","[]","[]","[]","{""map_identity_id"":""entity-guinea"",""aliases"":[],""historical_names"":[],""identifiers"":{}}","[""Snapshot context is not observation date or boundary date."",""Map geometry does not establish sovereignty or succession."",""Resolve historical identity before proposing entity-specific facts.""]","851acb012ccfa2a4bfa05ea83ec2694b3f773a7a6fee8703e87969c9225e6997",""
"entity-guinea@1960/relationships","entity-guinea@1960","b16-guinea-republic","Republic of Guinea — early independent period","1960","relationships","MISSING","C","partially-supported","dependent-administration","false","[]","[]","[]","[]","{""map_identity_id"":""entity-guinea"",""aliases"":[],""historical_names"":[{""value"":""Republic of Guinea — early independent period"",""kind"":""primary"",""validFrom"":""1959-01-01"",""validUntil"":""1961-01-01""}],""identifiers"":{}}","[""Snapshot context is not observation date or boundary date."",""Map geometry does not establish sovereignty or succession.""]","851acb012ccfa2a4bfa05ea83ec2694b3f773a7a6fee8703e87969c9225e6997",""
"entity-ghana@1960/relationships","entity-ghana@1960","","Ghana","1960","relationships","MISSING","C","held-ambiguous","dependent-administration","true","[]","[]","[]","[]","{""map_identity_id"":""entity-ghana"",""aliases"":[],""historical_names"":[],""identifiers"":{}}","[""Snapshot context is not observation date or boundary date."",""Map geometry does not establish sovereignty or succession."",""Resolve historical identity before proposing entity-specific facts.""]","851acb012ccfa2a4bfa05ea83ec2694b3f773a7a6fee8703e87969c9225e6997",""
"entity-hanover@1800/relationships","entity-hanover@1800","","Hanover","1800","relationships","MISSING","C","completely-empty","political-polity","true","[]","[]","[]","[]","{""map_identity_id"":""entity-hanover"",""aliases"":[],""historical_names"":[],""identifiers"":{}}","[""Snapshot context is not observation date or boundary date."",""Map geometry does not establish sovereignty or succession."",""Resolve historical identity before proposing entity-specific facts.""]","851acb012ccfa2a4bfa05ea83ec2694b3f773a7a6fee8703e87969c9225e6997",""
"entity-hanover@1815/relationships","entity-hanover@1815","hanover-early-kingdom-framework","Kingdom of Hanover — early royal framework","1815","relationships","MISSING","C","partially-supported","political-polity","false","[]","[]","[]","[]","{""map_identity_id"":""entity-hanover"",""aliases"":[],""historical_names"":[{""value"":""Kingdom of Hanover — early royal framework"",""kind"":""primary"",""validFrom"":""1815-01-01"",""validUntil"":""1816-01-01""}],""identifiers"":{}}","[""Snapshot context is not observation date or boundary date."",""Map geometry does not establish sovereignty or succession.""]","851acb012ccfa2a4bfa05ea83ec2694b3f773a7a6fee8703e87969c9225e6997",""
"entity-mecklenburg-schwerin@1800/relationships","entity-mecklenburg-schwerin@1800","","Mecklenburg-Schwerin","1800","relationships","MISSING","C","completely-empty","political-polity","true","[]","[]","[]","[]","{""map_identity_id"":""entity-mecklenburg-schwerin"",""aliases"":[],""historical_names"":[],""identifiers"":{}}","[""Snapshot context is not observation date or boundary date."",""Map geometry does not establish sovereignty or succession."",""Resolve historical identity before proposing entity-specific facts.""]","851acb012ccfa2a4bfa05ea83ec2694b3f773a7a6fee8703e87969c9225e6997",""
"entity-mecklenburg-schwerin@1815/relationships","entity-mecklenburg-schwerin@1815","mecklenburg-schwerin-1815-framework","Mecklenburg-Schwerin — 1815 monarchical framework","1815","relationships","MISSING","C","partially-supported","political-polity","false","[]","[]","[]","[]","{""map_identity_id"":""entity-mecklenburg-schwerin"",""aliases"":[],""historical_names"":[{""value"":""Mecklenburg-Schwerin — 1815 monarchical framework"",""kind"":""primary"",""validFrom"":""1815-01-01"",""validUntil"":""1816-01-01""}],""identifiers"":{}}","[""Snapshot context is not observation date or boundary date."",""Map geometry does not establish sovereignty or succession.""]","851acb012ccfa2a4bfa05ea83ec2694b3f773a7a6fee8703e87969c9225e6997",""
"entity-baden@1800/relationships","entity-baden@1800","","Baden","1800","relationships","MISSING","C","completely-empty","political-polity","true","[]","[]","[]","[]","{""map_identity_id"":""entity-baden"",""aliases"":[],""historical_names"":[],""identifiers"":{}}","[""Snapshot context is not observation date or boundary date."",""Map geometry does not establish sovereignty or succession."",""Resolve historical identity before proposing entity-specific facts.""]","851acb012ccfa2a4bfa05ea83ec2694b3f773a7a6fee8703e87969c9225e6997",""
"entity-baden@1815/relationships","entity-baden@1815","baden-grand-ducal-1815-framework","Grand Duchy of Baden — early administrative framework","1815","relationships","MISSING","C","partially-supported","political-polity","false","[]","[]","[]","[]","{""map_identity_id"":""entity-baden"",""aliases"":[],""historical_names"":[{""value"":""Grand Duchy of Baden — early administrative framework"",""kind"":""primary"",""validFrom"":""1815-01-01"",""validUntil"":""1816-01-01""}],""identifiers"":{}}","[""Snapshot context is not observation date or boundary date."",""Map geometry does not establish sovereignty or succession.""]","851acb012ccfa2a4bfa05ea83ec2694b3f773a7a6fee8703e87969c9225e6997",""
"entity-lucca@1800/relationships","entity-lucca@1800","","Lucca","1800","relationships","MISSING","C","completely-empty","political-polity","true","[]","[]","[]","[]","{""map_identity_id"":""entity-lucca"",""aliases"":[],""historical_names"":[],""identifiers"":{}}","[""Snapshot context is not observation date or boundary date."",""Map geometry does not establish sovereignty or succession."",""Resolve historical identity before proposing entity-specific facts.""]","851acb012ccfa2a4bfa05ea83ec2694b3f773a7a6fee8703e87969c9225e6997",""
"entity-goa@1815/relationships","entity-goa@1815","","Goa","1815","relationships","MISSING","C","completely-empty","dependent-administration","true","[]","[]","[]","[]","{""map_identity_id"":""entity-goa"",""aliases"":[],""historical_names"":[],""identifiers"":{}}","[""Snapshot context is not observation date or boundary date."",""Map geometry does not establish sovereignty or succession."",""Resolve historical identity before proposing entity-specific facts.""]","851acb012ccfa2a4bfa05ea83ec2694b3f773a7a6fee8703e87969c9225e6997",""
"entity-mecklenburg-strelitz@1800/relationships","entity-mecklenburg-strelitz@1800","","Mecklenburg-Strelitz","1800","relationships","MISSING","C","completely-empty","political-polity","true","[]","[]","[]","[]","{""map_identity_id"":""entity-mecklenburg-strelitz"",""aliases"":[],""historical_names"":[],""identifiers"":{}}","[""Snapshot context is not observation date or boundary date."",""Map geometry does not establish sovereignty or succession."",""Resolve historical identity before proposing entity-specific facts.""]","851acb012ccfa2a4bfa05ea83ec2694b3f773a7a6fee8703e87969c9225e6997",""
"entity-mecklenburg-strelitz@1815/relationships","entity-mecklenburg-strelitz@1815","mecklenburg-strelitz-1815-framework","Mecklenburg-Strelitz — 1815 monarchical framework","1815","relationships","MISSING","C","partially-supported","political-polity","false","[]","[]","[]","[]","{""map_identity_id"":""entity-mecklenburg-strelitz"",""aliases"":[],""historical_names"":[{""value"":""Mecklenburg-Strelitz — 1815 monarchical framework"",""kind"":""primary"",""validFrom"":""1815-01-01"",""validUntil"":""1816-01-01""}],""identifiers"":{}}","[""Snapshot context is not observation date or boundary date."",""Map geometry does not establish sovereignty or succession.""]","851acb012ccfa2a4bfa05ea83ec2694b3f773a7a6fee8703e87969c9225e6997",""
"entity-modena@1800/relationships","entity-modena@1800","","Modena","1800","relationships","MISSING","C","completely-empty","political-polity","true","[]","[]","[]","[]","{""map_identity_id"":""entity-modena"",""aliases"":[],""historical_names"":[],""identifiers"":{}}","[""Snapshot context is not observation date or boundary date."",""Map geometry does not establish sovereignty or succession."",""Resolve historical identity before proposing entity-specific facts.""]","851acb012ccfa2a4bfa05ea83ec2694b3f773a7a6fee8703e87969c9225e6997",""
"entity-modena@1815/relationships","entity-modena@1815","modena-restored-austro-este-framework","Duchy of Modena — restored Austro-Este framework","1815","relationships","MISSING","C","partially-supported","political-polity","false","[]","[]","[]","[]","{""map_identity_id"":""entity-modena"",""aliases"":[],""historical_names"":[{""value"":""Duchy of Modena — restored Austro-Este framework"",""kind"":""primary"",""validFrom"":""1815-01-01"",""validUntil"":""1820-01-01""}],""identifiers"":{}}","[""Snapshot context is not observation date or boundary date."",""Map geometry does not establish sovereignty or succession.""]","851acb012ccfa2a4bfa05ea83ec2694b3f773a7a6fee8703e87969c9225e6997",""
"entity-brunswick@1800/relationships","entity-brunswick@1800","","Brunswick","1800","relationships","MISSING","C","completely-empty","political-polity","true","[]","[]","[]","[]","{""map_identity_id"":""entity-brunswick"",""aliases"":[],""historical_names"":[],""identifiers"":{}}","[""Snapshot context is not observation date or boundary date."",""Map geometry does not establish sovereignty or succession."",""Resolve historical identity before proposing entity-specific facts.""]","851acb012ccfa2a4bfa05ea83ec2694b3f773a7a6fee8703e87969c9225e6997",""
"entity-brunswick@1815/relationships","entity-brunswick@1815","brunswick-restored-ducal-framework","Duchy of Brunswick — restored government","1815","relationships","MISSING","C","partially-supported","political-polity","false","[]","[]","[]","[]","{""map_identity_id"":""entity-brunswick"",""aliases"":[],""historical_names"":[{""value"":""Duchy of Brunswick — restored government"",""kind"":""primary"",""validFrom"":""1814-01-14"",""validUntil"":""1816-01-01""}],""identifiers"":{}}","[""Snapshot context is not observation date or boundary date."",""Map geometry does not establish sovereignty or succession.""]","851acb012ccfa2a4bfa05ea83ec2694b3f773a7a6fee8703e87969c9225e6997",""
"entity-griqualand-west@1878/relationships","entity-griqualand-west@1878","b19-griqualand-attestation","Griqualand West — colonial administration attested 1878","1878","relationships","PARTIAL","C","partially-supported","dependent-administration","false","[""British colonial territory""]","[]","[{""id"":""b19-griqualand-attestation"",""description"":""Existing accepted political-status scope of Griqualand West — colonial administration attested 1878; original statement and qualifications preserved."",""relationship"":""same""}]","[]","{""map_identity_id"":""entity-griqualand-west"",""aliases"":[],""historical_names"":[{""value"":""Griqualand West — colonial administration attested 1878"",""kind"":""primary"",""validFrom"":""1878-06-06"",""validUntil"":""1878-06-07""}],""identifiers"":{}}","[""Snapshot context is not observation date or boundary date."",""Map geometry does not establish sovereignty or succession."",""Exact reuse of an already accepted sourced political-status statement; no additional sovereignty, succession, occupation legitimacy or target-entity assertion."",""Named party is a literal text marker only, without inferred historical entity ID."",""Original interval dates and precision are copied exactly inside the existing source/entity/atlas validity envelope."",""Existing applicability intervals: [{\""kind\"":\""interval\"",\""from\"":\""1878-06-06\"",\""until\"":\""1878-06-07\"",\""certainty\"":\""exact\""}]""]","851acb012ccfa2a4bfa05ea83ec2694b3f773a7a6fee8703e87969c9225e6997",""
"entity-iceland@1945/relationships","entity-iceland@1945","iceland-sovereign","Iceland","1945","relationships","MISSING","C","core-supported","political-polity","false","[]","[]","[]","[]","{""map_identity_id"":""entity-iceland"",""aliases"":[],""historical_names"":[{""value"":""Iceland"",""kind"":""primary"",""validFrom"":""1918-12-01""},{""value"":""Kingdom of Iceland"",""kind"":""formal"",""validFrom"":""1918-12-01"",""validUntil"":""1944-06-17""},{""value"":""Republic of Iceland"",""kind"":""formal"",""validFrom"":""1944-06-17"",""validUntil"":""1961-01-01""}],""identifiers"":{}}","[""Snapshot context is not observation date or boundary date."",""Map geometry does not establish sovereignty or succession.""]","851acb012ccfa2a4bfa05ea83ec2694b3f773a7a6fee8703e87969c9225e6997",""
"entity-iceland@1960/relationships","entity-iceland@1960","iceland-sovereign","Iceland","1960","relationships","PARTIAL","C","core-supported","political-polity","false","[""A founding participant in the North Atlantic Treaty collective-defence alliance alongside the other founding states.""]","[]","[{""id"":""iceland-sovereign-sourced-treaty-relationships-r01-nato-founders"",""description"":""Documented inter-state treaty relationship; does not imply merged sovereignty, uniform borders or currency issuer."",""relationship"":""same""}]","[]","{""map_identity_id"":""entity-iceland"",""aliases"":[],""historical_names"":[{""value"":""Iceland"",""kind"":""primary"",""validFrom"":""1918-12-01""},{""value"":""Kingdom of Iceland"",""kind"":""formal"",""validFrom"":""1918-12-01"",""validUntil"":""1944-06-17""},{""value"":""Republic of Iceland"",""kind"":""formal"",""validFrom"":""1944-06-17"",""validUntil"":""1961-01-01""}],""identifiers"":{}}","[""Snapshot context is not observation date or boundary date."",""Map geometry does not establish sovereignty or succession."",""Related entities list the Western/Northern European founding partners represented in this research batch; Canada, Italy and the United States are also founding parties but not enumerated here."",""No assertion that all members have identical armed forces or military-command participation."",""Existing applicability intervals: [{\""kind\"":\""interval\"",\""from\"":\""1950\"",\""until\"":\""1960\"",\""certainty\"":\""exact\""}]""]","851acb012ccfa2a4bfa05ea83ec2694b3f773a7a6fee8703e87969c9225e6997",""
"entity-bremen@1800/relationships","entity-bremen@1800","bremen-imperial-city-framework","Bremen — imperial city","1800","relationships","MISSING","C","partially-supported","political-polity","false","[]","[]","[]","[]","{""map_identity_id"":""entity-bremen"",""aliases"":[],""historical_names"":[{""value"":""Bremen — imperial city"",""kind"":""primary"",""validFrom"":""1800-01-01"",""validUntil"":""1806""}],""identifiers"":{}}","[""Snapshot context is not observation date or boundary date."",""Map geometry does not establish sovereignty or succession.""]","851acb012ccfa2a4bfa05ea83ec2694b3f773a7a6fee8703e87969c9225e6997",""
"entity-bremen@1815/relationships","entity-bremen@1815","bremen-restored-republic-framework","Bremen — restored civic republic","1815","relationships","PARTIAL","C","partially-supported","political-polity","false","[""Independent city state in the German Confederation""]","[]","[{""id"":""bremen-restored-republic-framework"",""description"":""Existing accepted political-status scope of Bremen — restored civic republic; original statement and qualifications preserved."",""relationship"":""same""}]","[]","{""map_identity_id"":""entity-bremen"",""aliases"":[],""historical_names"":[{""value"":""Bremen — restored civic republic"",""kind"":""primary"",""validFrom"":""1815-06-08"",""validUntil"":""1818-01-01""}],""identifiers"":{}}","[""Snapshot context is not observation date or boundary date."",""Map geometry does not establish sovereignty or succession."",""Exact reuse of an already accepted sourced political-status statement; no additional sovereignty, succession, occupation legitimacy or target-entity assertion."",""Named party is a literal text marker only, without inferred historical entity ID."",""Original interval dates and precision are copied exactly inside the existing source/entity/atlas validity envelope."",""Existing applicability intervals: [{\""kind\"":\""interval\"",\""from\"":\""1815-06-08\"",\""until\"":\""1818-01-01\"",\""certainty\"":\""exact\""}]""]","851acb012ccfa2a4bfa05ea83ec2694b3f773a7a6fee8703e87969c9225e6997",""
"entity-central-african-republic@1960/relationships","entity-central-african-republic@1960","","Central African Republic","1960","relationships","MISSING","C","held-ambiguous","dependent-administration","true","[]","[]","[]","[]","{""map_identity_id"":""entity-central-african-republic"",""aliases"":[],""historical_names"":[],""identifiers"":{}}","[""Snapshot context is not observation date or boundary date."",""Map geometry does not establish sovereignty or succession."",""Resolve historical identity before proposing entity-specific facts.""]","851acb012ccfa2a4bfa05ea83ec2694b3f773a7a6fee8703e87969c9225e6997",""
"entity-kaarta@1800/relationships","entity-kaarta@1800","b16-kaarta-early-1800","Kingdom of Kaarta — early nineteenth century","1800","relationships","MISSING","C","partially-supported","political-polity","false","[]","[]","[]","[]","{""map_identity_id"":""entity-kaarta"",""aliases"":[],""historical_names"":[{""value"":""Kingdom of Kaarta — early nineteenth century"",""kind"":""primary"",""validFrom"":""1800-01-01"",""validUntil"":""1816-01-01""}],""identifiers"":{}}","[""Snapshot context is not observation date or boundary date."",""Map geometry does not establish sovereignty or succession.""]","851acb012ccfa2a4bfa05ea83ec2694b3f773a7a6fee8703e87969c9225e6997",""
"entity-kaarta@1815/relationships","entity-kaarta@1815","b16-kaarta-early-1800","Kingdom of Kaarta — early nineteenth century","1815","relationships","MISSING","C","partially-supported","political-polity","false","[]","[]","[]","[]","{""map_identity_id"":""entity-kaarta"",""aliases"":[],""historical_names"":[{""value"":""Kingdom of Kaarta — early nineteenth century"",""kind"":""primary"",""validFrom"":""1800-01-01"",""validUntil"":""1816-01-01""}],""identifiers"":{}}","[""Snapshot context is not observation date or boundary date."",""Map geometry does not establish sovereignty or succession.""]","851acb012ccfa2a4bfa05ea83ec2694b3f773a7a6fee8703e87969c9225e6997",""
"entity-wadai-empire@1878/relationships","entity-wadai-empire@1878","b17-wadai-sultanate-partial","Wadai — later nineteenth-century sultanate","1878","relationships","MISSING","C","partially-supported","political-polity","false","[]","[]","[]","[]","{""map_identity_id"":""entity-wadai-empire"",""aliases"":[],""historical_names"":[{""value"":""Wadai — early nineteenth-century sultanate"",""kind"":""primary"",""validFrom"":""1800-01-01"",""validUntil"":""1801-01-01""},{""value"":""Wadai — later nineteenth-century sultanate"",""kind"":""primary"",""validFrom"":""1878-01-01"",""validUntil"":""1881-01-01""}],""identifiers"":{}}","[""Snapshot context is not observation date or boundary date."",""Map geometry does not establish sovereignty or succession.""]","851acb012ccfa2a4bfa05ea83ec2694b3f773a7a6fee8703e87969c9225e6997",""
"entity-wadai-empire@1880/relationships","entity-wadai-empire@1880","b17-wadai-sultanate-partial","Wadai — later nineteenth-century sultanate","1880","relationships","MISSING","C","partially-supported","political-polity","false","[]","[]","[]","[]","{""map_identity_id"":""entity-wadai-empire"",""aliases"":[],""historical_names"":[{""value"":""Wadai — early nineteenth-century sultanate"",""kind"":""primary"",""validFrom"":""1800-01-01"",""validUntil"":""1801-01-01""},{""value"":""Wadai — later nineteenth-century sultanate"",""kind"":""primary"",""validFrom"":""1878-01-01"",""validUntil"":""1881-01-01""}],""identifiers"":{}}","[""Snapshot context is not observation date or boundary date."",""Map geometry does not establish sovereignty or succession.""]","851acb012ccfa2a4bfa05ea83ec2694b3f773a7a6fee8703e87969c9225e6997",""
"entity-bokhara-khanate@1878/relationships","entity-bokhara-khanate@1878","bukhara-post-1873-framework","Bukhara — amirate under Russian pressure","1878","relationships","MISSING","C","partially-supported","political-polity","false","[]","[]","[]","[]","{""map_identity_id"":""entity-bokhara-khanate"",""aliases"":[],""historical_names"":[{""value"":""Bukhara — amirate under Russian pressure"",""kind"":""primary"",""validFrom"":""1874-01-01"",""validUntil"":""1888-01-01""}],""identifiers"":{}}","[""Snapshot context is not observation date or boundary date."",""Map geometry does not establish sovereignty or succession.""]","851acb012ccfa2a4bfa05ea83ec2694b3f773a7a6fee8703e87969c9225e6997",""
"entity-bokhara-khanate@1880/relationships","entity-bokhara-khanate@1880","bukhara-post-1873-framework","Bukhara — amirate under Russian pressure","1880","relationships","MISSING","C","partially-supported","political-polity","false","[]","[]","[]","[]","{""map_identity_id"":""entity-bokhara-khanate"",""aliases"":[],""historical_names"":[{""value"":""Bukhara — amirate under Russian pressure"",""kind"":""primary"",""validFrom"":""1874-01-01"",""validUntil"":""1888-01-01""}],""identifiers"":{}}","[""Snapshot context is not observation date or boundary date."",""Map geometry does not establish sovereignty or succession.""]","851acb012ccfa2a4bfa05ea83ec2694b3f773a7a6fee8703e87969c9225e6997",""
"entity-cameroon@1960/relationships","entity-cameroon@1960","b17-cameroon-independence","Republic of Cameroon — independence in 1960","1960","relationships","MISSING","C","partially-supported","dependent-administration","false","[]","[]","[]","[]","{""map_identity_id"":""entity-cameroon"",""aliases"":[],""historical_names"":[{""value"":""Republic of Cameroon — independence in 1960"",""kind"":""primary"",""validFrom"":""1960-01-01"",""validUntil"":""1961-01-01""}],""identifiers"":{}}","[""Snapshot context is not observation date or boundary date."",""Map geometry does not establish sovereignty or succession.""]","851acb012ccfa2a4bfa05ea83ec2694b3f773a7a6fee8703e87969c9225e6997",""
"entity-sultanate-of-damagaram@1878/relationships","entity-sultanate-of-damagaram@1878","b17-damagaram-19c","Damagaram — Zinder sultanate framework","1878","relationships","MISSING","C","partially-supported","political-polity","false","[]","[]","[]","[]","{""map_identity_id"":""entity-sultanate-of-damagaram"",""aliases"":[],""historical_names"":[{""value"":""Damagaram — Zinder sultanate framework"",""kind"":""primary"",""validFrom"":""1878-01-01"",""validUntil"":""1881-01-01""}],""identifiers"":{}}","[""Snapshot context is not observation date or boundary date."",""Map geometry does not establish sovereignty or succession.""]","851acb012ccfa2a4bfa05ea83ec2694b3f773a7a6fee8703e87969c9225e6997",""
"entity-sultanate-of-damagaram@1880/relationships","entity-sultanate-of-damagaram@1880","b17-damagaram-19c","Damagaram — Zinder sultanate framework","1880","relationships","MISSING","C","partially-supported","political-polity","false","[]","[]","[]","[]","{""map_identity_id"":""entity-sultanate-of-damagaram"",""aliases"":[],""historical_names"":[{""value"":""Damagaram — Zinder sultanate framework"",""kind"":""primary"",""validFrom"":""1878-01-01"",""validUntil"":""1881-01-01""}],""identifiers"":{}}","[""Snapshot context is not observation date or boundary date."",""Map geometry does not establish sovereignty or succession.""]","851acb012ccfa2a4bfa05ea83ec2694b3f773a7a6fee8703e87969c9225e6997",""
"entity-tuscany@1800/relationships","entity-tuscany@1800","","Tuscany","1800","relationships","MISSING","C","completely-empty","political-polity","true","[]","[]","[]","[]","{""map_identity_id"":""entity-tuscany"",""aliases"":[],""historical_names"":[],""identifiers"":{}}","[""Snapshot context is not observation date or boundary date."",""Map geometry does not establish sovereignty or succession."",""Resolve historical identity before proposing entity-specific facts.""]","851acb012ccfa2a4bfa05ea83ec2694b3f773a7a6fee8703e87969c9225e6997",""
"entity-tuscany@1815/relationships","entity-tuscany@1815","tuscany-restored-grand-ducal-framework","Grand Duchy of Tuscany — restored Lorraine framework","1815","relationships","MISSING","C","core-supported","political-polity","false","[]","[]","[]","[]","{""map_identity_id"":""entity-tuscany"",""aliases"":[],""historical_names"":[{""value"":""Grand Duchy of Tuscany — restored Lorraine framework"",""kind"":""primary"",""validFrom"":""1814-04-20"",""validUntil"":""1818-01-01""}],""identifiers"":{}}","[""Snapshot context is not observation date or boundary date."",""Map geometry does not establish sovereignty or succession.""]","851acb012ccfa2a4bfa05ea83ec2694b3f773a7a6fee8703e87969c9225e6997",""
"entity-travancore@1800/relationships","entity-travancore@1800","travancore-1795-treaty-framework","Travancore — 1795 treaty framework","1800","relationships","MISSING","C","partially-supported","political-polity","false","[]","[]","[]","[]","{""map_identity_id"":""entity-travancore"",""aliases"":[],""historical_names"":[{""value"":""Travancore — 1795 treaty framework"",""kind"":""primary"",""validFrom"":""1798-01-01"",""validUntil"":""1805-01-01""}],""identifiers"":{}}","[""Snapshot context is not observation date or boundary date."",""Map geometry does not establish sovereignty or succession.""]","851acb012ccfa2a4bfa05ea83ec2694b3f773a7a6fee8703e87969c9225e6997",""
"entity-travancore@1815/relationships","entity-travancore@1815","travancore-1805-treaty-framework","Travancore — 1805 treaty framework","1815","relationships","MISSING","C","partially-supported","political-polity","false","[]","[]","[]","[]","{""map_identity_id"":""entity-travancore"",""aliases"":[],""historical_names"":[{""value"":""Travancore — 1805 treaty framework"",""kind"":""primary"",""validFrom"":""1806-01-01"",""validUntil"":""1816-01-01""}],""identifiers"":{}}","[""Snapshot context is not observation date or boundary date."",""Map geometry does not establish sovereignty or succession.""]","851acb012ccfa2a4bfa05ea83ec2694b3f773a7a6fee8703e87969c9225e6997",""
"entity-holstein@1800/relationships","entity-holstein@1800","holstein-danish-ducal-framework","Duchy of Holstein — Danish dynastic framework","1800","relationships","MISSING","C","partially-supported","political-polity","false","[]","[]","[]","[]","{""map_identity_id"":""entity-holstein"",""aliases"":[],""historical_names"":[{""value"":""Duchy of Holstein — Danish dynastic framework"",""kind"":""primary"",""validFrom"":""1800-01-01"",""validUntil"":""1816-01-01""}],""identifiers"":{}}","[""Snapshot context is not observation date or boundary date."",""Map geometry does not establish sovereignty or succession.""]","851acb012ccfa2a4bfa05ea83ec2694b3f773a7a6fee8703e87969c9225e6997",""
"entity-holstein@1815/relationships","entity-holstein@1815","holstein-danish-ducal-framework","Duchy of Holstein — Danish dynastic framework","1815","relationships","PARTIAL","C","partially-supported","political-polity","false","[""German Confederation duchy under the Danish monarch""]","[]","[{""id"":""holstein-danish-ducal-framework"",""description"":""Existing accepted political-status scope of Duchy of Holstein — Danish dynastic framework; original statement and qualifications preserved."",""relationship"":""same""}]","[]","{""map_identity_id"":""entity-holstein"",""aliases"":[],""historical_names"":[{""value"":""Duchy of Holstein — Danish dynastic framework"",""kind"":""primary"",""validFrom"":""1800-01-01"",""validUntil"":""1816-01-01""}],""identifiers"":{}}","[""Snapshot context is not observation date or boundary date."",""Map geometry does not establish sovereignty or succession."",""Exact reuse of an already accepted sourced political-status statement; no additional sovereignty, succession, occupation legitimacy or target-entity assertion."",""Named party is a literal text marker only, without inferred historical entity ID."",""Original interval dates and precision are copied exactly inside the existing source/entity/atlas validity envelope."",""Existing applicability intervals: [{\""kind\"":\""interval\"",\""from\"":\""1815\"",\""until\"":\""1816-01-01\"",\""certainty\"":\""exact\""}]""]","851acb012ccfa2a4bfa05ea83ec2694b3f773a7a6fee8703e87969c9225e6997",""
"entity-oldenburg@1800/relationships","entity-oldenburg@1800","","Oldenburg","1800","relationships","MISSING","C","completely-empty","political-polity","true","[]","[]","[]","[]","{""map_identity_id"":""entity-oldenburg"",""aliases"":[],""historical_names"":[],""identifiers"":{}}","[""Snapshot context is not observation date or boundary date."",""Map geometry does not establish sovereignty or succession."",""Resolve historical identity before proposing entity-specific facts.""]","851acb012ccfa2a4bfa05ea83ec2694b3f773a7a6fee8703e87969c9225e6997",""
"entity-oldenburg@1815/relationships","entity-oldenburg@1815","oldenburg-1815-dynastic-framework","Oldenburg — 1815 dynastic framework","1815","relationships","MISSING","C","core-supported","political-polity","false","[]","[]","[]","[]","{""map_identity_id"":""entity-oldenburg"",""aliases"":[],""historical_names"":[{""value"":""Oldenburg — 1815 dynastic framework"",""kind"":""primary"",""validFrom"":""1815-01-01"",""validUntil"":""1816-01-01""}],""identifiers"":{}}","[""Snapshot context is not observation date or boundary date."",""Map geometry does not establish sovereignty or succession.""]","851acb012ccfa2a4bfa05ea83ec2694b3f773a7a6fee8703e87969c9225e6997",""
"entity-lippe-detmold@1800/relationships","entity-lippe-detmold@1800","","Lippe-Detmold","1800","relationships","MISSING","C","completely-empty","political-polity","true","[]","[]","[]","[]","{""map_identity_id"":""entity-lippe-detmold"",""aliases"":[],""historical_names"":[],""identifiers"":{}}","[""Snapshot context is not observation date or boundary date."",""Map geometry does not establish sovereignty or succession."",""Resolve historical identity before proposing entity-specific facts.""]","851acb012ccfa2a4bfa05ea83ec2694b3f773a7a6fee8703e87969c9225e6997",""
"entity-lippe-detmold@1815/relationships","entity-lippe-detmold@1815","lippe-pauline-regency","Principality of Lippe — Pauline’s regency","1815","relationships","MISSING","C","core-supported","political-polity","false","[]","[]","[]","[]","{""map_identity_id"":""entity-lippe-detmold"",""aliases"":[],""historical_names"":[{""value"":""Principality of Lippe — Pauline’s regency"",""kind"":""primary"",""validFrom"":""1815-01-01"",""validUntil"":""1819-01-01""}],""identifiers"":{}}","[""Snapshot context is not observation date or boundary date."",""Map geometry does not establish sovereignty or succession.""]","851acb012ccfa2a4bfa05ea83ec2694b3f773a7a6fee8703e87969c9225e6997",""
"entity-waldeck@1800/relationships","entity-waldeck@1800","","Waldeck","1800","relationships","MISSING","C","completely-empty","political-polity","true","[]","[]","[]","[]","{""map_identity_id"":""entity-waldeck"",""aliases"":[],""historical_names"":[],""identifiers"":{}}","[""Snapshot context is not observation date or boundary date."",""Map geometry does not establish sovereignty or succession."",""Resolve historical identity before proposing entity-specific facts.""]","851acb012ccfa2a4bfa05ea83ec2694b3f773a7a6fee8703e87969c9225e6997",""
"entity-schaumburg-lippe@1800/relationships","entity-schaumburg-lippe@1800","","Schaumburg-Lippe","1800","relationships","MISSING","C","completely-empty","political-polity","true","[]","[]","[]","[]","{""map_identity_id"":""entity-schaumburg-lippe"",""aliases"":[],""historical_names"":[],""identifiers"":{}}","[""Snapshot context is not observation date or boundary date."",""Map geometry does not establish sovereignty or succession."",""Resolve historical identity before proposing entity-specific facts.""]","851acb012ccfa2a4bfa05ea83ec2694b3f773a7a6fee8703e87969c9225e6997",""
"entity-schaumburg-lippe@1815/relationships","entity-schaumburg-lippe@1815","schaumburg-lippe-early-princely-framework","Principality of Schaumburg-Lippe","1815","relationships","MISSING","C","core-supported","political-polity","false","[]","[]","[]","[]","{""map_identity_id"":""entity-schaumburg-lippe"",""aliases"":[],""historical_names"":[{""value"":""Principality of Schaumburg-Lippe"",""kind"":""primary"",""validFrom"":""1815-01-01"",""validUntil"":""1818-01-01""}],""identifiers"":{}}","[""Snapshot context is not observation date or boundary date."",""Map geometry does not establish sovereignty or succession.""]","851acb012ccfa2a4bfa05ea83ec2694b3f773a7a6fee8703e87969c9225e6997",""
"entity-sultanate-of-zanzibar@1880/relationships","entity-sultanate-of-zanzibar@1880","zanzibar-1880-sultanate-core","Zanzibar — late nineteenth-century sultanate","1880","relationships","MISSING","C","partially-supported","political-polity","false","[]","[]","[]","[]","{""map_identity_id"":""entity-sultanate-of-zanzibar"",""aliases"":[],""historical_names"":[{""value"":""Zanzibar — late nineteenth-century sultanate"",""kind"":""primary"",""validFrom"":""1878-01-01"",""validUntil"":""1881-01-01""}],""identifiers"":{}}","[""Snapshot context is not observation date or boundary date."",""Map geometry does not establish sovereignty or succession.""]","851acb012ccfa2a4bfa05ea83ec2694b3f773a7a6fee8703e87969c9225e6997",""
"entity-ukraine@1920/relationships","entity-ukraine@1920","","Ukraine","1920","relationships","MISSING","C","held-ambiguous","political-polity","true","[]","[]","[]","[]","{""map_identity_id"":""entity-ukraine"",""aliases"":[],""historical_names"":[],""identifiers"":{}}","[""Snapshot context is not observation date or boundary date."",""Map geometry does not establish sovereignty or succession."",""Resolve historical identity before proposing entity-specific facts.""]","851acb012ccfa2a4bfa05ea83ec2694b3f773a7a6fee8703e87969c9225e6997",""
"entity-wurttemberg@1800/relationships","entity-wurttemberg@1800","wurttemberg-ducal-framework","Duchy of Württemberg","1800","relationships","MISSING","C","partially-supported","political-polity","false","[]","[]","[]","[]","{""map_identity_id"":""entity-wurttemberg"",""aliases"":[],""historical_names"":[{""value"":""Duchy of Württemberg"",""kind"":""primary"",""validFrom"":""1800-01-01"",""validUntil"":""1803-02-25""}],""identifiers"":{}}","[""Snapshot context is not observation date or boundary date."",""Map geometry does not establish sovereignty or succession.""]","851acb012ccfa2a4bfa05ea83ec2694b3f773a7a6fee8703e87969c9225e6997",""
"entity-wurttemberg@1815/relationships","entity-wurttemberg@1815","wurttemberg-early-royal-framework","Kingdom of Württemberg — early royal framework","1815","relationships","MISSING","C","partially-supported","political-polity","false","[]","[]","[]","[]","{""map_identity_id"":""entity-wurttemberg"",""aliases"":[],""historical_names"":[{""value"":""Kingdom of Württemberg — early royal framework"",""kind"":""primary"",""validFrom"":""1806-01-01"",""validUntil"":""1816-01-01""}],""identifiers"":{}}","[""Snapshot context is not observation date or boundary date."",""Map geometry does not establish sovereignty or succession.""]","851acb012ccfa2a4bfa05ea83ec2694b3f773a7a6fee8703e87969c9225e6997",""
"entity-dutch-guinea@1945/relationships","entity-dutch-guinea@1945","","Dutch Guinea","1945","relationships","MISSING","C","held-ambiguous","dependent-administration","true","[]","[]","[]","[]","{""map_identity_id"":""entity-dutch-guinea"",""aliases"":[],""historical_names"":[],""identifiers"":{}}","[""Snapshot context is not observation date or boundary date."",""Map geometry does not establish sovereignty or succession."",""Resolve historical identity before proposing entity-specific facts.""]","851acb012ccfa2a4bfa05ea83ec2694b3f773a7a6fee8703e87969c9225e6997",""
"entity-oman-british-raj@1938/relationships","entity-oman-british-raj@1938","","Oman (British Raj)","1938","relationships","MISSING","C","held-ambiguous","dependent-administration","true","[]","[]","[]","[]","{""map_identity_id"":""entity-oman-british-raj"",""aliases"":[],""historical_names"":[],""identifiers"":{}}","[""Snapshot context is not observation date or boundary date."",""Map geometry does not establish sovereignty or succession."",""Resolve historical identity before proposing entity-specific facts.""]","851acb012ccfa2a4bfa05ea83ec2694b3f773a7a6fee8703e87969c9225e6997",""
"entity-yemen-uk@1938/relationships","entity-yemen-uk@1938","","Yemen (UK)","1938","relationships","MISSING","C","held-ambiguous","dependent-administration","true","[]","[]","[]","[]","{""map_identity_id"":""entity-yemen-uk"",""aliases"":[],""historical_names"":[],""identifiers"":{}}","[""Snapshot context is not observation date or boundary date."",""Map geometry does not establish sovereignty or succession."",""Resolve historical identity before proposing entity-specific facts.""]","851acb012ccfa2a4bfa05ea83ec2694b3f773a7a6fee8703e87969c9225e6997",""
"entity-first-samori-empire@1900/relationships","entity-first-samori-empire@1900","","First Samori Empire","1900","relationships","MISSING","C","completely-empty","political-polity","true","[]","[]","[]","[]","{""map_identity_id"":""entity-first-samori-empire"",""aliases"":[],""historical_names"":[],""identifiers"":{}}","[""Snapshot context is not observation date or boundary date."",""Map geometry does not establish sovereignty or succession."",""Resolve historical identity before proposing entity-specific facts.""]","851acb012ccfa2a4bfa05ea83ec2694b3f773a7a6fee8703e87969c9225e6997",""
"entity-awsa@1800/relationships","entity-awsa@1800","","Awsa","1800","relationships","MISSING","C","held-ambiguous","political-polity","true","[]","[]","[]","[]","{""map_identity_id"":""entity-awsa"",""aliases"":[],""historical_names"":[],""identifiers"":{}}","[""Snapshot context is not observation date or boundary date."",""Map geometry does not establish sovereignty or succession."",""Resolve historical identity before proposing entity-specific facts.""]","851acb012ccfa2a4bfa05ea83ec2694b3f773a7a6fee8703e87969c9225e6997",""
"entity-nkore@1815/relationships","entity-nkore@1815","","Nkore","1815","relationships","MISSING","C","held-ambiguous","political-polity","true","[]","[]","[]","[]","{""map_identity_id"":""entity-nkore"",""aliases"":[],""historical_names"":[],""identifiers"":{}}","[""Snapshot context is not observation date or boundary date."",""Map geometry does not establish sovereignty or succession."",""Resolve historical identity before proposing entity-specific facts.""]","851acb012ccfa2a4bfa05ea83ec2694b3f773a7a6fee8703e87969c9225e6997",""
"entity-second-samori-empire@1900/relationships","entity-second-samori-empire@1900","","Second Samori Empire","1900","relationships","MISSING","C","completely-empty","political-polity","true","[]","[]","[]","[]","{""map_identity_id"":""entity-second-samori-empire"",""aliases"":[],""historical_names"":[],""identifiers"":{}}","[""Snapshot context is not observation date or boundary date."",""Map geometry does not establish sovereignty or succession."",""Resolve historical identity before proposing entity-specific facts.""]","851acb012ccfa2a4bfa05ea83ec2694b3f773a7a6fee8703e87969c9225e6997",""
"entity-songhai@1800/relationships","entity-songhai@1800","","Songhai","1800","relationships","MISSING","C","held-ambiguous","political-polity","true","[]","[]","[]","[]","{""map_identity_id"":""entity-songhai"",""aliases"":[],""historical_names"":[],""identifiers"":{}}","[""Snapshot context is not observation date or boundary date."",""Map geometry does not establish sovereignty or succession."",""Resolve historical identity before proposing entity-specific facts.""]","851acb012ccfa2a4bfa05ea83ec2694b3f773a7a6fee8703e87969c9225e6997",""
"entity-bahawalpur@1800/relationships","entity-bahawalpur@1800","","Bahawalpur","1800","relationships","MISSING","C","held-ambiguous","political-polity","true","[]","[]","[]","[]","{""map_identity_id"":""entity-bahawalpur"",""aliases"":[],""historical_names"":[],""identifiers"":{}}","[""Snapshot context is not observation date or boundary date."",""Map geometry does not establish sovereignty or succession."",""Resolve historical identity before proposing entity-specific facts.""]","851acb012ccfa2a4bfa05ea83ec2694b3f773a7a6fee8703e87969c9225e6997",""
"entity-southern-cameroon@1945/relationships","entity-southern-cameroon@1945","","Southern Cameroon","1945","relationships","MISSING","C","completely-empty","dependent-administration","true","[]","[]","[]","[]","{""map_identity_id"":""entity-southern-cameroon"",""aliases"":[],""historical_names"":[],""identifiers"":{}}","[""Snapshot context is not observation date or boundary date."",""Map geometry does not establish sovereignty or succession."",""Resolve historical identity before proposing entity-specific facts.""]","851acb012ccfa2a4bfa05ea83ec2694b3f773a7a6fee8703e87969c9225e6997",""
"entity-ceylon-dutch@1800/relationships","entity-ceylon-dutch@1800","","Ceylon (Dutch)","1800","relationships","MISSING","C","held-ambiguous","dependent-administration","true","[]","[]","[]","[]","{""map_identity_id"":""entity-ceylon-dutch"",""aliases"":[],""historical_names"":[],""identifiers"":{}}","[""Snapshot context is not observation date or boundary date."",""Map geometry does not establish sovereignty or succession."",""Resolve historical identity before proposing entity-specific facts.""]","851acb012ccfa2a4bfa05ea83ec2694b3f773a7a6fee8703e87969c9225e6997",""
"entity-lebanon@1945/relationships","entity-lebanon@1945","lebanon-1943-national-pact-framework","Lebanon — post-1943 National Pact order","1945","relationships","MISSING","C","partially-supported","political-polity","false","[]","[]","[]","[]","{""map_identity_id"":""entity-lebanon"",""aliases"":[],""historical_names"":[{""value"":""Lebanon — post-1943 National Pact order"",""kind"":""primary"",""validFrom"":""1944-01-01"",""validUntil"":""1961-01-01""}],""identifiers"":{}}","[""Snapshot context is not observation date or boundary date."",""Map geometry does not establish sovereignty or succession.""]","851acb012ccfa2a4bfa05ea83ec2694b3f773a7a6fee8703e87969c9225e6997",""
"entity-lebanon@1960/relationships","entity-lebanon@1960","lebanon-1943-national-pact-framework","Lebanon — post-1943 National Pact order","1960","relationships","MISSING","C","partially-supported","political-polity","false","[]","[]","[]","[]","{""map_identity_id"":""entity-lebanon"",""aliases"":[],""historical_names"":[{""value"":""Lebanon — post-1943 National Pact order"",""kind"":""primary"",""validFrom"":""1944-01-01"",""validUntil"":""1961-01-01""}],""identifiers"":{}}","[""Snapshot context is not observation date or boundary date."",""Map geometry does not establish sovereignty or succession.""]","851acb012ccfa2a4bfa05ea83ec2694b3f773a7a6fee8703e87969c9225e6997",""
"entity-sikkim-indian-princely-state@1815/relationships","entity-sikkim-indian-princely-state@1815","","Sikkim (Indian princely state)","1815","relationships","MISSING","C","held-ambiguous","dependent-administration","true","[]","[]","[]","[]","{""map_identity_id"":""entity-sikkim-indian-princely-state"",""aliases"":[],""historical_names"":[],""identifiers"":{}}","[""Snapshot context is not observation date or boundary date."",""Map geometry does not establish sovereignty or succession."",""Resolve historical identity before proposing entity-specific facts.""]","851acb012ccfa2a4bfa05ea83ec2694b3f773a7a6fee8703e87969c9225e6997",""
"entity-guinea-bissau-portugal@1945/relationships","entity-guinea-bissau-portugal@1945","b16-portuguese-guinea-1945","Portuguese Guinea — Sarmento Rodrigues administration","1945","relationships","PARTIAL","C","partially-supported","dependent-administration","false","[""Portuguese colonial territory""]","[]","[{""id"":""b16-portuguese-guinea-1945"",""description"":""Existing accepted political-status scope of Portuguese Guinea — Sarmento Rodrigues administration; original statement and qualifications preserved."",""relationship"":""same""}]","[]","{""map_identity_id"":""entity-guinea-bissau-portugal"",""aliases"":[],""historical_names"":[{""value"":""Portuguese Guinea — Sarmento Rodrigues administration"",""kind"":""primary"",""validFrom"":""1945-06-01"",""validUntil"":""1949-01-01""}],""identifiers"":{}}","[""Snapshot context is not observation date or boundary date."",""Map geometry does not establish sovereignty or succession."",""Exact reuse of an already accepted sourced political-status statement; no additional sovereignty, succession, occupation legitimacy or target-entity assertion."",""Named party is a literal text marker only, without inferred historical entity ID."",""Original interval dates and precision are copied exactly inside the existing source/entity/atlas validity envelope."",""Existing applicability intervals: [{\""kind\"":\""interval\"",\""from\"":\""1945-06-01\"",\""until\"":\""1949-01-01\"",\""certainty\"":\""exact\""}]""]","851acb012ccfa2a4bfa05ea83ec2694b3f773a7a6fee8703e87969c9225e6997",""
"entity-parma@1800/relationships","entity-parma@1800","parma-bourbon-early-framework","Duchy of Parma — Bourbon framework","1800","relationships","MISSING","C","partially-supported","political-polity","false","[]","[]","[]","[]","{""map_identity_id"":""entity-parma"",""aliases"":[],""historical_names"":[{""value"":""Duchy of Parma — Bourbon framework"",""kind"":""primary"",""validFrom"":""1800-01-01"",""validUntil"":""1802""}],""identifiers"":{}}","[""Snapshot context is not observation date or boundary date."",""Map geometry does not establish sovereignty or succession.""]","851acb012ccfa2a4bfa05ea83ec2694b3f773a7a6fee8703e87969c9225e6997",""
"entity-parma@1815/relationships","entity-parma@1815","parma-maria-luigia-framework","Duchy of Parma, Piacenza and Guastalla — Maria Luigia","1815","relationships","MISSING","C","core-supported","political-polity","false","[]","[]","[]","[]","{""map_identity_id"":""entity-parma"",""aliases"":[],""historical_names"":[{""value"":""Duchy of Parma, Piacenza and Guastalla — Maria Luigia"",""kind"":""primary"",""validFrom"":""1815-01-01"",""validUntil"":""1818-01-01""}],""identifiers"":{}}","[""Snapshot context is not observation date or boundary date."",""Map geometry does not establish sovereignty or succession.""]","851acb012ccfa2a4bfa05ea83ec2694b3f773a7a6fee8703e87969c9225e6997",""
"entity-republic-of-krakow@1815/relationships","entity-republic-of-krakow@1815","krakow-free-city-framework","Free City of Krakow","1815","relationships","MISSING","C","partially-supported","political-polity","false","[]","[]","[]","[]","{""map_identity_id"":""entity-republic-of-krakow"",""aliases"":[],""historical_names"":[{""value"":""Free City of Krakow"",""kind"":""primary"",""validFrom"":""1815"",""validUntil"":""1818-01-01""}],""identifiers"":{}}","[""Snapshot context is not observation date or boundary date."",""Map geometry does not establish sovereignty or succession.""]","851acb012ccfa2a4bfa05ea83ec2694b3f773a7a6fee8703e87969c9225e6997",""
"entity-bavaria@1800/relationships","entity-bavaria@1800","bavaria-electoral-framework","Bavaria — electoral framework","1800","relationships","MISSING","C","partially-supported","political-polity","false","[]","[]","[]","[]","{""map_identity_id"":""entity-bavaria"",""aliases"":[],""historical_names"":[{""value"":""Bavaria — electoral framework"",""kind"":""primary"",""validFrom"":""1800-01-01"",""validUntil"":""1806-01-01""}],""identifiers"":{}}","[""Snapshot context is not observation date or boundary date."",""Map geometry does not establish sovereignty or succession.""]","851acb012ccfa2a4bfa05ea83ec2694b3f773a7a6fee8703e87969c9225e6997",""
"entity-bavaria@1815/relationships","entity-bavaria@1815","bavaria-early-kingdom-framework","Kingdom of Bavaria — early royal framework","1815","relationships","MISSING","C","core-supported","political-polity","false","[]","[]","[]","[]","{""map_identity_id"":""entity-bavaria"",""aliases"":[],""historical_names"":[{""value"":""Kingdom of Bavaria — early royal framework"",""kind"":""primary"",""validFrom"":""1806-01-01"",""validUntil"":""1818-01-01""}],""identifiers"":{}}","[""Snapshot context is not observation date or boundary date."",""Map geometry does not establish sovereignty or succession.""]","851acb012ccfa2a4bfa05ea83ec2694b3f773a7a6fee8703e87969c9225e6997",""
"entity-segu@1800/relationships","entity-segu@1800","b16-segu-1800","Kingdom of Segu — early nineteenth century","1800","relationships","MISSING","C","partially-supported","political-polity","false","[]","[]","[]","[]","{""map_identity_id"":""entity-segu"",""aliases"":[],""historical_names"":[{""value"":""Kingdom of Segu — early nineteenth century"",""kind"":""primary"",""validFrom"":""1800-01-01"",""validUntil"":""1801-01-01""}],""identifiers"":{}}","[""Snapshot context is not observation date or boundary date."",""Map geometry does not establish sovereignty or succession.""]","851acb012ccfa2a4bfa05ea83ec2694b3f773a7a6fee8703e87969c9225e6997",""
"entity-darfur@1800/relationships","entity-darfur@1800","b17-darfur-1800","Darfur — Keira sultanate framework","1800","relationships","MISSING","C","partially-supported","political-polity","false","[]","[]","[]","[]","{""map_identity_id"":""entity-darfur"",""aliases"":[],""historical_names"":[{""value"":""Darfur — Keira sultanate framework"",""kind"":""primary"",""validFrom"":""1800-01-01"",""validUntil"":""1801-01-01""}],""identifiers"":{}}","[""Snapshot context is not observation date or boundary date."",""Map geometry does not establish sovereignty or succession.""]","851acb012ccfa2a4bfa05ea83ec2694b3f773a7a6fee8703e87969c9225e6997",""
"entity-funj@1800/relationships","entity-funj@1800","funj-1800-vizier-core","Funj/Sennar — political order around 1800","1800","relationships","MISSING","C","partially-supported","political-polity","false","[]","[]","[]","[]","{""map_identity_id"":""entity-funj"",""aliases"":[],""historical_names"":[{""value"":""Funj/Sennar — political order around 1800"",""kind"":""primary"",""validFrom"":""1800-01-01"",""validUntil"":""1801-01-01""}],""identifiers"":{}}","[""Snapshot context is not observation date or boundary date."",""Map geometry does not establish sovereignty or succession.""]","851acb012ccfa2a4bfa05ea83ec2694b3f773a7a6fee8703e87969c9225e6997",""
"entity-bagirmi@1800/relationships","entity-bagirmi@1800","b17-bagirmi-1800","Bagirmi — regional sultanate","1800","relationships","MISSING","C","partially-supported","political-polity","false","[]","[]","[]","[]","{""map_identity_id"":""entity-bagirmi"",""aliases"":[],""historical_names"":[{""value"":""Bagirmi — regional sultanate"",""kind"":""primary"",""validFrom"":""1800-01-01"",""validUntil"":""1801-01-01""}],""identifiers"":{}}","[""Snapshot context is not observation date or boundary date."",""Map geometry does not establish sovereignty or succession.""]","851acb012ccfa2a4bfa05ea83ec2694b3f773a7a6fee8703e87969c9225e6997",""
"entity-rozwi@1800/relationships","entity-rozwi@1800","b20-rozvi-royal","Rozvi state","1800","relationships","MISSING","C","partially-supported","political-polity","false","[]","[]","[]","[]","{""map_identity_id"":""entity-rozwi"",""aliases"":[],""historical_names"":[{""value"":""Rozvi state"",""kind"":""primary"",""validFrom"":""1800-01-01"",""validUntil"":""1801-01-01""}],""identifiers"":{}}","[""Snapshot context is not observation date or boundary date."",""Map geometry does not establish sovereignty or succession.""]","851acb012ccfa2a4bfa05ea83ec2694b3f773a7a6fee8703e87969c9225e6997",""
"entity-kazembe@1815/relationships","entity-kazembe@1815","kazembe-1815-monarchy-core","Kazembe — eastern Lunda monarchy in 1815","1815","relationships","MISSING","C","partially-supported","political-polity","false","[]","[]","[]","[]","{""map_identity_id"":""entity-kazembe"",""aliases"":[],""historical_names"":[{""value"":""Kazembe — eastern Lunda monarchy in 1815"",""kind"":""primary"",""validFrom"":""1815-01-01"",""validUntil"":""1816-01-01""}],""identifiers"":{}}","[""Snapshot context is not observation date or boundary date."",""Map geometry does not establish sovereignty or succession.""]","851acb012ccfa2a4bfa05ea83ec2694b3f773a7a6fee8703e87969c9225e6997",""
"entity-wadai@1800/relationships","entity-wadai@1800","b17-wadai-sultanate-partial","Wadai — early nineteenth-century sultanate","1800","relationships","MISSING","C","partially-supported","political-polity","false","[]","[]","[]","[]","{""map_identity_id"":""entity-wadai"",""aliases"":[],""historical_names"":[{""value"":""Wadai — early nineteenth-century sultanate"",""kind"":""primary"",""validFrom"":""1800-01-01"",""validUntil"":""1801-01-01""},{""value"":""Wadai — later nineteenth-century sultanate"",""kind"":""primary"",""validFrom"":""1878-01-01"",""validUntil"":""1881-01-01""}],""identifiers"":{}}","[""Snapshot context is not observation date or boundary date."",""Map geometry does not establish sovereignty or succession.""]","851acb012ccfa2a4bfa05ea83ec2694b3f773a7a6fee8703e87969c9225e6997",""
"entity-togoland@1914/relationships","entity-togoland@1914","","Togoland","1914","relationships","MISSING","C","held-ambiguous","dependent-administration","true","[]","[]","[]","[]","{""map_identity_id"":""entity-togoland"",""aliases"":[],""historical_names"":[],""identifiers"":{}}","[""Snapshot context is not observation date or boundary date."",""Map geometry does not establish sovereignty or succession."",""Resolve historical identity before proposing entity-specific facts.""]","851acb012ccfa2a4bfa05ea83ec2694b3f773a7a6fee8703e87969c9225e6997",""
"entity-kandy@1800/relationships","entity-kandy@1800","kandy-1800-royal-framework","Kingdom of Kandy","1800","relationships","MISSING","C","partially-supported","political-polity","false","[]","[]","[]","[]","{""map_identity_id"":""entity-kandy"",""aliases"":[],""historical_names"":[{""value"":""Kingdom of Kandy"",""kind"":""primary"",""validFrom"":""1800-01-01"",""validUntil"":""1801-01-01""}],""identifiers"":{}}","[""Snapshot context is not observation date or boundary date."",""Map geometry does not establish sovereignty or succession.""]","851acb012ccfa2a4bfa05ea83ec2694b3f773a7a6fee8703e87969c9225e6997",""
"entity-cochin@1800/relationships","entity-cochin@1800","cochin-1791-tributary-framework","Cochin — 1791 tributary treaty framework","1800","relationships","MISSING","C","partially-supported","political-polity","false","[]","[]","[]","[]","{""map_identity_id"":""entity-cochin"",""aliases"":[],""historical_names"":[{""value"":""Cochin — 1791 tributary treaty framework"",""kind"":""primary"",""validFrom"":""1792-01-01"",""validUntil"":""1809-01-01""}],""identifiers"":{}}","[""Snapshot context is not observation date or boundary date."",""Map geometry does not establish sovereignty or succession.""]","851acb012ccfa2a4bfa05ea83ec2694b3f773a7a6fee8703e87969c9225e6997",""
"entity-dodecanese-islands@1930/relationships","entity-dodecanese-islands@1930","italian-dodecanese-lausanne-framework","Dodecanese — Italian treaty framework","1930","relationships","MISSING","C","partially-supported","dependent-administration","false","[]","[]","[]","[]","{""map_identity_id"":""entity-dodecanese-islands"",""aliases"":[],""historical_names"":[{""value"":""Dodecanese — Italian treaty framework"",""kind"":""primary"",""validFrom"":""1925-01-01"",""validUntil"":""1931-01-01""}],""identifiers"":{}}","[""Snapshot context is not observation date or boundary date."",""Map geometry does not establish sovereignty or succession.""]","851acb012ccfa2a4bfa05ea83ec2694b3f773a7a6fee8703e87969c9225e6997",""
"entity-san-marino@1815/relationships","entity-san-marino@1815","san-marino-republic","San Marino","1815","relationships","MISSING","C","partially-supported","political-polity","false","[]","[]","[]","[]","{""map_identity_id"":""entity-san-marino"",""aliases"":[],""historical_names"":[{""value"":""San Marino"",""kind"":""primary"",""validFrom"":""1800-01-01""}],""identifiers"":{}}","[""Snapshot context is not observation date or boundary date."",""Map geometry does not establish sovereignty or succession.""]","851acb012ccfa2a4bfa05ea83ec2694b3f773a7a6fee8703e87969c9225e6997",""
"entity-electoral-hesse@1815/relationships","entity-electoral-hesse@1815","hesse-kassel-restored-electoral-framework","Electoral Hesse — restored framework","1815","relationships","MISSING","C","partially-supported","political-polity","false","[]","[]","[]","[]","{""map_identity_id"":""entity-electoral-hesse"",""aliases"":[],""historical_names"":[{""value"":""Electoral Hesse — restored framework"",""kind"":""primary"",""validFrom"":""1815-01-01"",""validUntil"":""1816-01-01""}],""identifiers"":{}}","[""Snapshot context is not observation date or boundary date."",""Map geometry does not establish sovereignty or succession.""]","851acb012ccfa2a4bfa05ea83ec2694b3f773a7a6fee8703e87969c9225e6997",""
"entity-schleswig@1815/relationships","entity-schleswig@1815","schleswig-danish-ducal-framework","Duchy of Schleswig — Danish dynastic framework","1815","relationships","MISSING","C","partially-supported","political-polity","false","[]","[]","[]","[]","{""map_identity_id"":""entity-schleswig"",""aliases"":[],""historical_names"":[{""value"":""Duchy of Schleswig — Danish dynastic framework"",""kind"":""primary"",""validFrom"":""1815-01-01"",""validUntil"":""1816-01-01""}],""identifiers"":{}}","[""Snapshot context is not observation date or boundary date."",""Map geometry does not establish sovereignty or succession.""]","851acb012ccfa2a4bfa05ea83ec2694b3f773a7a6fee8703e87969c9225e6997",""
"entity-nassau@1815/relationships","entity-nassau@1815","nassau-1815-constitutional-framework","Duchy of Nassau","1815","relationships","MISSING","C","partially-supported","political-polity","false","[]","[]","[]","[]","{""map_identity_id"":""entity-nassau"",""aliases"":[],""historical_names"":[{""value"":""Duchy of Nassau"",""kind"":""primary"",""validFrom"":""1815-01-01"",""validUntil"":""1816-01-01""}],""identifiers"":{}}","[""Snapshot context is not observation date or boundary date."",""Map geometry does not establish sovereignty or succession.""]","851acb012ccfa2a4bfa05ea83ec2694b3f773a7a6fee8703e87969c9225e6997",""
"entity-grand-duchy-of-hesse@1815/relationships","entity-grand-duchy-of-hesse@1815","hesse-darmstadt-1815-framework","Grand Duchy of Hesse","1815","relationships","MISSING","C","core-supported","political-polity","false","[]","[]","[]","[]","{""map_identity_id"":""entity-grand-duchy-of-hesse"",""aliases"":[],""historical_names"":[{""value"":""Grand Duchy of Hesse"",""kind"":""primary"",""validFrom"":""1815-01-01"",""validUntil"":""1816-01-01""}],""identifiers"":{}}","[""Snapshot context is not observation date or boundary date."",""Map geometry does not establish sovereignty or succession.""]","851acb012ccfa2a4bfa05ea83ec2694b3f773a7a6fee8703e87969c9225e6997",""
