"cell_id","occurrence_id","atlas_entity_id","atlas_display_name","snapshot_year","dossier_category","current_status","research_priority","mapping_status","eligibility_classification","identity_review_required","current_values","observation_dates","territorial_scopes","held_reasons","known_aliases_identifiers","notes","production_fingerprint","proposals_json"
"entity-philippines@1800/religion","entity-philippines@1800","","Philippines","1800","religion","MISSING","B","completely-empty","political-polity","true","[]","[]","[]","[]","{""map_identity_id"":""entity-philippines"",""aliases"":[],""historical_names"":[],""identifiers"":{}}","[""Snapshot context is not observation date or boundary date."",""Map geometry does not establish sovereignty or succession."",""Religion projection uses explicit religious claim tags only; legacy density is excluded."",""Resolve historical identity before proposing entity-specific facts.""]","851acb012ccfa2a4bfa05ea83ec2694b3f773a7a6fee8703e87969c9225e6997",""
"entity-philippines@1815/religion","entity-philippines@1815","","Philippines","1815","religion","MISSING","B","completely-empty","political-polity","true","[]","[]","[]","[]","{""map_identity_id"":""entity-philippines"",""aliases"":[],""historical_names"":[],""identifiers"":{}}","[""Snapshot context is not observation date or boundary date."",""Map geometry does not establish sovereignty or succession."",""Religion projection uses explicit religious claim tags only; legacy density is excluded."",""Resolve historical identity before proposing entity-specific facts.""]","851acb012ccfa2a4bfa05ea83ec2694b3f773a7a6fee8703e87969c9225e6997",""
"entity-philippines@1878/religion","entity-philippines@1878","","Philippines","1878","religion","MISSING","B","completely-empty","political-polity","true","[]","[]","[]","[]","{""map_identity_id"":""entity-philippines"",""aliases"":[],""historical_names"":[],""identifiers"":{}}","[""Snapshot context is not observation date or boundary date."",""Map geometry does not establish sovereignty or succession."",""Religion projection uses explicit religious claim tags only; legacy density is excluded."",""Resolve historical identity before proposing entity-specific facts.""]","851acb012ccfa2a4bfa05ea83ec2694b3f773a7a6fee8703e87969c9225e6997",""
"entity-philippines@1880/religion","entity-philippines@1880","","Philippines","1880","religion","MISSING","B","completely-empty","political-polity","true","[]","[]","[]","[]","{""map_identity_id"":""entity-philippines"",""aliases"":[],""historical_names"":[],""identifiers"":{}}","[""Snapshot context is not observation date or boundary date."",""Map geometry does not establish sovereignty or succession."",""Religion projection uses explicit religious claim tags only; legacy density is excluded."",""Resolve historical identity before proposing entity-specific facts.""]","851acb012ccfa2a4bfa05ea83ec2694b3f773a7a6fee8703e87969c9225e6997",""
"entity-philippines@1900/religion","entity-philippines@1900","","Philippines","1900","religion","MISSING","B","completely-empty","political-polity","true","[]","[]","[]","[]","{""map_identity_id"":""entity-philippines"",""aliases"":[],""historical_names"":[],""identifiers"":{}}","[""Snapshot context is not observation date or boundary date."",""Map geometry does not establish sovereignty or succession."",""Religion projection uses explicit religious claim tags only; legacy density is excluded."",""Resolve historical identity before proposing entity-specific facts.""]","851acb012ccfa2a4bfa05ea83ec2694b3f773a7a6fee8703e87969c9225e6997",""
"entity-philippines@1914/religion","entity-philippines@1914","b13-philippines-organic","Philippines — Commission and Assembly framework","1914","religion","MISSING","B","partially-supported","political-polity","false","[]","[]","[]","[]","{""map_identity_id"":""entity-philippines"",""aliases"":[],""historical_names"":[{""value"":""Philippines — Commission and Assembly framework"",""kind"":""primary"",""validFrom"":""1908-01-01"",""validUntil"":""1916-08-29""}],""identifiers"":{}}","[""Snapshot context is not observation date or boundary date."",""Map geometry does not establish sovereignty or succession."",""Religion projection uses explicit religious claim tags only; legacy density is excluded.""]","851acb012ccfa2a4bfa05ea83ec2694b3f773a7a6fee8703e87969c9225e6997",""
"entity-philippines@1920/religion","entity-philippines@1920","b13-philippines-jones","Philippines — Jones Act government","1920","religion","MISSING","B","partially-supported","political-polity","false","[]","[]","[]","[]","{""map_identity_id"":""entity-philippines"",""aliases"":[],""historical_names"":[{""value"":""Philippines — Jones Act government"",""kind"":""primary"",""validFrom"":""1917-01-01"",""validUntil"":""1935-01-01""}],""identifiers"":{}}","[""Snapshot context is not observation date or boundary date."",""Map geometry does not establish sovereignty or succession."",""Religion projection uses explicit religious claim tags only; legacy density is excluded.""]","851acb012ccfa2a4bfa05ea83ec2694b3f773a7a6fee8703e87969c9225e6997",""
"entity-philippines@1930/religion","entity-philippines@1930","b13-philippines-jones","Philippines — Jones Act government","1930","religion","MISSING","B","partially-supported","political-polity","false","[]","[]","[]","[]","{""map_identity_id"":""entity-philippines"",""aliases"":[],""historical_names"":[{""value"":""Philippines — Jones Act government"",""kind"":""primary"",""validFrom"":""1917-01-01"",""validUntil"":""1935-01-01""}],""identifiers"":{}}","[""Snapshot context is not observation date or boundary date."",""Map geometry does not establish sovereignty or succession."",""Religion projection uses explicit religious claim tags only; legacy density is excluded.""]","851acb012ccfa2a4bfa05ea83ec2694b3f773a7a6fee8703e87969c9225e6997",""
"entity-philippines@1938/religion","entity-philippines@1938","b13-philippines-commonwealth","Commonwealth of the Philippines — prewar self-government","1938","religion","MISSING","B","partially-supported","political-polity","false","[]","[]","[]","[]","{""map_identity_id"":""entity-philippines"",""aliases"":[],""historical_names"":[{""value"":""Commonwealth of the Philippines — prewar self-government"",""kind"":""primary"",""validFrom"":""1936-01-01"",""validUntil"":""1940-01-01""}],""identifiers"":{}}","[""Snapshot context is not observation date or boundary date."",""Map geometry does not establish sovereignty or succession."",""Religion projection uses explicit religious claim tags only; legacy density is excluded.""]","851acb012ccfa2a4bfa05ea83ec2694b3f773a7a6fee8703e87969c9225e6997",""
"entity-philippines@1945/religion","entity-philippines@1945","","Philippines","1945","religion","MISSING","B","completely-empty","political-polity","true","[]","[]","[]","[]","{""map_identity_id"":""entity-philippines"",""aliases"":[],""historical_names"":[],""identifiers"":{}}","[""Snapshot context is not observation date or boundary date."",""Map geometry does not establish sovereignty or succession."",""Religion projection uses explicit religious claim tags only; legacy density is excluded."",""Resolve historical identity before proposing entity-specific facts.""]","851acb012ccfa2a4bfa05ea83ec2694b3f773a7a6fee8703e87969c9225e6997",""
"entity-philippines@1960/religion","entity-philippines@1960","b13-philippines-garcia","Republic of the Philippines — Garcia administration","1960","religion","MISSING","B","partially-supported","political-polity","false","[]","[]","[]","[]","{""map_identity_id"":""entity-philippines"",""aliases"":[],""historical_names"":[{""value"":""Republic of the Philippines — Garcia administration"",""kind"":""primary"",""validFrom"":""1958-01-01"",""validUntil"":""1961-01-01""}],""identifiers"":{}}","[""Snapshot context is not observation date or boundary date."",""Map geometry does not establish sovereignty or succession."",""Religion projection uses explicit religious claim tags only; legacy density is excluded.""]","851acb012ccfa2a4bfa05ea83ec2694b3f773a7a6fee8703e87969c9225e6997",""
"entity-haiti@1815/religion","entity-haiti@1815","","Haiti","1815","religion","MISSING","B","held-ambiguous","political-polity","true","[]","[]","[]","[]","{""map_identity_id"":""entity-haiti"",""aliases"":[],""historical_names"":[],""identifiers"":{}}","[""Snapshot context is not observation date or boundary date."",""Map geometry does not establish sovereignty or succession."",""Religion projection uses explicit religious claim tags only; legacy density is excluded."",""Resolve historical identity before proposing entity-specific facts.""]","851acb012ccfa2a4bfa05ea83ec2694b3f773a7a6fee8703e87969c9225e6997",""
"entity-haiti@1878/religion","entity-haiti@1878","","Haiti","1878","religion","MISSING","B","held-ambiguous","political-polity","true","[]","[]","[]","[]","{""map_identity_id"":""entity-haiti"",""aliases"":[],""historical_names"":[],""identifiers"":{}}","[""Snapshot context is not observation date or boundary date."",""Map geometry does not establish sovereignty or succession."",""Religion projection uses explicit religious claim tags only; legacy density is excluded."",""Resolve historical identity before proposing entity-specific facts.""]","851acb012ccfa2a4bfa05ea83ec2694b3f773a7a6fee8703e87969c9225e6997",""
"entity-haiti@1880/religion","entity-haiti@1880","","Haiti","1880","religion","MISSING","B","held-ambiguous","political-polity","true","[]","[]","[]","[]","{""map_identity_id"":""entity-haiti"",""aliases"":[],""historical_names"":[],""identifiers"":{}}","[""Snapshot context is not observation date or boundary date."",""Map geometry does not establish sovereignty or succession."",""Religion projection uses explicit religious claim tags only; legacy density is excluded."",""Resolve historical identity before proposing entity-specific facts.""]","851acb012ccfa2a4bfa05ea83ec2694b3f773a7a6fee8703e87969c9225e6997",""
"entity-haiti@1900/religion","entity-haiti@1900","","Haiti","1900","religion","MISSING","B","held-ambiguous","political-polity","true","[]","[]","[]","[]","{""map_identity_id"":""entity-haiti"",""aliases"":[],""historical_names"":[],""identifiers"":{}}","[""Snapshot context is not observation date or boundary date."",""Map geometry does not establish sovereignty or succession."",""Religion projection uses explicit religious claim tags only; legacy density is excluded."",""Resolve historical identity before proposing entity-specific facts.""]","851acb012ccfa2a4bfa05ea83ec2694b3f773a7a6fee8703e87969c9225e6997",""
"entity-haiti@1914/religion","entity-haiti@1914","","Haiti","1914","religion","MISSING","B","held-ambiguous","political-polity","true","[]","[]","[]","[]","{""map_identity_id"":""entity-haiti"",""aliases"":[],""historical_names"":[],""identifiers"":{}}","[""Snapshot context is not observation date or boundary date."",""Map geometry does not establish sovereignty or succession."",""Religion projection uses explicit religious claim tags only; legacy density is excluded."",""Resolve historical identity before proposing entity-specific facts.""]","851acb012ccfa2a4bfa05ea83ec2694b3f773a7a6fee8703e87969c9225e6997",""
"entity-haiti@1920/religion","entity-haiti@1920","b10-haiti-occupation-without-legislature","Haiti — US occupation framework","1920","religion","MISSING","B","partially-supported","political-polity","false","[]","[]","[]","[]","{""map_identity_id"":""entity-haiti"",""aliases"":[],""historical_names"":[{""value"":""Haiti — US occupation framework"",""kind"":""primary"",""validFrom"":""1918-01-01"",""validUntil"":""1929-01-01""}],""identifiers"":{}}","[""Snapshot context is not observation date or boundary date."",""Map geometry does not establish sovereignty or succession."",""Religion projection uses explicit religious claim tags only; legacy density is excluded.""]","851acb012ccfa2a4bfa05ea83ec2694b3f773a7a6fee8703e87969c9225e6997",""
"entity-haiti@1930/religion","entity-haiti@1930","","Haiti","1930","religion","MISSING","B","held-ambiguous","political-polity","true","[]","[]","[]","[]","{""map_identity_id"":""entity-haiti"",""aliases"":[],""historical_names"":[],""identifiers"":{}}","[""Snapshot context is not observation date or boundary date."",""Map geometry does not establish sovereignty or succession."",""Religion projection uses explicit religious claim tags only; legacy density is excluded."",""Resolve historical identity before proposing entity-specific facts.""]","851acb012ccfa2a4bfa05ea83ec2694b3f773a7a6fee8703e87969c9225e6997",""
"entity-haiti@1938/religion","entity-haiti@1938","","Haiti","1938","religion","MISSING","B","held-ambiguous","political-polity","true","[]","[]","[]","[]","{""map_identity_id"":""entity-haiti"",""aliases"":[],""historical_names"":[],""identifiers"":{}}","[""Snapshot context is not observation date or boundary date."",""Map geometry does not establish sovereignty or succession."",""Religion projection uses explicit religious claim tags only; legacy density is excluded."",""Resolve historical identity before proposing entity-specific facts.""]","851acb012ccfa2a4bfa05ea83ec2694b3f773a7a6fee8703e87969c9225e6997",""
"entity-haiti@1945/religion","entity-haiti@1945","","Haiti","1945","religion","MISSING","B","held-ambiguous","political-polity","true","[]","[]","[]","[]","{""map_identity_id"":""entity-haiti"",""aliases"":[],""historical_names"":[],""identifiers"":{}}","[""Snapshot context is not observation date or boundary date."",""Map geometry does not establish sovereignty or succession."",""Religion projection uses explicit religious claim tags only; legacy density is excluded."",""Resolve historical identity before proposing entity-specific facts.""]","851acb012ccfa2a4bfa05ea83ec2694b3f773a7a6fee8703e87969c9225e6997",""
"entity-haiti@1960/religion","entity-haiti@1960","b10-haiti-duvalier","Haiti — early Duvalier government","1960","religion","MISSING","B","core-supported","political-polity","false","[]","[]","[]","[]","{""map_identity_id"":""entity-haiti"",""aliases"":[],""historical_names"":[{""value"":""Haiti — early Duvalier government"",""kind"":""primary"",""validFrom"":""1958-01-01"",""validUntil"":""1961-01-01""}],""identifiers"":{}}","[""Snapshot context is not observation date or boundary date."",""Map geometry does not establish sovereignty or succession."",""Religion projection uses explicit religious claim tags only; legacy density is excluded.""]","851acb012ccfa2a4bfa05ea83ec2694b3f773a7a6fee8703e87969c9225e6997",""
"entity-bulgaria@1878/religion","entity-bulgaria@1878","bulgarian-berlin-settlement-framework","Principality of Bulgaria — Berlin settlement","1878","religion","MISSING","B","partially-supported","political-polity","false","[]","[]","[]","[]","{""map_identity_id"":""entity-bulgaria"",""aliases"":[],""historical_names"":[{""value"":""Principality of Bulgaria — Berlin settlement"",""kind"":""primary"",""validFrom"":""1878-07-13"",""validUntil"":""1879-01-01""}],""identifiers"":{}}","[""Snapshot context is not observation date or boundary date."",""Map geometry does not establish sovereignty or succession."",""Religion projection uses explicit religious claim tags only; legacy density is excluded.""]","851acb012ccfa2a4bfa05ea83ec2694b3f773a7a6fee8703e87969c9225e6997",""
"entity-bulgaria@1880/religion","entity-bulgaria@1880","bulgarian-tarnovo-1880-framework","Principality of Bulgaria — early Tarnovo framework","1880","religion","MISSING","B","partially-supported","political-polity","false","[]","[]","[]","[]","{""map_identity_id"":""entity-bulgaria"",""aliases"":[],""historical_names"":[{""value"":""Principality of Bulgaria — early Tarnovo framework"",""kind"":""primary"",""validFrom"":""1880-01-01"",""validUntil"":""1881-01-01""}],""identifiers"":{}}","[""Snapshot context is not observation date or boundary date."",""Map geometry does not establish sovereignty or succession."",""Religion projection uses explicit religious claim tags only; legacy density is excluded.""]","851acb012ccfa2a4bfa05ea83ec2694b3f773a7a6fee8703e87969c9225e6997",""
"entity-bulgaria@1900/religion","entity-bulgaria@1900","","Bulgaria","1900","religion","MISSING","B","completely-empty","political-polity","true","[]","[]","[]","[]","{""map_identity_id"":""entity-bulgaria"",""aliases"":[],""historical_names"":[],""identifiers"":{}}","[""Snapshot context is not observation date or boundary date."",""Map geometry does not establish sovereignty or succession."",""Religion projection uses explicit religious claim tags only; legacy density is excluded."",""Resolve historical identity before proposing entity-specific facts.""]","851acb012ccfa2a4bfa05ea83ec2694b3f773a7a6fee8703e87969c9225e6997",""
"entity-bulgaria@1914/religion","entity-bulgaria@1914","","Bulgaria","1914","religion","MISSING","B","completely-empty","political-polity","true","[]","[]","[]","[]","{""map_identity_id"":""entity-bulgaria"",""aliases"":[],""historical_names"":[],""identifiers"":{}}","[""Snapshot context is not observation date or boundary date."",""Map geometry does not establish sovereignty or succession."",""Religion projection uses explicit religious claim tags only; legacy density is excluded."",""Resolve historical identity before proposing entity-specific facts.""]","851acb012ccfa2a4bfa05ea83ec2694b3f773a7a6fee8703e87969c9225e6997",""
"entity-bulgaria@1920/religion","entity-bulgaria@1920","","Bulgaria","1920","religion","MISSING","B","completely-empty","political-polity","true","[]","[]","[]","[]","{""map_identity_id"":""entity-bulgaria"",""aliases"":[],""historical_names"":[],""identifiers"":{}}","[""Snapshot context is not observation date or boundary date."",""Map geometry does not establish sovereignty or succession."",""Religion projection uses explicit religious claim tags only; legacy density is excluded."",""Resolve historical identity before proposing entity-specific facts.""]","851acb012ccfa2a4bfa05ea83ec2694b3f773a7a6fee8703e87969c9225e6997",""
"entity-bulgaria@1930/religion","entity-bulgaria@1930","","Bulgaria","1930","religion","MISSING","B","completely-empty","political-polity","true","[]","[]","[]","[]","{""map_identity_id"":""entity-bulgaria"",""aliases"":[],""historical_names"":[],""identifiers"":{}}","[""Snapshot context is not observation date or boundary date."",""Map geometry does not establish sovereignty or succession."",""Religion projection uses explicit religious claim tags only; legacy density is excluded."",""Resolve historical identity before proposing entity-specific facts.""]","851acb012ccfa2a4bfa05ea83ec2694b3f773a7a6fee8703e87969c9225e6997",""
"entity-bulgaria@1938/religion","entity-bulgaria@1938","","Bulgaria","1938","religion","MISSING","B","completely-empty","political-polity","true","[]","[]","[]","[]","{""map_identity_id"":""entity-bulgaria"",""aliases"":[],""historical_names"":[],""identifiers"":{}}","[""Snapshot context is not observation date or boundary date."",""Map geometry does not establish sovereignty or succession."",""Religion projection uses explicit religious claim tags only; legacy density is excluded."",""Resolve historical identity before proposing entity-specific facts.""]","851acb012ccfa2a4bfa05ea83ec2694b3f773a7a6fee8703e87969c9225e6997",""
"entity-bulgaria@1945/religion","entity-bulgaria@1945","","Bulgaria","1945","religion","MISSING","B","completely-empty","political-polity","true","[]","[]","[]","[]","{""map_identity_id"":""entity-bulgaria"",""aliases"":[],""historical_names"":[],""identifiers"":{}}","[""Snapshot context is not observation date or boundary date."",""Map geometry does not establish sovereignty or succession."",""Religion projection uses explicit religious claim tags only; legacy density is excluded."",""Resolve historical identity before proposing entity-specific facts.""]","851acb012ccfa2a4bfa05ea83ec2694b3f773a7a6fee8703e87969c9225e6997",""
"entity-bulgaria@1960/religion","entity-bulgaria@1960","","Bulgaria","1960","religion","MISSING","B","completely-empty","political-polity","true","[]","[]","[]","[]","{""map_identity_id"":""entity-bulgaria"",""aliases"":[],""historical_names"":[],""identifiers"":{}}","[""Snapshot context is not observation date or boundary date."",""Map geometry does not establish sovereignty or succession."",""Religion projection uses explicit religious claim tags only; legacy density is excluded."",""Resolve historical identity before proposing entity-specific facts.""]","851acb012ccfa2a4bfa05ea83ec2694b3f773a7a6fee8703e87969c9225e6997",""
"entity-colombia@1878/religion","entity-colombia@1878","colombia-united-states-framework","United States of Colombia — federal framework","1878","religion","MISSING","B","partially-supported","political-polity","false","[]","[]","[]","[]","{""map_identity_id"":""entity-colombia"",""aliases"":[],""historical_names"":[{""value"":""United States of Colombia — federal framework"",""kind"":""primary"",""validFrom"":""1870-01-01"",""validUntil"":""1885-01-01""}],""identifiers"":{}}","[""Snapshot context is not observation date or boundary date."",""Map geometry does not establish sovereignty or succession."",""Religion projection uses explicit religious claim tags only; legacy density is excluded.""]","851acb012ccfa2a4bfa05ea83ec2694b3f773a7a6fee8703e87969c9225e6997",""
"entity-colombia@1880/religion","entity-colombia@1880","colombia-united-states-framework","United States of Colombia — federal framework","1880","religion","MISSING","B","partially-supported","political-polity","false","[]","[]","[]","[]","{""map_identity_id"":""entity-colombia"",""aliases"":[],""historical_names"":[{""value"":""United States of Colombia — federal framework"",""kind"":""primary"",""validFrom"":""1870-01-01"",""validUntil"":""1885-01-01""}],""identifiers"":{}}","[""Snapshot context is not observation date or boundary date."",""Map geometry does not establish sovereignty or succession."",""Religion projection uses explicit religious claim tags only; legacy density is excluded.""]","851acb012ccfa2a4bfa05ea83ec2694b3f773a7a6fee8703e87969c9225e6997",""
"entity-colombia@1900/religion","entity-colombia@1900","colombia-thousand-days-framework","Colombia — republic during the Thousand Days War","1900","religion","MISSING","B","partially-supported","political-polity","false","[]","[]","[]","[]","{""map_identity_id"":""entity-colombia"",""aliases"":[],""historical_names"":[{""value"":""Colombia — republic during the Thousand Days War"",""kind"":""primary"",""validFrom"":""1899-01-01"",""validUntil"":""1903-01-01""}],""identifiers"":{}}","[""Snapshot context is not observation date or boundary date."",""Map geometry does not establish sovereignty or succession."",""Religion projection uses explicit religious claim tags only; legacy density is excluded.""]","851acb012ccfa2a4bfa05ea83ec2694b3f773a7a6fee8703e87969c9225e6997",""
"entity-colombia@1914/religion","entity-colombia@1914","","Colombia","1914","religion","MISSING","B","completely-empty","political-polity","true","[]","[]","[]","[]","{""map_identity_id"":""entity-colombia"",""aliases"":[],""historical_names"":[],""identifiers"":{}}","[""Snapshot context is not observation date or boundary date."",""Map geometry does not establish sovereignty or succession."",""Religion projection uses explicit religious claim tags only; legacy density is excluded."",""Resolve historical identity before proposing entity-specific facts.""]","851acb012ccfa2a4bfa05ea83ec2694b3f773a7a6fee8703e87969c9225e6997",""
"entity-colombia@1920/religion","entity-colombia@1920","","Colombia","1920","religion","MISSING","B","completely-empty","political-polity","true","[]","[]","[]","[]","{""map_identity_id"":""entity-colombia"",""aliases"":[],""historical_names"":[],""identifiers"":{}}","[""Snapshot context is not observation date or boundary date."",""Map geometry does not establish sovereignty or succession."",""Religion projection uses explicit religious claim tags only; legacy density is excluded."",""Resolve historical identity before proposing entity-specific facts.""]","851acb012ccfa2a4bfa05ea83ec2694b3f773a7a6fee8703e87969c9225e6997",""
"entity-colombia@1930/religion","entity-colombia@1930","","Colombia","1930","religion","MISSING","B","completely-empty","political-polity","true","[]","[]","[]","[]","{""map_identity_id"":""entity-colombia"",""aliases"":[],""historical_names"":[],""identifiers"":{}}","[""Snapshot context is not observation date or boundary date."",""Map geometry does not establish sovereignty or succession."",""Religion projection uses explicit religious claim tags only; legacy density is excluded."",""Resolve historical identity before proposing entity-specific facts.""]","851acb012ccfa2a4bfa05ea83ec2694b3f773a7a6fee8703e87969c9225e6997",""
"entity-colombia@1938/religion","entity-colombia@1938","","Colombia","1938","religion","MISSING","B","completely-empty","political-polity","true","[]","[]","[]","[]","{""map_identity_id"":""entity-colombia"",""aliases"":[],""historical_names"":[],""identifiers"":{}}","[""Snapshot context is not observation date or boundary date."",""Map geometry does not establish sovereignty or succession."",""Religion projection uses explicit religious claim tags only; legacy density is excluded."",""Resolve historical identity before proposing entity-specific facts.""]","851acb012ccfa2a4bfa05ea83ec2694b3f773a7a6fee8703e87969c9225e6997",""
"entity-colombia@1945/religion","entity-colombia@1945","","Colombia","1945","religion","MISSING","B","completely-empty","political-polity","true","[]","[]","[]","[]","{""map_identity_id"":""entity-colombia"",""aliases"":[],""historical_names"":[],""identifiers"":{}}","[""Snapshot context is not observation date or boundary date."",""Map geometry does not establish sovereignty or succession."",""Religion projection uses explicit religious claim tags only; legacy density is excluded."",""Resolve historical identity before proposing entity-specific facts.""]","851acb012ccfa2a4bfa05ea83ec2694b3f773a7a6fee8703e87969c9225e6997",""
"entity-colombia@1960/religion","entity-colombia@1960","colombia-national-front-framework","Colombia — early National Front government","1960","religion","MISSING","B","core-supported","political-polity","false","[]","[]","[]","[]","{""map_identity_id"":""entity-colombia"",""aliases"":[],""historical_names"":[{""value"":""Colombia — early National Front government"",""kind"":""primary"",""validFrom"":""1959-01-01"",""validUntil"":""1961-01-01""}],""identifiers"":{}}","[""Snapshot context is not observation date or boundary date."",""Map geometry does not establish sovereignty or succession."",""Religion projection uses explicit religious claim tags only; legacy density is excluded.""]","851acb012ccfa2a4bfa05ea83ec2694b3f773a7a6fee8703e87969c9225e6997",""
"entity-romania@1878/religion","entity-romania@1878","romanian-independent-principality-framework","Principality of Romania — independent framework","1878","religion","MISSING","B","partially-supported","political-polity","false","[]","[]","[]","[]","{""map_identity_id"":""entity-romania"",""aliases"":[],""historical_names"":[{""value"":""Principality of Romania — independent framework"",""kind"":""primary"",""validFrom"":""1878-07-13"",""validUntil"":""1881-01-01""}],""identifiers"":{}}","[""Snapshot context is not observation date or boundary date."",""Map geometry does not establish sovereignty or succession."",""Religion projection uses explicit religious claim tags only; legacy density is excluded.""]","851acb012ccfa2a4bfa05ea83ec2694b3f773a7a6fee8703e87969c9225e6997",""
"entity-romania@1880/religion","entity-romania@1880","romanian-independent-principality-framework","Principality of Romania — independent framework","1880","religion","MISSING","B","partially-supported","political-polity","false","[]","[]","[]","[]","{""map_identity_id"":""entity-romania"",""aliases"":[],""historical_names"":[{""value"":""Principality of Romania — independent framework"",""kind"":""primary"",""validFrom"":""1878-07-13"",""validUntil"":""1881-01-01""}],""identifiers"":{}}","[""Snapshot context is not observation date or boundary date."",""Map geometry does not establish sovereignty or succession."",""Religion projection uses explicit religious claim tags only; legacy density is excluded.""]","851acb012ccfa2a4bfa05ea83ec2694b3f773a7a6fee8703e87969c9225e6997",""
"entity-romania@1900/religion","entity-romania@1900","","Romania","1900","religion","MISSING","B","completely-empty","political-polity","true","[]","[]","[]","[]","{""map_identity_id"":""entity-romania"",""aliases"":[],""historical_names"":[],""identifiers"":{}}","[""Snapshot context is not observation date or boundary date."",""Map geometry does not establish sovereignty or succession."",""Religion projection uses explicit religious claim tags only; legacy density is excluded."",""Resolve historical identity before proposing entity-specific facts.""]","851acb012ccfa2a4bfa05ea83ec2694b3f773a7a6fee8703e87969c9225e6997",""
"entity-romania@1914/religion","entity-romania@1914","","Romania","1914","religion","MISSING","B","completely-empty","political-polity","true","[]","[]","[]","[]","{""map_identity_id"":""entity-romania"",""aliases"":[],""historical_names"":[],""identifiers"":{}}","[""Snapshot context is not observation date or boundary date."",""Map geometry does not establish sovereignty or succession."",""Religion projection uses explicit religious claim tags only; legacy density is excluded."",""Resolve historical identity before proposing entity-specific facts.""]","851acb012ccfa2a4bfa05ea83ec2694b3f773a7a6fee8703e87969c9225e6997",""
"entity-romania@1920/religion","entity-romania@1920","","Romania","1920","religion","MISSING","B","completely-empty","political-polity","true","[]","[]","[]","[]","{""map_identity_id"":""entity-romania"",""aliases"":[],""historical_names"":[],""identifiers"":{}}","[""Snapshot context is not observation date or boundary date."",""Map geometry does not establish sovereignty or succession."",""Religion projection uses explicit religious claim tags only; legacy density is excluded."",""Resolve historical identity before proposing entity-specific facts.""]","851acb012ccfa2a4bfa05ea83ec2694b3f773a7a6fee8703e87969c9225e6997",""
"entity-romania@1930/religion","entity-romania@1930","romanian-1923-monarchical-framework","Kingdom of Romania — 1923 framework","1930","religion","MISSING","B","core-supported","political-polity","false","[]","[]","[]","[]","{""map_identity_id"":""entity-romania"",""aliases"":[],""historical_names"":[{""value"":""Kingdom of Romania — 1923 framework"",""kind"":""primary"",""validFrom"":""1924-01-01"",""validUntil"":""1938-02-10""}],""identifiers"":{}}","[""Snapshot context is not observation date or boundary date."",""Map geometry does not establish sovereignty or succession."",""Religion projection uses explicit religious claim tags only; legacy density is excluded.""]","851acb012ccfa2a4bfa05ea83ec2694b3f773a7a6fee8703e87969c9225e6997",""
"entity-romania@1938/religion","entity-romania@1938","","Romania","1938","religion","MISSING","B","held-ambiguous","political-polity","true","[]","[]","[]","[]","{""map_identity_id"":""entity-romania"",""aliases"":[],""historical_names"":[],""identifiers"":{}}","[""Snapshot context is not observation date or boundary date."",""Map geometry does not establish sovereignty or succession."",""Religion projection uses explicit religious claim tags only; legacy density is excluded."",""Resolve historical identity before proposing entity-specific facts.""]","851acb012ccfa2a4bfa05ea83ec2694b3f773a7a6fee8703e87969c9225e6997",""
"entity-romania@1945/religion","entity-romania@1945","","Romania","1945","religion","MISSING","B","completely-empty","political-polity","true","[]","[]","[]","[]","{""map_identity_id"":""entity-romania"",""aliases"":[],""historical_names"":[],""identifiers"":{}}","[""Snapshot context is not observation date or boundary date."",""Map geometry does not establish sovereignty or succession."",""Religion projection uses explicit religious claim tags only; legacy density is excluded."",""Resolve historical identity before proposing entity-specific facts.""]","851acb012ccfa2a4bfa05ea83ec2694b3f773a7a6fee8703e87969c9225e6997",""
"entity-romania@1960/religion","entity-romania@1960","","Romania","1960","religion","MISSING","B","completely-empty","political-polity","true","[]","[]","[]","[]","{""map_identity_id"":""entity-romania"",""aliases"":[],""historical_names"":[],""identifiers"":{}}","[""Snapshot context is not observation date or boundary date."",""Map geometry does not establish sovereignty or succession."",""Religion projection uses explicit religious claim tags only; legacy density is excluded."",""Resolve historical identity before proposing entity-specific facts.""]","851acb012ccfa2a4bfa05ea83ec2694b3f773a7a6fee8703e87969c9225e6997",""
"entity-peru@1878/religion","entity-peru@1878","peru-restored-1860-prewar-framework","Peru — restored 1860 constitutional framework","1878","religion","MISSING","B","partially-supported","political-polity","false","[]","[]","[]","[]","{""map_identity_id"":""entity-peru"",""aliases"":[],""historical_names"":[{""value"":""Peru — restored 1860 constitutional framework"",""kind"":""primary"",""validFrom"":""1869-01-01"",""validUntil"":""1879-12-27""}],""identifiers"":{}}","[""Snapshot context is not observation date or boundary date."",""Map geometry does not establish sovereignty or succession."",""Religion projection uses explicit religious claim tags only; legacy density is excluded.""]","851acb012ccfa2a4bfa05ea83ec2694b3f773a7a6fee8703e87969c9225e6997",""
"entity-peru@1880/religion","entity-peru@1880","peru-pierola-wartime-framework","Peru — Pierola wartime government","1880","religion","MISSING","B","partially-supported","political-polity","false","[]","[]","[]","[]","{""map_identity_id"":""entity-peru"",""aliases"":[],""historical_names"":[{""value"":""Peru — Pierola wartime government"",""kind"":""primary"",""validFrom"":""1879-12-27"",""validUntil"":""1881-01-18""}],""identifiers"":{}}","[""Snapshot context is not observation date or boundary date."",""Map geometry does not establish sovereignty or succession."",""Religion projection uses explicit religious claim tags only; legacy density is excluded.""]","851acb012ccfa2a4bfa05ea83ec2694b3f773a7a6fee8703e87969c9225e6997",""
"entity-peru@1900/religion","entity-peru@1900","peru-later-1860-framework","Peru — later 1860 constitutional framework","1900","religion","MISSING","B","core-supported","political-polity","false","[]","[]","[]","[]","{""map_identity_id"":""entity-peru"",""aliases"":[],""historical_names"":[{""value"":""Peru — later 1860 constitutional framework"",""kind"":""primary"",""validFrom"":""1890-01-01"",""validUntil"":""1919-01-01""}],""identifiers"":{}}","[""Snapshot context is not observation date or boundary date."",""Map geometry does not establish sovereignty or succession."",""Religion projection uses explicit religious claim tags only; legacy density is excluded.""]","851acb012ccfa2a4bfa05ea83ec2694b3f773a7a6fee8703e87969c9225e6997",""
"entity-peru@1914/religion","entity-peru@1914","peru-later-1860-framework","Peru — later 1860 constitutional framework","1914","religion","MISSING","B","core-supported","political-polity","false","[]","[]","[]","[]","{""map_identity_id"":""entity-peru"",""aliases"":[],""historical_names"":[{""value"":""Peru — later 1860 constitutional framework"",""kind"":""primary"",""validFrom"":""1890-01-01"",""validUntil"":""1919-01-01""}],""identifiers"":{}}","[""Snapshot context is not observation date or boundary date."",""Map geometry does not establish sovereignty or succession."",""Religion projection uses explicit religious claim tags only; legacy density is excluded.""]","851acb012ccfa2a4bfa05ea83ec2694b3f773a7a6fee8703e87969c9225e6997",""
"entity-peru@1920/religion","entity-peru@1920","","Peru","1920","religion","MISSING","B","completely-empty","political-polity","true","[]","[]","[]","[]","{""map_identity_id"":""entity-peru"",""aliases"":[],""historical_names"":[],""identifiers"":{}}","[""Snapshot context is not observation date or boundary date."",""Map geometry does not establish sovereignty or succession."",""Religion projection uses explicit religious claim tags only; legacy density is excluded."",""Resolve historical identity before proposing entity-specific facts.""]","851acb012ccfa2a4bfa05ea83ec2694b3f773a7a6fee8703e87969c9225e6997",""
"entity-peru@1930/religion","entity-peru@1930","","Peru","1930","religion","MISSING","B","completely-empty","political-polity","true","[]","[]","[]","[]","{""map_identity_id"":""entity-peru"",""aliases"":[],""historical_names"":[],""identifiers"":{}}","[""Snapshot context is not observation date or boundary date."",""Map geometry does not establish sovereignty or succession."",""Religion projection uses explicit religious claim tags only; legacy density is excluded."",""Resolve historical identity before proposing entity-specific facts.""]","851acb012ccfa2a4bfa05ea83ec2694b3f773a7a6fee8703e87969c9225e6997",""
"entity-peru@1938/religion","entity-peru@1938","","Peru","1938","religion","MISSING","B","completely-empty","political-polity","true","[]","[]","[]","[]","{""map_identity_id"":""entity-peru"",""aliases"":[],""historical_names"":[],""identifiers"":{}}","[""Snapshot context is not observation date or boundary date."",""Map geometry does not establish sovereignty or succession."",""Religion projection uses explicit religious claim tags only; legacy density is excluded."",""Resolve historical identity before proposing entity-specific facts.""]","851acb012ccfa2a4bfa05ea83ec2694b3f773a7a6fee8703e87969c9225e6997",""
"entity-peru@1945/religion","entity-peru@1945","","Peru","1945","religion","MISSING","B","completely-empty","political-polity","true","[]","[]","[]","[]","{""map_identity_id"":""entity-peru"",""aliases"":[],""historical_names"":[],""identifiers"":{}}","[""Snapshot context is not observation date or boundary date."",""Map geometry does not establish sovereignty or succession."",""Religion projection uses explicit religious claim tags only; legacy density is excluded."",""Resolve historical identity before proposing entity-specific facts.""]","851acb012ccfa2a4bfa05ea83ec2694b3f773a7a6fee8703e87969c9225e6997",""
"entity-peru@1960/religion","entity-peru@1960","","Peru","1960","religion","MISSING","B","completely-empty","political-polity","true","[]","[]","[]","[]","{""map_identity_id"":""entity-peru"",""aliases"":[],""historical_names"":[],""identifiers"":{}}","[""Snapshot context is not observation date or boundary date."",""Map geometry does not establish sovereignty or succession."",""Religion projection uses explicit religious claim tags only; legacy density is excluded."",""Resolve historical identity before proposing entity-specific facts.""]","851acb012ccfa2a4bfa05ea83ec2694b3f773a7a6fee8703e87969c9225e6997",""
"entity-ecuador@1878/religion","entity-ecuador@1878","","Ecuador","1878","religion","MISSING","B","completely-empty","political-polity","true","[]","[]","[]","[]","{""map_identity_id"":""entity-ecuador"",""aliases"":[],""historical_names"":[],""identifiers"":{}}","[""Snapshot context is not observation date or boundary date."",""Map geometry does not establish sovereignty or succession."",""Religion projection uses explicit religious claim tags only; legacy density is excluded."",""Resolve historical identity before proposing entity-specific facts.""]","851acb012ccfa2a4bfa05ea83ec2694b3f773a7a6fee8703e87969c9225e6997",""
"entity-ecuador@1880/religion","entity-ecuador@1880","","Ecuador","1880","religion","MISSING","B","completely-empty","political-polity","true","[]","[]","[]","[]","{""map_identity_id"":""entity-ecuador"",""aliases"":[],""historical_names"":[],""identifiers"":{}}","[""Snapshot context is not observation date or boundary date."",""Map geometry does not establish sovereignty or succession."",""Religion projection uses explicit religious claim tags only; legacy density is excluded."",""Resolve historical identity before proposing entity-specific facts.""]","851acb012ccfa2a4bfa05ea83ec2694b3f773a7a6fee8703e87969c9225e6997",""
"entity-ecuador@1900/religion","entity-ecuador@1900","","Ecuador","1900","religion","MISSING","B","completely-empty","political-polity","true","[]","[]","[]","[]","{""map_identity_id"":""entity-ecuador"",""aliases"":[],""historical_names"":[],""identifiers"":{}}","[""Snapshot context is not observation date or boundary date."",""Map geometry does not establish sovereignty or succession."",""Religion projection uses explicit religious claim tags only; legacy density is excluded."",""Resolve historical identity before proposing entity-specific facts.""]","851acb012ccfa2a4bfa05ea83ec2694b3f773a7a6fee8703e87969c9225e6997",""
"entity-ecuador@1914/religion","entity-ecuador@1914","ecuador-1906-liberal-framework","Ecuador — Liberal constitutional government","1914","religion","MISSING","B","core-supported","political-polity","false","[]","[]","[]","[]","{""map_identity_id"":""entity-ecuador"",""aliases"":[],""historical_names"":[{""value"":""Ecuador — Liberal constitutional government"",""kind"":""primary"",""validFrom"":""1913-01-01"",""validUntil"":""1925-01-01""}],""identifiers"":{}}","[""Snapshot context is not observation date or boundary date."",""Map geometry does not establish sovereignty or succession."",""Religion projection uses explicit religious claim tags only; legacy density is excluded.""]","851acb012ccfa2a4bfa05ea83ec2694b3f773a7a6fee8703e87969c9225e6997",""
"entity-ecuador@1920/religion","entity-ecuador@1920","ecuador-1906-liberal-framework","Ecuador — Liberal constitutional government","1920","religion","MISSING","B","core-supported","political-polity","false","[]","[]","[]","[]","{""map_identity_id"":""entity-ecuador"",""aliases"":[],""historical_names"":[{""value"":""Ecuador — Liberal constitutional government"",""kind"":""primary"",""validFrom"":""1913-01-01"",""validUntil"":""1925-01-01""}],""identifiers"":{}}","[""Snapshot context is not observation date or boundary date."",""Map geometry does not establish sovereignty or succession."",""Religion projection uses explicit religious claim tags only; legacy density is excluded.""]","851acb012ccfa2a4bfa05ea83ec2694b3f773a7a6fee8703e87969c9225e6997",""
"entity-ecuador@1930/religion","entity-ecuador@1930","","Ecuador","1930","religion","MISSING","B","completely-empty","political-polity","true","[]","[]","[]","[]","{""map_identity_id"":""entity-ecuador"",""aliases"":[],""historical_names"":[],""identifiers"":{}}","[""Snapshot context is not observation date or boundary date."",""Map geometry does not establish sovereignty or succession."",""Religion projection uses explicit religious claim tags only; legacy density is excluded."",""Resolve historical identity before proposing entity-specific facts.""]","851acb012ccfa2a4bfa05ea83ec2694b3f773a7a6fee8703e87969c9225e6997",""
"entity-ecuador@1938/religion","entity-ecuador@1938","","Ecuador","1938","religion","MISSING","B","completely-empty","political-polity","true","[]","[]","[]","[]","{""map_identity_id"":""entity-ecuador"",""aliases"":[],""historical_names"":[],""identifiers"":{}}","[""Snapshot context is not observation date or boundary date."",""Map geometry does not establish sovereignty or succession."",""Religion projection uses explicit religious claim tags only; legacy density is excluded."",""Resolve historical identity before proposing entity-specific facts.""]","851acb012ccfa2a4bfa05ea83ec2694b3f773a7a6fee8703e87969c9225e6997",""
"entity-ecuador@1945/religion","entity-ecuador@1945","","Ecuador","1945","religion","MISSING","B","completely-empty","political-polity","true","[]","[]","[]","[]","{""map_identity_id"":""entity-ecuador"",""aliases"":[],""historical_names"":[],""identifiers"":{}}","[""Snapshot context is not observation date or boundary date."",""Map geometry does not establish sovereignty or succession."",""Religion projection uses explicit religious claim tags only; legacy density is excluded."",""Resolve historical identity before proposing entity-specific facts.""]","851acb012ccfa2a4bfa05ea83ec2694b3f773a7a6fee8703e87969c9225e6997",""
"entity-ecuador@1960/religion","entity-ecuador@1960","ecuador-postwar-civilian-framework","Ecuador — postwar civilian presidencies","1960","religion","MISSING","B","core-supported","political-polity","false","[]","[]","[]","[]","{""map_identity_id"":""entity-ecuador"",""aliases"":[],""historical_names"":[{""value"":""Ecuador — postwar civilian presidencies"",""kind"":""primary"",""validFrom"":""1949-01-01"",""validUntil"":""1961-01-01""}],""identifiers"":{}}","[""Snapshot context is not observation date or boundary date."",""Map geometry does not establish sovereignty or succession."",""Religion projection uses explicit religious claim tags only; legacy density is excluded.""]","851acb012ccfa2a4bfa05ea83ec2694b3f773a7a6fee8703e87969c9225e6997",""
"entity-bolivia@1878/religion","entity-bolivia@1878","","Bolivia","1878","religion","MISSING","B","completely-empty","political-polity","true","[]","[]","[]","[]","{""map_identity_id"":""entity-bolivia"",""aliases"":[],""historical_names"":[],""identifiers"":{}}","[""Snapshot context is not observation date or boundary date."",""Map geometry does not establish sovereignty or succession."",""Religion projection uses explicit religious claim tags only; legacy density is excluded."",""Resolve historical identity before proposing entity-specific facts.""]","851acb012ccfa2a4bfa05ea83ec2694b3f773a7a6fee8703e87969c9225e6997",""
"entity-bolivia@1880/religion","entity-bolivia@1880","","Bolivia","1880","religion","MISSING","B","completely-empty","political-polity","true","[]","[]","[]","[]","{""map_identity_id"":""entity-bolivia"",""aliases"":[],""historical_names"":[],""identifiers"":{}}","[""Snapshot context is not observation date or boundary date."",""Map geometry does not establish sovereignty or succession."",""Religion projection uses explicit religious claim tags only; legacy density is excluded."",""Resolve historical identity before proposing entity-specific facts.""]","851acb012ccfa2a4bfa05ea83ec2694b3f773a7a6fee8703e87969c9225e6997",""
"entity-bolivia@1900/religion","entity-bolivia@1900","bolivia-late-1880-constitutional-framework","Bolivia — 1880 constitutional framework","1900","religion","MISSING","B","partially-supported","political-polity","false","[]","[]","[]","[]","{""map_identity_id"":""entity-bolivia"",""aliases"":[],""historical_names"":[{""value"":""Bolivia — 1880 constitutional framework"",""kind"":""primary"",""validFrom"":""1881-01-01"",""validUntil"":""1935-01-01""}],""identifiers"":{}}","[""Snapshot context is not observation date or boundary date."",""Map geometry does not establish sovereignty or succession."",""Religion projection uses explicit religious claim tags only; legacy density is excluded.""]","851acb012ccfa2a4bfa05ea83ec2694b3f773a7a6fee8703e87969c9225e6997",""
"entity-bolivia@1914/religion","entity-bolivia@1914","bolivia-late-1880-constitutional-framework","Bolivia — 1880 constitutional framework","1914","religion","MISSING","B","partially-supported","political-polity","false","[]","[]","[]","[]","{""map_identity_id"":""entity-bolivia"",""aliases"":[],""historical_names"":[{""value"":""Bolivia — 1880 constitutional framework"",""kind"":""primary"",""validFrom"":""1881-01-01"",""validUntil"":""1935-01-01""}],""identifiers"":{}}","[""Snapshot context is not observation date or boundary date."",""Map geometry does not establish sovereignty or succession."",""Religion projection uses explicit religious claim tags only; legacy density is excluded.""]","851acb012ccfa2a4bfa05ea83ec2694b3f773a7a6fee8703e87969c9225e6997",""
"entity-bolivia@1920/religion","entity-bolivia@1920","bolivia-late-1880-constitutional-framework","Bolivia — 1880 constitutional framework","1920","religion","MISSING","B","partially-supported","political-polity","false","[]","[]","[]","[]","{""map_identity_id"":""entity-bolivia"",""aliases"":[],""historical_names"":[{""value"":""Bolivia — 1880 constitutional framework"",""kind"":""primary"",""validFrom"":""1881-01-01"",""validUntil"":""1935-01-01""}],""identifiers"":{}}","[""Snapshot context is not observation date or boundary date."",""Map geometry does not establish sovereignty or succession."",""Religion projection uses explicit religious claim tags only; legacy density is excluded.""]","851acb012ccfa2a4bfa05ea83ec2694b3f773a7a6fee8703e87969c9225e6997",""
"entity-bolivia@1930/religion","entity-bolivia@1930","bolivia-late-1880-constitutional-framework","Bolivia — 1880 constitutional framework","1930","religion","MISSING","B","partially-supported","political-polity","false","[]","[]","[]","[]","{""map_identity_id"":""entity-bolivia"",""aliases"":[],""historical_names"":[{""value"":""Bolivia — 1880 constitutional framework"",""kind"":""primary"",""validFrom"":""1881-01-01"",""validUntil"":""1935-01-01""}],""identifiers"":{}}","[""Snapshot context is not observation date or boundary date."",""Map geometry does not establish sovereignty or succession."",""Religion projection uses explicit religious claim tags only; legacy density is excluded.""]","851acb012ccfa2a4bfa05ea83ec2694b3f773a7a6fee8703e87969c9225e6997",""
"entity-bolivia@1938/religion","entity-bolivia@1938","","Bolivia","1938","religion","MISSING","B","completely-empty","political-polity","true","[]","[]","[]","[]","{""map_identity_id"":""entity-bolivia"",""aliases"":[],""historical_names"":[],""identifiers"":{}}","[""Snapshot context is not observation date or boundary date."",""Map geometry does not establish sovereignty or succession."",""Religion projection uses explicit religious claim tags only; legacy density is excluded."",""Resolve historical identity before proposing entity-specific facts.""]","851acb012ccfa2a4bfa05ea83ec2694b3f773a7a6fee8703e87969c9225e6997",""
"entity-bolivia@1945/religion","entity-bolivia@1945","bolivia-1944-social-framework","Bolivia — Villarroel constitutional period","1945","religion","MISSING","B","partially-supported","political-polity","false","[]","[]","[]","[]","{""map_identity_id"":""entity-bolivia"",""aliases"":[],""historical_names"":[{""value"":""Bolivia — Villarroel constitutional period"",""kind"":""primary"",""validFrom"":""1945-01-01"",""validUntil"":""1946-01-01""}],""identifiers"":{}}","[""Snapshot context is not observation date or boundary date."",""Map geometry does not establish sovereignty or succession."",""Religion projection uses explicit religious claim tags only; legacy density is excluded.""]","851acb012ccfa2a4bfa05ea83ec2694b3f773a7a6fee8703e87969c9225e6997",""
"entity-bolivia@1960/religion","entity-bolivia@1960","bolivia-post-revolution-framework","Bolivia — National Revolution government","1960","religion","MISSING","B","partially-supported","political-polity","false","[]","[]","[]","[]","{""map_identity_id"":""entity-bolivia"",""aliases"":[],""historical_names"":[{""value"":""Bolivia — National Revolution government"",""kind"":""primary"",""validFrom"":""1957-01-01"",""validUntil"":""1961-01-01""}],""identifiers"":{}}","[""Snapshot context is not observation date or boundary date."",""Map geometry does not establish sovereignty or succession."",""Religion projection uses explicit religious claim tags only; legacy density is excluded.""]","851acb012ccfa2a4bfa05ea83ec2694b3f773a7a6fee8703e87969c9225e6997",""
"entity-tibet@1914/religion","entity-tibet@1914","","Tibet","1914","religion","MISSING","B","held-ambiguous","political-polity","true","[]","[]","[]","[]","{""map_identity_id"":""entity-tibet"",""aliases"":[],""historical_names"":[],""identifiers"":{}}","[""Snapshot context is not observation date or boundary date."",""Map geometry does not establish sovereignty or succession."",""Religion projection uses explicit religious claim tags only; legacy density is excluded."",""Resolve historical identity before proposing entity-specific facts.""]","851acb012ccfa2a4bfa05ea83ec2694b3f773a7a6fee8703e87969c9225e6997",""
"entity-tibet@1920/religion","entity-tibet@1920","","Tibet","1920","religion","MISSING","B","held-ambiguous","political-polity","true","[]","[]","[]","[]","{""map_identity_id"":""entity-tibet"",""aliases"":[],""historical_names"":[],""identifiers"":{}}","[""Snapshot context is not observation date or boundary date."",""Map geometry does not establish sovereignty or succession."",""Religion projection uses explicit religious claim tags only; legacy density is excluded."",""Resolve historical identity before proposing entity-specific facts.""]","851acb012ccfa2a4bfa05ea83ec2694b3f773a7a6fee8703e87969c9225e6997",""
"entity-tibet@1930/religion","entity-tibet@1930","","Tibet","1930","religion","MISSING","B","held-ambiguous","political-polity","true","[]","[]","[]","[]","{""map_identity_id"":""entity-tibet"",""aliases"":[],""historical_names"":[],""identifiers"":{}}","[""Snapshot context is not observation date or boundary date."",""Map geometry does not establish sovereignty or succession."",""Religion projection uses explicit religious claim tags only; legacy density is excluded."",""Resolve historical identity before proposing entity-specific facts.""]","851acb012ccfa2a4bfa05ea83ec2694b3f773a7a6fee8703e87969c9225e6997",""
"entity-tibet@1938/religion","entity-tibet@1938","","Tibet","1938","religion","MISSING","B","held-ambiguous","political-polity","true","[]","[]","[]","[]","{""map_identity_id"":""entity-tibet"",""aliases"":[],""historical_names"":[],""identifiers"":{}}","[""Snapshot context is not observation date or boundary date."",""Map geometry does not establish sovereignty or succession."",""Religion projection uses explicit religious claim tags only; legacy density is excluded."",""Resolve historical identity before proposing entity-specific facts.""]","851acb012ccfa2a4bfa05ea83ec2694b3f773a7a6fee8703e87969c9225e6997",""
"entity-tibet@1945/religion","entity-tibet@1945","","Tibet","1945","religion","MISSING","B","held-ambiguous","political-polity","true","[]","[]","[]","[]","{""map_identity_id"":""entity-tibet"",""aliases"":[],""historical_names"":[],""identifiers"":{}}","[""Snapshot context is not observation date or boundary date."",""Map geometry does not establish sovereignty or succession."",""Religion projection uses explicit religious claim tags only; legacy density is excluded."",""Resolve historical identity before proposing entity-specific facts.""]","851acb012ccfa2a4bfa05ea83ec2694b3f773a7a6fee8703e87969c9225e6997",""
"entity-tibet@1960/religion","entity-tibet@1960","","Tibet","1960","religion","MISSING","B","held-ambiguous","political-polity","true","[]","[]","[]","[]","{""map_identity_id"":""entity-tibet"",""aliases"":[],""historical_names"":[],""identifiers"":{}}","[""Snapshot context is not observation date or boundary date."",""Map geometry does not establish sovereignty or succession."",""Religion projection uses explicit religious claim tags only; legacy density is excluded."",""Resolve historical identity before proposing entity-specific facts.""]","851acb012ccfa2a4bfa05ea83ec2694b3f773a7a6fee8703e87969c9225e6997",""
"entity-morocco@1800/religion","entity-morocco@1800","morocco-early-sultanate-framework","Morocco — early sovereign sultanate framework","1800","religion","MISSING","B","partially-supported","political-polity","false","[]","[]","[]","[]","{""map_identity_id"":""entity-morocco"",""aliases"":[],""historical_names"":[{""value"":""Morocco — early sovereign sultanate framework"",""kind"":""primary"",""validFrom"":""1800-01-01"",""validUntil"":""1822-01-01""}],""identifiers"":{}}","[""Snapshot context is not observation date or boundary date."",""Map geometry does not establish sovereignty or succession."",""Religion projection uses explicit religious claim tags only; legacy density is excluded.""]","851acb012ccfa2a4bfa05ea83ec2694b3f773a7a6fee8703e87969c9225e6997",""
"entity-morocco@1815/religion","entity-morocco@1815","morocco-early-sultanate-framework","Morocco — early sovereign sultanate framework","1815","religion","MISSING","B","partially-supported","political-polity","false","[]","[]","[]","[]","{""map_identity_id"":""entity-morocco"",""aliases"":[],""historical_names"":[{""value"":""Morocco — early sovereign sultanate framework"",""kind"":""primary"",""validFrom"":""1800-01-01"",""validUntil"":""1822-01-01""}],""identifiers"":{}}","[""Snapshot context is not observation date or boundary date."",""Map geometry does not establish sovereignty or succession."",""Religion projection uses explicit religious claim tags only; legacy density is excluded.""]","851acb012ccfa2a4bfa05ea83ec2694b3f773a7a6fee8703e87969c9225e6997",""
"entity-morocco@1878/religion","entity-morocco@1878","","Morocco","1878","religion","MISSING","B","completely-empty","political-polity","true","[]","[]","[]","[]","{""map_identity_id"":""entity-morocco"",""aliases"":[],""historical_names"":[],""identifiers"":{}}","[""Snapshot context is not observation date or boundary date."",""Map geometry does not establish sovereignty or succession."",""Religion projection uses explicit religious claim tags only; legacy density is excluded."",""Resolve historical identity before proposing entity-specific facts.""]","851acb012ccfa2a4bfa05ea83ec2694b3f773a7a6fee8703e87969c9225e6997",""
"entity-morocco@1880/religion","entity-morocco@1880","morocco-madrid-sultanate-framework","Morocco — sultanate at the Madrid convention","1880","religion","MISSING","B","partially-supported","political-polity","false","[]","[]","[]","[]","{""map_identity_id"":""entity-morocco"",""aliases"":[],""historical_names"":[{""value"":""Morocco — sultanate at the Madrid convention"",""kind"":""primary"",""validFrom"":""1880-07-03"",""validUntil"":""1880-07-04""}],""identifiers"":{}}","[""Snapshot context is not observation date or boundary date."",""Map geometry does not establish sovereignty or succession."",""Religion projection uses explicit religious claim tags only; legacy density is excluded.""]","851acb012ccfa2a4bfa05ea83ec2694b3f773a7a6fee8703e87969c9225e6997",""
"entity-morocco@1900/religion","entity-morocco@1900","","Morocco","1900","religion","MISSING","B","completely-empty","political-polity","true","[]","[]","[]","[]","{""map_identity_id"":""entity-morocco"",""aliases"":[],""historical_names"":[],""identifiers"":{}}","[""Snapshot context is not observation date or boundary date."",""Map geometry does not establish sovereignty or succession."",""Religion projection uses explicit religious claim tags only; legacy density is excluded."",""Resolve historical identity before proposing entity-specific facts.""]","851acb012ccfa2a4bfa05ea83ec2694b3f773a7a6fee8703e87969c9225e6997",""
"entity-morocco@1914/religion","entity-morocco@1914","morocco-french-protectorate-framework","Morocco — French protectorate framework","1914","religion","MISSING","B","partially-supported","political-polity","false","[]","[]","[]","[]","{""map_identity_id"":""entity-morocco"",""aliases"":[],""historical_names"":[{""value"":""Morocco — French protectorate framework"",""kind"":""primary"",""validFrom"":""1913-01-01"",""validUntil"":""1939-01-01""}],""identifiers"":{}}","[""Snapshot context is not observation date or boundary date."",""Map geometry does not establish sovereignty or succession."",""Religion projection uses explicit religious claim tags only; legacy density is excluded.""]","851acb012ccfa2a4bfa05ea83ec2694b3f773a7a6fee8703e87969c9225e6997",""
"entity-morocco@1920/religion","entity-morocco@1920","morocco-french-protectorate-framework","Morocco — French protectorate framework","1920","religion","MISSING","B","partially-supported","political-polity","false","[]","[]","[]","[]","{""map_identity_id"":""entity-morocco"",""aliases"":[],""historical_names"":[{""value"":""Morocco — French protectorate framework"",""kind"":""primary"",""validFrom"":""1913-01-01"",""validUntil"":""1939-01-01""}],""identifiers"":{}}","[""Snapshot context is not observation date or boundary date."",""Map geometry does not establish sovereignty or succession."",""Religion projection uses explicit religious claim tags only; legacy density is excluded.""]","851acb012ccfa2a4bfa05ea83ec2694b3f773a7a6fee8703e87969c9225e6997",""
"entity-morocco@1930/religion","entity-morocco@1930","morocco-french-protectorate-framework","Morocco — French protectorate framework","1930","religion","MISSING","B","partially-supported","political-polity","false","[]","[]","[]","[]","{""map_identity_id"":""entity-morocco"",""aliases"":[],""historical_names"":[{""value"":""Morocco — French protectorate framework"",""kind"":""primary"",""validFrom"":""1913-01-01"",""validUntil"":""1939-01-01""}],""identifiers"":{}}","[""Snapshot context is not observation date or boundary date."",""Map geometry does not establish sovereignty or succession."",""Religion projection uses explicit religious claim tags only; legacy density is excluded.""]","851acb012ccfa2a4bfa05ea83ec2694b3f773a7a6fee8703e87969c9225e6997",""
"entity-morocco@1945/religion","entity-morocco@1945","morocco-postwar-french-protectorate-framework","Morocco — postwar French protectorate framework","1945","religion","MISSING","B","partially-supported","political-polity","false","[]","[]","[]","[]","{""map_identity_id"":""entity-morocco"",""aliases"":[],""historical_names"":[{""value"":""Morocco — postwar French protectorate framework"",""kind"":""primary"",""validFrom"":""1945-01-01"",""validUntil"":""1946-01-01""}],""identifiers"":{}}","[""Snapshot context is not observation date or boundary date."",""Map geometry does not establish sovereignty or succession."",""Religion projection uses explicit religious claim tags only; legacy density is excluded.""]","851acb012ccfa2a4bfa05ea83ec2694b3f773a7a6fee8703e87969c9225e6997",""
"entity-morocco@1960/religion","entity-morocco@1960","morocco-independent-kingdom-1960-framework","Morocco — independent kingdom","1960","religion","MISSING","B","core-supported","political-polity","false","[]","[]","[]","[]","{""map_identity_id"":""entity-morocco"",""aliases"":[],""historical_names"":[{""value"":""Morocco — independent kingdom"",""kind"":""primary"",""validFrom"":""1960-01-01"",""validUntil"":""1961-01-01""}],""identifiers"":{}}","[""Snapshot context is not observation date or boundary date."",""Map geometry does not establish sovereignty or succession."",""Religion projection uses explicit religious claim tags only; legacy density is excluded.""]","851acb012ccfa2a4bfa05ea83ec2694b3f773a7a6fee8703e87969c9225e6997",""
"entity-malaya@1800/religion","entity-malaya@1800","","Malaya","1800","religion","MISSING","B","held-ambiguous","dependent-administration","true","[]","[]","[]","[]","{""map_identity_id"":""entity-malaya"",""aliases"":[],""historical_names"":[],""identifiers"":{}}","[""Snapshot context is not observation date or boundary date."",""Map geometry does not establish sovereignty or succession."",""Religion projection uses explicit religious claim tags only; legacy density is excluded."",""Resolve historical identity before proposing entity-specific facts.""]","851acb012ccfa2a4bfa05ea83ec2694b3f773a7a6fee8703e87969c9225e6997",""
"entity-malaya@1815/religion","entity-malaya@1815","","Malaya","1815","religion","MISSING","B","held-ambiguous","dependent-administration","true","[]","[]","[]","[]","{""map_identity_id"":""entity-malaya"",""aliases"":[],""historical_names"":[],""identifiers"":{}}","[""Snapshot context is not observation date or boundary date."",""Map geometry does not establish sovereignty or succession."",""Religion projection uses explicit religious claim tags only; legacy density is excluded."",""Resolve historical identity before proposing entity-specific facts.""]","851acb012ccfa2a4bfa05ea83ec2694b3f773a7a6fee8703e87969c9225e6997",""
"entity-malaya@1878/religion","entity-malaya@1878","","Malaya","1878","religion","MISSING","B","held-ambiguous","dependent-administration","true","[]","[]","[]","[]","{""map_identity_id"":""entity-malaya"",""aliases"":[],""historical_names"":[],""identifiers"":{}}","[""Snapshot context is not observation date or boundary date."",""Map geometry does not establish sovereignty or succession."",""Religion projection uses explicit religious claim tags only; legacy density is excluded."",""Resolve historical identity before proposing entity-specific facts.""]","851acb012ccfa2a4bfa05ea83ec2694b3f773a7a6fee8703e87969c9225e6997",""
"entity-malaya@1880/religion","entity-malaya@1880","","Malaya","1880","religion","MISSING","B","held-ambiguous","dependent-administration","true","[]","[]","[]","[]","{""map_identity_id"":""entity-malaya"",""aliases"":[],""historical_names"":[],""identifiers"":{}}","[""Snapshot context is not observation date or boundary date."",""Map geometry does not establish sovereignty or succession."",""Religion projection uses explicit religious claim tags only; legacy density is excluded."",""Resolve historical identity before proposing entity-specific facts.""]","851acb012ccfa2a4bfa05ea83ec2694b3f773a7a6fee8703e87969c9225e6997",""
"entity-malaya@1900/religion","entity-malaya@1900","","Malaya","1900","religion","MISSING","B","held-ambiguous","dependent-administration","true","[]","[]","[]","[]","{""map_identity_id"":""entity-malaya"",""aliases"":[],""historical_names"":[],""identifiers"":{}}","[""Snapshot context is not observation date or boundary date."",""Map geometry does not establish sovereignty or succession."",""Religion projection uses explicit religious claim tags only; legacy density is excluded."",""Resolve historical identity before proposing entity-specific facts.""]","851acb012ccfa2a4bfa05ea83ec2694b3f773a7a6fee8703e87969c9225e6997",""
"entity-malaya@1914/religion","entity-malaya@1914","","Malaya","1914","religion","MISSING","B","held-ambiguous","dependent-administration","true","[]","[]","[]","[]","{""map_identity_id"":""entity-malaya"",""aliases"":[],""historical_names"":[],""identifiers"":{}}","[""Snapshot context is not observation date or boundary date."",""Map geometry does not establish sovereignty or succession."",""Religion projection uses explicit religious claim tags only; legacy density is excluded."",""Resolve historical identity before proposing entity-specific facts.""]","851acb012ccfa2a4bfa05ea83ec2694b3f773a7a6fee8703e87969c9225e6997",""
"entity-cuba@1914/religion","entity-cuba@1914","","Cuba","1914","religion","MISSING","B","completely-empty","political-polity","true","[]","[]","[]","[]","{""map_identity_id"":""entity-cuba"",""aliases"":[],""historical_names"":[],""identifiers"":{}}","[""Snapshot context is not observation date or boundary date."",""Map geometry does not establish sovereignty or succession."",""Religion projection uses explicit religious claim tags only; legacy density is excluded."",""Resolve historical identity before proposing entity-specific facts.""]","851acb012ccfa2a4bfa05ea83ec2694b3f773a7a6fee8703e87969c9225e6997",""
"entity-cuba@1920/religion","entity-cuba@1920","","Cuba","1920","religion","MISSING","B","completely-empty","political-polity","true","[]","[]","[]","[]","{""map_identity_id"":""entity-cuba"",""aliases"":[],""historical_names"":[],""identifiers"":{}}","[""Snapshot context is not observation date or boundary date."",""Map geometry does not establish sovereignty or succession."",""Religion projection uses explicit religious claim tags only; legacy density is excluded."",""Resolve historical identity before proposing entity-specific facts.""]","851acb012ccfa2a4bfa05ea83ec2694b3f773a7a6fee8703e87969c9225e6997",""
"entity-cuba@1930/religion","entity-cuba@1930","","Cuba","1930","religion","MISSING","B","completely-empty","political-polity","true","[]","[]","[]","[]","{""map_identity_id"":""entity-cuba"",""aliases"":[],""historical_names"":[],""identifiers"":{}}","[""Snapshot context is not observation date or boundary date."",""Map geometry does not establish sovereignty or succession."",""Religion projection uses explicit religious claim tags only; legacy density is excluded."",""Resolve historical identity before proposing entity-specific facts.""]","851acb012ccfa2a4bfa05ea83ec2694b3f773a7a6fee8703e87969c9225e6997",""
"entity-cuba@1938/religion","entity-cuba@1938","","Cuba","1938","religion","MISSING","B","completely-empty","political-polity","true","[]","[]","[]","[]","{""map_identity_id"":""entity-cuba"",""aliases"":[],""historical_names"":[],""identifiers"":{}}","[""Snapshot context is not observation date or boundary date."",""Map geometry does not establish sovereignty or succession."",""Religion projection uses explicit religious claim tags only; legacy density is excluded."",""Resolve historical identity before proposing entity-specific facts.""]","851acb012ccfa2a4bfa05ea83ec2694b3f773a7a6fee8703e87969c9225e6997",""
"entity-cuba@1945/religion","entity-cuba@1945","","Cuba","1945","religion","MISSING","B","completely-empty","political-polity","true","[]","[]","[]","[]","{""map_identity_id"":""entity-cuba"",""aliases"":[],""historical_names"":[],""identifiers"":{}}","[""Snapshot context is not observation date or boundary date."",""Map geometry does not establish sovereignty or succession."",""Religion projection uses explicit religious claim tags only; legacy density is excluded."",""Resolve historical identity before proposing entity-specific facts.""]","851acb012ccfa2a4bfa05ea83ec2694b3f773a7a6fee8703e87969c9225e6997",""
"entity-cuba@1960/religion","entity-cuba@1960","b10-cuba-revolutionary-1960-january","Cuba — revolutionary government attested 21 January 1960","1960","religion","MISSING","B","partially-supported","political-polity","false","[]","[]","[]","[]","{""map_identity_id"":""entity-cuba"",""aliases"":[],""historical_names"":[{""value"":""Cuba — revolutionary government attested 21 January 1960"",""kind"":""primary"",""validFrom"":""1960-01-21"",""validUntil"":""1960-01-22""}],""identifiers"":{}}","[""Snapshot context is not observation date or boundary date."",""Map geometry does not establish sovereignty or succession."",""Religion projection uses explicit religious claim tags only; legacy density is excluded.""]","851acb012ccfa2a4bfa05ea83ec2694b3f773a7a6fee8703e87969c9225e6997",""
"entity-greece@1878/religion","entity-greece@1878","greek-1864-crowned-framework","Kingdom of Greece — 1864 framework","1878","religion","MISSING","B","core-supported","political-polity","false","[]","[]","[]","[]","{""map_identity_id"":""entity-greece"",""aliases"":[],""historical_names"":[{""value"":""Kingdom of Greece — 1864 framework"",""kind"":""primary"",""validFrom"":""1878-01-01"",""validUntil"":""1909-01-01""}],""identifiers"":{}}","[""Snapshot context is not observation date or boundary date."",""Map geometry does not establish sovereignty or succession."",""Religion projection uses explicit religious claim tags only; legacy density is excluded.""]","851acb012ccfa2a4bfa05ea83ec2694b3f773a7a6fee8703e87969c9225e6997",""
"entity-greece@1880/religion","entity-greece@1880","greek-1864-crowned-framework","Kingdom of Greece — 1864 framework","1880","religion","MISSING","B","core-supported","political-polity","false","[]","[]","[]","[]","{""map_identity_id"":""entity-greece"",""aliases"":[],""historical_names"":[{""value"":""Kingdom of Greece — 1864 framework"",""kind"":""primary"",""validFrom"":""1878-01-01"",""validUntil"":""1909-01-01""}],""identifiers"":{}}","[""Snapshot context is not observation date or boundary date."",""Map geometry does not establish sovereignty or succession."",""Religion projection uses explicit religious claim tags only; legacy density is excluded.""]","851acb012ccfa2a4bfa05ea83ec2694b3f773a7a6fee8703e87969c9225e6997",""
"entity-greece@1900/religion","entity-greece@1900","greek-1864-crowned-framework","Kingdom of Greece — 1864 framework","1900","religion","MISSING","B","core-supported","political-polity","false","[]","[]","[]","[]","{""map_identity_id"":""entity-greece"",""aliases"":[],""historical_names"":[{""value"":""Kingdom of Greece — 1864 framework"",""kind"":""primary"",""validFrom"":""1878-01-01"",""validUntil"":""1909-01-01""}],""identifiers"":{}}","[""Snapshot context is not observation date or boundary date."",""Map geometry does not establish sovereignty or succession."",""Religion projection uses explicit religious claim tags only; legacy density is excluded.""]","851acb012ccfa2a4bfa05ea83ec2694b3f773a7a6fee8703e87969c9225e6997",""
"entity-greece@1914/religion","entity-greece@1914","","Greece","1914","religion","MISSING","B","completely-empty","political-polity","true","[]","[]","[]","[]","{""map_identity_id"":""entity-greece"",""aliases"":[],""historical_names"":[],""identifiers"":{}}","[""Snapshot context is not observation date or boundary date."",""Map geometry does not establish sovereignty or succession."",""Religion projection uses explicit religious claim tags only; legacy density is excluded."",""Resolve historical identity before proposing entity-specific facts.""]","851acb012ccfa2a4bfa05ea83ec2694b3f773a7a6fee8703e87969c9225e6997",""
"entity-greece@1920/religion","entity-greece@1920","","Greece","1920","religion","MISSING","B","completely-empty","political-polity","true","[]","[]","[]","[]","{""map_identity_id"":""entity-greece"",""aliases"":[],""historical_names"":[],""identifiers"":{}}","[""Snapshot context is not observation date or boundary date."",""Map geometry does not establish sovereignty or succession."",""Religion projection uses explicit religious claim tags only; legacy density is excluded."",""Resolve historical identity before proposing entity-specific facts.""]","851acb012ccfa2a4bfa05ea83ec2694b3f773a7a6fee8703e87969c9225e6997",""
"entity-greece@1930/religion","entity-greece@1930","greek-1927-republican-framework","Greek Republic — 1927 framework","1930","religion","MISSING","B","core-supported","political-polity","false","[]","[]","[]","[]","{""map_identity_id"":""entity-greece"",""aliases"":[],""historical_names"":[{""value"":""Greek Republic — 1927 framework"",""kind"":""primary"",""validFrom"":""1928-01-01"",""validUntil"":""1933-01-01""}],""identifiers"":{}}","[""Snapshot context is not observation date or boundary date."",""Map geometry does not establish sovereignty or succession."",""Religion projection uses explicit religious claim tags only; legacy density is excluded.""]","851acb012ccfa2a4bfa05ea83ec2694b3f773a7a6fee8703e87969c9225e6997",""
"entity-greece@1938/religion","entity-greece@1938","","Greece","1938","religion","MISSING","B","completely-empty","political-polity","true","[]","[]","[]","[]","{""map_identity_id"":""entity-greece"",""aliases"":[],""historical_names"":[],""identifiers"":{}}","[""Snapshot context is not observation date or boundary date."",""Map geometry does not establish sovereignty or succession."",""Religion projection uses explicit religious claim tags only; legacy density is excluded."",""Resolve historical identity before proposing entity-specific facts.""]","851acb012ccfa2a4bfa05ea83ec2694b3f773a7a6fee8703e87969c9225e6997",""
"entity-greece@1945/religion","entity-greece@1945","","Greece","1945","religion","MISSING","B","completely-empty","political-polity","true","[]","[]","[]","[]","{""map_identity_id"":""entity-greece"",""aliases"":[],""historical_names"":[],""identifiers"":{}}","[""Snapshot context is not observation date or boundary date."",""Map geometry does not establish sovereignty or succession."",""Religion projection uses explicit religious claim tags only; legacy density is excluded."",""Resolve historical identity before proposing entity-specific facts.""]","851acb012ccfa2a4bfa05ea83ec2694b3f773a7a6fee8703e87969c9225e6997",""
"entity-greece@1960/religion","entity-greece@1960","greek-1952-crowned-framework","Kingdom of Greece — 1952 framework","1960","religion","MISSING","B","core-supported","political-polity","false","[]","[]","[]","[]","{""map_identity_id"":""entity-greece"",""aliases"":[],""historical_names"":[{""value"":""Kingdom of Greece — 1952 framework"",""kind"":""primary"",""validFrom"":""1953-01-01"",""validUntil"":""1961-01-01""}],""identifiers"":{}}","[""Snapshot context is not observation date or boundary date."",""Map geometry does not establish sovereignty or succession."",""Religion projection uses explicit religious claim tags only; legacy density is excluded.""]","851acb012ccfa2a4bfa05ea83ec2694b3f773a7a6fee8703e87969c9225e6997",""
"entity-angola@1815/religion","entity-angola@1815","b17-angola-early-colonial","Angola — early Portuguese colonial foothold","1815","religion","MISSING","B","partially-supported","dependent-administration","false","[]","[]","[]","[]","{""map_identity_id"":""entity-angola"",""aliases"":[],""historical_names"":[{""value"":""Angola — early Portuguese colonial foothold"",""kind"":""primary"",""validFrom"":""1815-01-01"",""validUntil"":""1816-01-01""}],""identifiers"":{}}","[""Snapshot context is not observation date or boundary date."",""Map geometry does not establish sovereignty or succession."",""Religion projection uses explicit religious claim tags only; legacy density is excluded.""]","851acb012ccfa2a4bfa05ea83ec2694b3f773a7a6fee8703e87969c9225e6997",""
"entity-angola@1900/religion","entity-angola@1900","","Angola","1900","religion","MISSING","B","completely-empty","dependent-administration","true","[]","[]","[]","[]","{""map_identity_id"":""entity-angola"",""aliases"":[],""historical_names"":[],""identifiers"":{}}","[""Snapshot context is not observation date or boundary date."",""Map geometry does not establish sovereignty or succession."",""Religion projection uses explicit religious claim tags only; legacy density is excluded."",""Resolve historical identity before proposing entity-specific facts.""]","851acb012ccfa2a4bfa05ea83ec2694b3f773a7a6fee8703e87969c9225e6997",""
"entity-angola@1914/religion","entity-angola@1914","","Angola","1914","religion","MISSING","B","completely-empty","dependent-administration","true","[]","[]","[]","[]","{""map_identity_id"":""entity-angola"",""aliases"":[],""historical_names"":[],""identifiers"":{}}","[""Snapshot context is not observation date or boundary date."",""Map geometry does not establish sovereignty or succession."",""Religion projection uses explicit religious claim tags only; legacy density is excluded."",""Resolve historical identity before proposing entity-specific facts.""]","851acb012ccfa2a4bfa05ea83ec2694b3f773a7a6fee8703e87969c9225e6997",""
"entity-angola@1920/religion","entity-angola@1920","b17-angola-republic-colonial","Angola — Portuguese republican colonial administration","1920","religion","MISSING","B","partially-supported","dependent-administration","false","[]","[]","[]","[]","{""map_identity_id"":""entity-angola"",""aliases"":[],""historical_names"":[{""value"":""Angola — Portuguese republican colonial administration"",""kind"":""primary"",""validFrom"":""1920-01-01"",""validUntil"":""1921-01-01""}],""identifiers"":{}}","[""Snapshot context is not observation date or boundary date."",""Map geometry does not establish sovereignty or succession."",""Religion projection uses explicit religious claim tags only; legacy density is excluded.""]","851acb012ccfa2a4bfa05ea83ec2694b3f773a7a6fee8703e87969c9225e6997",""
"entity-angola@1930/religion","entity-angola@1930","","Angola","1930","religion","MISSING","B","completely-empty","dependent-administration","true","[]","[]","[]","[]","{""map_identity_id"":""entity-angola"",""aliases"":[],""historical_names"":[],""identifiers"":{}}","[""Snapshot context is not observation date or boundary date."",""Map geometry does not establish sovereignty or succession."",""Religion projection uses explicit religious claim tags only; legacy density is excluded."",""Resolve historical identity before proposing entity-specific facts.""]","851acb012ccfa2a4bfa05ea83ec2694b3f773a7a6fee8703e87969c9225e6997",""
"entity-angola@1960/religion","entity-angola@1960","b17-angola-1960-colonial","Angola — Portuguese colonial administration in 1960","1960","religion","MISSING","B","partially-supported","dependent-administration","false","[]","[]","[]","[]","{""map_identity_id"":""entity-angola"",""aliases"":[],""historical_names"":[{""value"":""Angola — Portuguese colonial administration in 1960"",""kind"":""primary"",""validFrom"":""1960-01-01"",""validUntil"":""1961-01-01""}],""identifiers"":{}}","[""Snapshot context is not observation date or boundary date."",""Map geometry does not establish sovereignty or succession."",""Religion projection uses explicit religious claim tags only; legacy density is excluded.""]","851acb012ccfa2a4bfa05ea83ec2694b3f773a7a6fee8703e87969c9225e6997",""
"entity-nepal@1800/religion","entity-nepal@1800","","Nepal","1800","religion","MISSING","B","completely-empty","political-polity","true","[]","[]","[]","[]","{""map_identity_id"":""entity-nepal"",""aliases"":[],""historical_names"":[],""identifiers"":{}}","[""Snapshot context is not observation date or boundary date."",""Map geometry does not establish sovereignty or succession."",""Religion projection uses explicit religious claim tags only; legacy density is excluded."",""Resolve historical identity before proposing entity-specific facts.""]","851acb012ccfa2a4bfa05ea83ec2694b3f773a7a6fee8703e87969c9225e6997",""
"entity-nepal@1815/religion","entity-nepal@1815","","Nepal","1815","religion","MISSING","B","completely-empty","political-polity","true","[]","[]","[]","[]","{""map_identity_id"":""entity-nepal"",""aliases"":[],""historical_names"":[],""identifiers"":{}}","[""Snapshot context is not observation date or boundary date."",""Map geometry does not establish sovereignty or succession."",""Religion projection uses explicit religious claim tags only; legacy density is excluded."",""Resolve historical identity before proposing entity-specific facts.""]","851acb012ccfa2a4bfa05ea83ec2694b3f773a7a6fee8703e87969c9225e6997",""
"entity-nepal@1878/religion","entity-nepal@1878","nepal-rana-framework","Nepal — Rana governmental framework","1878","religion","MISSING","B","partially-supported","political-polity","false","[]","[]","[]","[]","{""map_identity_id"":""entity-nepal"",""aliases"":[],""historical_names"":[{""value"":""Nepal — Rana governmental framework"",""kind"":""primary"",""validFrom"":""1857-01-01"",""validUntil"":""1950-01-01""}],""identifiers"":{}}","[""Snapshot context is not observation date or boundary date."",""Map geometry does not establish sovereignty or succession."",""Religion projection uses explicit religious claim tags only; legacy density is excluded.""]","851acb012ccfa2a4bfa05ea83ec2694b3f773a7a6fee8703e87969c9225e6997",""
"entity-nepal@1880/religion","entity-nepal@1880","nepal-rana-framework","Nepal — Rana governmental framework","1880","religion","MISSING","B","partially-supported","political-polity","false","[]","[]","[]","[]","{""map_identity_id"":""entity-nepal"",""aliases"":[],""historical_names"":[{""value"":""Nepal — Rana governmental framework"",""kind"":""primary"",""validFrom"":""1857-01-01"",""validUntil"":""1950-01-01""}],""identifiers"":{}}","[""Snapshot context is not observation date or boundary date."",""Map geometry does not establish sovereignty or succession."",""Religion projection uses explicit religious claim tags only; legacy density is excluded.""]","851acb012ccfa2a4bfa05ea83ec2694b3f773a7a6fee8703e87969c9225e6997",""
"entity-nepal@1900/religion","entity-nepal@1900","nepal-rana-framework","Nepal — Rana governmental framework","1900","religion","MISSING","B","core-supported","political-polity","false","[]","[]","[]","[]","{""map_identity_id"":""entity-nepal"",""aliases"":[],""historical_names"":[{""value"":""Nepal — Rana governmental framework"",""kind"":""primary"",""validFrom"":""1857-01-01"",""validUntil"":""1950-01-01""}],""identifiers"":{}}","[""Snapshot context is not observation date or boundary date."",""Map geometry does not establish sovereignty or succession."",""Religion projection uses explicit religious claim tags only; legacy density is excluded.""]","851acb012ccfa2a4bfa05ea83ec2694b3f773a7a6fee8703e87969c9225e6997",""
"entity-nepal@1914/religion","entity-nepal@1914","nepal-rana-framework","Nepal — Rana governmental framework","1914","religion","MISSING","B","core-supported","political-polity","false","[]","[]","[]","[]","{""map_identity_id"":""entity-nepal"",""aliases"":[],""historical_names"":[{""value"":""Nepal — Rana governmental framework"",""kind"":""primary"",""validFrom"":""1857-01-01"",""validUntil"":""1950-01-01""}],""identifiers"":{}}","[""Snapshot context is not observation date or boundary date."",""Map geometry does not establish sovereignty or succession."",""Religion projection uses explicit religious claim tags only; legacy density is excluded.""]","851acb012ccfa2a4bfa05ea83ec2694b3f773a7a6fee8703e87969c9225e6997",""
"entity-nepal@1920/religion","entity-nepal@1920","nepal-rana-framework","Nepal — Rana governmental framework","1920","religion","MISSING","B","core-supported","political-polity","false","[]","[]","[]","[]","{""map_identity_id"":""entity-nepal"",""aliases"":[],""historical_names"":[{""value"":""Nepal — Rana governmental framework"",""kind"":""primary"",""validFrom"":""1857-01-01"",""validUntil"":""1950-01-01""}],""identifiers"":{}}","[""Snapshot context is not observation date or boundary date."",""Map geometry does not establish sovereignty or succession."",""Religion projection uses explicit religious claim tags only; legacy density is excluded.""]","851acb012ccfa2a4bfa05ea83ec2694b3f773a7a6fee8703e87969c9225e6997",""
"entity-nepal@1930/religion","entity-nepal@1930","nepal-rana-framework","Nepal — Rana governmental framework","1930","religion","MISSING","B","core-supported","political-polity","false","[]","[]","[]","[]","{""map_identity_id"":""entity-nepal"",""aliases"":[],""historical_names"":[{""value"":""Nepal — Rana governmental framework"",""kind"":""primary"",""validFrom"":""1857-01-01"",""validUntil"":""1950-01-01""}],""identifiers"":{}}","[""Snapshot context is not observation date or boundary date."",""Map geometry does not establish sovereignty or succession."",""Religion projection uses explicit religious claim tags only; legacy density is excluded.""]","851acb012ccfa2a4bfa05ea83ec2694b3f773a7a6fee8703e87969c9225e6997",""
"entity-nepal@1938/religion","entity-nepal@1938","nepal-rana-framework","Nepal — Rana governmental framework","1938","religion","MISSING","B","core-supported","political-polity","false","[]","[]","[]","[]","{""map_identity_id"":""entity-nepal"",""aliases"":[],""historical_names"":[{""value"":""Nepal — Rana governmental framework"",""kind"":""primary"",""validFrom"":""1857-01-01"",""validUntil"":""1950-01-01""}],""identifiers"":{}}","[""Snapshot context is not observation date or boundary date."",""Map geometry does not establish sovereignty or succession."",""Religion projection uses explicit religious claim tags only; legacy density is excluded.""]","851acb012ccfa2a4bfa05ea83ec2694b3f773a7a6fee8703e87969c9225e6997",""
"entity-nepal@1945/religion","entity-nepal@1945","nepal-rana-framework","Nepal — Rana governmental framework","1945","religion","MISSING","B","core-supported","political-polity","false","[]","[]","[]","[]","{""map_identity_id"":""entity-nepal"",""aliases"":[],""historical_names"":[{""value"":""Nepal — Rana governmental framework"",""kind"":""primary"",""validFrom"":""1857-01-01"",""validUntil"":""1950-01-01""}],""identifiers"":{}}","[""Snapshot context is not observation date or boundary date."",""Map geometry does not establish sovereignty or succession."",""Religion projection uses explicit religious claim tags only; legacy density is excluded.""]","851acb012ccfa2a4bfa05ea83ec2694b3f773a7a6fee8703e87969c9225e6997",""
"entity-nepal@1960/religion","entity-nepal@1960","","Nepal","1960","religion","MISSING","B","held-ambiguous","political-polity","true","[]","[]","[]","[]","{""map_identity_id"":""entity-nepal"",""aliases"":[],""historical_names"":[],""identifiers"":{}}","[""Snapshot context is not observation date or boundary date."",""Map geometry does not establish sovereignty or succession."",""Religion projection uses explicit religious claim tags only; legacy density is excluded."",""Resolve historical identity before proposing entity-specific facts.""]","851acb012ccfa2a4bfa05ea83ec2694b3f773a7a6fee8703e87969c9225e6997",""
"entity-paraguay@1800/religion","entity-paraguay@1800","paraguay-spanish-provincial-framework","Paraguay — Spanish colonial province","1800","religion","MISSING","B","partially-supported","political-polity","false","[]","[]","[]","[]","{""map_identity_id"":""entity-paraguay"",""aliases"":[],""historical_names"":[{""value"":""Paraguay — Spanish colonial province"",""kind"":""primary"",""validFrom"":""1800-01-01"",""validUntil"":""1806-01-01""}],""identifiers"":{}}","[""Snapshot context is not observation date or boundary date."",""Map geometry does not establish sovereignty or succession."",""Religion projection uses explicit religious claim tags only; legacy density is excluded.""]","851acb012ccfa2a4bfa05ea83ec2694b3f773a7a6fee8703e87969c9225e6997",""
"entity-paraguay@1815/religion","entity-paraguay@1815","paraguay-francia-1815-framework","Paraguay — Francia government","1815","religion","MISSING","B","partially-supported","political-polity","false","[]","[]","[]","[]","{""map_identity_id"":""entity-paraguay"",""aliases"":[],""historical_names"":[{""value"":""Paraguay — Francia government"",""kind"":""primary"",""validFrom"":""1815-01-01"",""validUntil"":""1816-01-01""}],""identifiers"":{}}","[""Snapshot context is not observation date or boundary date."",""Map geometry does not establish sovereignty or succession."",""Religion projection uses explicit religious claim tags only; legacy density is excluded.""]","851acb012ccfa2a4bfa05ea83ec2694b3f773a7a6fee8703e87969c9225e6997",""
"entity-paraguay@1878/religion","entity-paraguay@1878","paraguay-1870-constitutional-framework","Paraguay — 1870 constitutional framework","1878","religion","MISSING","B","partially-supported","political-polity","false","[]","[]","[]","[]","{""map_identity_id"":""entity-paraguay"",""aliases"":[],""historical_names"":[{""value"":""Paraguay — 1870 constitutional framework"",""kind"":""primary"",""validFrom"":""1871-01-01"",""validUntil"":""1935-01-01""}],""identifiers"":{}}","[""Snapshot context is not observation date or boundary date."",""Map geometry does not establish sovereignty or succession."",""Religion projection uses explicit religious claim tags only; legacy density is excluded.""]","851acb012ccfa2a4bfa05ea83ec2694b3f773a7a6fee8703e87969c9225e6997",""
"entity-paraguay@1880/religion","entity-paraguay@1880","paraguay-1870-constitutional-framework","Paraguay — 1870 constitutional framework","1880","religion","MISSING","B","partially-supported","political-polity","false","[]","[]","[]","[]","{""map_identity_id"":""entity-paraguay"",""aliases"":[],""historical_names"":[{""value"":""Paraguay — 1870 constitutional framework"",""kind"":""primary"",""validFrom"":""1871-01-01"",""validUntil"":""1935-01-01""}],""identifiers"":{}}","[""Snapshot context is not observation date or boundary date."",""Map geometry does not establish sovereignty or succession."",""Religion projection uses explicit religious claim tags only; legacy density is excluded.""]","851acb012ccfa2a4bfa05ea83ec2694b3f773a7a6fee8703e87969c9225e6997",""
"entity-paraguay@1900/religion","entity-paraguay@1900","paraguay-1870-constitutional-framework","Paraguay — 1870 constitutional framework","1900","religion","MISSING","B","core-supported","political-polity","false","[]","[]","[]","[]","{""map_identity_id"":""entity-paraguay"",""aliases"":[],""historical_names"":[{""value"":""Paraguay — 1870 constitutional framework"",""kind"":""primary"",""validFrom"":""1871-01-01"",""validUntil"":""1935-01-01""}],""identifiers"":{}}","[""Snapshot context is not observation date or boundary date."",""Map geometry does not establish sovereignty or succession."",""Religion projection uses explicit religious claim tags only; legacy density is excluded.""]","851acb012ccfa2a4bfa05ea83ec2694b3f773a7a6fee8703e87969c9225e6997",""
"entity-paraguay@1914/religion","entity-paraguay@1914","paraguay-1870-constitutional-framework","Paraguay — 1870 constitutional framework","1914","religion","MISSING","B","core-supported","political-polity","false","[]","[]","[]","[]","{""map_identity_id"":""entity-paraguay"",""aliases"":[],""historical_names"":[{""value"":""Paraguay — 1870 constitutional framework"",""kind"":""primary"",""validFrom"":""1871-01-01"",""validUntil"":""1935-01-01""}],""identifiers"":{}}","[""Snapshot context is not observation date or boundary date."",""Map geometry does not establish sovereignty or succession."",""Religion projection uses explicit religious claim tags only; legacy density is excluded.""]","851acb012ccfa2a4bfa05ea83ec2694b3f773a7a6fee8703e87969c9225e6997",""
"entity-paraguay@1920/religion","entity-paraguay@1920","paraguay-1870-constitutional-framework","Paraguay — 1870 constitutional framework","1920","religion","MISSING","B","core-supported","political-polity","false","[]","[]","[]","[]","{""map_identity_id"":""entity-paraguay"",""aliases"":[],""historical_names"":[{""value"":""Paraguay — 1870 constitutional framework"",""kind"":""primary"",""validFrom"":""1871-01-01"",""validUntil"":""1935-01-01""}],""identifiers"":{}}","[""Snapshot context is not observation date or boundary date."",""Map geometry does not establish sovereignty or succession."",""Religion projection uses explicit religious claim tags only; legacy density is excluded.""]","851acb012ccfa2a4bfa05ea83ec2694b3f773a7a6fee8703e87969c9225e6997",""
"entity-paraguay@1930/religion","entity-paraguay@1930","paraguay-1870-constitutional-framework","Paraguay — 1870 constitutional framework","1930","religion","MISSING","B","core-supported","political-polity","false","[]","[]","[]","[]","{""map_identity_id"":""entity-paraguay"",""aliases"":[],""historical_names"":[{""value"":""Paraguay — 1870 constitutional framework"",""kind"":""primary"",""validFrom"":""1871-01-01"",""validUntil"":""1935-01-01""}],""identifiers"":{}}","[""Snapshot context is not observation date or boundary date."",""Map geometry does not establish sovereignty or succession."",""Religion projection uses explicit religious claim tags only; legacy density is excluded.""]","851acb012ccfa2a4bfa05ea83ec2694b3f773a7a6fee8703e87969c9225e6997",""
"entity-paraguay@1938/religion","entity-paraguay@1938","","Paraguay","1938","religion","MISSING","B","completely-empty","political-polity","true","[]","[]","[]","[]","{""map_identity_id"":""entity-paraguay"",""aliases"":[],""historical_names"":[],""identifiers"":{}}","[""Snapshot context is not observation date or boundary date."",""Map geometry does not establish sovereignty or succession."",""Religion projection uses explicit religious claim tags only; legacy density is excluded."",""Resolve historical identity before proposing entity-specific facts.""]","851acb012ccfa2a4bfa05ea83ec2694b3f773a7a6fee8703e87969c9225e6997",""
"entity-paraguay@1945/religion","entity-paraguay@1945","paraguay-1940-executive-framework","Paraguay — 1940 constitutional framework","1945","religion","MISSING","B","partially-supported","political-polity","false","[]","[]","[]","[]","{""map_identity_id"":""entity-paraguay"",""aliases"":[],""historical_names"":[{""value"":""Paraguay — 1940 constitutional framework"",""kind"":""primary"",""validFrom"":""1941-01-01"",""validUntil"":""1948-01-01""}],""identifiers"":{}}","[""Snapshot context is not observation date or boundary date."",""Map geometry does not establish sovereignty or succession."",""Religion projection uses explicit religious claim tags only; legacy density is excluded.""]","851acb012ccfa2a4bfa05ea83ec2694b3f773a7a6fee8703e87969c9225e6997",""
"entity-paraguay@1960/religion","entity-paraguay@1960","paraguay-stroessner-early-framework","Paraguay — early Stroessner government","1960","religion","MISSING","B","core-supported","political-polity","false","[]","[]","[]","[]","{""map_identity_id"":""entity-paraguay"",""aliases"":[],""historical_names"":[{""value"":""Paraguay — early Stroessner government"",""kind"":""primary"",""validFrom"":""1955-01-01"",""validUntil"":""1961-01-01""}],""identifiers"":{}}","[""Snapshot context is not observation date or boundary date."",""Map geometry does not establish sovereignty or succession."",""Religion projection uses explicit religious claim tags only; legacy density is excluded.""]","851acb012ccfa2a4bfa05ea83ec2694b3f773a7a6fee8703e87969c9225e6997",""
"entity-uruguay@1878/religion","entity-uruguay@1878","","Uruguay","1878","religion","MISSING","B","completely-empty","political-polity","true","[]","[]","[]","[]","{""map_identity_id"":""entity-uruguay"",""aliases"":[],""historical_names"":[],""identifiers"":{}}","[""Snapshot context is not observation date or boundary date."",""Map geometry does not establish sovereignty or succession."",""Religion projection uses explicit religious claim tags only; legacy density is excluded."",""Resolve historical identity before proposing entity-specific facts.""]","851acb012ccfa2a4bfa05ea83ec2694b3f773a7a6fee8703e87969c9225e6997",""
"entity-uruguay@1880/religion","entity-uruguay@1880","","Uruguay","1880","religion","MISSING","B","completely-empty","political-polity","true","[]","[]","[]","[]","{""map_identity_id"":""entity-uruguay"",""aliases"":[],""historical_names"":[],""identifiers"":{}}","[""Snapshot context is not observation date or boundary date."",""Map geometry does not establish sovereignty or succession."",""Religion projection uses explicit religious claim tags only; legacy density is excluded."",""Resolve historical identity before proposing entity-specific facts.""]","851acb012ccfa2a4bfa05ea83ec2694b3f773a7a6fee8703e87969c9225e6997",""
"entity-uruguay@1900/religion","entity-uruguay@1900","uruguay-late-1830-framework","Uruguay — 1830 constitutional framework","1900","religion","MISSING","B","core-supported","political-polity","false","[]","[]","[]","[]","{""map_identity_id"":""entity-uruguay"",""aliases"":[],""historical_names"":[{""value"":""Uruguay — 1830 constitutional framework"",""kind"":""primary"",""validFrom"":""1890-01-01"",""validUntil"":""1917-01-01""}],""identifiers"":{}}","[""Snapshot context is not observation date or boundary date."",""Map geometry does not establish sovereignty or succession."",""Religion projection uses explicit religious claim tags only; legacy density is excluded.""]","851acb012ccfa2a4bfa05ea83ec2694b3f773a7a6fee8703e87969c9225e6997",""
"entity-uruguay@1914/religion","entity-uruguay@1914","uruguay-late-1830-framework","Uruguay — 1830 constitutional framework","1914","religion","MISSING","B","core-supported","political-polity","false","[]","[]","[]","[]","{""map_identity_id"":""entity-uruguay"",""aliases"":[],""historical_names"":[{""value"":""Uruguay — 1830 constitutional framework"",""kind"":""primary"",""validFrom"":""1890-01-01"",""validUntil"":""1917-01-01""}],""identifiers"":{}}","[""Snapshot context is not observation date or boundary date."",""Map geometry does not establish sovereignty or succession."",""Religion projection uses explicit religious claim tags only; legacy density is excluded.""]","851acb012ccfa2a4bfa05ea83ec2694b3f773a7a6fee8703e87969c9225e6997",""
"entity-uruguay@1920/religion","entity-uruguay@1920","uruguay-dual-executive-framework","Uruguay — dual executive constitutional framework","1920","religion","MISSING","B","core-supported","political-polity","false","[]","[]","[]","[]","{""map_identity_id"":""entity-uruguay"",""aliases"":[],""historical_names"":[{""value"":""Uruguay — dual executive constitutional framework"",""kind"":""primary"",""validFrom"":""1920-01-01"",""validUntil"":""1933-03-31""}],""identifiers"":{}}","[""Snapshot context is not observation date or boundary date."",""Map geometry does not establish sovereignty or succession."",""Religion projection uses explicit religious claim tags only; legacy density is excluded.""]","851acb012ccfa2a4bfa05ea83ec2694b3f773a7a6fee8703e87969c9225e6997",""
"entity-uruguay@1930/religion","entity-uruguay@1930","uruguay-dual-executive-framework","Uruguay — dual executive constitutional framework","1930","religion","MISSING","B","core-supported","political-polity","false","[]","[]","[]","[]","{""map_identity_id"":""entity-uruguay"",""aliases"":[],""historical_names"":[{""value"":""Uruguay — dual executive constitutional framework"",""kind"":""primary"",""validFrom"":""1920-01-01"",""validUntil"":""1933-03-31""}],""identifiers"":{}}","[""Snapshot context is not observation date or boundary date."",""Map geometry does not establish sovereignty or succession."",""Religion projection uses explicit religious claim tags only; legacy density is excluded.""]","851acb012ccfa2a4bfa05ea83ec2694b3f773a7a6fee8703e87969c9225e6997",""
"entity-uruguay@1938/religion","entity-uruguay@1938","","Uruguay","1938","religion","MISSING","B","completely-empty","political-polity","true","[]","[]","[]","[]","{""map_identity_id"":""entity-uruguay"",""aliases"":[],""historical_names"":[],""identifiers"":{}}","[""Snapshot context is not observation date or boundary date."",""Map geometry does not establish sovereignty or succession."",""Religion projection uses explicit religious claim tags only; legacy density is excluded."",""Resolve historical identity before proposing entity-specific facts.""]","851acb012ccfa2a4bfa05ea83ec2694b3f773a7a6fee8703e87969c9225e6997",""
"entity-uruguay@1945/religion","entity-uruguay@1945","uruguay-postwar-presidential-framework","Uruguay — postwar presidential framework","1945","religion","MISSING","B","core-supported","political-polity","false","[]","[]","[]","[]","{""map_identity_id"":""entity-uruguay"",""aliases"":[],""historical_names"":[{""value"":""Uruguay — postwar presidential framework"",""kind"":""primary"",""validFrom"":""1944-01-01"",""validUntil"":""1952-01-01""}],""identifiers"":{}}","[""Snapshot context is not observation date or boundary date."",""Map geometry does not establish sovereignty or succession."",""Religion projection uses explicit religious claim tags only; legacy density is excluded.""]","851acb012ccfa2a4bfa05ea83ec2694b3f773a7a6fee8703e87969c9225e6997",""
"entity-uruguay@1960/religion","entity-uruguay@1960","uruguay-collegiate-government-framework","Uruguay — collegiate National Government Council","1960","religion","MISSING","B","partially-supported","political-polity","false","[]","[]","[]","[]","{""map_identity_id"":""entity-uruguay"",""aliases"":[],""historical_names"":[{""value"":""Uruguay — collegiate National Government Council"",""kind"":""primary"",""validFrom"":""1953-01-01"",""validUntil"":""1961-01-01""}],""identifiers"":{}}","[""Snapshot context is not observation date or boundary date."",""Map geometry does not establish sovereignty or succession."",""Religion projection uses explicit religious claim tags only; legacy density is excluded.""]","851acb012ccfa2a4bfa05ea83ec2694b3f773a7a6fee8703e87969c9225e6997",""
"entity-ceylon@1815/religion","entity-ceylon@1815","","Ceylon","1815","religion","MISSING","B","held-ambiguous","dependent-administration","true","[]","[]","[]","[]","{""map_identity_id"":""entity-ceylon"",""aliases"":[],""historical_names"":[],""identifiers"":{}}","[""Snapshot context is not observation date or boundary date."",""Map geometry does not establish sovereignty or succession."",""Religion projection uses explicit religious claim tags only; legacy density is excluded."",""Resolve historical identity before proposing entity-specific facts.""]","851acb012ccfa2a4bfa05ea83ec2694b3f773a7a6fee8703e87969c9225e6997",""
"entity-ceylon@1878/religion","entity-ceylon@1878","ceylon-legislative-council-framework","Ceylon — Legislative Council framework","1878","religion","MISSING","B","partially-supported","dependent-administration","false","[]","[]","[]","[]","{""map_identity_id"":""entity-ceylon"",""aliases"":[],""historical_names"":[{""value"":""Ceylon — Legislative Council framework"",""kind"":""primary"",""validFrom"":""1834-01-01"",""validUntil"":""1931""}],""identifiers"":{}}","[""Snapshot context is not observation date or boundary date."",""Map geometry does not establish sovereignty or succession."",""Religion projection uses explicit religious claim tags only; legacy density is excluded.""]","851acb012ccfa2a4bfa05ea83ec2694b3f773a7a6fee8703e87969c9225e6997",""
"entity-ceylon@1880/religion","entity-ceylon@1880","ceylon-legislative-council-framework","Ceylon — Legislative Council framework","1880","religion","MISSING","B","partially-supported","dependent-administration","false","[]","[]","[]","[]","{""map_identity_id"":""entity-ceylon"",""aliases"":[],""historical_names"":[{""value"":""Ceylon — Legislative Council framework"",""kind"":""primary"",""validFrom"":""1834-01-01"",""validUntil"":""1931""}],""identifiers"":{}}","[""Snapshot context is not observation date or boundary date."",""Map geometry does not establish sovereignty or succession."",""Religion projection uses explicit religious claim tags only; legacy density is excluded.""]","851acb012ccfa2a4bfa05ea83ec2694b3f773a7a6fee8703e87969c9225e6997",""
"entity-ceylon@1900/religion","entity-ceylon@1900","ceylon-legislative-council-framework","Ceylon — Legislative Council framework","1900","religion","MISSING","B","partially-supported","dependent-administration","false","[]","[]","[]","[]","{""map_identity_id"":""entity-ceylon"",""aliases"":[],""historical_names"":[{""value"":""Ceylon — Legislative Council framework"",""kind"":""primary"",""validFrom"":""1834-01-01"",""validUntil"":""1931""}],""identifiers"":{}}","[""Snapshot context is not observation date or boundary date."",""Map geometry does not establish sovereignty or succession."",""Religion projection uses explicit religious claim tags only; legacy density is excluded.""]","851acb012ccfa2a4bfa05ea83ec2694b3f773a7a6fee8703e87969c9225e6997",""
"entity-ceylon@1914/religion","entity-ceylon@1914","ceylon-legislative-council-framework","Ceylon — Legislative Council framework","1914","religion","MISSING","B","partially-supported","dependent-administration","false","[]","[]","[]","[]","{""map_identity_id"":""entity-ceylon"",""aliases"":[],""historical_names"":[{""value"":""Ceylon — Legislative Council framework"",""kind"":""primary"",""validFrom"":""1834-01-01"",""validUntil"":""1931""}],""identifiers"":{}}","[""Snapshot context is not observation date or boundary date."",""Map geometry does not establish sovereignty or succession."",""Religion projection uses explicit religious claim tags only; legacy density is excluded.""]","851acb012ccfa2a4bfa05ea83ec2694b3f773a7a6fee8703e87969c9225e6997",""
"entity-ceylon@1920/religion","entity-ceylon@1920","ceylon-legislative-council-framework","Ceylon — Legislative Council framework","1920","religion","MISSING","B","partially-supported","dependent-administration","false","[]","[]","[]","[]","{""map_identity_id"":""entity-ceylon"",""aliases"":[],""historical_names"":[{""value"":""Ceylon — Legislative Council framework"",""kind"":""primary"",""validFrom"":""1834-01-01"",""validUntil"":""1931""}],""identifiers"":{}}","[""Snapshot context is not observation date or boundary date."",""Map geometry does not establish sovereignty or succession."",""Religion projection uses explicit religious claim tags only; legacy density is excluded.""]","851acb012ccfa2a4bfa05ea83ec2694b3f773a7a6fee8703e87969c9225e6997",""
"entity-ceylon@1930/religion","entity-ceylon@1930","ceylon-legislative-council-framework","Ceylon — Legislative Council framework","1930","religion","MISSING","B","partially-supported","dependent-administration","false","[]","[]","[]","[]","{""map_identity_id"":""entity-ceylon"",""aliases"":[],""historical_names"":[{""value"":""Ceylon — Legislative Council framework"",""kind"":""primary"",""validFrom"":""1834-01-01"",""validUntil"":""1931""}],""identifiers"":{}}","[""Snapshot context is not observation date or boundary date."",""Map geometry does not establish sovereignty or succession."",""Religion projection uses explicit religious claim tags only; legacy density is excluded.""]","851acb012ccfa2a4bfa05ea83ec2694b3f773a7a6fee8703e87969c9225e6997",""
"entity-ceylon@1938/religion","entity-ceylon@1938","ceylon-state-council-framework","Ceylon — State Council framework","1938","religion","MISSING","B","core-supported","dependent-administration","false","[]","[]","[]","[]","{""map_identity_id"":""entity-ceylon"",""aliases"":[],""historical_names"":[{""value"":""Ceylon — State Council framework"",""kind"":""primary"",""validFrom"":""1932-01-01"",""validUntil"":""1947""}],""identifiers"":{}}","[""Snapshot context is not observation date or boundary date."",""Map geometry does not establish sovereignty or succession."",""Religion projection uses explicit religious claim tags only; legacy density is excluded.""]","851acb012ccfa2a4bfa05ea83ec2694b3f773a7a6fee8703e87969c9225e6997",""
"entity-mozambique@1878/religion","entity-mozambique@1878","b20-portuguese-mozambique","Mozambique — Portuguese colony","1878","religion","MISSING","B","partially-supported","dependent-administration","false","[]","[]","[]","[]","{""map_identity_id"":""entity-mozambique"",""aliases"":[],""historical_names"":[{""value"":""Mozambique — Portuguese colonial administration"",""kind"":""primary"",""validFrom"":""1800-01-01"",""validUntil"":""1816-01-01""},{""value"":""Mozambique — Portuguese colony"",""kind"":""primary"",""validFrom"":""1878-01-01"",""validUntil"":""1946-01-01""},{""value"":""Mozambique — Portuguese overseas province"",""kind"":""primary"",""validFrom"":""1960-01-01"",""validUntil"":""1961-01-01""}],""identifiers"":{}}","[""Snapshot context is not observation date or boundary date."",""Map geometry does not establish sovereignty or succession."",""Religion projection uses explicit religious claim tags only; legacy density is excluded.""]","851acb012ccfa2a4bfa05ea83ec2694b3f773a7a6fee8703e87969c9225e6997",""
"entity-mozambique@1880/religion","entity-mozambique@1880","b20-portuguese-mozambique","Mozambique — Portuguese colony","1880","religion","MISSING","B","partially-supported","dependent-administration","false","[]","[]","[]","[]","{""map_identity_id"":""entity-mozambique"",""aliases"":[],""historical_names"":[{""value"":""Mozambique — Portuguese colonial administration"",""kind"":""primary"",""validFrom"":""1800-01-01"",""validUntil"":""1816-01-01""},{""value"":""Mozambique — Portuguese colony"",""kind"":""primary"",""validFrom"":""1878-01-01"",""validUntil"":""1946-01-01""},{""value"":""Mozambique — Portuguese overseas province"",""kind"":""primary"",""validFrom"":""1960-01-01"",""validUntil"":""1961-01-01""}],""identifiers"":{}}","[""Snapshot context is not observation date or boundary date."",""Map geometry does not establish sovereignty or succession."",""Religion projection uses explicit religious claim tags only; legacy density is excluded.""]","851acb012ccfa2a4bfa05ea83ec2694b3f773a7a6fee8703e87969c9225e6997",""
"entity-mozambique@1914/religion","entity-mozambique@1914","b20-portuguese-mozambique","Mozambique — Portuguese colony","1914","religion","MISSING","B","partially-supported","dependent-administration","false","[]","[]","[]","[]","{""map_identity_id"":""entity-mozambique"",""aliases"":[],""historical_names"":[{""value"":""Mozambique — Portuguese colonial administration"",""kind"":""primary"",""validFrom"":""1800-01-01"",""validUntil"":""1816-01-01""},{""value"":""Mozambique — Portuguese colony"",""kind"":""primary"",""validFrom"":""1878-01-01"",""validUntil"":""1946-01-01""},{""value"":""Mozambique — Portuguese overseas province"",""kind"":""primary"",""validFrom"":""1960-01-01"",""validUntil"":""1961-01-01""}],""identifiers"":{}}","[""Snapshot context is not observation date or boundary date."",""Map geometry does not establish sovereignty or succession."",""Religion projection uses explicit religious claim tags only; legacy density is excluded.""]","851acb012ccfa2a4bfa05ea83ec2694b3f773a7a6fee8703e87969c9225e6997",""
"entity-mozambique@1920/religion","entity-mozambique@1920","b20-portuguese-mozambique","Mozambique — Portuguese colony","1920","religion","MISSING","B","partially-supported","dependent-administration","false","[]","[]","[]","[]","{""map_identity_id"":""entity-mozambique"",""aliases"":[],""historical_names"":[{""value"":""Mozambique — Portuguese colonial administration"",""kind"":""primary"",""validFrom"":""1800-01-01"",""validUntil"":""1816-01-01""},{""value"":""Mozambique — Portuguese colony"",""kind"":""primary"",""validFrom"":""1878-01-01"",""validUntil"":""1946-01-01""},{""value"":""Mozambique — Portuguese overseas province"",""kind"":""primary"",""validFrom"":""1960-01-01"",""validUntil"":""1961-01-01""}],""identifiers"":{}}","[""Snapshot context is not observation date or boundary date."",""Map geometry does not establish sovereignty or succession."",""Religion projection uses explicit religious claim tags only; legacy density is excluded.""]","851acb012ccfa2a4bfa05ea83ec2694b3f773a7a6fee8703e87969c9225e6997",""
"entity-mozambique@1930/religion","entity-mozambique@1930","b20-portuguese-mozambique","Mozambique — Portuguese colony","1930","religion","MISSING","B","partially-supported","dependent-administration","false","[]","[]","[]","[]","{""map_identity_id"":""entity-mozambique"",""aliases"":[],""historical_names"":[{""value"":""Mozambique — Portuguese colonial administration"",""kind"":""primary"",""validFrom"":""1800-01-01"",""validUntil"":""1816-01-01""},{""value"":""Mozambique — Portuguese colony"",""kind"":""primary"",""validFrom"":""1878-01-01"",""validUntil"":""1946-01-01""},{""value"":""Mozambique — Portuguese overseas province"",""kind"":""primary"",""validFrom"":""1960-01-01"",""validUntil"":""1961-01-01""}],""identifiers"":{}}","[""Snapshot context is not observation date or boundary date."",""Map geometry does not establish sovereignty or succession."",""Religion projection uses explicit religious claim tags only; legacy density is excluded.""]","851acb012ccfa2a4bfa05ea83ec2694b3f773a7a6fee8703e87969c9225e6997",""
"entity-mozambique@1960/religion","entity-mozambique@1960","b20-portuguese-mozambique","Mozambique — Portuguese overseas province","1960","religion","MISSING","B","partially-supported","dependent-administration","false","[]","[]","[]","[]","{""map_identity_id"":""entity-mozambique"",""aliases"":[],""historical_names"":[{""value"":""Mozambique — Portuguese colonial administration"",""kind"":""primary"",""validFrom"":""1800-01-01"",""validUntil"":""1816-01-01""},{""value"":""Mozambique — Portuguese colony"",""kind"":""primary"",""validFrom"":""1878-01-01"",""validUntil"":""1946-01-01""},{""value"":""Mozambique — Portuguese overseas province"",""kind"":""primary"",""validFrom"":""1960-01-01"",""validUntil"":""1961-01-01""}],""identifiers"":{}}","[""Snapshot context is not observation date or boundary date."",""Map geometry does not establish sovereignty or succession."",""Religion projection uses explicit religious claim tags only; legacy density is excluded.""]","851acb012ccfa2a4bfa05ea83ec2694b3f773a7a6fee8703e87969c9225e6997",""
"entity-algeria@1900/religion","entity-algeria@1900","algeria-french-colonial-framework","Algeria — French colonial framework","1900","religion","MISSING","B","partially-supported","dependent-administration","false","[]","[]","[]","[]","{""map_identity_id"":""entity-algeria"",""aliases"":[],""historical_names"":[{""value"":""Algeria — French colonial framework"",""kind"":""primary"",""validFrom"":""1875-01-01"",""validUntil"":""1939-01-01""}],""identifiers"":{}}","[""Snapshot context is not observation date or boundary date."",""Map geometry does not establish sovereignty or succession."",""Religion projection uses explicit religious claim tags only; legacy density is excluded.""]","851acb012ccfa2a4bfa05ea83ec2694b3f773a7a6fee8703e87969c9225e6997",""
"entity-algeria@1914/religion","entity-algeria@1914","algeria-french-colonial-framework","Algeria — French colonial framework","1914","religion","MISSING","B","partially-supported","dependent-administration","false","[]","[]","[]","[]","{""map_identity_id"":""entity-algeria"",""aliases"":[],""historical_names"":[{""value"":""Algeria — French colonial framework"",""kind"":""primary"",""validFrom"":""1875-01-01"",""validUntil"":""1939-01-01""}],""identifiers"":{}}","[""Snapshot context is not observation date or boundary date."",""Map geometry does not establish sovereignty or succession."",""Religion projection uses explicit religious claim tags only; legacy density is excluded.""]","851acb012ccfa2a4bfa05ea83ec2694b3f773a7a6fee8703e87969c9225e6997",""
"entity-algeria@1920/religion","entity-algeria@1920","algeria-french-colonial-framework","Algeria — French colonial framework","1920","religion","MISSING","B","partially-supported","dependent-administration","false","[]","[]","[]","[]","{""map_identity_id"":""entity-algeria"",""aliases"":[],""historical_names"":[{""value"":""Algeria — French colonial framework"",""kind"":""primary"",""validFrom"":""1875-01-01"",""validUntil"":""1939-01-01""}],""identifiers"":{}}","[""Snapshot context is not observation date or boundary date."",""Map geometry does not establish sovereignty or succession."",""Religion projection uses explicit religious claim tags only; legacy density is excluded.""]","851acb012ccfa2a4bfa05ea83ec2694b3f773a7a6fee8703e87969c9225e6997",""
"entity-algeria@1930/religion","entity-algeria@1930","algeria-french-colonial-framework","Algeria — French colonial framework","1930","religion","MISSING","B","partially-supported","dependent-administration","false","[]","[]","[]","[]","{""map_identity_id"":""entity-algeria"",""aliases"":[],""historical_names"":[{""value"":""Algeria — French colonial framework"",""kind"":""primary"",""validFrom"":""1875-01-01"",""validUntil"":""1939-01-01""}],""identifiers"":{}}","[""Snapshot context is not observation date or boundary date."",""Map geometry does not establish sovereignty or succession."",""Religion projection uses explicit religious claim tags only; legacy density is excluded.""]","851acb012ccfa2a4bfa05ea83ec2694b3f773a7a6fee8703e87969c9225e6997",""
"entity-algeria@1945/religion","entity-algeria@1945","algeria-french-colonial-1945-framework","Algeria — postwar French colonial framework","1945","religion","MISSING","B","partially-supported","dependent-administration","false","[]","[]","[]","[]","{""map_identity_id"":""entity-algeria"",""aliases"":[],""historical_names"":[{""value"":""Algeria — postwar French colonial framework"",""kind"":""primary"",""validFrom"":""1945-01-01"",""validUntil"":""1946-01-01""}],""identifiers"":{}}","[""Snapshot context is not observation date or boundary date."",""Map geometry does not establish sovereignty or succession."",""Religion projection uses explicit religious claim tags only; legacy density is excluded.""]","851acb012ccfa2a4bfa05ea83ec2694b3f773a7a6fee8703e87969c9225e6997",""
"entity-algeria@1960/religion","entity-algeria@1960","algeria-independence-war-1960-framework","Algeria — contested colonial authority in 1960","1960","religion","MISSING","B","partially-supported","dependent-administration","false","[]","[]","[]","[]","{""map_identity_id"":""entity-algeria"",""aliases"":[],""historical_names"":[{""value"":""Algeria — contested colonial authority in 1960"",""kind"":""primary"",""validFrom"":""1960-01-01"",""validUntil"":""1961-01-01""}],""identifiers"":{}}","[""Snapshot context is not observation date or boundary date."",""Map geometry does not establish sovereignty or succession."",""Religion projection uses explicit religious claim tags only; legacy density is excluded.""]","851acb012ccfa2a4bfa05ea83ec2694b3f773a7a6fee8703e87969c9225e6997",""
"entity-tunisia@1900/religion","entity-tunisia@1900","tunisia-french-protectorate-framework","Tunisia — French protectorate","1900","religion","MISSING","B","partially-supported","political-polity","false","[]","[]","[]","[]","{""map_identity_id"":""entity-tunisia"",""aliases"":[],""historical_names"":[{""value"":""Tunisia — French protectorate"",""kind"":""primary"",""validFrom"":""1884-01-01"",""validUntil"":""1939-01-01""}],""identifiers"":{}}","[""Snapshot context is not observation date or boundary date."",""Map geometry does not establish sovereignty or succession."",""Religion projection uses explicit religious claim tags only; legacy density is excluded.""]","851acb012ccfa2a4bfa05ea83ec2694b3f773a7a6fee8703e87969c9225e6997",""
"entity-tunisia@1914/religion","entity-tunisia@1914","tunisia-french-protectorate-framework","Tunisia — French protectorate","1914","religion","MISSING","B","partially-supported","political-polity","false","[]","[]","[]","[]","{""map_identity_id"":""entity-tunisia"",""aliases"":[],""historical_names"":[{""value"":""Tunisia — French protectorate"",""kind"":""primary"",""validFrom"":""1884-01-01"",""validUntil"":""1939-01-01""}],""identifiers"":{}}","[""Snapshot context is not observation date or boundary date."",""Map geometry does not establish sovereignty or succession."",""Religion projection uses explicit religious claim tags only; legacy density is excluded.""]","851acb012ccfa2a4bfa05ea83ec2694b3f773a7a6fee8703e87969c9225e6997",""
"entity-tunisia@1920/religion","entity-tunisia@1920","tunisia-french-protectorate-framework","Tunisia — French protectorate","1920","religion","MISSING","B","partially-supported","political-polity","false","[]","[]","[]","[]","{""map_identity_id"":""entity-tunisia"",""aliases"":[],""historical_names"":[{""value"":""Tunisia — French protectorate"",""kind"":""primary"",""validFrom"":""1884-01-01"",""validUntil"":""1939-01-01""}],""identifiers"":{}}","[""Snapshot context is not observation date or boundary date."",""Map geometry does not establish sovereignty or succession."",""Religion projection uses explicit religious claim tags only; legacy density is excluded.""]","851acb012ccfa2a4bfa05ea83ec2694b3f773a7a6fee8703e87969c9225e6997",""
"entity-tunisia@1930/religion","entity-tunisia@1930","tunisia-french-protectorate-framework","Tunisia — French protectorate","1930","religion","MISSING","B","partially-supported","political-polity","false","[]","[]","[]","[]","{""map_identity_id"":""entity-tunisia"",""aliases"":[],""historical_names"":[{""value"":""Tunisia — French protectorate"",""kind"":""primary"",""validFrom"":""1884-01-01"",""validUntil"":""1939-01-01""}],""identifiers"":{}}","[""Snapshot context is not observation date or boundary date."",""Map geometry does not establish sovereignty or succession."",""Religion projection uses explicit religious claim tags only; legacy density is excluded.""]","851acb012ccfa2a4bfa05ea83ec2694b3f773a7a6fee8703e87969c9225e6997",""
"entity-tunisia@1938/religion","entity-tunisia@1938","tunisia-french-protectorate-framework","Tunisia — French protectorate","1938","religion","MISSING","B","partially-supported","political-polity","false","[]","[]","[]","[]","{""map_identity_id"":""entity-tunisia"",""aliases"":[],""historical_names"":[{""value"":""Tunisia — French protectorate"",""kind"":""primary"",""validFrom"":""1884-01-01"",""validUntil"":""1939-01-01""}],""identifiers"":{}}","[""Snapshot context is not observation date or boundary date."",""Map geometry does not establish sovereignty or succession."",""Religion projection uses explicit religious claim tags only; legacy density is excluded.""]","851acb012ccfa2a4bfa05ea83ec2694b3f773a7a6fee8703e87969c9225e6997",""
"entity-tunisia@1945/religion","entity-tunisia@1945","tunisia-postwar-protectorate-framework","Tunisia — postwar French protectorate","1945","religion","MISSING","B","partially-supported","political-polity","false","[]","[]","[]","[]","{""map_identity_id"":""entity-tunisia"",""aliases"":[],""historical_names"":[{""value"":""Tunisia — postwar French protectorate"",""kind"":""primary"",""validFrom"":""1945-01-01"",""validUntil"":""1946-01-01""}],""identifiers"":{}}","[""Snapshot context is not observation date or boundary date."",""Map geometry does not establish sovereignty or succession."",""Religion projection uses explicit religious claim tags only; legacy density is excluded.""]","851acb012ccfa2a4bfa05ea83ec2694b3f773a7a6fee8703e87969c9225e6997",""
"entity-tunisia@1960/religion","entity-tunisia@1960","tunisia-republic-1960-framework","Republic of Tunisia — original 1959 constitutional framework","1960","religion","MISSING","B","partially-supported","political-polity","false","[]","[]","[]","[]","{""map_identity_id"":""entity-tunisia"",""aliases"":[],""historical_names"":[{""value"":""Republic of Tunisia — original 1959 constitutional framework"",""kind"":""primary"",""validFrom"":""1960-01-01"",""validUntil"":""1961-01-01""}],""identifiers"":{}}","[""Snapshot context is not observation date or boundary date."",""Map geometry does not establish sovereignty or succession."",""Religion projection uses explicit religious claim tags only; legacy density is excluded.""]","851acb012ccfa2a4bfa05ea83ec2694b3f773a7a6fee8703e87969c9225e6997",""
"entity-chile@1878/religion","entity-chile@1878","chile-late-1833-framework","Chile — late nineteenth-century constitutional framework","1878","religion","MISSING","B","partially-supported","political-polity","false","[]","[]","[]","[]","{""map_identity_id"":""entity-chile"",""aliases"":[],""historical_names"":[{""value"":""Chile — late nineteenth-century constitutional framework"",""kind"":""primary"",""validFrom"":""1872-01-01"",""validUntil"":""1891-01-01""}],""identifiers"":{}}","[""Snapshot context is not observation date or boundary date."",""Map geometry does not establish sovereignty or succession."",""Religion projection uses explicit religious claim tags only; legacy density is excluded.""]","851acb012ccfa2a4bfa05ea83ec2694b3f773a7a6fee8703e87969c9225e6997",""
"entity-chile@1880/religion","entity-chile@1880","chile-late-1833-framework","Chile — late nineteenth-century constitutional framework","1880","religion","MISSING","B","partially-supported","political-polity","false","[]","[]","[]","[]","{""map_identity_id"":""entity-chile"",""aliases"":[],""historical_names"":[{""value"":""Chile — late nineteenth-century constitutional framework"",""kind"":""primary"",""validFrom"":""1872-01-01"",""validUntil"":""1891-01-01""}],""identifiers"":{}}","[""Snapshot context is not observation date or boundary date."",""Map geometry does not establish sovereignty or succession."",""Religion projection uses explicit religious claim tags only; legacy density is excluded.""]","851acb012ccfa2a4bfa05ea83ec2694b3f773a7a6fee8703e87969c9225e6997",""
"entity-chile@1900/religion","entity-chile@1900","chile-parliamentary-practice-framework","Chile — parliamentary political practice","1900","religion","MISSING","B","core-supported","political-polity","false","[]","[]","[]","[]","{""map_identity_id"":""entity-chile"",""aliases"":[],""historical_names"":[{""value"":""Chile — parliamentary political practice"",""kind"":""primary"",""validFrom"":""1892-01-01"",""validUntil"":""1924-01-01""}],""identifiers"":{}}","[""Snapshot context is not observation date or boundary date."",""Map geometry does not establish sovereignty or succession."",""Religion projection uses explicit religious claim tags only; legacy density is excluded.""]","851acb012ccfa2a4bfa05ea83ec2694b3f773a7a6fee8703e87969c9225e6997",""
"entity-chile@1914/religion","entity-chile@1914","chile-parliamentary-practice-framework","Chile — parliamentary political practice","1914","religion","MISSING","B","core-supported","political-polity","false","[]","[]","[]","[]","{""map_identity_id"":""entity-chile"",""aliases"":[],""historical_names"":[{""value"":""Chile — parliamentary political practice"",""kind"":""primary"",""validFrom"":""1892-01-01"",""validUntil"":""1924-01-01""}],""identifiers"":{}}","[""Snapshot context is not observation date or boundary date."",""Map geometry does not establish sovereignty or succession."",""Religion projection uses explicit religious claim tags only; legacy density is excluded.""]","851acb012ccfa2a4bfa05ea83ec2694b3f773a7a6fee8703e87969c9225e6997",""
"entity-chile@1920/religion","entity-chile@1920","chile-parliamentary-practice-framework","Chile — parliamentary political practice","1920","religion","MISSING","B","core-supported","political-polity","false","[]","[]","[]","[]","{""map_identity_id"":""entity-chile"",""aliases"":[],""historical_names"":[{""value"":""Chile — parliamentary political practice"",""kind"":""primary"",""validFrom"":""1892-01-01"",""validUntil"":""1924-01-01""}],""identifiers"":{}}","[""Snapshot context is not observation date or boundary date."",""Map geometry does not establish sovereignty or succession."",""Religion projection uses explicit religious claim tags only; legacy density is excluded.""]","851acb012ccfa2a4bfa05ea83ec2694b3f773a7a6fee8703e87969c9225e6997",""
"entity-chile@1930/religion","entity-chile@1930","","Chile","1930","religion","MISSING","B","completely-empty","political-polity","true","[]","[]","[]","[]","{""map_identity_id"":""entity-chile"",""aliases"":[],""historical_names"":[],""identifiers"":{}}","[""Snapshot context is not observation date or boundary date."",""Map geometry does not establish sovereignty or succession."",""Religion projection uses explicit religious claim tags only; legacy density is excluded."",""Resolve historical identity before proposing entity-specific facts.""]","851acb012ccfa2a4bfa05ea83ec2694b3f773a7a6fee8703e87969c9225e6997",""
"entity-chile@1938/religion","entity-chile@1938","chile-restored-presidential-framework","Chile — restored presidential constitutional government","1938","religion","MISSING","B","partially-supported","political-polity","false","[]","[]","[]","[]","{""map_identity_id"":""entity-chile"",""aliases"":[],""historical_names"":[{""value"":""Chile — restored presidential constitutional government"",""kind"":""primary"",""validFrom"":""1933-01-01"",""validUntil"":""1961-01-01""}],""identifiers"":{}}","[""Snapshot context is not observation date or boundary date."",""Map geometry does not establish sovereignty or succession."",""Religion projection uses explicit religious claim tags only; legacy density is excluded.""]","851acb012ccfa2a4bfa05ea83ec2694b3f773a7a6fee8703e87969c9225e6997",""
"entity-chile@1945/religion","entity-chile@1945","chile-restored-presidential-framework","Chile — restored presidential constitutional government","1945","religion","MISSING","B","core-supported","political-polity","false","[]","[]","[]","[]","{""map_identity_id"":""entity-chile"",""aliases"":[],""historical_names"":[{""value"":""Chile — restored presidential constitutional government"",""kind"":""primary"",""validFrom"":""1933-01-01"",""validUntil"":""1961-01-01""}],""identifiers"":{}}","[""Snapshot context is not observation date or boundary date."",""Map geometry does not establish sovereignty or succession."",""Religion projection uses explicit religious claim tags only; legacy density is excluded.""]","851acb012ccfa2a4bfa05ea83ec2694b3f773a7a6fee8703e87969c9225e6997",""
"entity-chile@1960/religion","entity-chile@1960","chile-restored-presidential-framework","Chile — restored presidential constitutional government","1960","religion","MISSING","B","core-supported","political-polity","false","[]","[]","[]","[]","{""map_identity_id"":""entity-chile"",""aliases"":[],""historical_names"":[{""value"":""Chile — restored presidential constitutional government"",""kind"":""primary"",""validFrom"":""1933-01-01"",""validUntil"":""1961-01-01""}],""identifiers"":{}}","[""Snapshot context is not observation date or boundary date."",""Map geometry does not establish sovereignty or succession."",""Religion projection uses explicit religious claim tags only; legacy density is excluded.""]","851acb012ccfa2a4bfa05ea83ec2694b3f773a7a6fee8703e87969c9225e6997",""
"entity-czechoslovakia@1920/religion","entity-czechoslovakia@1920","","Czechoslovakia","1920","religion","MISSING","B","completely-empty","political-polity","true","[]","[]","[]","[]","{""map_identity_id"":""entity-czechoslovakia"",""aliases"":[],""historical_names"":[],""identifiers"":{}}","[""Snapshot context is not observation date or boundary date."",""Map geometry does not establish sovereignty or succession."",""Religion projection uses explicit religious claim tags only; legacy density is excluded."",""Resolve historical identity before proposing entity-specific facts.""]","851acb012ccfa2a4bfa05ea83ec2694b3f773a7a6fee8703e87969c9225e6997",""
"entity-czechoslovakia@1930/religion","entity-czechoslovakia@1930","czechoslovakia-first-republic-framework","Czechoslovakia — First Republic constitutional framework","1930","religion","MISSING","B","core-supported","political-polity","false","[]","[]","[]","[]","{""map_identity_id"":""entity-czechoslovakia"",""aliases"":[],""historical_names"":[{""value"":""Czechoslovakia — First Republic constitutional framework"",""kind"":""primary"",""validFrom"":""1921-01-01"",""validUntil"":""1938-01-01""}],""identifiers"":{}}","[""Snapshot context is not observation date or boundary date."",""Map geometry does not establish sovereignty or succession."",""Religion projection uses explicit religious claim tags only; legacy density is excluded.""]","851acb012ccfa2a4bfa05ea83ec2694b3f773a7a6fee8703e87969c9225e6997",""
"entity-czechoslovakia@1938/religion","entity-czechoslovakia@1938","","Czechoslovakia","1938","religion","MISSING","B","completely-empty","political-polity","true","[]","[]","[]","[]","{""map_identity_id"":""entity-czechoslovakia"",""aliases"":[],""historical_names"":[],""identifiers"":{}}","[""Snapshot context is not observation date or boundary date."",""Map geometry does not establish sovereignty or succession."",""Religion projection uses explicit religious claim tags only; legacy density is excluded."",""Resolve historical identity before proposing entity-specific facts.""]","851acb012ccfa2a4bfa05ea83ec2694b3f773a7a6fee8703e87969c9225e6997",""
"entity-czechoslovakia@1945/religion","entity-czechoslovakia@1945","czechoslovakia-provisional-1945-framework","Czechoslovakia — postwar provisional parliamentary framework","1945","religion","MISSING","B","partially-supported","political-polity","false","[]","[]","[]","[]","{""map_identity_id"":""entity-czechoslovakia"",""aliases"":[],""historical_names"":[{""value"":""Czechoslovakia — postwar provisional parliamentary framework"",""kind"":""primary"",""validFrom"":""1945-10-28"",""validUntil"":""1946-01-01""}],""identifiers"":{}}","[""Snapshot context is not observation date or boundary date."",""Map geometry does not establish sovereignty or succession."",""Religion projection uses explicit religious claim tags only; legacy density is excluded.""]","851acb012ccfa2a4bfa05ea83ec2694b3f773a7a6fee8703e87969c9225e6997",""
"entity-czechoslovakia@1960/religion","entity-czechoslovakia@1960","czechoslovakia-communist-constitutional-framework","Czechoslovakia — Communist constitutional framework","1960","religion","MISSING","B","partially-supported","political-polity","false","[]","[]","[]","[]","{""map_identity_id"":""entity-czechoslovakia"",""aliases"":[],""historical_names"":[{""value"":""Czechoslovakia — Communist constitutional framework"",""kind"":""primary"",""validFrom"":""1949-01-01"",""validUntil"":""1961-01-01""}],""identifiers"":{}}","[""Snapshot context is not observation date or boundary date."",""Map geometry does not establish sovereignty or succession."",""Religion projection uses explicit religious claim tags only; legacy density is excluded.""]","851acb012ccfa2a4bfa05ea83ec2694b3f773a7a6fee8703e87969c9225e6997",""
"entity-madagascar@1800/religion","entity-madagascar@1800","","Madagascar","1800","religion","MISSING","B","completely-empty","political-polity","true","[]","[]","[]","[]","{""map_identity_id"":""entity-madagascar"",""aliases"":[],""historical_names"":[],""identifiers"":{}}","[""Snapshot context is not observation date or boundary date."",""Map geometry does not establish sovereignty or succession."",""Religion projection uses explicit religious claim tags only; legacy density is excluded."",""Resolve historical identity before proposing entity-specific facts.""]","851acb012ccfa2a4bfa05ea83ec2694b3f773a7a6fee8703e87969c9225e6997",""
"entity-madagascar@1878/religion","entity-madagascar@1878","b20-merina-royal","Madagascar — Merina royal government","1878","religion","MISSING","B","partially-supported","political-polity","false","[]","[]","[]","[]","{""map_identity_id"":""entity-madagascar"",""aliases"":[],""historical_names"":[{""value"":""Merina kingdom"",""kind"":""primary"",""validFrom"":""1800-01-01"",""validUntil"":""1816-01-01""},{""value"":""Madagascar — Merina royal government"",""kind"":""primary"",""validFrom"":""1878-01-01"",""validUntil"":""1881-01-01""}],""identifiers"":{}}","[""Snapshot context is not observation date or boundary date."",""Map geometry does not establish sovereignty or succession."",""Religion projection uses explicit religious claim tags only; legacy density is excluded.""]","851acb012ccfa2a4bfa05ea83ec2694b3f773a7a6fee8703e87969c9225e6997",""
"entity-madagascar@1880/religion","entity-madagascar@1880","b20-merina-royal","Madagascar — Merina royal government","1880","religion","MISSING","B","partially-supported","political-polity","false","[]","[]","[]","[]","{""map_identity_id"":""entity-madagascar"",""aliases"":[],""historical_names"":[{""value"":""Merina kingdom"",""kind"":""primary"",""validFrom"":""1800-01-01"",""validUntil"":""1816-01-01""},{""value"":""Madagascar — Merina royal government"",""kind"":""primary"",""validFrom"":""1878-01-01"",""validUntil"":""1881-01-01""}],""identifiers"":{}}","[""Snapshot context is not observation date or boundary date."",""Map geometry does not establish sovereignty or succession."",""Religion projection uses explicit religious claim tags only; legacy density is excluded.""]","851acb012ccfa2a4bfa05ea83ec2694b3f773a7a6fee8703e87969c9225e6997",""
"entity-madagascar@1900/religion","entity-madagascar@1900","b20-madagascar-french-colony","Madagascar — French colony","1900","religion","MISSING","B","partially-supported","political-polity","false","[]","[]","[]","[]","{""map_identity_id"":""entity-madagascar"",""aliases"":[],""historical_names"":[{""value"":""Madagascar — French colony"",""kind"":""primary"",""validFrom"":""1900-01-01"",""validUntil"":""1939-01-01""},{""value"":""Madagascar — French colonial administration"",""kind"":""primary"",""validFrom"":""1945-01-01"",""validUntil"":""1946-01-01""}],""identifiers"":{}}","[""Snapshot context is not observation date or boundary date."",""Map geometry does not establish sovereignty or succession."",""Religion projection uses explicit religious claim tags only; legacy density is excluded.""]","851acb012ccfa2a4bfa05ea83ec2694b3f773a7a6fee8703e87969c9225e6997",""
"entity-madagascar@1960/religion","entity-madagascar@1960","","Madagascar","1960","religion","MISSING","B","held-ambiguous","political-polity","true","[]","[]","[]","[]","{""map_identity_id"":""entity-madagascar"",""aliases"":[],""historical_names"":[],""identifiers"":{}}","[""Snapshot context is not observation date or boundary date."",""Map geometry does not establish sovereignty or succession."",""Religion projection uses explicit religious claim tags only; legacy density is excluded."",""Resolve historical identity before proposing entity-specific facts.""]","851acb012ccfa2a4bfa05ea83ec2694b3f773a7a6fee8703e87969c9225e6997",""
"entity-angola-portugal@1878/religion","entity-angola-portugal@1878","","Angola (Portugal)","1878","religion","MISSING","B","completely-empty","dependent-administration","true","[]","[]","[]","[]","{""map_identity_id"":""entity-angola-portugal"",""aliases"":[],""historical_names"":[],""identifiers"":{}}","[""Snapshot context is not observation date or boundary date."",""Map geometry does not establish sovereignty or succession."",""Religion projection uses explicit religious claim tags only; legacy density is excluded."",""Resolve historical identity before proposing entity-specific facts.""]","851acb012ccfa2a4bfa05ea83ec2694b3f773a7a6fee8703e87969c9225e6997",""
"entity-angola-portugal@1880/religion","entity-angola-portugal@1880","","Angola (Portugal)","1880","religion","MISSING","B","completely-empty","dependent-administration","true","[]","[]","[]","[]","{""map_identity_id"":""entity-angola-portugal"",""aliases"":[],""historical_names"":[],""identifiers"":{}}","[""Snapshot context is not observation date or boundary date."",""Map geometry does not establish sovereignty or succession."",""Religion projection uses explicit religious claim tags only; legacy density is excluded."",""Resolve historical identity before proposing entity-specific facts.""]","851acb012ccfa2a4bfa05ea83ec2694b3f773a7a6fee8703e87969c9225e6997",""
"entity-angola-portugal@1938/religion","entity-angola-portugal@1938","b17-angola-newstate-colonial","Angola — Portuguese New State colonial administration","1938","religion","MISSING","B","partially-supported","dependent-administration","false","[]","[]","[]","[]","{""map_identity_id"":""entity-angola-portugal"",""aliases"":[],""historical_names"":[{""value"":""Angola — Portuguese New State colonial administration"",""kind"":""primary"",""validFrom"":""1938-01-01"",""validUntil"":""1946-01-01""}],""identifiers"":{}}","[""Snapshot context is not observation date or boundary date."",""Map geometry does not establish sovereignty or succession."",""Religion projection uses explicit religious claim tags only; legacy density is excluded.""]","851acb012ccfa2a4bfa05ea83ec2694b3f773a7a6fee8703e87969c9225e6997",""
"entity-angola-portugal@1945/religion","entity-angola-portugal@1945","b17-angola-newstate-colonial","Angola — Portuguese New State colonial administration","1945","religion","MISSING","B","partially-supported","dependent-administration","false","[]","[]","[]","[]","{""map_identity_id"":""entity-angola-portugal"",""aliases"":[],""historical_names"":[{""value"":""Angola — Portuguese New State colonial administration"",""kind"":""primary"",""validFrom"":""1938-01-01"",""validUntil"":""1946-01-01""}],""identifiers"":{}}","[""Snapshot context is not observation date or boundary date."",""Map geometry does not establish sovereignty or succession."",""Religion projection uses explicit religious claim tags only; legacy density is excluded.""]","851acb012ccfa2a4bfa05ea83ec2694b3f773a7a6fee8703e87969c9225e6997",""
"entity-emirate-of-bin-shal-an@1920/religion","entity-emirate-of-bin-shal-an@1920","","Emirate of Bin Shal'an","1920","religion","MISSING","B","held-ambiguous","political-polity","true","[]","[]","[]","[]","{""map_identity_id"":""entity-emirate-of-bin-shal-an"",""aliases"":[],""historical_names"":[],""identifiers"":{}}","[""Snapshot context is not observation date or boundary date."",""Map geometry does not establish sovereignty or succession."",""Religion projection uses explicit religious claim tags only; legacy density is excluded."",""Resolve historical identity before proposing entity-specific facts.""]","851acb012ccfa2a4bfa05ea83ec2694b3f773a7a6fee8703e87969c9225e6997",""
"entity-emirate-of-bin-shal-an@1930/religion","entity-emirate-of-bin-shal-an@1930","","Emirate of Bin Shal'an","1930","religion","MISSING","B","held-ambiguous","political-polity","true","[]","[]","[]","[]","{""map_identity_id"":""entity-emirate-of-bin-shal-an"",""aliases"":[],""historical_names"":[],""identifiers"":{}}","[""Snapshot context is not observation date or boundary date."",""Map geometry does not establish sovereignty or succession."",""Religion projection uses explicit religious claim tags only; legacy density is excluded."",""Resolve historical identity before proposing entity-specific facts.""]","851acb012ccfa2a4bfa05ea83ec2694b3f773a7a6fee8703e87969c9225e6997",""
"entity-emirate-of-bin-shal-an@1938/religion","entity-emirate-of-bin-shal-an@1938","","Emirate of Bin Shal'an","1938","religion","MISSING","B","held-ambiguous","political-polity","true","[]","[]","[]","[]","{""map_identity_id"":""entity-emirate-of-bin-shal-an"",""aliases"":[],""historical_names"":[],""identifiers"":{}}","[""Snapshot context is not observation date or boundary date."",""Map geometry does not establish sovereignty or succession."",""Religion projection uses explicit religious claim tags only; legacy density is excluded."",""Resolve historical identity before proposing entity-specific facts.""]","851acb012ccfa2a4bfa05ea83ec2694b3f773a7a6fee8703e87969c9225e6997",""
"entity-nigeria@1914/religion","entity-nigeria@1914","nigeria-1914-amalgamation-core","Nigeria — early amalgamated colonial administration","1914","religion","MISSING","B","partially-supported","dependent-administration","false","[]","[]","[]","[]","{""map_identity_id"":""entity-nigeria"",""aliases"":[],""historical_names"":[{""value"":""Nigeria — early amalgamated colonial administration"",""kind"":""primary"",""validFrom"":""1914-01-01"",""validUntil"":""1916-01-01""}],""identifiers"":{}}","[""Snapshot context is not observation date or boundary date."",""Map geometry does not establish sovereignty or succession."",""Religion projection uses explicit religious claim tags only; legacy density is excluded.""]","851acb012ccfa2a4bfa05ea83ec2694b3f773a7a6fee8703e87969c9225e6997",""
"entity-nigeria@1920/religion","entity-nigeria@1920","nigeria-1920-consultative-core","Nigeria — colonial consultative order around 1920","1920","religion","MISSING","B","partially-supported","dependent-administration","false","[]","[]","[]","[]","{""map_identity_id"":""entity-nigeria"",""aliases"":[],""historical_names"":[{""value"":""Nigeria — colonial consultative order around 1920"",""kind"":""primary"",""validFrom"":""1917-01-01"",""validUntil"":""1922-01-01""}],""identifiers"":{}}","[""Snapshot context is not observation date or boundary date."",""Map geometry does not establish sovereignty or succession."",""Religion projection uses explicit religious claim tags only; legacy density is excluded.""]","851acb012ccfa2a4bfa05ea83ec2694b3f773a7a6fee8703e87969c9225e6997",""
"entity-nigeria@1930/religion","entity-nigeria@1930","nigeria-clifford-framework-core","Nigeria — Clifford constitutional framework","1930","religion","MISSING","B","partially-supported","dependent-administration","false","[]","[]","[]","[]","{""map_identity_id"":""entity-nigeria"",""aliases"":[],""historical_names"":[{""value"":""Nigeria — Clifford constitutional framework"",""kind"":""primary"",""validFrom"":""1923-01-01"",""validUntil"":""1946-01-01""}],""identifiers"":{}}","[""Snapshot context is not observation date or boundary date."",""Map geometry does not establish sovereignty or succession."",""Religion projection uses explicit religious claim tags only; legacy density is excluded.""]","851acb012ccfa2a4bfa05ea83ec2694b3f773a7a6fee8703e87969c9225e6997",""
"entity-nigeria@1938/religion","entity-nigeria@1938","nigeria-clifford-framework-core","Nigeria — Clifford constitutional framework","1938","religion","MISSING","B","core-supported","dependent-administration","false","[]","[]","[]","[]","{""map_identity_id"":""entity-nigeria"",""aliases"":[],""historical_names"":[{""value"":""Nigeria — Clifford constitutional framework"",""kind"":""primary"",""validFrom"":""1923-01-01"",""validUntil"":""1946-01-01""}],""identifiers"":{}}","[""Snapshot context is not observation date or boundary date."",""Map geometry does not establish sovereignty or succession."",""Religion projection uses explicit religious claim tags only; legacy density is excluded.""]","851acb012ccfa2a4bfa05ea83ec2694b3f773a7a6fee8703e87969c9225e6997",""
"entity-nigeria@1945/religion","entity-nigeria@1945","nigeria-clifford-framework-core","Nigeria — Clifford constitutional framework","1945","religion","MISSING","B","partially-supported","dependent-administration","false","[]","[]","[]","[]","{""map_identity_id"":""entity-nigeria"",""aliases"":[],""historical_names"":[{""value"":""Nigeria — Clifford constitutional framework"",""kind"":""primary"",""validFrom"":""1923-01-01"",""validUntil"":""1946-01-01""}],""identifiers"":{}}","[""Snapshot context is not observation date or boundary date."",""Map geometry does not establish sovereignty or succession."",""Religion projection uses explicit religious claim tags only; legacy density is excluded.""]","851acb012ccfa2a4bfa05ea83ec2694b3f773a7a6fee8703e87969c9225e6997",""
"entity-nigeria@1960/religion","entity-nigeria@1960","","Nigeria","1960","religion","MISSING","B","held-ambiguous","dependent-administration","true","[]","[]","[]","[]","{""map_identity_id"":""entity-nigeria"",""aliases"":[],""historical_names"":[],""identifiers"":{}}","[""Snapshot context is not observation date or boundary date."",""Map geometry does not establish sovereignty or succession."",""Religion projection uses explicit religious claim tags only; legacy density is excluded."",""Resolve historical identity before proposing entity-specific facts.""]","851acb012ccfa2a4bfa05ea83ec2694b3f773a7a6fee8703e87969c9225e6997",""
"entity-sweden@1800/religion","entity-sweden@1800","sweden-kingdom","Sweden","1800","religion","MISSING","B","core-supported","political-polity","false","[]","[]","[]","[]","{""map_identity_id"":""entity-sweden"",""aliases"":[],""historical_names"":[{""value"":""Sweden"",""kind"":""primary"",""validFrom"":""1800-01-01""}],""identifiers"":{}}","[""Snapshot context is not observation date or boundary date."",""Map geometry does not establish sovereignty or succession."",""Religion projection uses explicit religious claim tags only; legacy density is excluded.""]","851acb012ccfa2a4bfa05ea83ec2694b3f773a7a6fee8703e87969c9225e6997",""
"entity-sweden@1914/religion","entity-sweden@1914","sweden-kingdom","Sweden","1914","religion","MISSING","B","core-supported","political-polity","false","[]","[]","[]","[]","{""map_identity_id"":""entity-sweden"",""aliases"":[],""historical_names"":[{""value"":""Sweden"",""kind"":""primary"",""validFrom"":""1800-01-01""}],""identifiers"":{}}","[""Snapshot context is not observation date or boundary date."",""Map geometry does not establish sovereignty or succession."",""Religion projection uses explicit religious claim tags only; legacy density is excluded.""]","851acb012ccfa2a4bfa05ea83ec2694b3f773a7a6fee8703e87969c9225e6997",""
"entity-sweden@1920/religion","entity-sweden@1920","sweden-kingdom","Sweden","1920","religion","MISSING","B","partially-supported","political-polity","false","[]","[]","[]","[]","{""map_identity_id"":""entity-sweden"",""aliases"":[],""historical_names"":[{""value"":""Sweden"",""kind"":""primary"",""validFrom"":""1800-01-01""}],""identifiers"":{}}","[""Snapshot context is not observation date or boundary date."",""Map geometry does not establish sovereignty or succession."",""Religion projection uses explicit religious claim tags only; legacy density is excluded.""]","851acb012ccfa2a4bfa05ea83ec2694b3f773a7a6fee8703e87969c9225e6997",""
"entity-sweden@1930/religion","entity-sweden@1930","sweden-kingdom","Sweden","1930","religion","MISSING","B","partially-supported","political-polity","false","[]","[]","[]","[]","{""map_identity_id"":""entity-sweden"",""aliases"":[],""historical_names"":[{""value"":""Sweden"",""kind"":""primary"",""validFrom"":""1800-01-01""}],""identifiers"":{}}","[""Snapshot context is not observation date or boundary date."",""Map geometry does not establish sovereignty or succession."",""Religion projection uses explicit religious claim tags only; legacy density is excluded.""]","851acb012ccfa2a4bfa05ea83ec2694b3f773a7a6fee8703e87969c9225e6997",""
"entity-sweden@1938/religion","entity-sweden@1938","sweden-kingdom","Sweden","1938","religion","MISSING","B","partially-supported","political-polity","false","[]","[]","[]","[]","{""map_identity_id"":""entity-sweden"",""aliases"":[],""historical_names"":[{""value"":""Sweden"",""kind"":""primary"",""validFrom"":""1800-01-01""}],""identifiers"":{}}","[""Snapshot context is not observation date or boundary date."",""Map geometry does not establish sovereignty or succession."",""Religion projection uses explicit religious claim tags only; legacy density is excluded.""]","851acb012ccfa2a4bfa05ea83ec2694b3f773a7a6fee8703e87969c9225e6997",""
"entity-sweden@1945/religion","entity-sweden@1945","sweden-kingdom","Sweden","1945","religion","MISSING","B","partially-supported","political-polity","false","[]","[]","[]","[]","{""map_identity_id"":""entity-sweden"",""aliases"":[],""historical_names"":[{""value"":""Sweden"",""kind"":""primary"",""validFrom"":""1800-01-01""}],""identifiers"":{}}","[""Snapshot context is not observation date or boundary date."",""Map geometry does not establish sovereignty or succession."",""Religion projection uses explicit religious claim tags only; legacy density is excluded.""]","851acb012ccfa2a4bfa05ea83ec2694b3f773a7a6fee8703e87969c9225e6997",""
"entity-sweden@1960/religion","entity-sweden@1960","sweden-kingdom","Sweden","1960","religion","MISSING","B","partially-supported","political-polity","false","[]","[]","[]","[]","{""map_identity_id"":""entity-sweden"",""aliases"":[],""historical_names"":[{""value"":""Sweden"",""kind"":""primary"",""validFrom"":""1800-01-01""}],""identifiers"":{}}","[""Snapshot context is not observation date or boundary date."",""Map geometry does not establish sovereignty or succession."",""Religion projection uses explicit religious claim tags only; legacy density is excluded.""]","851acb012ccfa2a4bfa05ea83ec2694b3f773a7a6fee8703e87969c9225e6997",""
"entity-asante@1800/religion","entity-asante@1800","asante-early-nineteenth-confederacy-core","Asante — early nineteenth-century confederacy","1800","religion","MISSING","B","partially-supported","political-polity","false","[]","[]","[]","[]","{""map_identity_id"":""entity-asante"",""aliases"":[],""historical_names"":[{""value"":""Asante — early nineteenth-century confederacy"",""kind"":""primary"",""validFrom"":""1800-01-01"",""validUntil"":""1816-01-01""}],""identifiers"":{}}","[""Snapshot context is not observation date or boundary date."",""Map geometry does not establish sovereignty or succession."",""Religion projection uses explicit religious claim tags only; legacy density is excluded.""]","851acb012ccfa2a4bfa05ea83ec2694b3f773a7a6fee8703e87969c9225e6997",""
"entity-asante@1815/religion","entity-asante@1815","asante-early-nineteenth-confederacy-core","Asante — early nineteenth-century confederacy","1815","religion","MISSING","B","partially-supported","political-polity","false","[]","[]","[]","[]","{""map_identity_id"":""entity-asante"",""aliases"":[],""historical_names"":[{""value"":""Asante — early nineteenth-century confederacy"",""kind"":""primary"",""validFrom"":""1800-01-01"",""validUntil"":""1816-01-01""}],""identifiers"":{}}","[""Snapshot context is not observation date or boundary date."",""Map geometry does not establish sovereignty or succession."",""Religion projection uses explicit religious claim tags only; legacy density is excluded.""]","851acb012ccfa2a4bfa05ea83ec2694b3f773a7a6fee8703e87969c9225e6997",""
"entity-asante@1878/religion","entity-asante@1878","asante-late-nineteenth-royal-core","Asante — royal confederacy around 1880","1878","religion","MISSING","B","partially-supported","political-polity","false","[]","[]","[]","[]","{""map_identity_id"":""entity-asante"",""aliases"":[],""historical_names"":[{""value"":""Asante — royal confederacy around 1880"",""kind"":""primary"",""validFrom"":""1878-01-01"",""validUntil"":""1881-01-01""}],""identifiers"":{}}","[""Snapshot context is not observation date or boundary date."",""Map geometry does not establish sovereignty or succession."",""Religion projection uses explicit religious claim tags only; legacy density is excluded.""]","851acb012ccfa2a4bfa05ea83ec2694b3f773a7a6fee8703e87969c9225e6997",""
"entity-asante@1880/religion","entity-asante@1880","asante-late-nineteenth-royal-core","Asante — royal confederacy around 1880","1880","religion","MISSING","B","partially-supported","political-polity","false","[]","[]","[]","[]","{""map_identity_id"":""entity-asante"",""aliases"":[],""historical_names"":[{""value"":""Asante — royal confederacy around 1880"",""kind"":""primary"",""validFrom"":""1878-01-01"",""validUntil"":""1881-01-01""}],""identifiers"":{}}","[""Snapshot context is not observation date or boundary date."",""Map geometry does not establish sovereignty or succession."",""Religion projection uses explicit religious claim tags only; legacy density is excluded.""]","851acb012ccfa2a4bfa05ea83ec2694b3f773a7a6fee8703e87969c9225e6997",""
"entity-asante@1900/religion","entity-asante@1900","asante-1900-resident-framework-core","Asante — British resident administration in 1900","1900","religion","MISSING","B","partially-supported","political-polity","false","[]","[]","[]","[]","{""map_identity_id"":""entity-asante"",""aliases"":[],""historical_names"":[{""value"":""Asante — British resident administration in 1900"",""kind"":""primary"",""validFrom"":""1900-01-01"",""validUntil"":""1901-01-01""}],""identifiers"":{}}","[""Snapshot context is not observation date or boundary date."",""Map geometry does not establish sovereignty or succession."",""Religion projection uses explicit religious claim tags only; legacy density is excluded.""]","851acb012ccfa2a4bfa05ea83ec2694b3f773a7a6fee8703e87969c9225e6997",""
"entity-burma@1800/religion","entity-burma@1800","b13-burma-konbaung","Burma — Konbaung kingdom","1800","religion","MISSING","B","partially-supported","political-polity","false","[]","[]","[]","[]","{""map_identity_id"":""entity-burma"",""aliases"":[],""historical_names"":[{""value"":""Burma — Konbaung kingdom"",""kind"":""primary"",""validFrom"":""1800-01-01"",""validUntil"":""1816-01-01""}],""identifiers"":{}}","[""Snapshot context is not observation date or boundary date."",""Map geometry does not establish sovereignty or succession."",""Religion projection uses explicit religious claim tags only; legacy density is excluded.""]","851acb012ccfa2a4bfa05ea83ec2694b3f773a7a6fee8703e87969c9225e6997",""
"entity-burma@1815/religion","entity-burma@1815","b13-burma-konbaung","Burma — Konbaung kingdom","1815","religion","MISSING","B","partially-supported","political-polity","false","[]","[]","[]","[]","{""map_identity_id"":""entity-burma"",""aliases"":[],""historical_names"":[{""value"":""Burma — Konbaung kingdom"",""kind"":""primary"",""validFrom"":""1800-01-01"",""validUntil"":""1816-01-01""}],""identifiers"":{}}","[""Snapshot context is not observation date or boundary date."",""Map geometry does not establish sovereignty or succession."",""Religion projection uses explicit religious claim tags only; legacy density is excluded.""]","851acb012ccfa2a4bfa05ea83ec2694b3f773a7a6fee8703e87969c9225e6997",""
"entity-burma@1945/religion","entity-burma@1945","","Burma","1945","religion","MISSING","B","completely-empty","political-polity","true","[]","[]","[]","[]","{""map_identity_id"":""entity-burma"",""aliases"":[],""historical_names"":[],""identifiers"":{}}","[""Snapshot context is not observation date or boundary date."",""Map geometry does not establish sovereignty or succession."",""Religion projection uses explicit religious claim tags only; legacy density is excluded."",""Resolve historical identity before proposing entity-specific facts.""]","851acb012ccfa2a4bfa05ea83ec2694b3f773a7a6fee8703e87969c9225e6997",""
"entity-burma@1960/religion","entity-burma@1960","","Burma","1960","religion","MISSING","B","held-ambiguous","political-polity","true","[]","[]","[]","[]","{""map_identity_id"":""entity-burma"",""aliases"":[],""historical_names"":[],""identifiers"":{}}","[""Snapshot context is not observation date or boundary date."",""Map geometry does not establish sovereignty or succession."",""Religion projection uses explicit religious claim tags only; legacy density is excluded."",""Resolve historical identity before proposing entity-specific facts.""]","851acb012ccfa2a4bfa05ea83ec2694b3f773a7a6fee8703e87969c9225e6997",""
"entity-venezuela@1878/religion","entity-venezuela@1878","venezuela-guzman-framework","Venezuela — Guzman Blanco political predominance","1878","religion","MISSING","B","partially-supported","political-polity","false","[]","[]","[]","[]","{""map_identity_id"":""entity-venezuela"",""aliases"":[],""historical_names"":[{""value"":""Venezuela — Guzman Blanco political predominance"",""kind"":""primary"",""validFrom"":""1871-01-01"",""validUntil"":""1888-01-01""}],""identifiers"":{}}","[""Snapshot context is not observation date or boundary date."",""Map geometry does not establish sovereignty or succession."",""Religion projection uses explicit religious claim tags only; legacy density is excluded.""]","851acb012ccfa2a4bfa05ea83ec2694b3f773a7a6fee8703e87969c9225e6997",""
"entity-venezuela@1880/religion","entity-venezuela@1880","venezuela-guzman-framework","Venezuela — Guzman Blanco political predominance","1880","religion","MISSING","B","partially-supported","political-polity","false","[]","[]","[]","[]","{""map_identity_id"":""entity-venezuela"",""aliases"":[],""historical_names"":[{""value"":""Venezuela — Guzman Blanco political predominance"",""kind"":""primary"",""validFrom"":""1871-01-01"",""validUntil"":""1888-01-01""}],""identifiers"":{}}","[""Snapshot context is not observation date or boundary date."",""Map geometry does not establish sovereignty or succession."",""Religion projection uses explicit religious claim tags only; legacy density is excluded.""]","851acb012ccfa2a4bfa05ea83ec2694b3f773a7a6fee8703e87969c9225e6997",""
"entity-venezuela@1900/religion","entity-venezuela@1900","venezuela-castro-framework","Venezuela — Castro government","1900","religion","MISSING","B","core-supported","political-polity","false","[]","[]","[]","[]","{""map_identity_id"":""entity-venezuela"",""aliases"":[],""historical_names"":[{""value"":""Venezuela — Castro government"",""kind"":""primary"",""validFrom"":""1900-01-01"",""validUntil"":""1908-01-01""}],""identifiers"":{}}","[""Snapshot context is not observation date or boundary date."",""Map geometry does not establish sovereignty or succession."",""Religion projection uses explicit religious claim tags only; legacy density is excluded.""]","851acb012ccfa2a4bfa05ea83ec2694b3f773a7a6fee8703e87969c9225e6997",""
"entity-venezuela@1914/religion","entity-venezuela@1914","venezuela-gomez-framework","Venezuela — Gomez political predominance","1914","religion","MISSING","B","core-supported","political-polity","false","[]","[]","[]","[]","{""map_identity_id"":""entity-venezuela"",""aliases"":[],""historical_names"":[{""value"":""Venezuela — Gomez political predominance"",""kind"":""primary"",""validFrom"":""1909-01-01"",""validUntil"":""1935-01-01""}],""identifiers"":{}}","[""Snapshot context is not observation date or boundary date."",""Map geometry does not establish sovereignty or succession."",""Religion projection uses explicit religious claim tags only; legacy density is excluded.""]","851acb012ccfa2a4bfa05ea83ec2694b3f773a7a6fee8703e87969c9225e6997",""
"entity-venezuela@1920/religion","entity-venezuela@1920","venezuela-gomez-framework","Venezuela — Gomez political predominance","1920","religion","MISSING","B","core-supported","political-polity","false","[]","[]","[]","[]","{""map_identity_id"":""entity-venezuela"",""aliases"":[],""historical_names"":[{""value"":""Venezuela — Gomez political predominance"",""kind"":""primary"",""validFrom"":""1909-01-01"",""validUntil"":""1935-01-01""}],""identifiers"":{}}","[""Snapshot context is not observation date or boundary date."",""Map geometry does not establish sovereignty or succession."",""Religion projection uses explicit religious claim tags only; legacy density is excluded.""]","851acb012ccfa2a4bfa05ea83ec2694b3f773a7a6fee8703e87969c9225e6997",""
"entity-venezuela@1930/religion","entity-venezuela@1930","venezuela-gomez-framework","Venezuela — Gomez political predominance","1930","religion","MISSING","B","core-supported","political-polity","false","[]","[]","[]","[]","{""map_identity_id"":""entity-venezuela"",""aliases"":[],""historical_names"":[{""value"":""Venezuela — Gomez political predominance"",""kind"":""primary"",""validFrom"":""1909-01-01"",""validUntil"":""1935-01-01""}],""identifiers"":{}}","[""Snapshot context is not observation date or boundary date."",""Map geometry does not establish sovereignty or succession."",""Religion projection uses explicit religious claim tags only; legacy density is excluded.""]","851acb012ccfa2a4bfa05ea83ec2694b3f773a7a6fee8703e87969c9225e6997",""
"entity-venezuela@1938/religion","entity-venezuela@1938","venezuela-lopez-framework","Venezuela — Lopez Contreras government","1938","religion","MISSING","B","core-supported","political-polity","false","[]","[]","[]","[]","{""map_identity_id"":""entity-venezuela"",""aliases"":[],""historical_names"":[{""value"":""Venezuela — Lopez Contreras government"",""kind"":""primary"",""validFrom"":""1937-01-01"",""validUntil"":""1941-01-01""}],""identifiers"":{}}","[""Snapshot context is not observation date or boundary date."",""Map geometry does not establish sovereignty or succession."",""Religion projection uses explicit religious claim tags only; legacy density is excluded.""]","851acb012ccfa2a4bfa05ea83ec2694b3f773a7a6fee8703e87969c9225e6997",""
"entity-venezuela@1945/religion","entity-venezuela@1945","","Venezuela","1945","religion","MISSING","B","held-ambiguous","political-polity","true","[]","[]","[]","[]","{""map_identity_id"":""entity-venezuela"",""aliases"":[],""historical_names"":[],""identifiers"":{}}","[""Snapshot context is not observation date or boundary date."",""Map geometry does not establish sovereignty or succession."",""Religion projection uses explicit religious claim tags only; legacy density is excluded."",""Resolve historical identity before proposing entity-specific facts.""]","851acb012ccfa2a4bfa05ea83ec2694b3f773a7a6fee8703e87969c9225e6997",""
"entity-venezuela@1960/religion","entity-venezuela@1960","venezuela-betancourt-1959-framework","Venezuela — early elected Betancourt government","1960","religion","MISSING","B","core-supported","political-polity","false","[]","[]","[]","[]","{""map_identity_id"":""entity-venezuela"",""aliases"":[],""historical_names"":[{""value"":""Venezuela — early elected Betancourt government"",""kind"":""primary"",""validFrom"":""1959-02-13"",""validUntil"":""1961-01-01""}],""identifiers"":{}}","[""Snapshot context is not observation date or boundary date."",""Map geometry does not establish sovereignty or succession."",""Religion projection uses explicit religious claim tags only; legacy density is excluded.""]","851acb012ccfa2a4bfa05ea83ec2694b3f773a7a6fee8703e87969c9225e6997",""
"entity-greenland@1878/religion","entity-greenland@1878","greenland-late-colonial-framework","Greenland — Danish colonial administration","1878","religion","MISSING","B","partially-supported","dependent-administration","false","[]","[]","[]","[]","{""map_identity_id"":""entity-greenland"",""aliases"":[],""historical_names"":[{""value"":""Greenland — Danish colonial administration"",""kind"":""primary"",""validFrom"":""1878-01-01"",""validUntil"":""1901-01-01""}],""identifiers"":{}}","[""Snapshot context is not observation date or boundary date."",""Map geometry does not establish sovereignty or succession."",""Religion projection uses explicit religious claim tags only; legacy density is excluded.""]","851acb012ccfa2a4bfa05ea83ec2694b3f773a7a6fee8703e87969c9225e6997",""
"entity-greenland@1880/religion","entity-greenland@1880","greenland-late-colonial-framework","Greenland — Danish colonial administration","1880","religion","MISSING","B","partially-supported","dependent-administration","false","[]","[]","[]","[]","{""map_identity_id"":""entity-greenland"",""aliases"":[],""historical_names"":[{""value"":""Greenland — Danish colonial administration"",""kind"":""primary"",""validFrom"":""1878-01-01"",""validUntil"":""1901-01-01""}],""identifiers"":{}}","[""Snapshot context is not observation date or boundary date."",""Map geometry does not establish sovereignty or succession."",""Religion projection uses explicit religious claim tags only; legacy density is excluded.""]","851acb012ccfa2a4bfa05ea83ec2694b3f773a7a6fee8703e87969c9225e6997",""
"entity-greenland@1900/religion","entity-greenland@1900","greenland-late-colonial-framework","Greenland — Danish colonial administration","1900","religion","MISSING","B","partially-supported","dependent-administration","false","[]","[]","[]","[]","{""map_identity_id"":""entity-greenland"",""aliases"":[],""historical_names"":[{""value"":""Greenland — Danish colonial administration"",""kind"":""primary"",""validFrom"":""1878-01-01"",""validUntil"":""1901-01-01""}],""identifiers"":{}}","[""Snapshot context is not observation date or boundary date."",""Map geometry does not establish sovereignty or succession."",""Religion projection uses explicit religious claim tags only; legacy density is excluded.""]","851acb012ccfa2a4bfa05ea83ec2694b3f773a7a6fee8703e87969c9225e6997",""
"entity-greenland@1960/religion","entity-greenland@1960","greenland-post-1953-integration-framework","Greenland — county within Denmark","1960","religion","MISSING","B","partially-supported","dependent-administration","false","[]","[]","[]","[]","{""map_identity_id"":""entity-greenland"",""aliases"":[],""historical_names"":[{""value"":""Greenland — county within Denmark"",""kind"":""primary"",""validFrom"":""1954-01-01"",""validUntil"":""1961-01-01""}],""identifiers"":{}}","[""Snapshot context is not observation date or boundary date."",""Map geometry does not establish sovereignty or succession."",""Religion projection uses explicit religious claim tags only; legacy density is excluded.""]","851acb012ccfa2a4bfa05ea83ec2694b3f773a7a6fee8703e87969c9225e6997",""
"entity-yugoslavia@1920/religion","entity-yugoslavia@1920","yugoslav-provisional-monarchical-framework","Kingdom of Serbs, Croats and Slovenes — provisional framework","1920","religion","MISSING","B","partially-supported","political-polity","false","[]","[]","[]","[]","{""map_identity_id"":""entity-yugoslavia"",""aliases"":[],""historical_names"":[{""value"":""Kingdom of Serbs, Croats and Slovenes — provisional framework"",""kind"":""primary"",""validFrom"":""1919-03-01"",""validUntil"":""1921-06-28""}],""identifiers"":{}}","[""Snapshot context is not observation date or boundary date."",""Map geometry does not establish sovereignty or succession."",""Religion projection uses explicit religious claim tags only; legacy density is excluded.""]","851acb012ccfa2a4bfa05ea83ec2694b3f773a7a6fee8703e87969c9225e6997",""
"entity-yugoslavia@1930/religion","entity-yugoslavia@1930","yugoslav-royal-authoritarian-framework","Kingdom of Yugoslavia — royal authoritarian framework","1930","religion","MISSING","B","partially-supported","political-polity","false","[]","[]","[]","[]","{""map_identity_id"":""entity-yugoslavia"",""aliases"":[],""historical_names"":[{""value"":""Kingdom of Serbs, Croats and Slovenes — royal dictatorship"",""kind"":""primary"",""validFrom"":""1929-01-06"",""validUntil"":""1929-10-03""},{""value"":""Kingdom of Yugoslavia — royal authoritarian framework"",""kind"":""primary"",""validFrom"":""1929-10-03"",""validUntil"":""1939-01-01""}],""identifiers"":{}}","[""Snapshot context is not observation date or boundary date."",""Map geometry does not establish sovereignty or succession."",""Religion projection uses explicit religious claim tags only; legacy density is excluded.""]","851acb012ccfa2a4bfa05ea83ec2694b3f773a7a6fee8703e87969c9225e6997",""
"entity-yugoslavia@1938/religion","entity-yugoslavia@1938","yugoslav-royal-authoritarian-framework","Kingdom of Yugoslavia — royal authoritarian framework","1938","religion","MISSING","B","partially-supported","political-polity","false","[]","[]","[]","[]","{""map_identity_id"":""entity-yugoslavia"",""aliases"":[],""historical_names"":[{""value"":""Kingdom of Serbs, Croats and Slovenes — royal dictatorship"",""kind"":""primary"",""validFrom"":""1929-01-06"",""validUntil"":""1929-10-03""},{""value"":""Kingdom of Yugoslavia — royal authoritarian framework"",""kind"":""primary"",""validFrom"":""1929-10-03"",""validUntil"":""1939-01-01""}],""identifiers"":{}}","[""Snapshot context is not observation date or boundary date."",""Map geometry does not establish sovereignty or succession."",""Religion projection uses explicit religious claim tags only; legacy density is excluded.""]","851acb012ccfa2a4bfa05ea83ec2694b3f773a7a6fee8703e87969c9225e6997",""
"entity-yugoslavia@1945/religion","entity-yugoslavia@1945","","Yugoslavia","1945","religion","MISSING","B","held-ambiguous","political-polity","true","[]","[]","[]","[]","{""map_identity_id"":""entity-yugoslavia"",""aliases"":[],""historical_names"":[],""identifiers"":{}}","[""Snapshot context is not observation date or boundary date."",""Map geometry does not establish sovereignty or succession."",""Religion projection uses explicit religious claim tags only; legacy density is excluded."",""Resolve historical identity before proposing entity-specific facts.""]","851acb012ccfa2a4bfa05ea83ec2694b3f773a7a6fee8703e87969c9225e6997",""
"entity-yugoslavia@1960/religion","entity-yugoslavia@1960","yugoslav-federal-peoples-republic-framework","Federal People’s Republic of Yugoslavia","1960","religion","MISSING","B","partially-supported","political-polity","false","[]","[]","[]","[]","{""map_identity_id"":""entity-yugoslavia"",""aliases"":[],""historical_names"":[{""value"":""Federal People’s Republic of Yugoslavia"",""kind"":""primary"",""validFrom"":""1945-11-29"",""validUntil"":""1961-01-01""}],""identifiers"":{}}","[""Snapshot context is not observation date or boundary date."",""Map geometry does not establish sovereignty or succession."",""Religion projection uses explicit religious claim tags only; legacy density is excluded.""]","851acb012ccfa2a4bfa05ea83ec2694b3f773a7a6fee8703e87969c9225e6997",""
"entity-sudan@1920/religion","entity-sudan@1920","b17-sudan-condominium","Anglo-Egyptian Sudan — formal joint authority and British administration","1920","religion","MISSING","B","partially-supported","dependent-administration","false","[]","[]","[]","[]","{""map_identity_id"":""entity-sudan"",""aliases"":[],""historical_names"":[{""value"":""Anglo-Egyptian Sudan — formal joint authority and British administration"",""kind"":""primary"",""validFrom"":""1914-01-01"",""validUntil"":""1946-01-01""}],""identifiers"":{}}","[""Snapshot context is not observation date or boundary date."",""Map geometry does not establish sovereignty or succession."",""Religion projection uses explicit religious claim tags only; legacy density is excluded.""]","851acb012ccfa2a4bfa05ea83ec2694b3f773a7a6fee8703e87969c9225e6997",""
"entity-sudan@1930/religion","entity-sudan@1930","b17-sudan-condominium","Anglo-Egyptian Sudan — formal joint authority and British administration","1930","religion","MISSING","B","partially-supported","dependent-administration","false","[]","[]","[]","[]","{""map_identity_id"":""entity-sudan"",""aliases"":[],""historical_names"":[{""value"":""Anglo-Egyptian Sudan — formal joint authority and British administration"",""kind"":""primary"",""validFrom"":""1914-01-01"",""validUntil"":""1946-01-01""}],""identifiers"":{}}","[""Snapshot context is not observation date or boundary date."",""Map geometry does not establish sovereignty or succession."",""Religion projection uses explicit religious claim tags only; legacy density is excluded.""]","851acb012ccfa2a4bfa05ea83ec2694b3f773a7a6fee8703e87969c9225e6997",""
"entity-sudan@1938/religion","entity-sudan@1938","b17-sudan-condominium","Anglo-Egyptian Sudan — formal joint authority and British administration","1938","religion","MISSING","B","partially-supported","dependent-administration","false","[]","[]","[]","[]","{""map_identity_id"":""entity-sudan"",""aliases"":[],""historical_names"":[{""value"":""Anglo-Egyptian Sudan — formal joint authority and British administration"",""kind"":""primary"",""validFrom"":""1914-01-01"",""validUntil"":""1946-01-01""}],""identifiers"":{}}","[""Snapshot context is not observation date or boundary date."",""Map geometry does not establish sovereignty or succession."",""Religion projection uses explicit religious claim tags only; legacy density is excluded.""]","851acb012ccfa2a4bfa05ea83ec2694b3f773a7a6fee8703e87969c9225e6997",""
"entity-sudan@1945/religion","entity-sudan@1945","b17-sudan-condominium","Anglo-Egyptian Sudan — formal joint authority and British administration","1945","religion","MISSING","B","partially-supported","dependent-administration","false","[]","[]","[]","[]","{""map_identity_id"":""entity-sudan"",""aliases"":[],""historical_names"":[{""value"":""Anglo-Egyptian Sudan — formal joint authority and British administration"",""kind"":""primary"",""validFrom"":""1914-01-01"",""validUntil"":""1946-01-01""}],""identifiers"":{}}","[""Snapshot context is not observation date or boundary date."",""Map geometry does not establish sovereignty or succession."",""Religion projection uses explicit religious claim tags only; legacy density is excluded.""]","851acb012ccfa2a4bfa05ea83ec2694b3f773a7a6fee8703e87969c9225e6997",""
"entity-sudan@1960/religion","entity-sudan@1960","b17-sudan-1960-military","Sudan — Abbud military government","1960","religion","MISSING","B","core-supported","dependent-administration","false","[]","[]","[]","[]","{""map_identity_id"":""entity-sudan"",""aliases"":[],""historical_names"":[{""value"":""Sudan — Abbud military government"",""kind"":""primary"",""validFrom"":""1960-01-01"",""validUntil"":""1961-01-01""}],""identifiers"":{}}","[""Snapshot context is not observation date or boundary date."",""Map geometry does not establish sovereignty or succession."",""Religion projection uses explicit religious claim tags only; legacy density is excluded.""]","851acb012ccfa2a4bfa05ea83ec2694b3f773a7a6fee8703e87969c9225e6997",""
"entity-madagascar-france@1914/religion","entity-madagascar-france@1914","b20-madagascar-french-colony","Madagascar — French colony","1914","religion","MISSING","B","partially-supported","dependent-administration","false","[]","[]","[]","[]","{""map_identity_id"":""entity-madagascar-france"",""aliases"":[],""historical_names"":[{""value"":""Madagascar — French colony"",""kind"":""primary"",""validFrom"":""1900-01-01"",""validUntil"":""1939-01-01""},{""value"":""Madagascar — French colonial administration"",""kind"":""primary"",""validFrom"":""1945-01-01"",""validUntil"":""1946-01-01""}],""identifiers"":{}}","[""Snapshot context is not observation date or boundary date."",""Map geometry does not establish sovereignty or succession."",""Religion projection uses explicit religious claim tags only; legacy density is excluded.""]","851acb012ccfa2a4bfa05ea83ec2694b3f773a7a6fee8703e87969c9225e6997",""
"entity-madagascar-france@1920/religion","entity-madagascar-france@1920","b20-madagascar-french-colony","Madagascar — French colony","1920","religion","MISSING","B","partially-supported","dependent-administration","false","[]","[]","[]","[]","{""map_identity_id"":""entity-madagascar-france"",""aliases"":[],""historical_names"":[{""value"":""Madagascar — French colony"",""kind"":""primary"",""validFrom"":""1900-01-01"",""validUntil"":""1939-01-01""},{""value"":""Madagascar — French colonial administration"",""kind"":""primary"",""validFrom"":""1945-01-01"",""validUntil"":""1946-01-01""}],""identifiers"":{}}","[""Snapshot context is not observation date or boundary date."",""Map geometry does not establish sovereignty or succession."",""Religion projection uses explicit religious claim tags only; legacy density is excluded.""]","851acb012ccfa2a4bfa05ea83ec2694b3f773a7a6fee8703e87969c9225e6997",""
"entity-madagascar-france@1930/religion","entity-madagascar-france@1930","b20-madagascar-french-colony","Madagascar — French colony","1930","religion","MISSING","B","partially-supported","dependent-administration","false","[]","[]","[]","[]","{""map_identity_id"":""entity-madagascar-france"",""aliases"":[],""historical_names"":[{""value"":""Madagascar — French colony"",""kind"":""primary"",""validFrom"":""1900-01-01"",""validUntil"":""1939-01-01""},{""value"":""Madagascar — French colonial administration"",""kind"":""primary"",""validFrom"":""1945-01-01"",""validUntil"":""1946-01-01""}],""identifiers"":{}}","[""Snapshot context is not observation date or boundary date."",""Map geometry does not establish sovereignty or succession."",""Religion projection uses explicit religious claim tags only; legacy density is excluded.""]","851acb012ccfa2a4bfa05ea83ec2694b3f773a7a6fee8703e87969c9225e6997",""
"entity-madagascar-france@1938/religion","entity-madagascar-france@1938","b20-madagascar-french-colony","Madagascar — French colony","1938","religion","MISSING","B","partially-supported","dependent-administration","false","[]","[]","[]","[]","{""map_identity_id"":""entity-madagascar-france"",""aliases"":[],""historical_names"":[{""value"":""Madagascar — French colony"",""kind"":""primary"",""validFrom"":""1900-01-01"",""validUntil"":""1939-01-01""},{""value"":""Madagascar — French colonial administration"",""kind"":""primary"",""validFrom"":""1945-01-01"",""validUntil"":""1946-01-01""}],""identifiers"":{}}","[""Snapshot context is not observation date or boundary date."",""Map geometry does not establish sovereignty or succession."",""Religion projection uses explicit religious claim tags only; legacy density is excluded.""]","851acb012ccfa2a4bfa05ea83ec2694b3f773a7a6fee8703e87969c9225e6997",""
"entity-madagascar-france@1945/religion","entity-madagascar-france@1945","b20-madagascar-french-colony","Madagascar — French colonial administration","1945","religion","MISSING","B","partially-supported","dependent-administration","false","[]","[]","[]","[]","{""map_identity_id"":""entity-madagascar-france"",""aliases"":[],""historical_names"":[{""value"":""Madagascar — French colony"",""kind"":""primary"",""validFrom"":""1900-01-01"",""validUntil"":""1939-01-01""},{""value"":""Madagascar — French colonial administration"",""kind"":""primary"",""validFrom"":""1945-01-01"",""validUntil"":""1946-01-01""}],""identifiers"":{}}","[""Snapshot context is not observation date or boundary date."",""Map geometry does not establish sovereignty or succession."",""Religion projection uses explicit religious claim tags only; legacy density is excluded.""]","851acb012ccfa2a4bfa05ea83ec2694b3f773a7a6fee8703e87969c9225e6997",""
"entity-mesopotamia-gb@1920/religion","entity-mesopotamia-gb@1920","","Mesopotamia (GB)","1920","religion","MISSING","B","held-ambiguous","dependent-administration","true","[]","[]","[]","[]","{""map_identity_id"":""entity-mesopotamia-gb"",""aliases"":[],""historical_names"":[],""identifiers"":{}}","[""Snapshot context is not observation date or boundary date."",""Map geometry does not establish sovereignty or succession."",""Religion projection uses explicit religious claim tags only; legacy density is excluded."",""Resolve historical identity before proposing entity-specific facts.""]","851acb012ccfa2a4bfa05ea83ec2694b3f773a7a6fee8703e87969c9225e6997",""
"entity-mesopotamia-gb@1930/religion","entity-mesopotamia-gb@1930","iraq-1930-british-protection-core","Iraq — 1930 British mandate relationship","1930","religion","MISSING","B","partially-supported","dependent-administration","false","[]","[]","[]","[]","{""map_identity_id"":""entity-mesopotamia-gb"",""aliases"":[],""historical_names"":[{""value"":""Iraq — 1930 British mandate relationship"",""kind"":""primary"",""validFrom"":""1930-01-01"",""validUntil"":""1932-01-01""}],""identifiers"":{}}","[""Snapshot context is not observation date or boundary date."",""Map geometry does not establish sovereignty or succession."",""Religion projection uses explicit religious claim tags only; legacy density is excluded.""]","851acb012ccfa2a4bfa05ea83ec2694b3f773a7a6fee8703e87969c9225e6997",""
"entity-mesopotamia-gb@1938/religion","entity-mesopotamia-gb@1938","","Mesopotamia (GB)","1938","religion","MISSING","B","held-ambiguous","dependent-administration","true","[]","[]","[]","[]","{""map_identity_id"":""entity-mesopotamia-gb"",""aliases"":[],""historical_names"":[],""identifiers"":{}}","[""Snapshot context is not observation date or boundary date."",""Map geometry does not establish sovereignty or succession."",""Religion projection uses explicit religious claim tags only; legacy density is excluded."",""Resolve historical identity before proposing entity-specific facts.""]","851acb012ccfa2a4bfa05ea83ec2694b3f773a7a6fee8703e87969c9225e6997",""
"entity-syria-france@1920/religion","entity-syria-france@1920","","Syria (France)","1920","religion","MISSING","B","completely-empty","dependent-administration","true","[]","[]","[]","[]","{""map_identity_id"":""entity-syria-france"",""aliases"":[],""historical_names"":[],""identifiers"":{}}","[""Snapshot context is not observation date or boundary date."",""Map geometry does not establish sovereignty or succession."",""Religion projection uses explicit religious claim tags only; legacy density is excluded."",""Resolve historical identity before proposing entity-specific facts.""]","851acb012ccfa2a4bfa05ea83ec2694b3f773a7a6fee8703e87969c9225e6997",""
"entity-syria-france@1930/religion","entity-syria-france@1930","","Syria (France)","1930","religion","MISSING","B","completely-empty","dependent-administration","true","[]","[]","[]","[]","{""map_identity_id"":""entity-syria-france"",""aliases"":[],""historical_names"":[],""identifiers"":{}}","[""Snapshot context is not observation date or boundary date."",""Map geometry does not establish sovereignty or succession."",""Religion projection uses explicit religious claim tags only; legacy density is excluded."",""Resolve historical identity before proposing entity-specific facts.""]","851acb012ccfa2a4bfa05ea83ec2694b3f773a7a6fee8703e87969c9225e6997",""
"entity-syria-france@1938/religion","entity-syria-france@1938","syria-french-1930-constitutional-core","Syria — imposed 1930 constitution","1938","religion","MISSING","B","partially-supported","dependent-administration","false","[]","[]","[]","[]","{""map_identity_id"":""entity-syria-france"",""aliases"":[],""historical_names"":[{""value"":""Syria — imposed 1930 constitution"",""kind"":""primary"",""validFrom"":""1931-01-01"",""validUntil"":""1939-01-01""}],""identifiers"":{}}","[""Snapshot context is not observation date or boundary date."",""Map geometry does not establish sovereignty or succession."",""Religion projection uses explicit religious claim tags only; legacy density is excluded.""]","851acb012ccfa2a4bfa05ea83ec2694b3f773a7a6fee8703e87969c9225e6997",""
"entity-serbia@1878/religion","entity-serbia@1878","serbian-independent-principality-framework","Principality of Serbia — independent framework","1878","religion","MISSING","B","partially-supported","political-polity","false","[]","[]","[]","[]","{""map_identity_id"":""entity-serbia"",""aliases"":[],""historical_names"":[{""value"":""Principality of Serbia — independent framework"",""kind"":""primary"",""validFrom"":""1878-07-13"",""validUntil"":""1881-01-01""}],""identifiers"":{}}","[""Snapshot context is not observation date or boundary date."",""Map geometry does not establish sovereignty or succession."",""Religion projection uses explicit religious claim tags only; legacy density is excluded.""]","851acb012ccfa2a4bfa05ea83ec2694b3f773a7a6fee8703e87969c9225e6997",""
"entity-serbia@1880/religion","entity-serbia@1880","serbian-independent-principality-framework","Principality of Serbia — independent framework","1880","religion","MISSING","B","partially-supported","political-polity","false","[]","[]","[]","[]","{""map_identity_id"":""entity-serbia"",""aliases"":[],""historical_names"":[{""value"":""Principality of Serbia — independent framework"",""kind"":""primary"",""validFrom"":""1878-07-13"",""validUntil"":""1881-01-01""}],""identifiers"":{}}","[""Snapshot context is not observation date or boundary date."",""Map geometry does not establish sovereignty or succession."",""Religion projection uses explicit religious claim tags only; legacy density is excluded.""]","851acb012ccfa2a4bfa05ea83ec2694b3f773a7a6fee8703e87969c9225e6997",""
"entity-serbia@1900/religion","entity-serbia@1900","","Serbia","1900","religion","MISSING","B","completely-empty","political-polity","true","[]","[]","[]","[]","{""map_identity_id"":""entity-serbia"",""aliases"":[],""historical_names"":[],""identifiers"":{}}","[""Snapshot context is not observation date or boundary date."",""Map geometry does not establish sovereignty or succession."",""Religion projection uses explicit religious claim tags only; legacy density is excluded."",""Resolve historical identity before proposing entity-specific facts.""]","851acb012ccfa2a4bfa05ea83ec2694b3f773a7a6fee8703e87969c9225e6997",""
"entity-serbia@1914/religion","entity-serbia@1914","serbian-1903-royal-parliamentary-framework","Serbia — 1903 royal parliamentary framework","1914","religion","MISSING","B","core-supported","political-polity","false","[]","[]","[]","[]","{""map_identity_id"":""entity-serbia"",""aliases"":[],""historical_names"":[{""value"":""Serbia — 1903 royal parliamentary framework"",""kind"":""primary"",""validFrom"":""1904-01-01"",""validUntil"":""1915-01-01""}],""identifiers"":{}}","[""Snapshot context is not observation date or boundary date."",""Map geometry does not establish sovereignty or succession."",""Religion projection uses explicit religious claim tags only; legacy density is excluded.""]","851acb012ccfa2a4bfa05ea83ec2694b3f773a7a6fee8703e87969c9225e6997",""
"entity-dahomey@1800/religion","entity-dahomey@1800","dahomey-1800-royal-core","Dahomey — royal polity in 1800","1800","religion","MISSING","B","partially-supported","political-polity","false","[]","[]","[]","[]","{""map_identity_id"":""entity-dahomey"",""aliases"":[],""historical_names"":[{""value"":""Dahomey — royal polity in 1800"",""kind"":""primary"",""validFrom"":""1800-01-01"",""validUntil"":""1801-01-01""}],""identifiers"":{}}","[""Snapshot context is not observation date or boundary date."",""Map geometry does not establish sovereignty or succession."",""Religion projection uses explicit religious claim tags only; legacy density is excluded.""]","851acb012ccfa2a4bfa05ea83ec2694b3f773a7a6fee8703e87969c9225e6997",""
"entity-dahomey@1878/religion","entity-dahomey@1878","dahomey-1880-royal-core","Dahomey — kingdom around 1880","1878","religion","MISSING","B","partially-supported","political-polity","false","[]","[]","[]","[]","{""map_identity_id"":""entity-dahomey"",""aliases"":[],""historical_names"":[{""value"":""Dahomey — kingdom around 1880"",""kind"":""primary"",""validFrom"":""1878-01-01"",""validUntil"":""1881-01-01""}],""identifiers"":{}}","[""Snapshot context is not observation date or boundary date."",""Map geometry does not establish sovereignty or succession."",""Religion projection uses explicit religious claim tags only; legacy density is excluded.""]","851acb012ccfa2a4bfa05ea83ec2694b3f773a7a6fee8703e87969c9225e6997",""
"entity-dahomey@1880/religion","entity-dahomey@1880","dahomey-1880-royal-core","Dahomey — kingdom around 1880","1880","religion","MISSING","B","partially-supported","political-polity","false","[]","[]","[]","[]","{""map_identity_id"":""entity-dahomey"",""aliases"":[],""historical_names"":[{""value"":""Dahomey — kingdom around 1880"",""kind"":""primary"",""validFrom"":""1878-01-01"",""validUntil"":""1881-01-01""}],""identifiers"":{}}","[""Snapshot context is not observation date or boundary date."",""Map geometry does not establish sovereignty or succession."",""Religion projection uses explicit religious claim tags only; legacy density is excluded.""]","851acb012ccfa2a4bfa05ea83ec2694b3f773a7a6fee8703e87969c9225e6997",""
"entity-dahomey@1900/religion","entity-dahomey@1900","dahomey-1900-french-core","Dahomey — French colonial administration around 1900","1900","religion","MISSING","B","partially-supported","political-polity","false","[]","[]","[]","[]","{""map_identity_id"":""entity-dahomey"",""aliases"":[],""historical_names"":[{""value"":""Dahomey — French colonial administration around 1900"",""kind"":""primary"",""validFrom"":""1900-01-01"",""validUntil"":""1901-01-01""}],""identifiers"":{}}","[""Snapshot context is not observation date or boundary date."",""Map geometry does not establish sovereignty or succession."",""Religion projection uses explicit religious claim tags only; legacy density is excluded.""]","851acb012ccfa2a4bfa05ea83ec2694b3f773a7a6fee8703e87969c9225e6997",""
"entity-switzerland@1815/religion","entity-switzerland@1815","swiss-confederation-1815","Swiss Confederation","1815","religion","MISSING","B","partially-supported","political-polity","false","[]","[]","[]","[]","{""map_identity_id"":""entity-switzerland"",""aliases"":[],""historical_names"":[{""value"":""Swiss Confederation"",""kind"":""primary"",""validFrom"":""1815-08-07"",""validUntil"":""1848""}],""identifiers"":{}}","[""Snapshot context is not observation date or boundary date."",""Map geometry does not establish sovereignty or succession."",""Religion projection uses explicit religious claim tags only; legacy density is excluded.""]","851acb012ccfa2a4bfa05ea83ec2694b3f773a7a6fee8703e87969c9225e6997",""
"entity-switzerland@1878/religion","entity-switzerland@1878","swiss-federal-state","Switzerland","1878","religion","MISSING","B","core-supported","political-polity","false","[]","[]","[]","[]","{""map_identity_id"":""entity-switzerland"",""aliases"":[],""historical_names"":[{""value"":""Switzerland"",""kind"":""primary"",""validFrom"":""1848""}],""identifiers"":{}}","[""Snapshot context is not observation date or boundary date."",""Map geometry does not establish sovereignty or succession."",""Religion projection uses explicit religious claim tags only; legacy density is excluded.""]","851acb012ccfa2a4bfa05ea83ec2694b3f773a7a6fee8703e87969c9225e6997",""
"entity-switzerland@1880/religion","entity-switzerland@1880","swiss-federal-state","Switzerland","1880","religion","MISSING","B","core-supported","political-polity","false","[]","[]","[]","[]","{""map_identity_id"":""entity-switzerland"",""aliases"":[],""historical_names"":[{""value"":""Switzerland"",""kind"":""primary"",""validFrom"":""1848""}],""identifiers"":{}}","[""Snapshot context is not observation date or boundary date."",""Map geometry does not establish sovereignty or succession."",""Religion projection uses explicit religious claim tags only; legacy density is excluded.""]","851acb012ccfa2a4bfa05ea83ec2694b3f773a7a6fee8703e87969c9225e6997",""
"entity-switzerland@1900/religion","entity-switzerland@1900","swiss-federal-state","Switzerland","1900","religion","MISSING","B","core-supported","political-polity","false","[]","[]","[]","[]","{""map_identity_id"":""entity-switzerland"",""aliases"":[],""historical_names"":[{""value"":""Switzerland"",""kind"":""primary"",""validFrom"":""1848""}],""identifiers"":{}}","[""Snapshot context is not observation date or boundary date."",""Map geometry does not establish sovereignty or succession."",""Religion projection uses explicit religious claim tags only; legacy density is excluded.""]","851acb012ccfa2a4bfa05ea83ec2694b3f773a7a6fee8703e87969c9225e6997",""
"entity-switzerland@1914/religion","entity-switzerland@1914","swiss-federal-state","Switzerland","1914","religion","MISSING","B","core-supported","political-polity","false","[]","[]","[]","[]","{""map_identity_id"":""entity-switzerland"",""aliases"":[],""historical_names"":[{""value"":""Switzerland"",""kind"":""primary"",""validFrom"":""1848""}],""identifiers"":{}}","[""Snapshot context is not observation date or boundary date."",""Map geometry does not establish sovereignty or succession."",""Religion projection uses explicit religious claim tags only; legacy density is excluded.""]","851acb012ccfa2a4bfa05ea83ec2694b3f773a7a6fee8703e87969c9225e6997",""
"entity-switzerland@1920/religion","entity-switzerland@1920","swiss-federal-state","Switzerland","1920","religion","MISSING","B","core-supported","political-polity","false","[]","[]","[]","[]","{""map_identity_id"":""entity-switzerland"",""aliases"":[],""historical_names"":[{""value"":""Switzerland"",""kind"":""primary"",""validFrom"":""1848""}],""identifiers"":{}}","[""Snapshot context is not observation date or boundary date."",""Map geometry does not establish sovereignty or succession."",""Religion projection uses explicit religious claim tags only; legacy density is excluded.""]","851acb012ccfa2a4bfa05ea83ec2694b3f773a7a6fee8703e87969c9225e6997",""
"entity-switzerland@1930/religion","entity-switzerland@1930","swiss-federal-state","Switzerland","1930","religion","MISSING","B","core-supported","political-polity","false","[]","[]","[]","[]","{""map_identity_id"":""entity-switzerland"",""aliases"":[],""historical_names"":[{""value"":""Switzerland"",""kind"":""primary"",""validFrom"":""1848""}],""identifiers"":{}}","[""Snapshot context is not observation date or boundary date."",""Map geometry does not establish sovereignty or succession."",""Religion projection uses explicit religious claim tags only; legacy density is excluded.""]","851acb012ccfa2a4bfa05ea83ec2694b3f773a7a6fee8703e87969c9225e6997",""
"entity-switzerland@1938/religion","entity-switzerland@1938","swiss-federal-state","Switzerland","1938","religion","MISSING","B","core-supported","political-polity","false","[]","[]","[]","[]","{""map_identity_id"":""entity-switzerland"",""aliases"":[],""historical_names"":[{""value"":""Switzerland"",""kind"":""primary"",""validFrom"":""1848""}],""identifiers"":{}}","[""Snapshot context is not observation date or boundary date."",""Map geometry does not establish sovereignty or succession."",""Religion projection uses explicit religious claim tags only; legacy density is excluded.""]","851acb012ccfa2a4bfa05ea83ec2694b3f773a7a6fee8703e87969c9225e6997",""
"entity-switzerland@1945/religion","entity-switzerland@1945","swiss-federal-state","Switzerland","1945","religion","MISSING","B","core-supported","political-polity","false","[]","[]","[]","[]","{""map_identity_id"":""entity-switzerland"",""aliases"":[],""historical_names"":[{""value"":""Switzerland"",""kind"":""primary"",""validFrom"":""1848""}],""identifiers"":{}}","[""Snapshot context is not observation date or boundary date."",""Map geometry does not establish sovereignty or succession."",""Religion projection uses explicit religious claim tags only; legacy density is excluded.""]","851acb012ccfa2a4bfa05ea83ec2694b3f773a7a6fee8703e87969c9225e6997",""
"entity-switzerland@1960/religion","entity-switzerland@1960","swiss-federal-state","Switzerland","1960","religion","MISSING","B","core-supported","political-polity","false","[]","[]","[]","[]","{""map_identity_id"":""entity-switzerland"",""aliases"":[],""historical_names"":[{""value"":""Switzerland"",""kind"":""primary"",""validFrom"":""1848""}],""identifiers"":{}}","[""Snapshot context is not observation date or boundary date."",""Map geometry does not establish sovereignty or succession."",""Religion projection uses explicit religious claim tags only; legacy density is excluded.""]","851acb012ccfa2a4bfa05ea83ec2694b3f773a7a6fee8703e87969c9225e6997",""
"entity-netherlands@1878/religion","entity-netherlands@1878","netherlands-kingdom","Netherlands","1878","religion","MISSING","B","core-supported","political-polity","false","[]","[]","[]","[]","{""map_identity_id"":""entity-netherlands"",""aliases"":[],""historical_names"":[{""value"":""Netherlands"",""kind"":""primary"",""validFrom"":""1815-03-16""},{""value"":""Kingdom of the Netherlands"",""kind"":""formal"",""validFrom"":""1815-03-16"",""validUntil"":""1961-01-01""}],""identifiers"":{}}","[""Snapshot context is not observation date or boundary date."",""Map geometry does not establish sovereignty or succession."",""Religion projection uses explicit religious claim tags only; legacy density is excluded.""]","851acb012ccfa2a4bfa05ea83ec2694b3f773a7a6fee8703e87969c9225e6997",""
"entity-netherlands@1880/religion","entity-netherlands@1880","netherlands-kingdom","Netherlands","1880","religion","MISSING","B","core-supported","political-polity","false","[]","[]","[]","[]","{""map_identity_id"":""entity-netherlands"",""aliases"":[],""historical_names"":[{""value"":""Netherlands"",""kind"":""primary"",""validFrom"":""1815-03-16""},{""value"":""Kingdom of the Netherlands"",""kind"":""formal"",""validFrom"":""1815-03-16"",""validUntil"":""1961-01-01""}],""identifiers"":{}}","[""Snapshot context is not observation date or boundary date."",""Map geometry does not establish sovereignty or succession."",""Religion projection uses explicit religious claim tags only; legacy density is excluded.""]","851acb012ccfa2a4bfa05ea83ec2694b3f773a7a6fee8703e87969c9225e6997",""
"entity-netherlands@1900/religion","entity-netherlands@1900","netherlands-kingdom","Netherlands","1900","religion","MISSING","B","core-supported","political-polity","false","[]","[]","[]","[]","{""map_identity_id"":""entity-netherlands"",""aliases"":[],""historical_names"":[{""value"":""Netherlands"",""kind"":""primary"",""validFrom"":""1815-03-16""},{""value"":""Kingdom of the Netherlands"",""kind"":""formal"",""validFrom"":""1815-03-16"",""validUntil"":""1961-01-01""}],""identifiers"":{}}","[""Snapshot context is not observation date or boundary date."",""Map geometry does not establish sovereignty or succession."",""Religion projection uses explicit religious claim tags only; legacy density is excluded.""]","851acb012ccfa2a4bfa05ea83ec2694b3f773a7a6fee8703e87969c9225e6997",""
"entity-netherlands@1914/religion","entity-netherlands@1914","netherlands-kingdom","Netherlands","1914","religion","MISSING","B","core-supported","political-polity","false","[]","[]","[]","[]","{""map_identity_id"":""entity-netherlands"",""aliases"":[],""historical_names"":[{""value"":""Netherlands"",""kind"":""primary"",""validFrom"":""1815-03-16""},{""value"":""Kingdom of the Netherlands"",""kind"":""formal"",""validFrom"":""1815-03-16"",""validUntil"":""1961-01-01""}],""identifiers"":{}}","[""Snapshot context is not observation date or boundary date."",""Map geometry does not establish sovereignty or succession."",""Religion projection uses explicit religious claim tags only; legacy density is excluded.""]","851acb012ccfa2a4bfa05ea83ec2694b3f773a7a6fee8703e87969c9225e6997",""
"entity-netherlands@1920/religion","entity-netherlands@1920","netherlands-kingdom","Netherlands","1920","religion","MISSING","B","core-supported","political-polity","false","[]","[]","[]","[]","{""map_identity_id"":""entity-netherlands"",""aliases"":[],""historical_names"":[{""value"":""Netherlands"",""kind"":""primary"",""validFrom"":""1815-03-16""},{""value"":""Kingdom of the Netherlands"",""kind"":""formal"",""validFrom"":""1815-03-16"",""validUntil"":""1961-01-01""}],""identifiers"":{}}","[""Snapshot context is not observation date or boundary date."",""Map geometry does not establish sovereignty or succession."",""Religion projection uses explicit religious claim tags only; legacy density is excluded.""]","851acb012ccfa2a4bfa05ea83ec2694b3f773a7a6fee8703e87969c9225e6997",""
"entity-netherlands@1930/religion","entity-netherlands@1930","netherlands-kingdom","Netherlands","1930","religion","MISSING","B","core-supported","political-polity","false","[]","[]","[]","[]","{""map_identity_id"":""entity-netherlands"",""aliases"":[],""historical_names"":[{""value"":""Netherlands"",""kind"":""primary"",""validFrom"":""1815-03-16""},{""value"":""Kingdom of the Netherlands"",""kind"":""formal"",""validFrom"":""1815-03-16"",""validUntil"":""1961-01-01""}],""identifiers"":{}}","[""Snapshot context is not observation date or boundary date."",""Map geometry does not establish sovereignty or succession."",""Religion projection uses explicit religious claim tags only; legacy density is excluded.""]","851acb012ccfa2a4bfa05ea83ec2694b3f773a7a6fee8703e87969c9225e6997",""
"entity-netherlands@1938/religion","entity-netherlands@1938","netherlands-kingdom","Netherlands","1938","religion","MISSING","B","core-supported","political-polity","false","[]","[]","[]","[]","{""map_identity_id"":""entity-netherlands"",""aliases"":[],""historical_names"":[{""value"":""Netherlands"",""kind"":""primary"",""validFrom"":""1815-03-16""},{""value"":""Kingdom of the Netherlands"",""kind"":""formal"",""validFrom"":""1815-03-16"",""validUntil"":""1961-01-01""}],""identifiers"":{}}","[""Snapshot context is not observation date or boundary date."",""Map geometry does not establish sovereignty or succession."",""Religion projection uses explicit religious claim tags only; legacy density is excluded.""]","851acb012ccfa2a4bfa05ea83ec2694b3f773a7a6fee8703e87969c9225e6997",""
"entity-netherlands@1945/religion","entity-netherlands@1945","netherlands-kingdom","Netherlands","1945","religion","MISSING","B","partially-supported","political-polity","false","[]","[]","[]","[]","{""map_identity_id"":""entity-netherlands"",""aliases"":[],""historical_names"":[{""value"":""Netherlands"",""kind"":""primary"",""validFrom"":""1815-03-16""},{""value"":""Kingdom of the Netherlands"",""kind"":""formal"",""validFrom"":""1815-03-16"",""validUntil"":""1961-01-01""}],""identifiers"":{}}","[""Snapshot context is not observation date or boundary date."",""Map geometry does not establish sovereignty or succession."",""Religion projection uses explicit religious claim tags only; legacy density is excluded.""]","851acb012ccfa2a4bfa05ea83ec2694b3f773a7a6fee8703e87969c9225e6997",""
"entity-netherlands@1960/religion","entity-netherlands@1960","netherlands-kingdom","Netherlands","1960","religion","MISSING","B","partially-supported","political-polity","false","[]","[]","[]","[]","{""map_identity_id"":""entity-netherlands"",""aliases"":[],""historical_names"":[{""value"":""Netherlands"",""kind"":""primary"",""validFrom"":""1815-03-16""},{""value"":""Kingdom of the Netherlands"",""kind"":""formal"",""validFrom"":""1815-03-16"",""validUntil"":""1961-01-01""}],""identifiers"":{}}","[""Snapshot context is not observation date or boundary date."",""Map geometry does not establish sovereignty or succession."",""Religion projection uses explicit religious claim tags only; legacy density is excluded.""]","851acb012ccfa2a4bfa05ea83ec2694b3f773a7a6fee8703e87969c9225e6997",""
"entity-rhodesia@1914/religion","entity-rhodesia@1914","","Rhodesia","1914","religion","MISSING","B","held-ambiguous","dependent-administration","true","[]","[]","[]","[]","{""map_identity_id"":""entity-rhodesia"",""aliases"":[],""historical_names"":[],""identifiers"":{}}","[""Snapshot context is not observation date or boundary date."",""Map geometry does not establish sovereignty or succession."",""Religion projection uses explicit religious claim tags only; legacy density is excluded."",""Resolve historical identity before proposing entity-specific facts.""]","851acb012ccfa2a4bfa05ea83ec2694b3f773a7a6fee8703e87969c9225e6997",""
"entity-rhodesia@1945/religion","entity-rhodesia@1945","","Rhodesia","1945","religion","MISSING","B","held-ambiguous","dependent-administration","true","[]","[]","[]","[]","{""map_identity_id"":""entity-rhodesia"",""aliases"":[],""historical_names"":[],""identifiers"":{}}","[""Snapshot context is not observation date or boundary date."",""Map geometry does not establish sovereignty or succession."",""Religion projection uses explicit religious claim tags only; legacy density is excluded."",""Resolve historical identity before proposing entity-specific facts.""]","851acb012ccfa2a4bfa05ea83ec2694b3f773a7a6fee8703e87969c9225e6997",""
"entity-denmark@1815/religion","entity-denmark@1815","denmark-post-kiel","Denmark","1815","religion","MISSING","B","core-supported","political-polity","false","[]","[]","[]","[]","{""map_identity_id"":""entity-denmark"",""aliases"":[],""historical_names"":[{""value"":""Denmark"",""kind"":""primary"",""validFrom"":""1814-01-14""}],""identifiers"":{}}","[""Snapshot context is not observation date or boundary date."",""Map geometry does not establish sovereignty or succession."",""Religion projection uses explicit religious claim tags only; legacy density is excluded.""]","851acb012ccfa2a4bfa05ea83ec2694b3f773a7a6fee8703e87969c9225e6997",""
"entity-denmark@1878/religion","entity-denmark@1878","denmark-post-kiel","Denmark","1878","religion","MISSING","B","core-supported","political-polity","false","[]","[]","[]","[]","{""map_identity_id"":""entity-denmark"",""aliases"":[],""historical_names"":[{""value"":""Denmark"",""kind"":""primary"",""validFrom"":""1814-01-14""}],""identifiers"":{}}","[""Snapshot context is not observation date or boundary date."",""Map geometry does not establish sovereignty or succession."",""Religion projection uses explicit religious claim tags only; legacy density is excluded.""]","851acb012ccfa2a4bfa05ea83ec2694b3f773a7a6fee8703e87969c9225e6997",""
"entity-denmark@1880/religion","entity-denmark@1880","denmark-post-kiel","Denmark","1880","religion","MISSING","B","core-supported","political-polity","false","[]","[]","[]","[]","{""map_identity_id"":""entity-denmark"",""aliases"":[],""historical_names"":[{""value"":""Denmark"",""kind"":""primary"",""validFrom"":""1814-01-14""}],""identifiers"":{}}","[""Snapshot context is not observation date or boundary date."",""Map geometry does not establish sovereignty or succession."",""Religion projection uses explicit religious claim tags only; legacy density is excluded.""]","851acb012ccfa2a4bfa05ea83ec2694b3f773a7a6fee8703e87969c9225e6997",""
"entity-denmark@1900/religion","entity-denmark@1900","denmark-post-kiel","Denmark","1900","religion","MISSING","B","core-supported","political-polity","false","[]","[]","[]","[]","{""map_identity_id"":""entity-denmark"",""aliases"":[],""historical_names"":[{""value"":""Denmark"",""kind"":""primary"",""validFrom"":""1814-01-14""}],""identifiers"":{}}","[""Snapshot context is not observation date or boundary date."",""Map geometry does not establish sovereignty or succession."",""Religion projection uses explicit religious claim tags only; legacy density is excluded.""]","851acb012ccfa2a4bfa05ea83ec2694b3f773a7a6fee8703e87969c9225e6997",""
"entity-denmark@1914/religion","entity-denmark@1914","denmark-post-kiel","Denmark","1914","religion","MISSING","B","core-supported","political-polity","false","[]","[]","[]","[]","{""map_identity_id"":""entity-denmark"",""aliases"":[],""historical_names"":[{""value"":""Denmark"",""kind"":""primary"",""validFrom"":""1814-01-14""}],""identifiers"":{}}","[""Snapshot context is not observation date or boundary date."",""Map geometry does not establish sovereignty or succession."",""Religion projection uses explicit religious claim tags only; legacy density is excluded.""]","851acb012ccfa2a4bfa05ea83ec2694b3f773a7a6fee8703e87969c9225e6997",""
"entity-denmark@1920/religion","entity-denmark@1920","denmark-post-kiel","Denmark","1920","religion","MISSING","B","core-supported","political-polity","false","[]","[]","[]","[]","{""map_identity_id"":""entity-denmark"",""aliases"":[],""historical_names"":[{""value"":""Denmark"",""kind"":""primary"",""validFrom"":""1814-01-14""}],""identifiers"":{}}","[""Snapshot context is not observation date or boundary date."",""Map geometry does not establish sovereignty or succession."",""Religion projection uses explicit religious claim tags only; legacy density is excluded.""]","851acb012ccfa2a4bfa05ea83ec2694b3f773a7a6fee8703e87969c9225e6997",""
"entity-denmark@1930/religion","entity-denmark@1930","denmark-post-kiel","Denmark","1930","religion","MISSING","B","core-supported","political-polity","false","[]","[]","[]","[]","{""map_identity_id"":""entity-denmark"",""aliases"":[],""historical_names"":[{""value"":""Denmark"",""kind"":""primary"",""validFrom"":""1814-01-14""}],""identifiers"":{}}","[""Snapshot context is not observation date or boundary date."",""Map geometry does not establish sovereignty or succession."",""Religion projection uses explicit religious claim tags only; legacy density is excluded.""]","851acb012ccfa2a4bfa05ea83ec2694b3f773a7a6fee8703e87969c9225e6997",""
"entity-denmark@1938/religion","entity-denmark@1938","denmark-post-kiel","Denmark","1938","religion","MISSING","B","core-supported","political-polity","false","[]","[]","[]","[]","{""map_identity_id"":""entity-denmark"",""aliases"":[],""historical_names"":[{""value"":""Denmark"",""kind"":""primary"",""validFrom"":""1814-01-14""}],""identifiers"":{}}","[""Snapshot context is not observation date or boundary date."",""Map geometry does not establish sovereignty or succession."",""Religion projection uses explicit religious claim tags only; legacy density is excluded.""]","851acb012ccfa2a4bfa05ea83ec2694b3f773a7a6fee8703e87969c9225e6997",""
"entity-denmark@1945/religion","entity-denmark@1945","denmark-post-kiel","Denmark","1945","religion","MISSING","B","core-supported","political-polity","false","[]","[]","[]","[]","{""map_identity_id"":""entity-denmark"",""aliases"":[],""historical_names"":[{""value"":""Denmark"",""kind"":""primary"",""validFrom"":""1814-01-14""}],""identifiers"":{}}","[""Snapshot context is not observation date or boundary date."",""Map geometry does not establish sovereignty or succession."",""Religion projection uses explicit religious claim tags only; legacy density is excluded.""]","851acb012ccfa2a4bfa05ea83ec2694b3f773a7a6fee8703e87969c9225e6997",""
"entity-denmark@1960/religion","entity-denmark@1960","denmark-post-kiel","Denmark","1960","religion","MISSING","B","core-supported","political-polity","false","[]","[]","[]","[]","{""map_identity_id"":""entity-denmark"",""aliases"":[],""historical_names"":[{""value"":""Denmark"",""kind"":""primary"",""validFrom"":""1814-01-14""}],""identifiers"":{}}","[""Snapshot context is not observation date or boundary date."",""Map geometry does not establish sovereignty or succession."",""Religion projection uses explicit religious claim tags only; legacy density is excluded.""]","851acb012ccfa2a4bfa05ea83ec2694b3f773a7a6fee8703e87969c9225e6997",""
"entity-mongolia@1914/religion","entity-mongolia@1914","mongolia-bogd-autonomous-framework","Outer Mongolia — Bogdo Khan framework","1914","religion","MISSING","B","core-supported","political-polity","false","[]","[]","[]","[]","{""map_identity_id"":""entity-mongolia"",""aliases"":[],""historical_names"":[{""value"":""Outer Mongolia — Bogdo Khan framework"",""kind"":""primary"",""validFrom"":""1911-12"",""validUntil"":""1919-10""}],""identifiers"":{}}","[""Snapshot context is not observation date or boundary date."",""Map geometry does not establish sovereignty or succession."",""Religion projection uses explicit religious claim tags only; legacy density is excluded.""]","851acb012ccfa2a4bfa05ea83ec2694b3f773a7a6fee8703e87969c9225e6997",""
"entity-mongolia@1920/religion","entity-mongolia@1920","mongolia-chinese-occupation","Outer Mongolia — Chinese military occupation","1920","religion","MISSING","B","partially-supported","political-polity","false","[]","[]","[]","[]","{""map_identity_id"":""entity-mongolia"",""aliases"":[],""historical_names"":[{""value"":""Outer Mongolia — Chinese military occupation"",""kind"":""primary"",""validFrom"":""1919-10"",""validUntil"":""1921-02""}],""identifiers"":{}}","[""Snapshot context is not observation date or boundary date."",""Map geometry does not establish sovereignty or succession."",""Religion projection uses explicit religious claim tags only; legacy density is excluded.""]","851acb012ccfa2a4bfa05ea83ec2694b3f773a7a6fee8703e87969c9225e6997",""
"entity-mongolia@1930/religion","entity-mongolia@1930","mongolia-peoples-republic-framework","Mongolian People’s Republic","1930","religion","MISSING","B","core-supported","political-polity","false","[]","[]","[]","[]","{""map_identity_id"":""entity-mongolia"",""aliases"":[],""historical_names"":[{""value"":""Mongolian People’s Republic"",""kind"":""primary"",""validFrom"":""1924-11"",""validUntil"":""1961-01-01""}],""identifiers"":{}}","[""Snapshot context is not observation date or boundary date."",""Map geometry does not establish sovereignty or succession."",""Religion projection uses explicit religious claim tags only; legacy density is excluded.""]","851acb012ccfa2a4bfa05ea83ec2694b3f773a7a6fee8703e87969c9225e6997",""
"entity-mongolia@1938/religion","entity-mongolia@1938","mongolia-peoples-republic-framework","Mongolian People’s Republic","1938","religion","MISSING","B","core-supported","political-polity","false","[]","[]","[]","[]","{""map_identity_id"":""entity-mongolia"",""aliases"":[],""historical_names"":[{""value"":""Mongolian People’s Republic"",""kind"":""primary"",""validFrom"":""1924-11"",""validUntil"":""1961-01-01""}],""identifiers"":{}}","[""Snapshot context is not observation date or boundary date."",""Map geometry does not establish sovereignty or succession."",""Religion projection uses explicit religious claim tags only; legacy density is excluded.""]","851acb012ccfa2a4bfa05ea83ec2694b3f773a7a6fee8703e87969c9225e6997",""
"entity-mongolia@1945/religion","entity-mongolia@1945","mongolia-peoples-republic-framework","Mongolian People’s Republic","1945","religion","MISSING","B","core-supported","political-polity","false","[]","[]","[]","[]","{""map_identity_id"":""entity-mongolia"",""aliases"":[],""historical_names"":[{""value"":""Mongolian People’s Republic"",""kind"":""primary"",""validFrom"":""1924-11"",""validUntil"":""1961-01-01""}],""identifiers"":{}}","[""Snapshot context is not observation date or boundary date."",""Map geometry does not establish sovereignty or succession."",""Religion projection uses explicit religious claim tags only; legacy density is excluded.""]","851acb012ccfa2a4bfa05ea83ec2694b3f773a7a6fee8703e87969c9225e6997",""
"entity-mongolia@1960/religion","entity-mongolia@1960","mongolia-peoples-republic-framework","Mongolian People’s Republic","1960","religion","MISSING","B","partially-supported","political-polity","false","[]","[]","[]","[]","{""map_identity_id"":""entity-mongolia"",""aliases"":[],""historical_names"":[{""value"":""Mongolian People’s Republic"",""kind"":""primary"",""validFrom"":""1924-11"",""validUntil"":""1961-01-01""}],""identifiers"":{}}","[""Snapshot context is not observation date or boundary date."",""Map geometry does not establish sovereignty or succession."",""Religion projection uses explicit religious claim tags only; legacy density is excluded.""]","851acb012ccfa2a4bfa05ea83ec2694b3f773a7a6fee8703e87969c9225e6997",""
"entity-libya@1914/religion","entity-libya@1914","libya-italian-claims-1914-framework","Libya — contested Italian colonial claims","1914","religion","MISSING","B","partially-supported","political-polity","false","[]","[]","[]","[]","{""map_identity_id"":""entity-libya"",""aliases"":[],""historical_names"":[{""value"":""Libya — contested Italian colonial claims"",""kind"":""primary"",""validFrom"":""1913-01-01"",""validUntil"":""1915-01-01""}],""identifiers"":{}}","[""Snapshot context is not observation date or boundary date."",""Map geometry does not establish sovereignty or succession."",""Religion projection uses explicit religious claim tags only; legacy density is excluded.""]","851acb012ccfa2a4bfa05ea83ec2694b3f773a7a6fee8703e87969c9225e6997",""
"entity-libya@1938/religion","entity-libya@1938","libya-italian-unified-colony-framework","Libya — Italian unified colony","1938","religion","MISSING","B","partially-supported","political-polity","false","[]","[]","[]","[]","{""map_identity_id"":""entity-libya"",""aliases"":[],""historical_names"":[{""value"":""Libya — Italian unified colony"",""kind"":""primary"",""validFrom"":""1935-01-01"",""validUntil"":""1939-01-01""}],""identifiers"":{}}","[""Snapshot context is not observation date or boundary date."",""Map geometry does not establish sovereignty or succession."",""Religion projection uses explicit religious claim tags only; legacy density is excluded.""]","851acb012ccfa2a4bfa05ea83ec2694b3f773a7a6fee8703e87969c9225e6997",""
"entity-libya@1960/religion","entity-libya@1960","libya-federal-monarchy-1960-framework","Kingdom of Libya — federal monarchy","1960","religion","MISSING","B","partially-supported","political-polity","false","[]","[]","[]","[]","{""map_identity_id"":""entity-libya"",""aliases"":[],""historical_names"":[{""value"":""Kingdom of Libya — federal monarchy"",""kind"":""primary"",""validFrom"":""1960-01-01"",""validUntil"":""1961-01-01""}],""identifiers"":{}}","[""Snapshot context is not observation date or boundary date."",""Map geometry does not establish sovereignty or succession."",""Religion projection uses explicit religious claim tags only; legacy density is excluded.""]","851acb012ccfa2a4bfa05ea83ec2694b3f773a7a6fee8703e87969c9225e6997",""
"entity-niger@1945/religion","entity-niger@1945","","Niger","1945","religion","MISSING","B","completely-empty","dependent-administration","true","[]","[]","[]","[]","{""map_identity_id"":""entity-niger"",""aliases"":[],""historical_names"":[],""identifiers"":{}}","[""Snapshot context is not observation date or boundary date."",""Map geometry does not establish sovereignty or succession."",""Religion projection uses explicit religious claim tags only; legacy density is excluded."",""Resolve historical identity before proposing entity-specific facts.""]","851acb012ccfa2a4bfa05ea83ec2694b3f773a7a6fee8703e87969c9225e6997",""
"entity-niger@1960/religion","entity-niger@1960","b16-niger-independence","Republic of Niger — independence period","1960","religion","MISSING","B","partially-supported","dependent-administration","false","[]","[]","[]","[]","{""map_identity_id"":""entity-niger"",""aliases"":[],""historical_names"":[{""value"":""Republic of Niger — independence period"",""kind"":""primary"",""validFrom"":""1960-08-03"",""validUntil"":""1961-01-01""}],""identifiers"":{}}","[""Snapshot context is not observation date or boundary date."",""Map geometry does not establish sovereignty or succession."",""Religion projection uses explicit religious claim tags only; legacy density is excluded.""]","851acb012ccfa2a4bfa05ea83ec2694b3f773a7a6fee8703e87969c9225e6997",""
"entity-viceroyalty-of-new-granada@1800/religion","entity-viceroyalty-of-new-granada@1800","new-granada-recovery-1800","Viceroyalty of New Granada — institutional context","1800","religion","MISSING","B","partially-supported","dependent-administration","false","[]","[]","[]","[]","{""map_identity_id"":""entity-viceroyalty-of-new-granada"",""aliases"":[],""historical_names"":[{""value"":""Viceroyalty of New Granada — institutional context"",""kind"":""primary"",""validFrom"":""1800-01-01"",""validUntil"":""1801-01-01""}],""identifiers"":{}}","[""Snapshot context is not observation date or boundary date."",""Map geometry does not establish sovereignty or succession."",""Religion projection uses explicit religious claim tags only; legacy density is excluded.""]","851acb012ccfa2a4bfa05ea83ec2694b3f773a7a6fee8703e87969c9225e6997",""
"entity-viceroyalty-of-new-granada@1815/religion","entity-viceroyalty-of-new-granada@1815","new-granada-recovery-1815","New Granada — fragmented authority and reconquest context","1815","religion","MISSING","B","partially-supported","composite-political-region","false","[]","[]","[]","[]","{""map_identity_id"":""entity-viceroyalty-of-new-granada"",""aliases"":[],""historical_names"":[{""value"":""New Granada — fragmented authority and reconquest context"",""kind"":""primary"",""validFrom"":""1815-01-01"",""validUntil"":""1816-01-01""}],""identifiers"":{}}","[""Snapshot context is not observation date or boundary date."",""Map geometry does not establish sovereignty or succession."",""Religion projection uses explicit religious claim tags only; legacy density is excluded.""]","851acb012ccfa2a4bfa05ea83ec2694b3f773a7a6fee8703e87969c9225e6997",""
"entity-libya-it@1920/religion","entity-libya-it@1920","","Libya (IT)","1920","religion","MISSING","B","completely-empty","dependent-administration","true","[]","[]","[]","[]","{""map_identity_id"":""entity-libya-it"",""aliases"":[],""historical_names"":[],""identifiers"":{}}","[""Snapshot context is not observation date or boundary date."",""Map geometry does not establish sovereignty or succession."",""Religion projection uses explicit religious claim tags only; legacy density is excluded."",""Resolve historical identity before proposing entity-specific facts.""]","851acb012ccfa2a4bfa05ea83ec2694b3f773a7a6fee8703e87969c9225e6997",""
"entity-libya-it@1930/religion","entity-libya-it@1930","libya-italian-reconquest-1930-framework","Libya — Italian colonial reconquest","1930","religion","MISSING","B","partially-supported","dependent-administration","false","[]","[]","[]","[]","{""map_identity_id"":""entity-libya-it"",""aliases"":[],""historical_names"":[{""value"":""Libya — Italian colonial reconquest"",""kind"":""primary"",""validFrom"":""1930-01-01"",""validUntil"":""1931-01-01""}],""identifiers"":{}}","[""Snapshot context is not observation date or boundary date."",""Map geometry does not establish sovereignty or succession."",""Religion projection uses explicit religious claim tags only; legacy density is excluded.""]","851acb012ccfa2a4bfa05ea83ec2694b3f773a7a6fee8703e87969c9225e6997",""
"entity-portuguese-east-africa@1800/religion","entity-portuguese-east-africa@1800","b20-portuguese-mozambique","Mozambique — Portuguese colonial administration","1800","religion","MISSING","B","partially-supported","dependent-administration","false","[]","[]","[]","[]","{""map_identity_id"":""entity-portuguese-east-africa"",""aliases"":[],""historical_names"":[{""value"":""Mozambique — Portuguese colonial administration"",""kind"":""primary"",""validFrom"":""1800-01-01"",""validUntil"":""1816-01-01""},{""value"":""Mozambique — Portuguese colony"",""kind"":""primary"",""validFrom"":""1878-01-01"",""validUntil"":""1946-01-01""},{""value"":""Mozambique — Portuguese overseas province"",""kind"":""primary"",""validFrom"":""1960-01-01"",""validUntil"":""1961-01-01""}],""identifiers"":{}}","[""Snapshot context is not observation date or boundary date."",""Map geometry does not establish sovereignty or succession."",""Religion projection uses explicit religious claim tags only; legacy density is excluded.""]","851acb012ccfa2a4bfa05ea83ec2694b3f773a7a6fee8703e87969c9225e6997",""
"entity-portuguese-east-africa@1815/religion","entity-portuguese-east-africa@1815","b20-portuguese-mozambique","Mozambique — Portuguese colonial administration","1815","religion","MISSING","B","partially-supported","dependent-administration","false","[]","[]","[]","[]","{""map_identity_id"":""entity-portuguese-east-africa"",""aliases"":[],""historical_names"":[{""value"":""Mozambique — Portuguese colonial administration"",""kind"":""primary"",""validFrom"":""1800-01-01"",""validUntil"":""1816-01-01""},{""value"":""Mozambique — Portuguese colony"",""kind"":""primary"",""validFrom"":""1878-01-01"",""validUntil"":""1946-01-01""},{""value"":""Mozambique — Portuguese overseas province"",""kind"":""primary"",""validFrom"":""1960-01-01"",""validUntil"":""1961-01-01""}],""identifiers"":{}}","[""Snapshot context is not observation date or boundary date."",""Map geometry does not establish sovereignty or succession."",""Religion projection uses explicit religious claim tags only; legacy density is excluded.""]","851acb012ccfa2a4bfa05ea83ec2694b3f773a7a6fee8703e87969c9225e6997",""
"entity-portuguese-east-africa@1900/religion","entity-portuguese-east-africa@1900","b20-portuguese-mozambique","Mozambique — Portuguese colony","1900","religion","MISSING","B","partially-supported","dependent-administration","false","[]","[]","[]","[]","{""map_identity_id"":""entity-portuguese-east-africa"",""aliases"":[],""historical_names"":[{""value"":""Mozambique — Portuguese colonial administration"",""kind"":""primary"",""validFrom"":""1800-01-01"",""validUntil"":""1816-01-01""},{""value"":""Mozambique — Portuguese colony"",""kind"":""primary"",""validFrom"":""1878-01-01"",""validUntil"":""1946-01-01""},{""value"":""Mozambique — Portuguese overseas province"",""kind"":""primary"",""validFrom"":""1960-01-01"",""validUntil"":""1961-01-01""}],""identifiers"":{}}","[""Snapshot context is not observation date or boundary date."",""Map geometry does not establish sovereignty or succession."",""Religion projection uses explicit religious claim tags only; legacy density is excluded.""]","851acb012ccfa2a4bfa05ea83ec2694b3f773a7a6fee8703e87969c9225e6997",""
"entity-sokoto-caliphate@1878/religion","entity-sokoto-caliphate@1878","sokoto-late-nineteenth-caliphate-core","Sokoto — late nineteenth-century caliphate","1878","religion","MISSING","B","partially-supported","political-polity","false","[]","[]","[]","[]","{""map_identity_id"":""entity-sokoto-caliphate"",""aliases"":[],""historical_names"":[{""value"":""Sokoto — late nineteenth-century caliphate"",""kind"":""primary"",""validFrom"":""1878-01-01"",""validUntil"":""1901-01-01""},{""value"":""Sokoto Caliphate — early confederation"",""kind"":""primary"",""validFrom"":""1810-01-01"",""validUntil"":""1817-01-01""}],""identifiers"":{}}","[""Snapshot context is not observation date or boundary date."",""Map geometry does not establish sovereignty or succession."",""Religion projection uses explicit religious claim tags only; legacy density is excluded.""]","851acb012ccfa2a4bfa05ea83ec2694b3f773a7a6fee8703e87969c9225e6997",""
"entity-sokoto-caliphate@1880/religion","entity-sokoto-caliphate@1880","sokoto-late-nineteenth-caliphate-core","Sokoto — late nineteenth-century caliphate","1880","religion","MISSING","B","partially-supported","political-polity","false","[]","[]","[]","[]","{""map_identity_id"":""entity-sokoto-caliphate"",""aliases"":[],""historical_names"":[{""value"":""Sokoto — late nineteenth-century caliphate"",""kind"":""primary"",""validFrom"":""1878-01-01"",""validUntil"":""1901-01-01""},{""value"":""Sokoto Caliphate — early confederation"",""kind"":""primary"",""validFrom"":""1810-01-01"",""validUntil"":""1817-01-01""}],""identifiers"":{}}","[""Snapshot context is not observation date or boundary date."",""Map geometry does not establish sovereignty or succession."",""Religion projection uses explicit religious claim tags only; legacy density is excluded.""]","851acb012ccfa2a4bfa05ea83ec2694b3f773a7a6fee8703e87969c9225e6997",""
"entity-sokoto-caliphate@1900/religion","entity-sokoto-caliphate@1900","sokoto-late-nineteenth-caliphate-core","Sokoto — late nineteenth-century caliphate","1900","religion","MISSING","B","partially-supported","political-polity","false","[]","[]","[]","[]","{""map_identity_id"":""entity-sokoto-caliphate"",""aliases"":[],""historical_names"":[{""value"":""Sokoto — late nineteenth-century caliphate"",""kind"":""primary"",""validFrom"":""1878-01-01"",""validUntil"":""1901-01-01""},{""value"":""Sokoto Caliphate — early confederation"",""kind"":""primary"",""validFrom"":""1810-01-01"",""validUntil"":""1817-01-01""}],""identifiers"":{}}","[""Snapshot context is not observation date or boundary date."",""Map geometry does not establish sovereignty or succession."",""Religion projection uses explicit religious claim tags only; legacy density is excluded.""]","851acb012ccfa2a4bfa05ea83ec2694b3f773a7a6fee8703e87969c9225e6997",""
"entity-pakistan@1945/religion","entity-pakistan@1945","","Pakistan","1945","religion","MISSING","B","held-ambiguous","political-polity","true","[]","[]","[]","[]","{""map_identity_id"":""entity-pakistan"",""aliases"":[],""historical_names"":[],""identifiers"":{}}","[""Snapshot context is not observation date or boundary date."",""Map geometry does not establish sovereignty or succession."",""Religion projection uses explicit religious claim tags only; legacy density is excluded."",""Resolve historical identity before proposing entity-specific facts.""]","851acb012ccfa2a4bfa05ea83ec2694b3f773a7a6fee8703e87969c9225e6997",""
"entity-pakistan@1960/religion","entity-pakistan@1960","pakistan-1958-martial-law-framework","Pakistan — martial-law framework","1960","religion","MISSING","B","partially-supported","political-polity","false","[]","[]","[]","[]","{""map_identity_id"":""entity-pakistan"",""aliases"":[],""historical_names"":[{""value"":""Pakistan — martial-law framework"",""kind"":""primary"",""validFrom"":""1958-10-07"",""validUntil"":""1961-01-01""}],""identifiers"":{}}","[""Snapshot context is not observation date or boundary date."",""Map geometry does not establish sovereignty or succession."",""Religion projection uses explicit religious claim tags only; legacy density is excluded.""]","851acb012ccfa2a4bfa05ea83ec2694b3f773a7a6fee8703e87969c9225e6997",""
"entity-viceroyalty-of-peru@1800/religion","entity-viceroyalty-of-peru@1800","peru-late-viceroyal-framework","Peru — Spanish viceroyal government","1800","religion","MISSING","B","partially-supported","dependent-administration","false","[]","[]","[]","[]","{""map_identity_id"":""entity-viceroyalty-of-peru"",""aliases"":[],""historical_names"":[{""value"":""Peru — Spanish viceroyal government"",""kind"":""primary"",""validFrom"":""1800-01-01"",""validUntil"":""1820-01-01""}],""identifiers"":{}}","[""Snapshot context is not observation date or boundary date."",""Map geometry does not establish sovereignty or succession."",""Religion projection uses explicit religious claim tags only; legacy density is excluded.""]","851acb012ccfa2a4bfa05ea83ec2694b3f773a7a6fee8703e87969c9225e6997",""
"entity-viceroyalty-of-peru@1815/religion","entity-viceroyalty-of-peru@1815","peru-late-viceroyal-framework","Peru — Spanish viceroyal government","1815","religion","MISSING","B","partially-supported","dependent-administration","false","[]","[]","[]","[]","{""map_identity_id"":""entity-viceroyalty-of-peru"",""aliases"":[],""historical_names"":[{""value"":""Peru — Spanish viceroyal government"",""kind"":""primary"",""validFrom"":""1800-01-01"",""validUntil"":""1820-01-01""}],""identifiers"":{}}","[""Snapshot context is not observation date or boundary date."",""Map geometry does not establish sovereignty or succession."",""Religion projection uses explicit religious claim tags only; legacy density is excluded.""]","851acb012ccfa2a4bfa05ea83ec2694b3f773a7a6fee8703e87969c9225e6997",""
"entity-gold-coast@1914/religion","entity-gold-coast@1914","gold-coast-pre1925-councils-core","Gold Coast — appointed colonial council order","1914","religion","MISSING","B","partially-supported","dependent-administration","false","[]","[]","[]","[]","{""map_identity_id"":""entity-gold-coast"",""aliases"":[],""historical_names"":[{""value"":""Gold Coast — appointed colonial council order"",""kind"":""primary"",""validFrom"":""1903-01-01"",""validUntil"":""1925-01-01""}],""identifiers"":{}}","[""Snapshot context is not observation date or boundary date."",""Map geometry does not establish sovereignty or succession."",""Religion projection uses explicit religious claim tags only; legacy density is excluded.""]","851acb012ccfa2a4bfa05ea83ec2694b3f773a7a6fee8703e87969c9225e6997",""
"entity-gold-coast@1938/religion","entity-gold-coast@1938","gold-coast-post1935-authorities-core","Gold Coast — appointed Native Authorities framework","1938","religion","MISSING","B","partially-supported","dependent-administration","false","[]","[]","[]","[]","{""map_identity_id"":""entity-gold-coast"",""aliases"":[],""historical_names"":[{""value"":""Gold Coast — appointed Native Authorities framework"",""kind"":""primary"",""validFrom"":""1936-01-01"",""validUntil"":""1946-01-01""}],""identifiers"":{}}","[""Snapshot context is not observation date or boundary date."",""Map geometry does not establish sovereignty or succession."",""Religion projection uses explicit religious claim tags only; legacy density is excluded.""]","851acb012ccfa2a4bfa05ea83ec2694b3f773a7a6fee8703e87969c9225e6997",""
"entity-gold-coast@1945/religion","entity-gold-coast@1945","gold-coast-post1935-authorities-core","Gold Coast — appointed Native Authorities framework","1945","religion","MISSING","B","partially-supported","dependent-administration","false","[]","[]","[]","[]","{""map_identity_id"":""entity-gold-coast"",""aliases"":[],""historical_names"":[{""value"":""Gold Coast — appointed Native Authorities framework"",""kind"":""primary"",""validFrom"":""1936-01-01"",""validUntil"":""1946-01-01""}],""identifiers"":{}}","[""Snapshot context is not observation date or boundary date."",""Map geometry does not establish sovereignty or succession."",""Religion projection uses explicit religious claim tags only; legacy density is excluded.""]","851acb012ccfa2a4bfa05ea83ec2694b3f773a7a6fee8703e87969c9225e6997",""
"entity-belgium@1878/religion","entity-belgium@1878","belgium-kingdom","Belgium","1878","religion","MISSING","B","core-supported","political-polity","false","[]","[]","[]","[]","{""map_identity_id"":""entity-belgium"",""aliases"":[],""historical_names"":[{""value"":""Belgium"",""kind"":""primary"",""validFrom"":""1830""}],""identifiers"":{}}","[""Snapshot context is not observation date or boundary date."",""Map geometry does not establish sovereignty or succession."",""Religion projection uses explicit religious claim tags only; legacy density is excluded.""]","851acb012ccfa2a4bfa05ea83ec2694b3f773a7a6fee8703e87969c9225e6997",""
"entity-belgium@1880/religion","entity-belgium@1880","belgium-kingdom","Belgium","1880","religion","MISSING","B","core-supported","political-polity","false","[]","[]","[]","[]","{""map_identity_id"":""entity-belgium"",""aliases"":[],""historical_names"":[{""value"":""Belgium"",""kind"":""primary"",""validFrom"":""1830""}],""identifiers"":{}}","[""Snapshot context is not observation date or boundary date."",""Map geometry does not establish sovereignty or succession."",""Religion projection uses explicit religious claim tags only; legacy density is excluded.""]","851acb012ccfa2a4bfa05ea83ec2694b3f773a7a6fee8703e87969c9225e6997",""
"entity-belgium@1900/religion","entity-belgium@1900","belgium-kingdom","Belgium","1900","religion","MISSING","B","core-supported","political-polity","false","[]","[]","[]","[]","{""map_identity_id"":""entity-belgium"",""aliases"":[],""historical_names"":[{""value"":""Belgium"",""kind"":""primary"",""validFrom"":""1830""}],""identifiers"":{}}","[""Snapshot context is not observation date or boundary date."",""Map geometry does not establish sovereignty or succession."",""Religion projection uses explicit religious claim tags only; legacy density is excluded.""]","851acb012ccfa2a4bfa05ea83ec2694b3f773a7a6fee8703e87969c9225e6997",""
"entity-belgium@1914/religion","entity-belgium@1914","belgium-kingdom","Belgium","1914","religion","MISSING","B","core-supported","political-polity","false","[]","[]","[]","[]","{""map_identity_id"":""entity-belgium"",""aliases"":[],""historical_names"":[{""value"":""Belgium"",""kind"":""primary"",""validFrom"":""1830""}],""identifiers"":{}}","[""Snapshot context is not observation date or boundary date."",""Map geometry does not establish sovereignty or succession."",""Religion projection uses explicit religious claim tags only; legacy density is excluded.""]","851acb012ccfa2a4bfa05ea83ec2694b3f773a7a6fee8703e87969c9225e6997",""
"entity-belgium@1920/religion","entity-belgium@1920","belgium-kingdom","Belgium","1920","religion","MISSING","B","core-supported","political-polity","false","[]","[]","[]","[]","{""map_identity_id"":""entity-belgium"",""aliases"":[],""historical_names"":[{""value"":""Belgium"",""kind"":""primary"",""validFrom"":""1830""}],""identifiers"":{}}","[""Snapshot context is not observation date or boundary date."",""Map geometry does not establish sovereignty or succession."",""Religion projection uses explicit religious claim tags only; legacy density is excluded.""]","851acb012ccfa2a4bfa05ea83ec2694b3f773a7a6fee8703e87969c9225e6997",""
"entity-belgium@1930/religion","entity-belgium@1930","belgium-kingdom","Belgium","1930","religion","MISSING","B","core-supported","political-polity","false","[]","[]","[]","[]","{""map_identity_id"":""entity-belgium"",""aliases"":[],""historical_names"":[{""value"":""Belgium"",""kind"":""primary"",""validFrom"":""1830""}],""identifiers"":{}}","[""Snapshot context is not observation date or boundary date."",""Map geometry does not establish sovereignty or succession."",""Religion projection uses explicit religious claim tags only; legacy density is excluded.""]","851acb012ccfa2a4bfa05ea83ec2694b3f773a7a6fee8703e87969c9225e6997",""
"entity-belgium@1938/religion","entity-belgium@1938","belgium-kingdom","Belgium","1938","religion","MISSING","B","core-supported","political-polity","false","[]","[]","[]","[]","{""map_identity_id"":""entity-belgium"",""aliases"":[],""historical_names"":[{""value"":""Belgium"",""kind"":""primary"",""validFrom"":""1830""}],""identifiers"":{}}","[""Snapshot context is not observation date or boundary date."",""Map geometry does not establish sovereignty or succession."",""Religion projection uses explicit religious claim tags only; legacy density is excluded.""]","851acb012ccfa2a4bfa05ea83ec2694b3f773a7a6fee8703e87969c9225e6997",""
"entity-belgium@1945/religion","entity-belgium@1945","belgium-kingdom","Belgium","1945","religion","MISSING","B","core-supported","political-polity","false","[]","[]","[]","[]","{""map_identity_id"":""entity-belgium"",""aliases"":[],""historical_names"":[{""value"":""Belgium"",""kind"":""primary"",""validFrom"":""1830""}],""identifiers"":{}}","[""Snapshot context is not observation date or boundary date."",""Map geometry does not establish sovereignty or succession."",""Religion projection uses explicit religious claim tags only; legacy density is excluded.""]","851acb012ccfa2a4bfa05ea83ec2694b3f773a7a6fee8703e87969c9225e6997",""
"entity-belgium@1960/religion","entity-belgium@1960","belgium-kingdom","Belgium","1960","religion","MISSING","B","core-supported","political-polity","false","[]","[]","[]","[]","{""map_identity_id"":""entity-belgium"",""aliases"":[],""historical_names"":[{""value"":""Belgium"",""kind"":""primary"",""validFrom"":""1830""}],""identifiers"":{}}","[""Snapshot context is not observation date or boundary date."",""Map geometry does not establish sovereignty or succession."",""Religion projection uses explicit religious claim tags only; legacy density is excluded.""]","851acb012ccfa2a4bfa05ea83ec2694b3f773a7a6fee8703e87969c9225e6997",""
"entity-chad@1945/religion","entity-chad@1945","b17-chad-1945","Chad — French colonial administration","1945","religion","MISSING","B","partially-supported","dependent-administration","false","[]","[]","[]","[]","{""map_identity_id"":""entity-chad"",""aliases"":[],""historical_names"":[{""value"":""Chad — French colonial administration"",""kind"":""primary"",""validFrom"":""1945-01-01"",""validUntil"":""1946-01-01""}],""identifiers"":{}}","[""Snapshot context is not observation date or boundary date."",""Map geometry does not establish sovereignty or succession."",""Religion projection uses explicit religious claim tags only; legacy density is excluded.""]","851acb012ccfa2a4bfa05ea83ec2694b3f773a7a6fee8703e87969c9225e6997",""
"entity-chad@1960/religion","entity-chad@1960","","Chad","1960","religion","MISSING","B","held-ambiguous","dependent-administration","true","[]","[]","[]","[]","{""map_identity_id"":""entity-chad"",""aliases"":[],""historical_names"":[],""identifiers"":{}}","[""Snapshot context is not observation date or boundary date."",""Map geometry does not establish sovereignty or succession."",""Religion projection uses explicit religious claim tags only; legacy density is excluded."",""Resolve historical identity before proposing entity-specific facts.""]","851acb012ccfa2a4bfa05ea83ec2694b3f773a7a6fee8703e87969c9225e6997",""
"entity-finland@1914/religion","entity-finland@1914","finland-grand-duchy","Grand Duchy of Finland","1914","religion","MISSING","B","partially-supported","political-polity","false","[]","[]","[]","[]","{""map_identity_id"":""entity-finland"",""aliases"":[],""historical_names"":[{""value"":""Grand Duchy of Finland"",""kind"":""primary"",""validFrom"":""1809"",""validUntil"":""1917""}],""identifiers"":{}}","[""Snapshot context is not observation date or boundary date."",""Map geometry does not establish sovereignty or succession."",""Religion projection uses explicit religious claim tags only; legacy density is excluded.""]","851acb012ccfa2a4bfa05ea83ec2694b3f773a7a6fee8703e87969c9225e6997",""
"entity-finland@1920/religion","entity-finland@1920","finland-independent","Finland","1920","religion","MISSING","B","core-supported","political-polity","false","[]","[]","[]","[]","{""map_identity_id"":""entity-finland"",""aliases"":[],""historical_names"":[{""value"":""Finland"",""kind"":""primary"",""validFrom"":""1917""}],""identifiers"":{}}","[""Snapshot context is not observation date or boundary date."",""Map geometry does not establish sovereignty or succession."",""Religion projection uses explicit religious claim tags only; legacy density is excluded.""]","851acb012ccfa2a4bfa05ea83ec2694b3f773a7a6fee8703e87969c9225e6997",""
"entity-finland@1930/religion","entity-finland@1930","finland-independent","Finland","1930","religion","MISSING","B","core-supported","political-polity","false","[]","[]","[]","[]","{""map_identity_id"":""entity-finland"",""aliases"":[],""historical_names"":[{""value"":""Finland"",""kind"":""primary"",""validFrom"":""1917""}],""identifiers"":{}}","[""Snapshot context is not observation date or boundary date."",""Map geometry does not establish sovereignty or succession."",""Religion projection uses explicit religious claim tags only; legacy density is excluded.""]","851acb012ccfa2a4bfa05ea83ec2694b3f773a7a6fee8703e87969c9225e6997",""
"entity-finland@1938/religion","entity-finland@1938","finland-independent","Finland","1938","religion","MISSING","B","core-supported","political-polity","false","[]","[]","[]","[]","{""map_identity_id"":""entity-finland"",""aliases"":[],""historical_names"":[{""value"":""Finland"",""kind"":""primary"",""validFrom"":""1917""}],""identifiers"":{}}","[""Snapshot context is not observation date or boundary date."",""Map geometry does not establish sovereignty or succession."",""Religion projection uses explicit religious claim tags only; legacy density is excluded.""]","851acb012ccfa2a4bfa05ea83ec2694b3f773a7a6fee8703e87969c9225e6997",""
"entity-finland@1945/religion","entity-finland@1945","finland-independent","Finland","1945","religion","MISSING","B","core-supported","political-polity","false","[]","[]","[]","[]","{""map_identity_id"":""entity-finland"",""aliases"":[],""historical_names"":[{""value"":""Finland"",""kind"":""primary"",""validFrom"":""1917""}],""identifiers"":{}}","[""Snapshot context is not observation date or boundary date."",""Map geometry does not establish sovereignty or succession."",""Religion projection uses explicit religious claim tags only; legacy density is excluded.""]","851acb012ccfa2a4bfa05ea83ec2694b3f773a7a6fee8703e87969c9225e6997",""
"entity-finland@1960/religion","entity-finland@1960","finland-independent","Finland","1960","religion","MISSING","B","core-supported","political-polity","false","[]","[]","[]","[]","{""map_identity_id"":""entity-finland"",""aliases"":[],""historical_names"":[{""value"":""Finland"",""kind"":""primary"",""validFrom"":""1917""}],""identifiers"":{}}","[""Snapshot context is not observation date or boundary date."",""Map geometry does not establish sovereignty or succession."",""Religion projection uses explicit religious claim tags only; legacy density is excluded.""]","851acb012ccfa2a4bfa05ea83ec2694b3f773a7a6fee8703e87969c9225e6997",""
"entity-norway@1914/religion","entity-norway@1914","norway-constitutional-kingdom","Norway","1914","religion","MISSING","B","core-supported","political-polity","false","[]","[]","[]","[]","{""map_identity_id"":""entity-norway"",""aliases"":[],""historical_names"":[{""value"":""Norway"",""kind"":""primary"",""validFrom"":""1814-05-17""}],""identifiers"":{}}","[""Snapshot context is not observation date or boundary date."",""Map geometry does not establish sovereignty or succession."",""Religion projection uses explicit religious claim tags only; legacy density is excluded.""]","851acb012ccfa2a4bfa05ea83ec2694b3f773a7a6fee8703e87969c9225e6997",""
"entity-norway@1920/religion","entity-norway@1920","norway-constitutional-kingdom","Norway","1920","religion","MISSING","B","core-supported","political-polity","false","[]","[]","[]","[]","{""map_identity_id"":""entity-norway"",""aliases"":[],""historical_names"":[{""value"":""Norway"",""kind"":""primary"",""validFrom"":""1814-05-17""}],""identifiers"":{}}","[""Snapshot context is not observation date or boundary date."",""Map geometry does not establish sovereignty or succession."",""Religion projection uses explicit religious claim tags only; legacy density is excluded.""]","851acb012ccfa2a4bfa05ea83ec2694b3f773a7a6fee8703e87969c9225e6997",""
"entity-norway@1930/religion","entity-norway@1930","norway-constitutional-kingdom","Norway","1930","religion","MISSING","B","core-supported","political-polity","false","[]","[]","[]","[]","{""map_identity_id"":""entity-norway"",""aliases"":[],""historical_names"":[{""value"":""Norway"",""kind"":""primary"",""validFrom"":""1814-05-17""}],""identifiers"":{}}","[""Snapshot context is not observation date or boundary date."",""Map geometry does not establish sovereignty or succession."",""Religion projection uses explicit religious claim tags only; legacy density is excluded.""]","851acb012ccfa2a4bfa05ea83ec2694b3f773a7a6fee8703e87969c9225e6997",""
"entity-norway@1938/religion","entity-norway@1938","norway-constitutional-kingdom","Norway","1938","religion","MISSING","B","core-supported","political-polity","false","[]","[]","[]","[]","{""map_identity_id"":""entity-norway"",""aliases"":[],""historical_names"":[{""value"":""Norway"",""kind"":""primary"",""validFrom"":""1814-05-17""}],""identifiers"":{}}","[""Snapshot context is not observation date or boundary date."",""Map geometry does not establish sovereignty or succession."",""Religion projection uses explicit religious claim tags only; legacy density is excluded.""]","851acb012ccfa2a4bfa05ea83ec2694b3f773a7a6fee8703e87969c9225e6997",""
"entity-norway@1945/religion","entity-norway@1945","norway-constitutional-kingdom","Norway","1945","religion","MISSING","B","partially-supported","political-polity","false","[]","[]","[]","[]","{""map_identity_id"":""entity-norway"",""aliases"":[],""historical_names"":[{""value"":""Norway"",""kind"":""primary"",""validFrom"":""1814-05-17""}],""identifiers"":{}}","[""Snapshot context is not observation date or boundary date."",""Map geometry does not establish sovereignty or succession."",""Religion projection uses explicit religious claim tags only; legacy density is excluded.""]","851acb012ccfa2a4bfa05ea83ec2694b3f773a7a6fee8703e87969c9225e6997",""
"entity-norway@1960/religion","entity-norway@1960","norway-constitutional-kingdom","Norway","1960","religion","MISSING","B","core-supported","political-polity","false","[]","[]","[]","[]","{""map_identity_id"":""entity-norway"",""aliases"":[],""historical_names"":[{""value"":""Norway"",""kind"":""primary"",""validFrom"":""1814-05-17""}],""identifiers"":{}}","[""Snapshot context is not observation date or boundary date."",""Map geometry does not establish sovereignty or succession."",""Religion projection uses explicit religious claim tags only; legacy density is excluded.""]","851acb012ccfa2a4bfa05ea83ec2694b3f773a7a6fee8703e87969c9225e6997",""
"entity-new-zealand@1914/religion","entity-new-zealand@1914","new-zealand-preadoption-dominion-core","New Zealand — Dominion parliamentary framework","1914","religion","MISSING","B","core-supported","political-polity","false","[]","[]","[]","[]","{""map_identity_id"":""entity-new-zealand"",""aliases"":[],""historical_names"":[{""value"":""New Zealand — Dominion parliamentary framework"",""kind"":""primary"",""validFrom"":""1914-01-01"",""validUntil"":""1947-11-25""}],""identifiers"":{}}","[""Snapshot context is not observation date or boundary date."",""Map geometry does not establish sovereignty or succession."",""Religion projection uses explicit religious claim tags only; legacy density is excluded.""]","851acb012ccfa2a4bfa05ea83ec2694b3f773a7a6fee8703e87969c9225e6997",""
"entity-new-zealand@1920/religion","entity-new-zealand@1920","new-zealand-preadoption-dominion-core","New Zealand — Dominion parliamentary framework","1920","religion","MISSING","B","core-supported","political-polity","false","[]","[]","[]","[]","{""map_identity_id"":""entity-new-zealand"",""aliases"":[],""historical_names"":[{""value"":""New Zealand — Dominion parliamentary framework"",""kind"":""primary"",""validFrom"":""1914-01-01"",""validUntil"":""1947-11-25""}],""identifiers"":{}}","[""Snapshot context is not observation date or boundary date."",""Map geometry does not establish sovereignty or succession."",""Religion projection uses explicit religious claim tags only; legacy density is excluded.""]","851acb012ccfa2a4bfa05ea83ec2694b3f773a7a6fee8703e87969c9225e6997",""
"entity-new-zealand@1930/religion","entity-new-zealand@1930","new-zealand-preadoption-dominion-core","New Zealand — Dominion parliamentary framework","1930","religion","MISSING","B","partially-supported","political-polity","false","[]","[]","[]","[]","{""map_identity_id"":""entity-new-zealand"",""aliases"":[],""historical_names"":[{""value"":""New Zealand — Dominion parliamentary framework"",""kind"":""primary"",""validFrom"":""1914-01-01"",""validUntil"":""1947-11-25""}],""identifiers"":{}}","[""Snapshot context is not observation date or boundary date."",""Map geometry does not establish sovereignty or succession."",""Religion projection uses explicit religious claim tags only; legacy density is excluded.""]","851acb012ccfa2a4bfa05ea83ec2694b3f773a7a6fee8703e87969c9225e6997",""
"entity-new-zealand@1938/religion","entity-new-zealand@1938","new-zealand-preadoption-dominion-core","New Zealand — Dominion parliamentary framework","1938","religion","MISSING","B","core-supported","political-polity","false","[]","[]","[]","[]","{""map_identity_id"":""entity-new-zealand"",""aliases"":[],""historical_names"":[{""value"":""New Zealand — Dominion parliamentary framework"",""kind"":""primary"",""validFrom"":""1914-01-01"",""validUntil"":""1947-11-25""}],""identifiers"":{}}","[""Snapshot context is not observation date or boundary date."",""Map geometry does not establish sovereignty or succession."",""Religion projection uses explicit religious claim tags only; legacy density is excluded.""]","851acb012ccfa2a4bfa05ea83ec2694b3f773a7a6fee8703e87969c9225e6997",""
"entity-new-zealand@1945/religion","entity-new-zealand@1945","new-zealand-preadoption-dominion-core","New Zealand — Dominion parliamentary framework","1945","religion","MISSING","B","core-supported","political-polity","false","[]","[]","[]","[]","{""map_identity_id"":""entity-new-zealand"",""aliases"":[],""historical_names"":[{""value"":""New Zealand — Dominion parliamentary framework"",""kind"":""primary"",""validFrom"":""1914-01-01"",""validUntil"":""1947-11-25""}],""identifiers"":{}}","[""Snapshot context is not observation date or boundary date."",""Map geometry does not establish sovereignty or succession."",""Religion projection uses explicit religious claim tags only; legacy density is excluded.""]","851acb012ccfa2a4bfa05ea83ec2694b3f773a7a6fee8703e87969c9225e6997",""
"entity-new-zealand@1960/religion","entity-new-zealand@1960","new-zealand-1960-parliamentary-core","New Zealand — unicameral constitutional framework in 1960","1960","religion","MISSING","B","core-supported","political-polity","false","[]","[]","[]","[]","{""map_identity_id"":""entity-new-zealand"",""aliases"":[],""historical_names"":[{""value"":""New Zealand — unicameral constitutional framework in 1960"",""kind"":""primary"",""validFrom"":""1960-01-01"",""validUntil"":""1961-01-01""}],""identifiers"":{}}","[""Snapshot context is not observation date or boundary date."",""Map geometry does not establish sovereignty or succession."",""Religion projection uses explicit religious claim tags only; legacy density is excluded.""]","851acb012ccfa2a4bfa05ea83ec2694b3f773a7a6fee8703e87969c9225e6997",""
"entity-mauritania@1945/religion","entity-mauritania@1945","mauritania-french-colonial-1945-framework","Mauritania — French West African colonial administration","1945","religion","MISSING","B","partially-supported","dependent-administration","false","[]","[]","[]","[]","{""map_identity_id"":""entity-mauritania"",""aliases"":[],""historical_names"":[{""value"":""Mauritania — French West African colonial administration"",""kind"":""primary"",""validFrom"":""1945-01-01"",""validUntil"":""1946-01-01""}],""identifiers"":{}}","[""Snapshot context is not observation date or boundary date."",""Map geometry does not establish sovereignty or succession."",""Religion projection uses explicit religious claim tags only; legacy density is excluded.""]","851acb012ccfa2a4bfa05ea83ec2694b3f773a7a6fee8703e87969c9225e6997",""
"entity-mauritania@1960/religion","entity-mauritania@1960","","Mauritania","1960","religion","MISSING","B","held-ambiguous","dependent-administration","true","[]","[]","[]","[]","{""map_identity_id"":""entity-mauritania"",""aliases"":[],""historical_names"":[],""identifiers"":{}}","[""Snapshot context is not observation date or boundary date."",""Map geometry does not establish sovereignty or succession."",""Religion projection uses explicit religious claim tags only; legacy density is excluded."",""Resolve historical identity before proposing entity-specific facts.""]","851acb012ccfa2a4bfa05ea83ec2694b3f773a7a6fee8703e87969c9225e6997",""
"entity-tunis@1800/religion","entity-tunis@1800","tunis-beylical-1800-framework","Tunis — Beylical Regency","1800","religion","MISSING","B","partially-supported","political-polity","false","[]","[]","[]","[]","{""map_identity_id"":""entity-tunis"",""aliases"":[],""historical_names"":[{""value"":""Tunis — Beylical Regency"",""kind"":""primary"",""validFrom"":""1800-01-01"",""validUntil"":""1801-01-01""}],""identifiers"":{}}","[""Snapshot context is not observation date or boundary date."",""Map geometry does not establish sovereignty or succession."",""Religion projection uses explicit religious claim tags only; legacy density is excluded.""]","851acb012ccfa2a4bfa05ea83ec2694b3f773a7a6fee8703e87969c9225e6997",""
"entity-tunis@1815/religion","entity-tunis@1815","tunis-beylical-1815-framework","Tunis — Beylical Regency in 1815","1815","religion","MISSING","B","partially-supported","political-polity","false","[]","[]","[]","[]","{""map_identity_id"":""entity-tunis"",""aliases"":[],""historical_names"":[{""value"":""Tunis — Beylical Regency in 1815"",""kind"":""primary"",""validFrom"":""1815-07-26"",""validUntil"":""1815-07-27""}],""identifiers"":{}}","[""Snapshot context is not observation date or boundary date."",""Map geometry does not establish sovereignty or succession."",""Religion projection uses explicit religious claim tags only; legacy density is excluded.""]","851acb012ccfa2a4bfa05ea83ec2694b3f773a7a6fee8703e87969c9225e6997",""
"entity-mozambique-portugal@1938/religion","entity-mozambique-portugal@1938","b20-portuguese-mozambique","Mozambique — Portuguese colony","1938","religion","MISSING","B","partially-supported","dependent-administration","false","[]","[]","[]","[]","{""map_identity_id"":""entity-mozambique-portugal"",""aliases"":[],""historical_names"":[{""value"":""Mozambique — Portuguese colonial administration"",""kind"":""primary"",""validFrom"":""1800-01-01"",""validUntil"":""1816-01-01""},{""value"":""Mozambique — Portuguese colony"",""kind"":""primary"",""validFrom"":""1878-01-01"",""validUntil"":""1946-01-01""},{""value"":""Mozambique — Portuguese overseas province"",""kind"":""primary"",""validFrom"":""1960-01-01"",""validUntil"":""1961-01-01""}],""identifiers"":{}}","[""Snapshot context is not observation date or boundary date."",""Map geometry does not establish sovereignty or succession."",""Religion projection uses explicit religious claim tags only; legacy density is excluded.""]","851acb012ccfa2a4bfa05ea83ec2694b3f773a7a6fee8703e87969c9225e6997",""
"entity-mozambique-portugal@1945/religion","entity-mozambique-portugal@1945","b20-portuguese-mozambique","Mozambique — Portuguese colony","1945","religion","MISSING","B","partially-supported","dependent-administration","false","[]","[]","[]","[]","{""map_identity_id"":""entity-mozambique-portugal"",""aliases"":[],""historical_names"":[{""value"":""Mozambique — Portuguese colonial administration"",""kind"":""primary"",""validFrom"":""1800-01-01"",""validUntil"":""1816-01-01""},{""value"":""Mozambique — Portuguese colony"",""kind"":""primary"",""validFrom"":""1878-01-01"",""validUntil"":""1946-01-01""},{""value"":""Mozambique — Portuguese overseas province"",""kind"":""primary"",""validFrom"":""1960-01-01"",""validUntil"":""1961-01-01""}],""identifiers"":{}}","[""Snapshot context is not observation date or boundary date."",""Map geometry does not establish sovereignty or succession."",""Religion projection uses explicit religious claim tags only; legacy density is excluded.""]","851acb012ccfa2a4bfa05ea83ec2694b3f773a7a6fee8703e87969c9225e6997",""
"entity-algeria-fr@1878/religion","entity-algeria-fr@1878","algeria-french-colonial-framework","Algeria — French colonial framework","1878","religion","MISSING","B","partially-supported","dependent-administration","false","[]","[]","[]","[]","{""map_identity_id"":""entity-algeria-fr"",""aliases"":[],""historical_names"":[{""value"":""Algeria — French colonial framework"",""kind"":""primary"",""validFrom"":""1875-01-01"",""validUntil"":""1939-01-01""}],""identifiers"":{}}","[""Snapshot context is not observation date or boundary date."",""Map geometry does not establish sovereignty or succession."",""Religion projection uses explicit religious claim tags only; legacy density is excluded.""]","851acb012ccfa2a4bfa05ea83ec2694b3f773a7a6fee8703e87969c9225e6997",""
"entity-algeria-fr@1880/religion","entity-algeria-fr@1880","algeria-french-colonial-framework","Algeria — French colonial framework","1880","religion","MISSING","B","partially-supported","dependent-administration","false","[]","[]","[]","[]","{""map_identity_id"":""entity-algeria-fr"",""aliases"":[],""historical_names"":[{""value"":""Algeria — French colonial framework"",""kind"":""primary"",""validFrom"":""1875-01-01"",""validUntil"":""1939-01-01""}],""identifiers"":{}}","[""Snapshot context is not observation date or boundary date."",""Map geometry does not establish sovereignty or succession."",""Religion projection uses explicit religious claim tags only; legacy density is excluded.""]","851acb012ccfa2a4bfa05ea83ec2694b3f773a7a6fee8703e87969c9225e6997",""
"entity-syria@1945/religion","entity-syria@1945","syria-1945-independence-contested-core","Syria — 1945 government and French presence","1945","religion","MISSING","B","partially-supported","political-polity","false","[]","[]","[]","[]","{""map_identity_id"":""entity-syria"",""aliases"":[],""historical_names"":[{""value"":""Syria — 1945 government and French presence"",""kind"":""primary"",""validFrom"":""1945-01-01"",""validUntil"":""1946-01-01""}],""identifiers"":{}}","[""Snapshot context is not observation date or boundary date."",""Map geometry does not establish sovereignty or succession."",""Religion projection uses explicit religious claim tags only; legacy density is excluded.""]","851acb012ccfa2a4bfa05ea83ec2694b3f773a7a6fee8703e87969c9225e6997",""
"entity-syria@1960/religion","entity-syria@1960","syria-uar-regional-core","Syria — northern region of United Arab Republic","1960","religion","MISSING","B","partially-supported","political-polity","false","[]","[]","[]","[]","{""map_identity_id"":""entity-syria"",""aliases"":[],""historical_names"":[{""value"":""Syria — northern region of United Arab Republic"",""kind"":""primary"",""validFrom"":""1959-01-01"",""validUntil"":""1961-01-01""}],""identifiers"":{}}","[""Snapshot context is not observation date or boundary date."",""Map geometry does not establish sovereignty or succession."",""Religion projection uses explicit religious claim tags only; legacy density is excluded.""]","851acb012ccfa2a4bfa05ea83ec2694b3f773a7a6fee8703e87969c9225e6997",""
"entity-merina-kingdom@1800/religion","entity-merina-kingdom@1800","b20-merina-royal","Merina kingdom","1800","religion","MISSING","B","partially-supported","political-polity","false","[]","[]","[]","[]","{""map_identity_id"":""entity-merina-kingdom"",""aliases"":[],""historical_names"":[{""value"":""Merina kingdom"",""kind"":""primary"",""validFrom"":""1800-01-01"",""validUntil"":""1816-01-01""},{""value"":""Madagascar — Merina royal government"",""kind"":""primary"",""validFrom"":""1878-01-01"",""validUntil"":""1881-01-01""}],""identifiers"":{}}","[""Snapshot context is not observation date or boundary date."",""Map geometry does not establish sovereignty or succession."",""Religion projection uses explicit religious claim tags only; legacy density is excluded.""]","851acb012ccfa2a4bfa05ea83ec2694b3f773a7a6fee8703e87969c9225e6997",""
"entity-merina-kingdom@1815/religion","entity-merina-kingdom@1815","b20-merina-royal","Merina kingdom","1815","religion","MISSING","B","partially-supported","political-polity","false","[]","[]","[]","[]","{""map_identity_id"":""entity-merina-kingdom"",""aliases"":[],""historical_names"":[{""value"":""Merina kingdom"",""kind"":""primary"",""validFrom"":""1800-01-01"",""validUntil"":""1816-01-01""},{""value"":""Madagascar — Merina royal government"",""kind"":""primary"",""validFrom"":""1878-01-01"",""validUntil"":""1881-01-01""}],""identifiers"":{}}","[""Snapshot context is not observation date or boundary date."",""Map geometry does not establish sovereignty or succession."",""Religion projection uses explicit religious claim tags only; legacy density is excluded.""]","851acb012ccfa2a4bfa05ea83ec2694b3f773a7a6fee8703e87969c9225e6997",""
"entity-anglo-egyptian-sudan@1914/religion","entity-anglo-egyptian-sudan@1914","b17-sudan-condominium","Anglo-Egyptian Sudan — formal joint authority and British administration","1914","religion","MISSING","B","partially-supported","dependent-administration","false","[]","[]","[]","[]","{""map_identity_id"":""entity-anglo-egyptian-sudan"",""aliases"":[],""historical_names"":[{""value"":""Anglo-Egyptian Sudan — formal joint authority and British administration"",""kind"":""primary"",""validFrom"":""1914-01-01"",""validUntil"":""1946-01-01""}],""identifiers"":{}}","[""Snapshot context is not observation date or boundary date."",""Map geometry does not establish sovereignty or succession."",""Religion projection uses explicit religious claim tags only; legacy density is excluded.""]","851acb012ccfa2a4bfa05ea83ec2694b3f773a7a6fee8703e87969c9225e6997",""
"entity-gold-coast-gb@1878/religion","entity-gold-coast-gb@1878","b16-gold-coast-1878","Gold Coast — governor and councils","1878","religion","MISSING","B","partially-supported","dependent-administration","false","[]","[]","[]","[]","{""map_identity_id"":""entity-gold-coast-gb"",""aliases"":[],""historical_names"":[{""value"":""Gold Coast — governor and councils"",""kind"":""primary"",""validFrom"":""1878-01-01"",""validUntil"":""1886-01-01""}],""identifiers"":{}}","[""Snapshot context is not observation date or boundary date."",""Map geometry does not establish sovereignty or succession."",""Religion projection uses explicit religious claim tags only; legacy density is excluded.""]","851acb012ccfa2a4bfa05ea83ec2694b3f773a7a6fee8703e87969c9225e6997",""
"entity-gold-coast-gb@1880/religion","entity-gold-coast-gb@1880","b16-gold-coast-1878","Gold Coast — governor and councils","1880","religion","MISSING","B","partially-supported","dependent-administration","false","[]","[]","[]","[]","{""map_identity_id"":""entity-gold-coast-gb"",""aliases"":[],""historical_names"":[{""value"":""Gold Coast — governor and councils"",""kind"":""primary"",""validFrom"":""1878-01-01"",""validUntil"":""1886-01-01""}],""identifiers"":{}}","[""Snapshot context is not observation date or boundary date."",""Map geometry does not establish sovereignty or succession."",""Religion projection uses explicit religious claim tags only; legacy density is excluded.""]","851acb012ccfa2a4bfa05ea83ec2694b3f773a7a6fee8703e87969c9225e6997",""
"entity-algeria-france@1938/religion","entity-algeria-france@1938","algeria-french-colonial-framework","Algeria — French colonial framework","1938","religion","MISSING","B","partially-supported","dependent-administration","false","[]","[]","[]","[]","{""map_identity_id"":""entity-algeria-france"",""aliases"":[],""historical_names"":[{""value"":""Algeria — French colonial framework"",""kind"":""primary"",""validFrom"":""1875-01-01"",""validUntil"":""1939-01-01""}],""identifiers"":{}}","[""Snapshot context is not observation date or boundary date."",""Map geometry does not establish sovereignty or succession."",""Religion projection uses explicit religious claim tags only; legacy density is excluded.""]","851acb012ccfa2a4bfa05ea83ec2694b3f773a7a6fee8703e87969c9225e6997",""
"entity-saudi-arabia@1938/religion","entity-saudi-arabia@1938","saudi-1932-monarchical-core","Saudi Arabia — 1932 royal state","1938","religion","MISSING","B","core-supported","political-polity","false","[]","[]","[]","[]","{""map_identity_id"":""entity-saudi-arabia"",""aliases"":[],""historical_names"":[{""value"":""Saudi Arabia — 1932 royal state"",""kind"":""primary"",""validFrom"":""1932-09-23"",""validUntil"":""1961-01-01""}],""identifiers"":{}}","[""Snapshot context is not observation date or boundary date."",""Map geometry does not establish sovereignty or succession."",""Religion projection uses explicit religious claim tags only; legacy density is excluded.""]","851acb012ccfa2a4bfa05ea83ec2694b3f773a7a6fee8703e87969c9225e6997",""
"entity-saudi-arabia@1945/religion","entity-saudi-arabia@1945","saudi-1932-monarchical-core","Saudi Arabia — 1932 royal state","1945","religion","MISSING","B","core-supported","political-polity","false","[]","[]","[]","[]","{""map_identity_id"":""entity-saudi-arabia"",""aliases"":[],""historical_names"":[{""value"":""Saudi Arabia — 1932 royal state"",""kind"":""primary"",""validFrom"":""1932-09-23"",""validUntil"":""1961-01-01""}],""identifiers"":{}}","[""Snapshot context is not observation date or boundary date."",""Map geometry does not establish sovereignty or succession."",""Religion projection uses explicit religious claim tags only; legacy density is excluded.""]","851acb012ccfa2a4bfa05ea83ec2694b3f773a7a6fee8703e87969c9225e6997",""
"entity-saudi-arabia@1960/religion","entity-saudi-arabia@1960","saudi-1932-monarchical-core","Saudi Arabia — 1932 royal state","1960","religion","MISSING","B","core-supported","political-polity","false","[]","[]","[]","[]","{""map_identity_id"":""entity-saudi-arabia"",""aliases"":[],""historical_names"":[{""value"":""Saudi Arabia — 1932 royal state"",""kind"":""primary"",""validFrom"":""1932-09-23"",""validUntil"":""1961-01-01""}],""identifiers"":{}}","[""Snapshot context is not observation date or boundary date."",""Map geometry does not establish sovereignty or succession."",""Religion projection uses explicit religious claim tags only; legacy density is excluded.""]","851acb012ccfa2a4bfa05ea83ec2694b3f773a7a6fee8703e87969c9225e6997",""
"entity-ireland@1938/religion","entity-ireland@1938","ireland-independent","Ireland","1938","religion","MISSING","B","partially-supported","political-polity","false","[]","[]","[]","[]","{""map_identity_id"":""entity-ireland"",""aliases"":[{""value"":""Saorstát Éireann"",""validFrom"":""1922-12-06"",""validUntil"":""1937-12-29"",""sourceIds"":[""b01-irish-constitution-1922""],""confidence"":""documented""}],""historical_names"":[{""value"":""Irish Free State"",""kind"":""primary"",""validFrom"":""1922-12-06"",""validUntil"":""1937-12-29""},{""value"":""Ireland"",""kind"":""primary"",""validFrom"":""1937-12-29"",""validUntil"":""1961-01-01""},{""value"":""Éire"",""kind"":""formal"",""validFrom"":""1937-12-29"",""validUntil"":""1961-01-01""},{""value"":""Republic of Ireland"",""kind"":""alternate"",""validFrom"":""1949-04-18"",""validUntil"":""1961-01-01""}],""identifiers"":{}}","[""Snapshot context is not observation date or boundary date."",""Map geometry does not establish sovereignty or succession."",""Religion projection uses explicit religious claim tags only; legacy density is excluded.""]","851acb012ccfa2a4bfa05ea83ec2694b3f773a7a6fee8703e87969c9225e6997",""
"entity-ireland@1945/religion","entity-ireland@1945","ireland-independent","Ireland","1945","religion","MISSING","B","core-supported","political-polity","false","[]","[]","[]","[]","{""map_identity_id"":""entity-ireland"",""aliases"":[{""value"":""Saorstát Éireann"",""validFrom"":""1922-12-06"",""validUntil"":""1937-12-29"",""sourceIds"":[""b01-irish-constitution-1922""],""confidence"":""documented""}],""historical_names"":[{""value"":""Irish Free State"",""kind"":""primary"",""validFrom"":""1922-12-06"",""validUntil"":""1937-12-29""},{""value"":""Ireland"",""kind"":""primary"",""validFrom"":""1937-12-29"",""validUntil"":""1961-01-01""},{""value"":""Éire"",""kind"":""formal"",""validFrom"":""1937-12-29"",""validUntil"":""1961-01-01""},{""value"":""Republic of Ireland"",""kind"":""alternate"",""validFrom"":""1949-04-18"",""validUntil"":""1961-01-01""}],""identifiers"":{}}","[""Snapshot context is not observation date or boundary date."",""Map geometry does not establish sovereignty or succession."",""Religion projection uses explicit religious claim tags only; legacy density is excluded.""]","851acb012ccfa2a4bfa05ea83ec2694b3f773a7a6fee8703e87969c9225e6997",""
"entity-ireland@1960/religion","entity-ireland@1960","ireland-independent","Ireland","1960","religion","MISSING","B","core-supported","political-polity","false","[]","[]","[]","[]","{""map_identity_id"":""entity-ireland"",""aliases"":[{""value"":""Saorstát Éireann"",""validFrom"":""1922-12-06"",""validUntil"":""1937-12-29"",""sourceIds"":[""b01-irish-constitution-1922""],""confidence"":""documented""}],""historical_names"":[{""value"":""Irish Free State"",""kind"":""primary"",""validFrom"":""1922-12-06"",""validUntil"":""1937-12-29""},{""value"":""Ireland"",""kind"":""primary"",""validFrom"":""1937-12-29"",""validUntil"":""1961-01-01""},{""value"":""Éire"",""kind"":""formal"",""validFrom"":""1937-12-29"",""validUntil"":""1961-01-01""},{""value"":""Republic of Ireland"",""kind"":""alternate"",""validFrom"":""1949-04-18"",""validUntil"":""1961-01-01""}],""identifiers"":{}}","[""Snapshot context is not observation date or boundary date."",""Map geometry does not establish sovereignty or succession."",""Religion projection uses explicit religious claim tags only; legacy density is excluded.""]","851acb012ccfa2a4bfa05ea83ec2694b3f773a7a6fee8703e87969c9225e6997",""
"entity-sweden-norway@1815/religion","entity-sweden-norway@1815","sweden-norway-union","Sweden–Norway","1815","religion","MISSING","B","core-supported","political-polity","false","[]","[]","[]","[]","{""map_identity_id"":""entity-sweden-norway"",""aliases"":[],""historical_names"":[{""value"":""Sweden–Norway"",""kind"":""primary"",""validFrom"":""1814-11-04"",""validUntil"":""1905-10-26""}],""identifiers"":{}}","[""Snapshot context is not observation date or boundary date."",""Map geometry does not establish sovereignty or succession."",""Religion projection uses explicit religious claim tags only; legacy density is excluded.""]","851acb012ccfa2a4bfa05ea83ec2694b3f773a7a6fee8703e87969c9225e6997",""
"entity-sweden-norway@1878/religion","entity-sweden-norway@1878","sweden-norway-union","Sweden–Norway","1878","religion","MISSING","B","core-supported","political-polity","false","[]","[]","[]","[]","{""map_identity_id"":""entity-sweden-norway"",""aliases"":[],""historical_names"":[{""value"":""Sweden–Norway"",""kind"":""primary"",""validFrom"":""1814-11-04"",""validUntil"":""1905-10-26""}],""identifiers"":{}}","[""Snapshot context is not observation date or boundary date."",""Map geometry does not establish sovereignty or succession."",""Religion projection uses explicit religious claim tags only; legacy density is excluded.""]","851acb012ccfa2a4bfa05ea83ec2694b3f773a7a6fee8703e87969c9225e6997",""
"entity-sweden-norway@1880/religion","entity-sweden-norway@1880","sweden-norway-union","Sweden–Norway","1880","religion","MISSING","B","core-supported","political-polity","false","[]","[]","[]","[]","{""map_identity_id"":""entity-sweden-norway"",""aliases"":[],""historical_names"":[{""value"":""Sweden–Norway"",""kind"":""primary"",""validFrom"":""1814-11-04"",""validUntil"":""1905-10-26""}],""identifiers"":{}}","[""Snapshot context is not observation date or boundary date."",""Map geometry does not establish sovereignty or succession."",""Religion projection uses explicit religious claim tags only; legacy density is excluded.""]","851acb012ccfa2a4bfa05ea83ec2694b3f773a7a6fee8703e87969c9225e6997",""
"entity-sweden-norway@1900/religion","entity-sweden-norway@1900","sweden-norway-union","Sweden–Norway","1900","religion","MISSING","B","core-supported","political-polity","false","[]","[]","[]","[]","{""map_identity_id"":""entity-sweden-norway"",""aliases"":[],""historical_names"":[{""value"":""Sweden–Norway"",""kind"":""primary"",""validFrom"":""1814-11-04"",""validUntil"":""1905-10-26""}],""identifiers"":{}}","[""Snapshot context is not observation date or boundary date."",""Map geometry does not establish sovereignty or succession."",""Religion projection uses explicit religious claim tags only; legacy density is excluded.""]","851acb012ccfa2a4bfa05ea83ec2694b3f773a7a6fee8703e87969c9225e6997",""
"entity-german-e-africa-tanganyika@1914/religion","entity-german-e-africa-tanganyika@1914","german-east-africa-1914-core","German East Africa — colonial administration in 1914","1914","religion","MISSING","B","partially-supported","dependent-administration","false","[]","[]","[]","[]","{""map_identity_id"":""entity-german-e-africa-tanganyika"",""aliases"":[],""historical_names"":[{""value"":""German East Africa — colonial administration in 1914"",""kind"":""primary"",""validFrom"":""1914-01-01"",""validUntil"":""1915-01-01""}],""identifiers"":{}}","[""Snapshot context is not observation date or boundary date."",""Map geometry does not establish sovereignty or succession."",""Religion projection uses explicit religious claim tags only; legacy density is excluded.""]","851acb012ccfa2a4bfa05ea83ec2694b3f773a7a6fee8703e87969c9225e6997",""
"entity-cyraneica-uk-lybia@1945/religion","entity-cyraneica-uk-lybia@1945","cyrenaica-british-military-1945-framework","Cyrenaica — British military administration","1945","religion","MISSING","B","partially-supported","dependent-administration","false","[]","[]","[]","[]","{""map_identity_id"":""entity-cyraneica-uk-lybia"",""aliases"":[],""historical_names"":[{""value"":""Cyrenaica — British military administration"",""kind"":""primary"",""validFrom"":""1945-01-01"",""validUntil"":""1946-01-01""}],""identifiers"":{}}","[""Snapshot context is not observation date or boundary date."",""Map geometry does not establish sovereignty or succession."",""Religion projection uses explicit religious claim tags only; legacy density is excluded.""]","851acb012ccfa2a4bfa05ea83ec2694b3f773a7a6fee8703e87969c9225e6997",""
"entity-kamerun@1914/religion","entity-kamerun@1914","b17-kamerun-german","Kamerun — German colonial protectorate","1914","religion","MISSING","B","partially-supported","dependent-administration","false","[]","[]","[]","[]","{""map_identity_id"":""entity-kamerun"",""aliases"":[],""historical_names"":[{""value"":""Kamerun — German colonial protectorate"",""kind"":""primary"",""validFrom"":""1914-01-01"",""validUntil"":""1915-01-01""}],""identifiers"":{}}","[""Snapshot context is not observation date or boundary date."",""Map geometry does not establish sovereignty or succession."",""Religion projection uses explicit religious claim tags only; legacy density is excluded.""]","851acb012ccfa2a4bfa05ea83ec2694b3f773a7a6fee8703e87969c9225e6997",""
"entity-denmark-norway@1800/religion","entity-denmark-norway@1800","denmark-norway-monarchy","Denmark–Norway","1800","religion","MISSING","B","core-supported","political-polity","false","[]","[]","[]","[]","{""map_identity_id"":""entity-denmark-norway"",""aliases"":[],""historical_names"":[{""value"":""Denmark–Norway"",""kind"":""primary"",""validFrom"":""1800-01-01"",""validUntil"":""1814-01-14""}],""identifiers"":{}}","[""Snapshot context is not observation date or boundary date."",""Map geometry does not establish sovereignty or succession."",""Religion projection uses explicit religious claim tags only; legacy density is excluded.""]","851acb012ccfa2a4bfa05ea83ec2694b3f773a7a6fee8703e87969c9225e6997",""
"entity-fulani-empire@1815/religion","entity-fulani-empire@1815","sokoto-late-nineteenth-caliphate-core","Sokoto Caliphate — early confederation","1815","religion","MISSING","B","partially-supported","political-polity","false","[]","[]","[]","[]","{""map_identity_id"":""entity-fulani-empire"",""aliases"":[],""historical_names"":[{""value"":""Sokoto — late nineteenth-century caliphate"",""kind"":""primary"",""validFrom"":""1878-01-01"",""validUntil"":""1901-01-01""},{""value"":""Sokoto Caliphate — early confederation"",""kind"":""primary"",""validFrom"":""1810-01-01"",""validUntil"":""1817-01-01""}],""identifiers"":{}}","[""Snapshot context is not observation date or boundary date."",""Map geometry does not establish sovereignty or succession."",""Religion projection uses explicit religious claim tags only; legacy density is excluded.""]","851acb012ccfa2a4bfa05ea83ec2694b3f773a7a6fee8703e87969c9225e6997",""
"entity-sri-lanka@1945/religion","entity-sri-lanka@1945","ceylon-state-council-framework","Ceylon — State Council framework","1945","religion","MISSING","B","core-supported","political-polity","false","[]","[]","[]","[]","{""map_identity_id"":""entity-sri-lanka"",""aliases"":[],""historical_names"":[{""value"":""Ceylon — State Council framework"",""kind"":""primary"",""validFrom"":""1932-01-01"",""validUntil"":""1947""}],""identifiers"":{}}","[""Snapshot context is not observation date or boundary date."",""Map geometry does not establish sovereignty or succession."",""Religion projection uses explicit religious claim tags only; legacy density is excluded.""]","851acb012ccfa2a4bfa05ea83ec2694b3f773a7a6fee8703e87969c9225e6997",""
"entity-sri-lanka@1960/religion","entity-sri-lanka@1960","ceylon-independent-parliamentary-framework","Ceylon — independent parliamentary framework","1960","religion","MISSING","B","partially-supported","political-polity","false","[]","[]","[]","[]","{""map_identity_id"":""entity-sri-lanka"",""aliases"":[],""historical_names"":[{""value"":""Ceylon — independent parliamentary framework"",""kind"":""primary"",""validFrom"":""1948-02-04"",""validUntil"":""1961-01-01""}],""identifiers"":{}}","[""Snapshot context is not observation date or boundary date."",""Map geometry does not establish sovereignty or succession."",""Religion projection uses explicit religious claim tags only; legacy density is excluded.""]","851acb012ccfa2a4bfa05ea83ec2694b3f773a7a6fee8703e87969c9225e6997",""
"entity-helvetic-republic@1800/religion","entity-helvetic-republic@1800","helvetic-republic","Helvetic Republic","1800","religion","MISSING","B","partially-supported","political-polity","false","[]","[]","[]","[]","{""map_identity_id"":""entity-helvetic-republic"",""aliases"":[],""historical_names"":[{""value"":""Helvetic Republic"",""kind"":""primary"",""validFrom"":""1798-04-12"",""validUntil"":""1803-03-10""}],""identifiers"":{}}","[""Snapshot context is not observation date or boundary date."",""Map geometry does not establish sovereignty or succession."",""Religion projection uses explicit religious claim tags only; legacy density is excluded.""]","851acb012ccfa2a4bfa05ea83ec2694b3f773a7a6fee8703e87969c9225e6997",""
"entity-batavian-republic@1800/religion","entity-batavian-republic@1800","batavian-republic","Batavian Republic","1800","religion","MISSING","B","partially-supported","political-polity","false","[]","[]","[]","[]","{""map_identity_id"":""entity-batavian-republic"",""aliases"":[],""historical_names"":[{""value"":""Batavian Republic"",""kind"":""primary"",""validFrom"":""1795"",""validUntil"":""1806-06-05""}],""identifiers"":{}}","[""Snapshot context is not observation date or boundary date."",""Map geometry does not establish sovereignty or succession."",""Religion projection uses explicit religious claim tags only; legacy density is excluded.""]","851acb012ccfa2a4bfa05ea83ec2694b3f773a7a6fee8703e87969c9225e6997",""
"entity-iraq@1945/religion","entity-iraq@1945","iraq-1945-restored-monarchy-core","Iraq — restored monarchy in 1945","1945","religion","MISSING","B","core-supported","political-polity","false","[]","[]","[]","[]","{""map_identity_id"":""entity-iraq"",""aliases"":[],""historical_names"":[{""value"":""Iraq — restored monarchy in 1945"",""kind"":""primary"",""validFrom"":""1945-01-01"",""validUntil"":""1946-01-01""}],""identifiers"":{}}","[""Snapshot context is not observation date or boundary date."",""Map geometry does not establish sovereignty or succession."",""Religion projection uses explicit religious claim tags only; legacy density is excluded.""]","851acb012ccfa2a4bfa05ea83ec2694b3f773a7a6fee8703e87969c9225e6997",""
"entity-iraq@1960/religion","entity-iraq@1960","iraq-qasim-republic-core","Iraq — Qasim’s early republican government","1960","religion","MISSING","B","core-supported","political-polity","false","[]","[]","[]","[]","{""map_identity_id"":""entity-iraq"",""aliases"":[],""historical_names"":[{""value"":""Iraq — Qasim’s early republican government"",""kind"":""primary"",""validFrom"":""1959-01-01"",""validUntil"":""1961-01-01""}],""identifiers"":{}}","[""Snapshot context is not observation date or boundary date."",""Map geometry does not establish sovereignty or succession."",""Religion projection uses explicit religious claim tags only; legacy density is excluded.""]","851acb012ccfa2a4bfa05ea83ec2694b3f773a7a6fee8703e87969c9225e6997",""
"entity-kingdom-of-ireland@1800/religion","entity-kingdom-of-ireland@1800","kingdom-of-ireland","Kingdom of Ireland","1800","religion","MISSING","B","core-supported","political-polity","false","[]","[]","[]","[]","{""map_identity_id"":""entity-kingdom-of-ireland"",""aliases"":[],""historical_names"":[{""value"":""Kingdom of Ireland"",""kind"":""primary"",""validFrom"":""1800-01-01"",""validUntil"":""1801-01-01""}],""identifiers"":{}}","[""Snapshot context is not observation date or boundary date."",""Map geometry does not establish sovereignty or succession."",""Religion projection uses explicit religious claim tags only; legacy density is excluded.""]","851acb012ccfa2a4bfa05ea83ec2694b3f773a7a6fee8703e87969c9225e6997",""
